# Blender 5.2.0 LTS
# www.blender.org
mtllib mario.mtl
o Sphere001_03_-_Default_0
v 0.000000 1.298661 0.000000
v 0.238816 1.322183 0.000000
v 0.234227 1.322183 0.046591
v 0.000000 1.298661 0.000000
v 0.220637 1.322183 0.091391
v 0.000000 1.298661 0.000000
v 0.198568 1.322183 0.132679
v 0.000000 1.298661 0.000000
v 0.168868 1.322183 0.168869
v 0.000000 1.298661 0.000000
v 0.132679 1.322183 0.198568
v 0.000000 1.298661 0.000000
v 0.091391 1.322183 0.220637
v 0.000000 1.298661 0.000000
v 0.046590 1.322183 0.234227
v 0.000000 1.298661 0.000000
v -0.000000 1.322183 0.238816
v 0.000000 1.298661 0.000000
v -0.046591 1.322183 0.234227
v 0.000000 1.298661 0.000000
v -0.091391 1.322183 0.220637
v 0.000000 1.298661 0.000000
v -0.132679 1.322183 0.198568
v 0.000000 1.298661 0.000000
v -0.168869 1.322183 0.168868
v 0.000000 1.298661 0.000000
v -0.198568 1.322183 0.132679
v 0.000000 1.298661 0.000000
v -0.220637 1.322183 0.091391
v 0.000000 1.298661 0.000000
v -0.234227 1.322183 0.046590
v 0.000000 1.298661 0.000000
v -0.238816 1.322183 0.000000
v 0.234227 1.322183 -0.046591
v 0.220637 1.322183 -0.091391
v 0.198568 1.322183 -0.132679
v 0.168868 1.322183 -0.168868
v 0.132679 1.322183 -0.198568
v 0.091391 1.322183 -0.220637
v 0.046590 1.322183 -0.234227
v -0.000000 1.322183 -0.238816
v -0.046591 1.322183 -0.234227
v -0.091391 1.322183 -0.220637
v -0.132679 1.322183 -0.198568
v -0.168869 1.322183 -0.168868
v -0.198568 1.322183 -0.132678
v -0.220637 1.322183 -0.091390
v -0.234227 1.322183 -0.046590
v 0.234227 1.427116 0.046591
v 0.234227 1.322183 0.046591
v 0.238816 1.322183 0.000000
v 0.238816 1.427116 0.000000
v 0.220637 1.427116 0.091391
v 0.220637 1.322183 0.091391
v 0.198568 1.427116 0.132679
v 0.198568 1.322183 0.132679
v 0.220637 1.322183 0.091391
v 0.168868 1.427116 0.168869
v 0.168868 1.322183 0.168869
v 0.132679 1.427116 0.198568
v 0.132679 1.322183 0.198568
v 0.168868 1.427116 0.168869
v 0.091391 1.427116 0.220637
v 0.091391 1.322183 0.220637
v 0.046590 1.427116 0.234227
v 0.046590 1.322183 0.234227
v -0.000000 1.427116 0.238816
v -0.000000 1.322183 0.238816
v -0.046591 1.427116 0.234227
v -0.046591 1.322183 0.234227
v -0.091391 1.427116 0.220637
v -0.091391 1.322183 0.220637
v -0.091391 1.427116 0.220637
v -0.132679 1.427116 0.198568
v -0.132679 1.322183 0.198568
v -0.168869 1.427116 0.168868
v -0.168869 1.322183 0.168868
v -0.198568 1.427116 0.132679
v -0.198568 1.322183 0.132679
v -0.220637 1.427116 0.091391
v -0.220637 1.322183 0.091391
v -0.234227 1.427116 0.046590
v -0.234227 1.322183 0.046590
v -0.220637 1.322183 0.091391
v -0.238816 1.427116 0.000000
v -0.238816 1.322183 0.000000
v 0.234227 1.427116 -0.046591
v 0.234227 1.322183 -0.046591
v 0.220637 1.322183 -0.091391
v 0.220637 1.427116 -0.091391
v 0.220637 1.322183 -0.091391
v 0.198568 1.322183 -0.132679
v 0.198568 1.427116 -0.132679
v 0.168868 1.322183 -0.168868
v 0.168868 1.427116 -0.168868
v 0.132679 1.427116 -0.198568
v 0.168868 1.427116 -0.168868
v 0.132679 1.322183 -0.198568
v 0.091391 1.427116 -0.220637
v 0.091391 1.322183 -0.220637
v 0.046590 1.427116 -0.234227
v 0.046590 1.322183 -0.234227
v -0.000000 1.427116 -0.238816
v -0.000000 1.322183 -0.238816
v -0.046591 1.427116 -0.234227
v -0.046591 1.322183 -0.234227
v -0.091391 1.322183 -0.220637
v -0.091391 1.427116 -0.220637
v -0.091391 1.427116 -0.220637
v -0.132679 1.322183 -0.198568
v -0.132679 1.427116 -0.198568
v -0.168869 1.322183 -0.168868
v -0.168869 1.427116 -0.168868
v -0.198568 1.322183 -0.132678
v -0.198568 1.427116 -0.132678
v -0.220637 1.322183 -0.091390
v -0.220637 1.427116 -0.091390
v -0.220637 1.322183 -0.091390
v -0.234227 1.322183 -0.046590
v -0.234227 1.427116 -0.046590
v 0.057768 1.346007 0.134216
v 0.136644 1.252007 0.131378
v 0.162319 1.275227 0.125875
v 0.084061 1.368491 0.128603
v 0.179464 1.294192 0.110843
v 0.102894 1.385444 0.113267
v 0.183484 1.303821 0.090307
v 0.109221 1.392325 0.092318
v 0.173303 1.301534 0.069772
v 0.101346 1.387290 0.071368
v 0.151649 1.287943 0.054739
v 0.081379 1.371687 0.056033
v 0.124323 1.266690 0.049237
v 0.054671 1.349698 0.050419
v 0.098648 1.243470 0.054739
v 0.028378 1.327214 0.056033
v 0.081503 1.224505 0.069772
v 0.009545 1.310260 0.071369
v 0.077483 1.214875 0.090307
v 0.003219 1.303379 0.092318
v 0.087664 1.217163 0.110843
v 0.011094 1.308415 0.113267
v 0.109318 1.230754 0.125876
v 0.031060 1.324018 0.128603
v 0.152681 1.232895 0.122451
v 0.177585 1.257033 0.117378
v 0.192625 1.278507 0.103516
v 0.193770 1.291563 0.084582
v 0.180714 1.292703 0.065647
v 0.156954 1.281620 0.051786
v 0.128858 1.261286 0.046712
v 0.103953 1.237147 0.051786
v 0.088913 1.215673 0.065647
v 0.087768 1.202617 0.084582
v 0.100825 1.201478 0.103516
v 0.124584 1.212560 0.117378
v 0.166797 1.216072 0.108481
v 0.191026 1.241015 0.104076
v 0.204221 1.264687 0.092040
v 0.202847 1.280746 0.075599
v 0.187270 1.284889 0.059158
v 0.161666 1.276005 0.047123
v 0.132894 1.256475 0.042718
v 0.108665 1.231532 0.047123
v 0.095470 1.207860 0.059159
v 0.096845 1.191800 0.075599
v 0.112421 1.187658 0.092040
v 0.138026 1.196542 0.104076
v 0.178554 1.202060 0.090190
v 0.202223 1.227671 0.086657
v 0.213886 1.253169 0.077004
v 0.210419 1.271722 0.063819
v 0.192750 1.278358 0.050633
v 0.165614 1.271300 0.040980
v 0.136282 1.252438 0.037447
v 0.112613 1.226827 0.040980
v 0.100950 1.201329 0.050633
v 0.104417 1.182776 0.063819
v 0.122086 1.176140 0.077004
v 0.149222 1.183198 0.086657
v 0.187534 1.191358 0.068228
v 0.210773 1.217481 0.065746
v 0.221263 1.244378 0.058963
v 0.216193 1.264841 0.049698
v 0.196921 1.273388 0.040433
v 0.168611 1.267728 0.033651
v 0.138850 1.249378 0.031168
v 0.115610 1.223255 0.033651
v 0.105121 1.196358 0.040433
v 0.110191 1.175895 0.049698
v 0.129463 1.167348 0.058963
v 0.157772 1.173008 0.065746
v 0.193272 1.184520 0.043279
v 0.216236 1.210971 0.041995
v 0.225972 1.238766 0.038488
v 0.219873 1.260455 0.033696
v 0.199572 1.270228 0.028905
v 0.170510 1.265465 0.025398
v 0.140472 1.247444 0.024114
v 0.117509 1.220993 0.025398
v 0.107772 1.193198 0.028905
v 0.113871 1.171509 0.033696
v 0.134172 1.161736 0.038488
v 0.163235 1.166498 0.041995
v 0.195096 1.182346 0.018680
v 0.217989 1.208882 0.018357
v 0.227531 1.236909 0.017476
v 0.221165 1.258915 0.016272
v 0.200599 1.269005 0.015068
v 0.171341 1.264475 0.014186
v 0.141233 1.246538 0.013863
v 0.118340 1.220001 0.014186
v 0.108798 1.191975 0.015068
v 0.115164 1.169969 0.016272
v 0.135730 1.159879 0.017476
v 0.164988 1.164409 0.018357
v 0.195096 1.182346 -0.018679
v 0.217989 1.208882 -0.018357
v 0.227531 1.236909 -0.017475
v 0.221165 1.258915 -0.016271
v 0.200599 1.269005 -0.015067
v 0.171341 1.264475 -0.014185
v 0.141233 1.246538 -0.013863
v 0.118340 1.220001 -0.014185
v 0.108798 1.191975 -0.015067
v 0.115164 1.169969 -0.016271
v 0.135730 1.159879 -0.017475
v 0.164988 1.164409 -0.018356
v 0.193272 1.184520 -0.043278
v 0.216236 1.210971 -0.041994
v 0.225972 1.238766 -0.038487
v 0.219873 1.260455 -0.033696
v 0.199572 1.270228 -0.028904
v 0.170510 1.265465 -0.025397
v 0.140472 1.247444 -0.024113
v 0.117509 1.220992 -0.025397
v 0.107772 1.193198 -0.028904
v 0.113871 1.171509 -0.033696
v 0.134172 1.161736 -0.038487
v 0.163235 1.166498 -0.041994
v 0.187534 1.191358 -0.068227
v 0.210773 1.217481 -0.065745
v 0.221263 1.244378 -0.058962
v 0.216193 1.264841 -0.049697
v 0.196921 1.273388 -0.040432
v 0.168611 1.267728 -0.033650
v 0.138850 1.249378 -0.031167
v 0.115610 1.223255 -0.033650
v 0.105121 1.196358 -0.040432
v 0.110191 1.175895 -0.049697
v 0.129463 1.167348 -0.058962
v 0.157772 1.173008 -0.065745
v 0.178553 1.202061 -0.090191
v 0.202222 1.227672 -0.086657
v 0.213886 1.253170 -0.077004
v 0.210419 1.271722 -0.063818
v 0.192750 1.278358 -0.050632
v 0.165615 1.271299 -0.040979
v 0.136283 1.252437 -0.037445
v 0.112614 1.226826 -0.040978
v 0.100950 1.201328 -0.050632
v 0.104417 1.182776 -0.063818
v 0.122086 1.176140 -0.077004
v 0.149221 1.183199 -0.086657
v 0.166797 1.216072 -0.108480
v 0.191026 1.241015 -0.104075
v 0.204221 1.264687 -0.092039
v 0.202847 1.280746 -0.075599
v 0.187270 1.284889 -0.059158
v 0.161666 1.276005 -0.047122
v 0.132894 1.256475 -0.042717
v 0.108665 1.231532 -0.047122
v 0.095470 1.207860 -0.059158
v 0.096845 1.191800 -0.075598
v 0.112421 1.187658 -0.092039
v 0.138025 1.196542 -0.104075
v 0.152681 1.232895 -0.122450
v 0.177585 1.257033 -0.117377
v 0.192625 1.278507 -0.103515
v 0.193770 1.291563 -0.084581
v 0.180713 1.292703 -0.065646
v 0.156954 1.281621 -0.051785
v 0.128858 1.261286 -0.046712
v 0.103953 1.237148 -0.051785
v 0.088913 1.215673 -0.065646
v 0.087768 1.202617 -0.084581
v 0.100825 1.201478 -0.103515
v 0.124584 1.212560 -0.117376
v 0.136644 1.252007 -0.131377
v 0.162319 1.275227 -0.125875
v 0.179464 1.294192 -0.110842
v 0.183484 1.303821 -0.090307
v 0.173303 1.301534 -0.069771
v 0.151649 1.287943 -0.054738
v 0.124323 1.266690 -0.049236
v 0.098648 1.243470 -0.054738
v 0.081503 1.224504 -0.069771
v 0.077482 1.214875 -0.090306
v 0.087663 1.217163 -0.110842
v 0.109318 1.230754 -0.125875
v 0.057768 1.346007 -0.134215
v 0.084061 1.368491 -0.128602
v 0.102894 1.385444 -0.113266
v 0.109221 1.392325 -0.092317
v 0.101346 1.387290 -0.071368
v 0.081379 1.371687 -0.056032
v 0.054671 1.349698 -0.050418
v 0.028378 1.327214 -0.056032
v 0.009545 1.310260 -0.071368
v 0.003219 1.303379 -0.092317
v 0.011094 1.308415 -0.113266
v 0.031060 1.324018 -0.128602
v 0.033694 0.933662 0.000001
v 0.009962 0.926596 0.000001
v 0.012182 0.921400 0.034594
v 0.034987 0.928190 0.034594
v 0.018246 0.907204 0.059919
v 0.038518 0.913240 0.059919
v 0.026530 0.887812 0.069188
v 0.043341 0.892818 0.069188
v 0.034815 0.868421 0.059919
v 0.048165 0.872396 0.059919
v 0.040879 0.854225 0.034594
v 0.051696 0.857446 0.034594
v 0.043099 0.849029 0.000001
v 0.052989 0.851974 0.000001
v 0.040879 0.854225 -0.034593
v 0.051696 0.857446 -0.034593
v 0.034815 0.868421 -0.059918
v 0.048165 0.872396 -0.059918
v 0.026530 0.887812 -0.069187
v 0.043341 0.892818 -0.069187
v 0.018246 0.907204 -0.059918
v 0.038518 0.913240 -0.059918
v 0.012182 0.921400 -0.034593
v 0.034987 0.928190 -0.034593
v -0.013059 0.913472 0.000001
v -0.009733 0.908906 0.034594
v -0.000646 0.896434 0.059919
v 0.011766 0.879395 0.069188
v 0.024178 0.862357 0.059919
v 0.033265 0.849884 0.034594
v 0.036590 0.845318 0.000001
v 0.033265 0.849884 -0.034593
v 0.024178 0.862357 -0.059918
v 0.011766 0.879395 -0.069187
v -0.000646 0.896433 -0.059918
v -0.009733 0.908906 -0.034593
v -0.032262 0.895899 0.000001
v -0.028017 0.892174 0.034594
v -0.016421 0.881998 0.059919
v -0.000580 0.868097 0.069188
v 0.015261 0.854196 0.059919
v 0.026857 0.844020 0.034595
v 0.031101 0.840295 0.000001
v 0.026857 0.844020 -0.034593
v 0.015261 0.854196 -0.059918
v -0.000580 0.868097 -0.069187
v -0.016421 0.881998 -0.059918
v -0.028017 0.892174 -0.034593
v -0.047098 0.874711 0.000001
v -0.042146 0.871996 0.034595
v -0.028617 0.864580 0.059919
v -0.010136 0.854450 0.069188
v 0.008345 0.844319 0.059919
v 0.021873 0.836903 0.034595
v 0.026825 0.834189 0.000001
v 0.021873 0.836903 -0.034593
v 0.008345 0.844319 -0.059918
v -0.010136 0.854450 -0.069187
v -0.028617 0.864580 -0.059918
v -0.042146 0.871996 -0.034593
v -0.057042 0.850658 0.000001
v -0.051614 0.849094 0.034595
v -0.036786 0.844821 0.059919
v -0.016530 0.838984 0.069188
v 0.003726 0.833147 0.059919
v 0.018554 0.828874 0.034595
v 0.023982 0.827310 0.000001
v 0.018554 0.828874 -0.034593
v 0.003726 0.833147 -0.059918
v -0.016530 0.838984 -0.069187
v -0.036786 0.844821 -0.059918
v -0.051614 0.849094 -0.034593
v -0.061501 0.824537 0.000001
v -0.055859 0.824228 0.034595
v -0.040445 0.823384 0.059919
v -0.019390 0.822231 0.069188
v 0.001665 0.821078 0.059919
v 0.017079 0.820234 0.034595
v 0.022721 0.819925 0.000001
v 0.017079 0.820234 -0.034593
v 0.001665 0.821078 -0.059918
v -0.019390 0.822231 -0.069187
v -0.040446 0.823384 -0.059918
v -0.055859 0.824228 -0.034593
v -0.060024 0.799819 0.000001
v -0.054440 0.800476 0.034595
v -0.039184 0.802271 0.059919
v -0.018344 0.804722 0.069188
v 0.002496 0.807174 0.059919
v 0.017752 0.808968 0.034595
v 0.023336 0.809625 0.000001
v 0.017752 0.808968 -0.034593
v 0.002496 0.807174 -0.059918
v -0.018344 0.804722 -0.069187
v -0.039184 0.802271 -0.059918
v -0.054440 0.800476 -0.034593
v -0.005190 0.488838 0.000001
v 0.000282 0.490131 0.034595
v 0.015232 0.493662 0.059919
v 0.035654 0.498486 0.069188
v 0.056075 0.503310 0.059919
v 0.071025 0.506842 0.034595
v 0.076497 0.508134 0.000001
v 0.071025 0.506842 -0.034593
v 0.056075 0.503310 -0.059918
v 0.035653 0.498486 -0.069187
v 0.015232 0.493662 -0.059918
v 0.000282 0.490131 -0.034593
v 0.001877 0.465105 0.000001
v 0.007073 0.467325 0.034595
v 0.021268 0.473390 0.059919
v 0.040659 0.481675 0.069188
v 0.060050 0.489961 0.059919
v 0.074246 0.496026 0.034595
v 0.079441 0.498246 0.000001
v 0.074246 0.496026 -0.034593
v 0.060050 0.489961 -0.059918
v 0.040659 0.481675 -0.069187
v 0.021268 0.473390 -0.059918
v 0.007073 0.467325 -0.034593
v 0.015000 0.442086 0.000001
v 0.019566 0.445412 0.034595
v 0.032038 0.454498 0.059919
v 0.049076 0.466911 0.069189
v 0.066115 0.479324 0.059919
v 0.078587 0.488410 0.034595
v 0.083153 0.491736 0.000001
v 0.078587 0.488410 -0.034593
v 0.066115 0.479323 -0.059918
v 0.049076 0.466911 -0.069187
v 0.032038 0.454498 -0.059918
v 0.019566 0.445412 -0.034593
v 0.032572 0.422884 0.000001
v 0.036296 0.427128 0.034595
v 0.046473 0.438724 0.059919
v 0.060374 0.454565 0.069189
v 0.074276 0.470405 0.059919
v 0.084452 0.482001 0.034595
v 0.088177 0.486246 0.000001
v 0.084452 0.482001 -0.034593
v 0.074276 0.470405 -0.059918
v 0.060374 0.454565 -0.069187
v 0.046473 0.438724 -0.059918
v 0.036296 0.427128 -0.034593
v 0.053761 0.408047 0.000001
v 0.056475 0.412999 0.034595
v 0.063891 0.426528 0.059919
v 0.074022 0.445009 0.069189
v 0.084152 0.463490 0.059919
v 0.091568 0.477019 0.034595
v 0.094283 0.481970 0.000001
v 0.091568 0.477019 -0.034593
v 0.084152 0.463490 -0.059918
v 0.074022 0.445009 -0.069187
v 0.063891 0.426528 -0.059918
v 0.056475 0.412999 -0.034593
v 0.077815 0.398103 0.000001
v 0.079379 0.403530 0.034595
v 0.083651 0.418359 0.059919
v 0.089487 0.438615 0.069188
v 0.095324 0.458871 0.059919
v 0.099596 0.473699 0.034595
v 0.101160 0.479127 0.000001
v 0.099596 0.473699 -0.034593
v 0.095324 0.458871 -0.059918
v 0.089487 0.438615 -0.069187
v 0.083651 0.418359 -0.059918
v 0.079379 0.403530 -0.034593
v 0.103936 0.393644 0.000001
v 0.104244 0.399286 0.034595
v 0.105088 0.414699 0.059919
v 0.106240 0.435755 0.069188
v 0.107393 0.456810 0.059919
v 0.108236 0.472224 0.034595
v 0.108545 0.477866 0.000001
v 0.108236 0.472224 -0.034593
v 0.107393 0.456810 -0.059918
v 0.106240 0.435755 -0.069187
v 0.105088 0.414699 -0.059918
v 0.104244 0.399286 -0.034593
v 0.128653 0.395121 0.000001
v 0.127996 0.400705 0.034595
v 0.126201 0.415961 0.059919
v 0.123750 0.436801 0.069188
v 0.121298 0.457641 0.059919
v 0.119503 0.472897 0.034595
v 0.118846 0.478481 0.000001
v 0.119503 0.472897 -0.034593
v 0.121298 0.457641 -0.059918
v 0.123749 0.436801 -0.069187
v 0.126201 0.415961 -0.059918
v 0.127996 0.400705 -0.034593
v 0.165445 0.401608 0.000001
v 0.164153 0.407080 0.034595
v 0.160621 0.422030 0.059919
v 0.155798 0.442452 0.069188
v 0.150974 0.462874 0.059919
v 0.147443 0.477823 0.034595
v 0.146150 0.483296 0.000001
v 0.147443 0.477823 -0.034593
v 0.150974 0.462874 -0.059918
v 0.155798 0.442452 -0.069187
v 0.160621 0.422030 -0.059918
v 0.164152 0.407080 -0.034593
v 0.189177 0.408674 0.000001
v 0.186957 0.413870 0.034595
v 0.180893 0.428066 0.059919
v 0.172609 0.447457 0.069188
v 0.164324 0.466849 0.059919
v 0.158260 0.481045 0.034595
v 0.156040 0.486241 0.000001
v 0.158260 0.481045 -0.034593
v 0.164324 0.466849 -0.059918
v 0.172609 0.447457 -0.069187
v 0.180893 0.428066 -0.059918
v 0.186957 0.413870 -0.034593
v 0.212198 0.421798 0.000001
v 0.208872 0.426363 0.034595
v 0.199785 0.438836 0.059919
v 0.187373 0.455875 0.069188
v 0.174961 0.472913 0.059919
v 0.165874 0.485386 0.034595
v 0.162549 0.489951 0.000001
v 0.165874 0.485386 -0.034593
v 0.174961 0.472913 -0.059918
v 0.187373 0.455875 -0.069187
v 0.199785 0.438836 -0.059918
v 0.208872 0.426363 -0.034593
v 0.231401 0.439371 0.000001
v 0.227156 0.443096 0.034595
v 0.215560 0.453272 0.059919
v 0.199719 0.467173 0.069188
v 0.183878 0.481073 0.059919
v 0.172282 0.491250 0.034595
v 0.168038 0.494974 0.000001
v 0.172282 0.491250 -0.034593
v 0.183878 0.481073 -0.059918
v 0.199719 0.467173 -0.069187
v 0.215560 0.453272 -0.059918
v 0.227156 0.443096 -0.034593
v 0.246237 0.460559 0.000001
v 0.241285 0.463273 0.034595
v 0.227756 0.470689 0.059919
v 0.209275 0.480820 0.069188
v 0.190794 0.490951 0.059919
v 0.177266 0.498367 0.034595
v 0.172314 0.501081 0.000001
v 0.177266 0.498367 -0.034593
v 0.190794 0.490951 -0.059918
v 0.209275 0.480820 -0.069187
v 0.227756 0.470689 -0.059918
v 0.241285 0.463273 -0.034593
v 0.256181 0.484612 0.000001
v 0.250753 0.486176 0.034595
v 0.235925 0.490449 0.059919
v 0.215669 0.496286 0.069188
v 0.195413 0.502123 0.059919
v 0.180585 0.506395 0.034595
v 0.175157 0.507960 0.000001
v 0.180585 0.506395 -0.034593
v 0.195413 0.502123 -0.059918
v 0.215669 0.496286 -0.069187
v 0.235925 0.490449 -0.059918
v 0.250753 0.486176 -0.034593
v 0.260640 0.510733 0.000001
v 0.254998 0.511042 0.034595
v 0.239585 0.511886 0.059919
v 0.218529 0.513039 0.069188
v 0.197474 0.514192 0.059919
v 0.182060 0.515036 0.034595
v 0.176418 0.515345 0.000001
v 0.182060 0.515036 -0.034593
v 0.197474 0.514192 -0.059918
v 0.218529 0.513039 -0.069187
v 0.239585 0.511886 -0.059918
v 0.254998 0.511042 -0.034593
v 0.259163 0.535451 0.000001
v 0.253579 0.534794 0.034595
v 0.238323 0.532999 0.059919
v 0.217483 0.530548 0.069188
v 0.196643 0.528096 0.059919
v 0.181387 0.526302 0.034595
v 0.175803 0.525645 0.000001
v 0.181387 0.526302 -0.034593
v 0.196643 0.528096 -0.059918
v 0.217483 0.530548 -0.069187
v 0.238323 0.532999 -0.059918
v 0.253579 0.534794 -0.034593
v 0.204329 0.846432 0.000001
v 0.198857 0.845139 0.034594
v 0.183907 0.841608 0.059919
v 0.163486 0.836784 0.069188
v 0.143064 0.831959 0.059919
v 0.128114 0.828428 0.034594
v 0.122642 0.827135 0.000001
v 0.128114 0.828428 -0.034593
v 0.143064 0.831959 -0.059918
v 0.163486 0.836784 -0.069187
v 0.183907 0.841608 -0.059918
v 0.198857 0.845139 -0.034593
v 0.197262 0.870165 0.000001
v 0.192066 0.867945 0.034594
v 0.177871 0.861880 0.059919
v 0.158480 0.853595 0.069188
v 0.139089 0.845309 0.059919
v 0.124893 0.839244 0.034594
v 0.119698 0.837024 0.000001
v 0.124893 0.839244 -0.034593
v 0.139089 0.845309 -0.059918
v 0.158480 0.853595 -0.069187
v 0.177871 0.861880 -0.059918
v 0.192066 0.867945 -0.034593
v 0.184139 0.893184 0.000001
v 0.179573 0.889858 0.034594
v 0.167101 0.880772 0.059919
v 0.150063 0.868359 0.069188
v 0.133024 0.855946 0.059919
v 0.120552 0.846860 0.034594
v 0.115986 0.843534 0.000001
v 0.120552 0.846860 -0.034593
v 0.133024 0.855946 -0.059918
v 0.150063 0.868359 -0.069187
v 0.167101 0.880772 -0.059918
v 0.179573 0.889858 -0.034593
v 0.166567 0.912386 0.000001
v 0.162843 0.908141 0.034594
v 0.152666 0.896546 0.059919
v 0.138765 0.880705 0.069188
v 0.124863 0.864865 0.059919
v 0.114687 0.853269 0.034594
v 0.110962 0.849024 0.000001
v 0.114687 0.853269 -0.034593
v 0.124863 0.864865 -0.059918
v 0.138765 0.880705 -0.069187
v 0.152666 0.896546 -0.059918
v 0.162843 0.908141 -0.034593
v 0.145378 0.927223 0.000001
v 0.142664 0.922271 0.034594
v 0.135248 0.908742 0.059919
v 0.125117 0.890261 0.069188
v 0.114987 0.871780 0.059919
v 0.107571 0.858251 0.034594
v 0.104856 0.853299 0.000001
v 0.107571 0.858251 -0.034593
v 0.114987 0.871780 -0.059918
v 0.125117 0.890261 -0.069187
v 0.135248 0.908742 -0.059918
v 0.142664 0.922271 -0.034593
v 0.121324 0.937167 0.000001
v 0.119760 0.931739 0.034594
v 0.115488 0.916911 0.059919
v 0.109652 0.896655 0.069188
v 0.103815 0.876399 0.059919
v 0.099543 0.861570 0.034594
v 0.097979 0.856143 0.000001
v 0.099543 0.861570 -0.034593
v 0.103815 0.876399 -0.059918
v 0.109652 0.896655 -0.069187
v 0.115488 0.916911 -0.059918
v 0.119760 0.931739 -0.034593
v 0.095203 0.941626 0.000001
v 0.094895 0.935984 0.034594
v 0.094051 0.920570 0.059919
v 0.092899 0.899515 0.069188
v 0.091746 0.878459 0.059919
v 0.090903 0.863046 0.034594
v 0.090594 0.857404 0.000001
v 0.090903 0.863046 -0.034593
v 0.091746 0.878459 -0.059918
v 0.092899 0.899515 -0.069187
v 0.094051 0.920570 -0.059918
v 0.094895 0.935984 -0.034593
v 0.070486 0.940149 0.000001
v 0.071143 0.934565 0.034594
v 0.072938 0.919309 0.059919
v 0.075390 0.898469 0.069188
v 0.077842 0.877629 0.059919
v 0.079637 0.862373 0.034594
v 0.080294 0.856789 0.000001
v 0.079636 0.862373 -0.034593
v 0.077841 0.877629 -0.059918
v 0.075389 0.898469 -0.069187
v 0.072937 0.919309 -0.059918
v 0.071143 0.934565 -0.034593
v 0.449124 1.100457 0.038838
v 0.452069 1.089488 0.060842
v 0.468202 1.062885 0.044696
v 0.465372 1.073426 0.023552
v 0.470955 1.037462 0.029672
v 0.468439 1.046832 0.010877
v 0.459589 1.020031 0.019796
v 0.457503 1.027801 0.004210
v 0.437150 1.015261 0.017714
v 0.435493 1.021432 0.005336
v 0.409650 1.024432 0.023984
v 0.408308 1.029432 0.013955
v 0.384459 1.045086 0.036926
v 0.383232 1.049657 0.027756
v 0.368326 1.071688 0.053072
v 0.366984 1.076688 0.043042
v 0.365573 1.097111 0.068095
v 0.363917 1.103282 0.055717
v 0.376939 1.114543 0.077971
v 0.374853 1.122313 0.062385
v 0.399378 1.119312 0.080053
v 0.396863 1.128682 0.061258
v 0.426877 1.110142 0.073784
v 0.424048 1.120682 0.052640
v 0.450372 1.074566 0.082674
v 0.466587 1.048681 0.065479
v 0.469562 1.025216 0.047589
v 0.458500 1.010460 0.033799
v 0.436366 1.008367 0.027802
v 0.409089 1.019496 0.031206
v 0.383979 1.040866 0.043098
v 0.367764 1.066752 0.060293
v 0.364789 1.090216 0.078183
v 0.375851 1.104972 0.091974
v 0.397986 1.107066 0.097970
v 0.425262 1.095937 0.094567
v 0.444145 1.057593 0.101402
v 0.460658 1.032520 0.083311
v 0.464447 1.011274 0.062974
v 0.454497 0.999548 0.045839
v 0.433474 1.000485 0.036498
v 0.407011 1.013833 0.037455
v 0.382199 1.036015 0.048451
v 0.365687 1.061089 0.066542
v 0.361898 1.082335 0.086879
v 0.371848 1.094060 0.104014
v 0.392871 1.093124 0.113355
v 0.419334 1.079776 0.112398
v 0.433807 1.039282 0.116463
v 0.450812 1.015082 0.097654
v 0.455948 0.996221 0.075355
v 0.447838 0.987754 0.055540
v 0.428655 0.991949 0.043519
v 0.403539 1.007682 0.042514
v 0.379220 1.030738 0.052792
v 0.362214 1.054938 0.071601
v 0.357078 1.073799 0.093900
v 0.365189 1.082266 0.113715
v 0.384372 1.078071 0.125736
v 0.409488 1.062338 0.126741
v 0.419723 1.020280 0.127325
v 0.437402 0.996988 0.107996
v 0.444378 0.980611 0.084278
v 0.438782 0.975536 0.062524
v 0.422113 0.983122 0.048565
v 0.398837 1.001339 0.046140
v 0.375192 1.025303 0.055899
v 0.357513 1.048595 0.075227
v 0.350537 1.064973 0.098946
v 0.356133 1.070048 0.120699
v 0.372802 1.062461 0.134659
v 0.396077 1.044244 0.137084
v 0.402270 1.001285 0.133390
v 0.420788 0.978906 0.113770
v 0.430055 0.965022 0.089255
v 0.427588 0.963353 0.066414
v 0.414049 0.974346 0.051367
v 0.393064 0.995056 0.048146
v 0.370258 1.019933 0.057613
v 0.351740 1.042312 0.077233
v 0.342473 1.056196 0.101748
v 0.344939 1.057865 0.124589
v 0.358479 1.046872 0.139636
v 0.379464 1.026162 0.142857
v 0.383816 0.984784 0.133979
v 0.403055 0.963050 0.114336
v 0.414292 0.950927 0.089759
v 0.414517 0.951665 0.066832
v 0.403668 0.965064 0.051699
v 0.384654 0.987535 0.048414
v 0.362568 1.013057 0.057859
v 0.343329 1.034791 0.077502
v 0.332092 1.046914 0.102080
v 0.331868 1.046177 0.125007
v 0.342716 1.032777 0.140140
v 0.361731 1.010306 0.143424
v 0.139306 0.786572 0.108623
v 0.159045 0.765243 0.089032
v 0.171648 0.754228 0.064596
v 0.173738 0.756477 0.041862
v 0.164755 0.771389 0.026923
v 0.147106 0.794967 0.023780
v 0.125520 0.820894 0.033276
v 0.105781 0.842223 0.052868
v 0.093178 0.853239 0.077304
v 0.091088 0.850989 0.100037
v 0.100072 0.836078 0.114977
v 0.117721 0.812500 0.118119
v 0.119665 0.772191 0.104082
v 0.140171 0.751424 0.084669
v 0.154871 0.741944 0.060717
v 0.159825 0.746291 0.038646
v 0.153707 0.763300 0.024369
v 0.138154 0.788413 0.021711
v 0.117336 0.814902 0.031385
v 0.096830 0.835669 0.050798
v 0.082130 0.845150 0.074750
v 0.077176 0.840803 0.096821
v 0.083295 0.823794 0.111099
v 0.098847 0.798681 0.113756
v 0.098481 0.759866 0.094011
v 0.120005 0.739691 0.075082
v 0.137486 0.731828 0.052452
v 0.146238 0.738385 0.032186
v 0.143918 0.757604 0.019715
v 0.131146 0.784335 0.018379
v 0.111345 0.811417 0.028537
v 0.089821 0.831591 0.047466
v 0.072341 0.839454 0.070096
v 0.063589 0.832897 0.090361
v 0.065909 0.813678 0.102833
v 0.078681 0.786947 0.104169
v 0.078556 0.751298 0.079622
v 0.101033 0.731533 0.061381
v 0.121117 0.724790 0.040632
v 0.133427 0.732876 0.022935
v 0.134663 0.753625 0.013032
v 0.124496 0.781476 0.013576
v 0.105648 0.808967 0.024422
v 0.083171 0.828732 0.042664
v 0.063087 0.835475 0.063413
v 0.050777 0.827389 0.081110
v 0.049541 0.806640 0.091013
v 0.059709 0.778789 0.090468
v 0.060570 0.746649 0.061623
v 0.083904 0.727105 0.044239
v 0.106332 0.720968 0.025835
v 0.121842 0.729882 0.011342
v 0.126280 0.751458 0.004642
v 0.118455 0.779914 0.007531
v 0.100465 0.807627 0.019236
v 0.077131 0.827170 0.036619
v 0.054703 0.833307 0.055023
v 0.039193 0.824394 0.069517
v 0.034755 0.802818 0.076216
v 0.042580 0.774362 0.073327
v 0.045161 0.746082 0.040652
v 0.069233 0.726566 0.024272
v 0.093674 0.720503 0.008609
v 0.111935 0.729518 -0.002141
v 0.119123 0.751194 -0.005097
v 0.113313 0.779725 0.000533
v 0.096060 0.807465 0.013240
v 0.071988 0.826981 0.029620
v 0.047547 0.833044 0.045284
v 0.029286 0.824030 0.056034
v 0.022098 0.802353 0.058990
v 0.027909 0.773822 0.053360
v 0.033034 0.749797 0.017387
v 0.057688 0.730103 0.002125
v 0.083721 0.723552 -0.010485
v 0.104157 0.731900 -0.017063
v 0.113519 0.752911 -0.015847
v 0.109301 0.780954 -0.007163
v 0.092631 0.808515 0.006662
v 0.067976 0.828210 0.021924
v 0.041943 0.834761 0.034534
v 0.021507 0.826412 0.041112
v 0.012145 0.805402 0.039896
v 0.016363 0.777359 0.031212
v 0.025694 0.757203 -0.005073
v 0.050635 0.737219 -0.019457
v 0.077451 0.729878 -0.029669
v 0.098957 0.737146 -0.032972
v 0.109390 0.757077 -0.028482
v 0.105955 0.784329 -0.017400
v 0.089572 0.811601 -0.002697
v 0.064630 0.831585 0.011688
v 0.037814 0.838927 0.021899
v 0.016308 0.831658 0.025203
v 0.005875 0.811728 0.020712
v 0.009311 0.784475 0.009630
v 0.017884 0.771157 -0.038837
v 0.042960 0.750932 -0.052638
v 0.070145 0.742932 -0.061257
v 0.092154 0.749300 -0.062384
v 0.103091 0.768332 -0.055716
v 0.100024 0.794925 -0.043041
v 0.083776 0.821957 -0.027755
v 0.058699 0.842182 -0.013954
v 0.031515 0.850181 -0.005335
v 0.009505 0.843813 -0.004209
v -0.001431 0.824782 -0.010876
v 0.001636 0.798188 -0.023551
v 0.014939 0.782125 -0.060841
v 0.040130 0.761472 -0.073782
v 0.067630 0.752301 -0.080052
v 0.090069 0.757070 -0.077970
v 0.101434 0.774502 -0.068094
v 0.098682 0.799925 -0.053070
v 0.082549 0.826528 -0.036924
v 0.057357 0.847181 -0.023983
v 0.029858 0.856352 -0.017713
v 0.007419 0.851583 -0.019795
v -0.003947 0.834151 -0.029671
v -0.001194 0.808728 -0.044695
v 0.016636 0.797047 -0.082673
v 0.041746 0.775677 -0.094565
v 0.069022 0.764547 -0.097969
v 0.091157 0.766641 -0.091972
v 0.102219 0.781397 -0.078181
v 0.099244 0.804861 -0.060292
v 0.083029 0.830747 -0.043097
v 0.057919 0.852117 -0.031204
v 0.030642 0.863247 -0.027800
v 0.008508 0.861153 -0.033797
v -0.002554 0.846397 -0.047588
v 0.000421 0.822933 -0.065478
v 0.022862 0.814020 -0.101400
v 0.047674 0.791837 -0.112397
v 0.074137 0.778489 -0.113353
v 0.095160 0.777553 -0.104013
v 0.105110 0.789279 -0.086878
v 0.101321 0.810525 -0.066541
v 0.084809 0.835598 -0.048450
v 0.059997 0.857781 -0.037453
v 0.033534 0.871129 -0.036497
v 0.012511 0.872065 -0.045838
v 0.002561 0.860339 -0.062972
v 0.006350 0.839093 -0.083310
v 0.033201 0.832331 -0.116461
v 0.057520 0.809276 -0.126740
v 0.082636 0.793543 -0.125734
v 0.101819 0.789348 -0.113714
v 0.109930 0.797815 -0.093899
v 0.104794 0.816675 -0.071600
v 0.087788 0.840876 -0.052791
v 0.063469 0.863932 -0.042513
v 0.038353 0.879665 -0.043518
v 0.019170 0.883860 -0.055539
v 0.011060 0.875393 -0.075353
v 0.016196 0.856532 -0.097653
v 0.047285 0.851334 -0.127324
v 0.070931 0.827369 -0.137083
v 0.094206 0.809153 -0.134658
v 0.110875 0.801566 -0.120698
v 0.116471 0.806641 -0.098944
v 0.109495 0.823018 -0.075226
v 0.091816 0.846310 -0.055897
v 0.068171 0.870274 -0.046138
v 0.044895 0.888491 -0.048563
v 0.028226 0.896078 -0.062523
v 0.022630 0.891003 -0.084277
v 0.029606 0.874625 -0.107995
v 0.064738 0.870329 -0.133388
v 0.087544 0.845451 -0.142856
v 0.108529 0.824742 -0.139635
v 0.122069 0.813748 -0.124588
v 0.124535 0.815417 -0.101747
v 0.115268 0.829302 -0.077232
v 0.096750 0.851681 -0.057612
v 0.073944 0.876558 -0.048144
v 0.052959 0.897267 -0.051366
v 0.039419 0.908261 -0.066413
v 0.036953 0.906591 -0.089254
v 0.046220 0.892707 -0.113769
v 0.083192 0.886829 -0.133978
v 0.105277 0.861307 -0.143423
v 0.124292 0.838836 -0.140139
v 0.135140 0.825437 -0.125006
v 0.134916 0.824700 -0.102078
v 0.123679 0.836822 -0.077501
v 0.104440 0.858556 -0.057858
v 0.082354 0.884078 -0.048413
v 0.063340 0.906549 -0.051697
v 0.052491 0.919949 -0.066831
v 0.052716 0.920686 -0.089758
v 0.063953 0.908563 -0.114335
v 0.327702 1.085041 -0.108622
v 0.349287 1.059114 -0.118118
v 0.366936 1.035536 -0.114976
v 0.375919 1.020624 -0.100036
v 0.373830 1.018375 -0.077302
v 0.361227 1.029390 -0.052866
v 0.341488 1.050719 -0.033275
v 0.319902 1.076646 -0.023779
v 0.302253 1.100225 -0.026921
v 0.293270 1.115136 -0.041861
v 0.295360 1.117386 -0.064595
v 0.307963 1.106370 -0.089031
v 0.347343 1.099422 -0.104081
v 0.368161 1.072933 -0.113755
v 0.383713 1.047819 -0.111097
v 0.389832 1.030810 -0.096820
v 0.384878 1.026464 -0.074748
v 0.370178 1.035944 -0.050797
v 0.349672 1.056711 -0.031384
v 0.328853 1.083200 -0.021710
v 0.313301 1.108314 -0.024367
v 0.307183 1.125323 -0.038645
v 0.312137 1.129669 -0.060716
v 0.326836 1.120189 -0.084668
v 0.368527 1.111748 -0.094010
v 0.388327 1.084666 -0.104168
v 0.401099 1.057935 -0.102832
v 0.403419 1.038716 -0.090360
v 0.394667 1.032160 -0.070095
v 0.377187 1.040022 -0.047465
v 0.355662 1.060197 -0.028536
v 0.335862 1.087278 -0.018378
v 0.323090 1.114010 -0.019714
v 0.320770 1.133228 -0.032185
v 0.329522 1.139785 -0.052451
v 0.347003 1.131923 -0.075080
v 0.388452 1.120315 -0.079621
v 0.407299 1.092824 -0.090467
v 0.417467 1.064973 -0.091011
v 0.416231 1.044225 -0.081108
v 0.403921 1.036139 -0.063411
v 0.383837 1.042881 -0.042662
v 0.361360 1.062647 -0.024421
v 0.342512 1.090138 -0.013575
v 0.332345 1.117989 -0.013030
v 0.333581 1.138737 -0.022933
v 0.345891 1.146823 -0.040630
v 0.365975 1.140080 -0.061379
v 0.406438 1.124965 -0.061621
v 0.424428 1.097252 -0.073326
v 0.432253 1.068795 -0.076215
v 0.427815 1.047219 -0.069515
v 0.412305 1.038306 -0.055022
v 0.389877 1.044443 -0.036618
v 0.366543 1.063986 -0.019235
v 0.348553 1.091699 -0.007530
v 0.340728 1.120156 -0.004641
v 0.345166 1.141732 -0.011340
v 0.360676 1.150645 -0.025834
v 0.383104 1.144508 -0.044238
v 0.421847 1.125531 -0.040651
v 0.439099 1.097791 -0.053358
v 0.444910 1.069260 -0.058988
v 0.437722 1.047584 -0.056032
v 0.419461 1.038569 -0.045283
v 0.395020 1.044632 -0.029619
v 0.370948 1.064148 -0.013239
v 0.353695 1.091888 -0.000532
v 0.347885 1.120419 0.005099
v 0.355073 1.142096 0.002143
v 0.373334 1.151110 -0.008607
v 0.397775 1.145047 -0.024271
v 0.433974 1.121816 -0.017385
v 0.450644 1.094255 -0.031211
v 0.454863 1.066212 -0.039895
v 0.445500 1.045201 -0.041111
v 0.425065 1.036853 -0.034533
v 0.399032 1.043404 -0.021923
v 0.374377 1.063098 -0.006661
v 0.357707 1.090660 0.007164
v 0.353489 1.118703 0.015848
v 0.362851 1.139713 0.017064
v 0.383287 1.148062 0.010486
v 0.409320 1.141511 -0.002123
v 0.441314 1.114410 0.005074
v 0.457697 1.087138 -0.009629
v 0.461133 1.059886 -0.020710
v 0.450700 1.039955 -0.025201
v 0.429194 1.032687 -0.021898
v 0.402378 1.040028 -0.011686
v 0.377436 1.060012 0.002698
v 0.361053 1.087284 0.017401
v 0.357618 1.114537 0.028483
v 0.368051 1.134467 0.032974
v 0.389556 1.141736 0.029671
v 0.416373 1.134394 0.019459
v 0.494442 0.301712 -0.018679
v 0.491984 0.303131 -0.043278
v 0.504516 0.335841 -0.041994
v 0.506877 0.334478 -0.018356
v 0.504159 0.365290 -0.038486
v 0.506258 0.364078 -0.017475
v 0.491009 0.383585 -0.033695
v 0.492751 0.382580 -0.016271
v 0.468591 0.385825 -0.028904
v 0.469973 0.385027 -0.015066
v 0.442909 0.371410 -0.025397
v 0.444030 0.370763 -0.014185
v 0.420847 0.344202 -0.024113
v 0.421871 0.343611 -0.013862
v 0.408315 0.311491 -0.025397
v 0.409436 0.310845 -0.014185
v 0.408672 0.282043 -0.028904
v 0.410055 0.281245 -0.015066
v 0.421822 0.263748 -0.033695
v 0.423563 0.262743 -0.016271
v 0.444241 0.261508 -0.038486
v 0.446340 0.260296 -0.017475
v 0.469922 0.275923 -0.041994
v 0.472284 0.274560 -0.018356
v 0.484253 0.307595 -0.068227
v 0.497156 0.340091 -0.065745
v 0.497814 0.368953 -0.058962
v 0.486051 0.386448 -0.049697
v 0.465018 0.387888 -0.040432
v 0.440352 0.372887 -0.033650
v 0.418661 0.345464 -0.031167
v 0.405758 0.312968 -0.033650
v 0.405100 0.284106 -0.040432
v 0.416863 0.266611 -0.049697
v 0.437896 0.265171 -0.058962
v 0.462562 0.280172 -0.065745
v 0.472154 0.314580 -0.090190
v 0.485636 0.346742 -0.086657
v 0.487875 0.374691 -0.077004
v 0.478272 0.390939 -0.063818
v 0.459399 0.391132 -0.050631
v 0.436314 0.375218 -0.040978
v 0.415202 0.347461 -0.037445
v 0.401720 0.315299 -0.040978
v 0.399481 0.287350 -0.050631
v 0.409084 0.271102 -0.063818
v 0.427957 0.270910 -0.077004
v 0.451042 0.286824 -0.086657
v 0.456314 0.323725 -0.108480
v 0.470551 0.355451 -0.104075
v 0.474854 0.382209 -0.092039
v 0.468070 0.396829 -0.075598
v 0.452016 0.395395 -0.059157
v 0.430994 0.378289 -0.047122
v 0.410637 0.350097 -0.042717
v 0.396400 0.318371 -0.047122
v 0.392097 0.291613 -0.059157
v 0.398882 0.276993 -0.075598
v 0.414936 0.278427 -0.092039
v 0.435958 0.295532 -0.104075
v 0.437296 0.334705 -0.122450
v 0.452442 0.365906 -0.117376
v 0.459230 0.391229 -0.103515
v 0.455841 0.403890 -0.084581
v 0.443182 0.400495 -0.065646
v 0.424646 0.381955 -0.051785
v 0.405199 0.353237 -0.046711
v 0.390052 0.322036 -0.051785
v 0.383264 0.296713 -0.065646
v 0.386653 0.284053 -0.084581
v 0.399312 0.287447 -0.103515
v 0.417849 0.305988 -0.117376
v 0.415689 0.347180 -0.131377
v 0.431874 0.377781 -0.125875
v 0.441498 0.401467 -0.110842
v 0.441983 0.411890 -0.090306
v 0.433198 0.406259 -0.069771
v 0.417498 0.386081 -0.054738
v 0.399089 0.356764 -0.049236
v 0.382904 0.326163 -0.054738
v 0.373280 0.302477 -0.069771
v 0.372795 0.292054 -0.090306
v 0.381580 0.297685 -0.110842
v 0.397280 0.317863 -0.125875
v 0.394385 0.359480 -0.134215
v 0.411403 0.389601 -0.128602
v 0.423301 0.411973 -0.113266
v 0.426893 0.420603 -0.092317
v 0.421215 0.413177 -0.071367
v 0.407789 0.391687 -0.056032
v 0.390213 0.361889 -0.050418
v 0.373195 0.331768 -0.056032
v 0.361297 0.309396 -0.071367
v 0.357705 0.300766 -0.092317
v 0.363383 0.308191 -0.113266
v 0.376809 0.329682 -0.128602
v 0.120913 0.517369 -0.134215
v 0.138490 0.547167 -0.128602
v 0.151916 0.568657 -0.113266
v 0.157593 0.576083 -0.092317
v 0.154002 0.567453 -0.071367
v 0.142103 0.545080 -0.056032
v 0.125086 0.514960 -0.050418
v 0.107509 0.485162 -0.056032
v 0.094083 0.463671 -0.071367
v 0.088406 0.456246 -0.092317
v 0.091997 0.464876 -0.113266
v 0.103896 0.487249 -0.128602
v 0.099609 0.529669 -0.131377
v 0.118018 0.558986 -0.125874
v 0.133718 0.579164 -0.110842
v 0.142503 0.584795 -0.090306
v 0.142018 0.574371 -0.069771
v 0.132394 0.550686 -0.054738
v 0.116209 0.520085 -0.049236
v 0.097800 0.490767 -0.054738
v 0.082100 0.470590 -0.069771
v 0.073315 0.464958 -0.090306
v 0.073800 0.475382 -0.110841
v 0.083424 0.499068 -0.125874
v 0.078003 0.542143 -0.122450
v 0.097450 0.570861 -0.117376
v 0.115986 0.589401 -0.103515
v 0.128645 0.592796 -0.084581
v 0.132034 0.580136 -0.065646
v 0.125246 0.554813 -0.051785
v 0.110099 0.523612 -0.046711
v 0.090652 0.494895 -0.051785
v 0.072116 0.476354 -0.065646
v 0.059457 0.472959 -0.084581
v 0.056068 0.485620 -0.103515
v 0.062856 0.510943 -0.117376
v 0.058984 0.553124 -0.108480
v 0.079341 0.581316 -0.104075
v 0.100362 0.598422 -0.092039
v 0.116416 0.599856 -0.075598
v 0.123201 0.585236 -0.059157
v 0.118898 0.558478 -0.047122
v 0.104661 0.526752 -0.042717
v 0.084304 0.498559 -0.047122
v 0.063283 0.481454 -0.059157
v 0.047229 0.480019 -0.075598
v 0.040444 0.494640 -0.092039
v 0.044747 0.521398 -0.104075
v 0.043144 0.562269 -0.090189
v 0.064256 0.590026 -0.086656
v 0.087341 0.605940 -0.077003
v 0.106214 0.605747 -0.063818
v 0.115818 0.589499 -0.050632
v 0.113579 0.561549 -0.040979
v 0.100097 0.529387 -0.037446
v 0.078985 0.501631 -0.040979
v 0.055899 0.485717 -0.050632
v 0.037026 0.485910 -0.063818
v 0.027423 0.502158 -0.077003
v 0.029662 0.530107 -0.086656
v 0.031045 0.569254 -0.068227
v 0.052736 0.596677 -0.065745
v 0.077402 0.611678 -0.058962
v 0.098435 0.610238 -0.049697
v 0.110199 0.592743 -0.040432
v 0.109541 0.563880 -0.033650
v 0.096637 0.531384 -0.031167
v 0.074947 0.503962 -0.033650
v 0.050280 0.488961 -0.040432
v 0.029247 0.490401 -0.049697
v 0.017484 0.507896 -0.058962
v 0.018142 0.536758 -0.065745
v 0.023314 0.573718 -0.043278
v 0.045376 0.600926 -0.041994
v 0.071058 0.615341 -0.038486
v 0.093477 0.613101 -0.033695
v 0.106626 0.594805 -0.028904
v 0.106983 0.565357 -0.025397
v 0.094451 0.532647 -0.024113
v 0.072389 0.505439 -0.025397
v 0.046708 0.491024 -0.028904
v 0.024289 0.493264 -0.033695
v 0.011139 0.511559 -0.038486
v 0.010783 0.541007 -0.041994
v 0.020856 0.575137 -0.018679
v 0.043015 0.602289 -0.018356
v 0.068958 0.616553 -0.017475
v 0.091736 0.614106 -0.016271
v 0.105243 0.595604 -0.015066
v 0.105862 0.566004 -0.014185
v 0.093427 0.533238 -0.013862
v 0.071269 0.506086 -0.014185
v 0.045325 0.491822 -0.015066
v 0.022548 0.494269 -0.016271
v 0.009040 0.512771 -0.017475
v 0.008421 0.542371 -0.018356
v 0.020856 0.575137 0.018680
v 0.043015 0.602289 0.018358
v 0.068958 0.616553 0.017476
v 0.091736 0.614106 0.016272
v 0.105243 0.595604 0.015068
v 0.105862 0.566004 0.014186
v 0.093427 0.533238 0.013864
v 0.071269 0.506086 0.014186
v 0.045325 0.491822 0.015068
v 0.022548 0.494269 0.016272
v 0.009040 0.512771 0.017476
v 0.008421 0.542371 0.018358
v 0.023314 0.573718 0.043279
v 0.045376 0.600926 0.041995
v 0.071058 0.615341 0.038488
v 0.093477 0.613101 0.033697
v 0.106626 0.594805 0.028906
v 0.106983 0.565357 0.025398
v 0.094451 0.532647 0.024114
v 0.072389 0.505439 0.025398
v 0.046708 0.491024 0.028906
v 0.024289 0.493264 0.033697
v 0.011139 0.511559 0.038488
v 0.010783 0.541007 0.041995
v 0.031045 0.569254 0.068229
v 0.052736 0.596677 0.065746
v 0.077402 0.611678 0.058964
v 0.098435 0.610238 0.049699
v 0.110198 0.592743 0.040434
v 0.109540 0.563880 0.033651
v 0.096637 0.531384 0.031169
v 0.074947 0.503962 0.033651
v 0.050280 0.488961 0.040434
v 0.029247 0.490401 0.049699
v 0.017484 0.507896 0.058964
v 0.018142 0.536758 0.065746
v 0.043145 0.562269 0.090192
v 0.064257 0.590025 0.086658
v 0.087342 0.605939 0.077005
v 0.106214 0.605747 0.063819
v 0.115817 0.589499 0.050633
v 0.113578 0.561550 0.040980
v 0.100096 0.529388 0.037446
v 0.078984 0.501631 0.040980
v 0.055899 0.485717 0.050633
v 0.037026 0.485910 0.063819
v 0.027423 0.502158 0.077005
v 0.029663 0.530107 0.086658
v 0.058984 0.553124 0.108481
v 0.079341 0.581316 0.104076
v 0.100363 0.598422 0.092041
v 0.116416 0.599856 0.075600
v 0.123201 0.585236 0.059159
v 0.118898 0.558478 0.047123
v 0.104661 0.526752 0.042718
v 0.084304 0.498559 0.047123
v 0.063283 0.481454 0.059159
v 0.047229 0.480019 0.075600
v 0.040444 0.494640 0.092041
v 0.044747 0.521398 0.104076
v 0.078003 0.542143 0.122451
v 0.097450 0.570861 0.117378
v 0.115986 0.589401 0.103517
v 0.128645 0.592796 0.084582
v 0.132035 0.580136 0.065647
v 0.125247 0.554813 0.051786
v 0.110100 0.523612 0.046713
v 0.090653 0.494894 0.051786
v 0.072116 0.476354 0.065647
v 0.059457 0.472959 0.084582
v 0.056068 0.485620 0.103517
v 0.062856 0.510943 0.117378
v 0.099610 0.529668 0.131378
v 0.118019 0.558986 0.125876
v 0.133719 0.579163 0.110843
v 0.142503 0.584795 0.090308
v 0.142018 0.574372 0.069772
v 0.132394 0.550686 0.054739
v 0.116209 0.520085 0.049237
v 0.097800 0.490768 0.054739
v 0.082100 0.470590 0.069772
v 0.073315 0.464958 0.090308
v 0.073800 0.475382 0.110843
v 0.083425 0.499067 0.125876
v 0.120913 0.517369 0.134217
v 0.138490 0.547167 0.128603
v 0.151916 0.568657 0.113267
v 0.157593 0.576083 0.092318
v 0.154002 0.567453 0.071369
v 0.142103 0.545080 0.056033
v 0.125086 0.514960 0.050420
v 0.107509 0.485162 0.056033
v 0.094083 0.463671 0.071369
v 0.088406 0.456246 0.092318
v 0.091997 0.464876 0.113267
v 0.103896 0.487248 0.128603
v 0.394385 0.359480 0.134217
v 0.411403 0.389600 0.128603
v 0.423301 0.411973 0.113267
v 0.426893 0.420603 0.092318
v 0.421215 0.413177 0.071369
v 0.407789 0.391687 0.056033
v 0.390213 0.361889 0.050420
v 0.373195 0.331768 0.056033
v 0.361296 0.309396 0.071369
v 0.357705 0.300766 0.092318
v 0.363383 0.308191 0.113267
v 0.376809 0.329682 0.128603
v 0.415689 0.347180 0.131378
v 0.431874 0.377781 0.125876
v 0.441498 0.401467 0.110843
v 0.441983 0.411890 0.090308
v 0.433198 0.406259 0.069772
v 0.417498 0.386081 0.054739
v 0.399089 0.356764 0.049237
v 0.382904 0.326163 0.054740
v 0.373280 0.302477 0.069772
v 0.372795 0.292054 0.090308
v 0.381580 0.297685 0.110843
v 0.397280 0.317863 0.125876
v 0.437295 0.334706 0.122451
v 0.452442 0.365906 0.117378
v 0.459230 0.391229 0.103517
v 0.455841 0.403890 0.084582
v 0.443182 0.400495 0.065647
v 0.424646 0.381954 0.051786
v 0.405199 0.353236 0.046713
v 0.390052 0.322036 0.051786
v 0.383264 0.296713 0.065647
v 0.386653 0.284053 0.084582
v 0.399312 0.287448 0.103517
v 0.417848 0.305988 0.117378
v 0.456314 0.323725 0.108481
v 0.470551 0.355451 0.104076
v 0.474854 0.382209 0.092040
v 0.468070 0.396829 0.075600
v 0.452016 0.395395 0.059159
v 0.430994 0.378289 0.047123
v 0.410637 0.350097 0.042718
v 0.396400 0.318371 0.047123
v 0.392097 0.291613 0.059159
v 0.398882 0.276993 0.075600
v 0.414936 0.278427 0.092040
v 0.435958 0.295532 0.104076
v 0.472155 0.314580 0.090190
v 0.485636 0.346741 0.086657
v 0.487876 0.374691 0.077005
v 0.478272 0.390939 0.063819
v 0.459399 0.391132 0.050633
v 0.436314 0.375218 0.040981
v 0.415202 0.347461 0.037448
v 0.401720 0.315300 0.040981
v 0.399481 0.287350 0.050633
v 0.409084 0.271102 0.063819
v 0.427957 0.270909 0.077005
v 0.451043 0.286823 0.086657
v 0.484253 0.307595 0.068228
v 0.497156 0.340091 0.065746
v 0.497814 0.368953 0.058963
v 0.486051 0.386448 0.049699
v 0.465018 0.387888 0.040434
v 0.440352 0.372887 0.033651
v 0.418661 0.345464 0.031169
v 0.405758 0.312968 0.033651
v 0.405100 0.284106 0.040434
v 0.416863 0.266611 0.049699
v 0.437896 0.265171 0.058964
v 0.462562 0.280172 0.065746
v 0.491984 0.303131 0.043279
v 0.504516 0.335841 0.041995
v 0.504159 0.365290 0.038488
v 0.491009 0.383585 0.033697
v 0.468591 0.385825 0.028906
v 0.442909 0.371410 0.025398
v 0.420847 0.344202 0.024115
v 0.408315 0.311491 0.025398
v 0.408672 0.282043 0.028906
v 0.421822 0.263748 0.033697
v 0.444241 0.261508 0.038488
v 0.469922 0.275923 0.041995
v 0.494442 0.301712 0.018680
v 0.506878 0.334478 0.018358
v 0.506258 0.364078 0.017476
v 0.492751 0.382580 0.016272
v 0.469973 0.385027 0.015068
v 0.444030 0.370763 0.014186
v 0.421871 0.343611 0.013864
v 0.409436 0.310845 0.014186
v 0.410055 0.281245 0.015068
v 0.423563 0.262743 0.016272
v 0.446340 0.260296 0.017476
v 0.472284 0.274560 0.018358
v 0.482205 0.487659 0.000001
v 0.458119 0.493406 0.000001
v 0.457444 0.487796 0.034595
v 0.480588 0.482274 0.034594
v 0.455598 0.472470 0.059919
v 0.476172 0.467561 0.059919
v 0.453076 0.451534 0.069188
v 0.470138 0.447464 0.069188
v 0.450555 0.430598 0.059919
v 0.464104 0.427366 0.059919
v 0.448709 0.415272 0.034595
v 0.459688 0.412653 0.034595
v 0.448034 0.409663 0.000001
v 0.458071 0.407268 0.000001
v 0.448709 0.415272 -0.034593
v 0.459688 0.412653 -0.034593
v 0.450555 0.430598 -0.059918
v 0.464104 0.427366 -0.059918
v 0.453076 0.451534 -0.069187
v 0.470138 0.447464 -0.069187
v 0.455598 0.472470 -0.059918
v 0.476172 0.467561 -0.059918
v 0.457444 0.487796 -0.034593
v 0.480588 0.482274 -0.034593
v 0.431621 0.493550 0.000001
v 0.432219 0.487934 0.034595
v 0.433851 0.472588 0.059919
v 0.436081 0.451627 0.069188
v 0.438312 0.430665 0.059919
v 0.439944 0.415320 0.034595
v 0.440542 0.409703 0.000001
v 0.439944 0.415320 -0.034593
v 0.438312 0.430665 -0.059918
v 0.436081 0.451627 -0.069187
v 0.433851 0.472588 -0.059918
v 0.432219 0.487934 -0.034593
v 0.406204 0.487933 0.000001
v 0.408018 0.482585 0.034595
v 0.412972 0.467974 0.059919
v 0.419740 0.448016 0.069188
v 0.426508 0.428056 0.059919
v 0.431463 0.413446 0.034595
v 0.433277 0.408098 0.000001
v 0.431463 0.413446 -0.034593
v 0.426508 0.428056 -0.059918
v 0.419740 0.448016 -0.069187
v 0.412972 0.467974 -0.059918
v 0.408018 0.482585 -0.034593
v 0.382762 0.477002 0.000001
v 0.385693 0.472175 0.034595
v 0.393701 0.458988 0.059919
v 0.404641 0.440974 0.069188
v 0.415580 0.422961 0.059919
v 0.423589 0.409774 0.034595
v 0.426520 0.404947 0.000001
v 0.423589 0.409774 -0.034593
v 0.415580 0.422961 -0.059918
v 0.404641 0.440974 -0.069187
v 0.393701 0.458988 -0.059918
v 0.385693 0.472175 -0.034593
v 0.362124 0.461143 0.000001
v 0.366042 0.457075 0.034595
v 0.376747 0.445961 0.059919
v 0.391371 0.430778 0.069188
v 0.405994 0.415595 0.059919
v 0.416700 0.404480 0.034595
v 0.420618 0.400412 0.000001
v 0.416700 0.404480 -0.034593
v 0.405994 0.415595 -0.059918
v 0.391371 0.430778 -0.069187
v 0.376747 0.445961 -0.059918
v 0.366042 0.457075 -0.034593
v 0.345201 0.440752 0.000001
v 0.349933 0.437663 0.034595
v 0.362859 0.429225 0.059919
v 0.380518 0.417699 0.069188
v 0.398176 0.406173 0.059919
v 0.411102 0.397735 0.034595
v 0.415834 0.394647 0.000001
v 0.411102 0.397735 -0.034593
v 0.398176 0.406173 -0.059918
v 0.380518 0.417699 -0.069187
v 0.362859 0.429225 -0.059918
v 0.349933 0.437663 -0.034593
v 0.334121 0.418607 0.000001
v 0.339285 0.416384 0.034595
v 0.353395 0.410310 0.059919
v 0.372669 0.402013 0.069188
v 0.391943 0.393716 0.059919
v 0.406052 0.387642 0.034595
v 0.411216 0.385419 0.000001
v 0.406052 0.387642 -0.034593
v 0.391943 0.393716 -0.059918
v 0.372669 0.402013 -0.069187
v 0.353395 0.410310 -0.059918
v 0.339285 0.416384 -0.034593
v 0.226119 0.121872 0.000001
v 0.231504 0.120256 0.034595
v 0.246216 0.115839 0.059919
v 0.266314 0.109806 0.069189
v 0.286412 0.103773 0.059919
v 0.301125 0.099356 0.034595
v 0.306510 0.097740 0.000001
v 0.301125 0.099356 -0.034593
v 0.286412 0.103773 -0.059918
v 0.266314 0.109806 -0.069187
v 0.246216 0.115839 -0.059918
v 0.231504 0.120256 -0.034593
v 0.220372 0.097785 0.000001
v 0.225982 0.097110 0.034595
v 0.241308 0.095265 0.059919
v 0.262244 0.092745 0.069189
v 0.283180 0.090224 0.059919
v 0.298506 0.088379 0.034595
v 0.304115 0.087704 0.000001
v 0.298506 0.088379 -0.034593
v 0.283179 0.090224 -0.059918
v 0.262244 0.092745 -0.069187
v 0.241308 0.095265 -0.059918
v 0.225982 0.097110 -0.034593
v 0.220228 0.071288 0.000001
v 0.225844 0.071886 0.034595
v 0.241189 0.073519 0.059919
v 0.262151 0.075750 0.069189
v 0.283113 0.077980 0.059919
v 0.298458 0.079613 0.034595
v 0.304074 0.080211 0.000001
v 0.298458 0.079613 -0.034593
v 0.283113 0.077980 -0.059918
v 0.262151 0.075750 -0.069187
v 0.241189 0.073519 -0.059918
v 0.225844 0.071886 -0.034593
v 0.225844 0.045874 0.000001
v 0.231192 0.047687 0.034595
v 0.245803 0.052641 0.059919
v 0.265762 0.059408 0.069189
v 0.285721 0.066176 0.059919
v 0.300333 0.071130 0.034595
v 0.305681 0.072944 0.000001
v 0.300332 0.071130 -0.034593
v 0.285721 0.066176 -0.059918
v 0.265762 0.059408 -0.069187
v 0.245803 0.052641 -0.059918
v 0.231192 0.047687 -0.034593
v 0.236776 0.022430 0.000001
v 0.241603 0.025361 0.034595
v 0.254790 0.033370 0.059919
v 0.272803 0.044309 0.069189
v 0.290817 0.055249 0.059919
v 0.304004 0.063257 0.034595
v 0.308830 0.066188 0.000001
v 0.304004 0.063257 -0.034593
v 0.290817 0.055249 -0.059918
v 0.272803 0.044309 -0.069187
v 0.254790 0.033370 -0.059918
v 0.241603 0.025361 -0.034593
v 0.252635 0.001791 0.000001
v 0.256703 0.005709 0.034595
v 0.267818 0.016415 0.059919
v 0.283000 0.031039 0.069189
v 0.298182 0.045663 0.059919
v 0.309297 0.056369 0.034595
v 0.313365 0.060287 0.000001
v 0.309297 0.056369 -0.034593
v 0.298182 0.045663 -0.059918
v 0.283000 0.031039 -0.069187
v 0.267818 0.016415 -0.059918
v 0.256703 0.005709 -0.034593
v 0.273027 -0.015131 0.000001
v 0.276115 -0.010400 0.034595
v 0.284553 0.002527 0.059919
v 0.296079 0.020186 0.069189
v 0.307604 0.037844 0.059919
v 0.316042 0.050771 0.034595
v 0.319130 0.055502 0.000001
v 0.316042 0.050771 -0.034593
v 0.307604 0.037844 -0.059918
v 0.296078 0.020186 -0.069187
v 0.284553 0.002527 -0.059918
v 0.276115 -0.010400 -0.034593
v 0.295172 -0.026211 0.000001
v 0.297395 -0.021047 0.034595
v 0.303468 -0.006937 0.059919
v 0.311765 0.012337 0.069189
v 0.320061 0.031611 0.059919
v 0.326135 0.045721 0.034595
v 0.328358 0.050885 0.000001
v 0.326135 0.045721 -0.034593
v 0.320061 0.031611 -0.059918
v 0.311765 0.012337 -0.069187
v 0.303468 -0.006937 -0.059918
v 0.297395 -0.021047 -0.034593
v 0.330278 -0.038989 0.000001
v 0.331894 -0.033604 0.034595
v 0.336311 -0.018891 0.059919
v 0.342345 0.001207 0.069189
v 0.348378 0.021304 0.059919
v 0.352795 0.036017 0.034595
v 0.354412 0.041402 0.000001
v 0.352795 0.036017 -0.034593
v 0.348378 0.021304 -0.059918
v 0.342345 0.001207 -0.069187
v 0.336311 -0.018891 -0.059918
v 0.331894 -0.033604 -0.034593
v 0.354364 -0.044735 0.000001
v 0.355039 -0.039125 0.034595
v 0.356885 -0.023799 0.059919
v 0.359406 -0.002864 0.069189
v 0.361928 0.018072 0.059919
v 0.363773 0.033398 0.034595
v 0.364449 0.039008 0.000001
v 0.363773 0.033398 -0.034593
v 0.361928 0.018072 -0.059918
v 0.359406 -0.002864 -0.069187
v 0.356885 -0.023799 -0.059918
v 0.355039 -0.039125 -0.034593
v 0.380862 -0.044880 0.000001
v 0.380264 -0.039263 0.034595
v 0.378632 -0.023918 0.059919
v 0.376401 -0.002956 0.069189
v 0.374171 0.018005 0.059919
v 0.372539 0.033350 0.034595
v 0.371941 0.038967 0.000001
v 0.372539 0.033350 -0.034593
v 0.374171 0.018005 -0.059918
v 0.376401 -0.002956 -0.069187
v 0.378632 -0.023918 -0.059918
v 0.380264 -0.039263 -0.034593
v 0.406279 -0.039263 0.000001
v 0.404465 -0.033915 0.034595
v 0.399511 -0.019304 0.059919
v 0.392742 0.000655 0.069189
v 0.385974 0.020614 0.059919
v 0.381020 0.035225 0.034595
v 0.379206 0.040573 0.000001
v 0.381020 0.035225 -0.034593
v 0.385974 0.020614 -0.059918
v 0.392742 0.000655 -0.069187
v 0.399511 -0.019304 -0.059918
v 0.404465 -0.033915 -0.034593
v 0.429721 -0.028332 0.000001
v 0.426790 -0.023505 0.034595
v 0.418781 -0.010318 0.059919
v 0.407842 0.007696 0.069189
v 0.396902 0.025709 0.059919
v 0.388894 0.038896 0.034595
v 0.385963 0.043723 0.000001
v 0.388894 0.038896 -0.034593
v 0.396902 0.025709 -0.059918
v 0.407842 0.007696 -0.069187
v 0.418781 -0.010318 -0.059918
v 0.426790 -0.023505 -0.034593
v 0.450359 -0.012473 0.000001
v 0.446441 -0.008405 0.034595
v 0.435736 0.002710 0.059919
v 0.421112 0.017893 0.069189
v 0.406488 0.033075 0.059919
v 0.395783 0.044190 0.034595
v 0.391865 0.048258 0.000001
v 0.395783 0.044190 -0.034593
v 0.406488 0.033075 -0.059918
v 0.421112 0.017893 -0.069187
v 0.435736 0.002710 -0.059918
v 0.446441 -0.008405 -0.034593
v 0.467281 0.007918 0.000001
v 0.462550 0.011007 0.034595
v 0.449623 0.019445 0.059919
v 0.431965 0.030971 0.069189
v 0.414307 0.042497 0.059919
v 0.401381 0.050935 0.034595
v 0.396649 0.054024 0.000001
v 0.401381 0.050935 -0.034593
v 0.414307 0.042497 -0.059918
v 0.431965 0.030971 -0.069187
v 0.449623 0.019445 -0.059918
v 0.462550 0.011007 -0.034593
v 0.478362 0.030063 0.000001
v 0.473197 0.032287 0.034595
v 0.459088 0.038360 0.059919
v 0.439814 0.046657 0.069189
v 0.420540 0.054954 0.059919
v 0.406431 0.061028 0.034595
v 0.401266 0.063251 0.000001
v 0.406431 0.061028 -0.034593
v 0.420540 0.054954 -0.059918
v 0.439814 0.046657 -0.069187
v 0.459088 0.038360 -0.059918
v 0.473197 0.032287 -0.034593
v 0.586364 0.326798 0.000001
v 0.580979 0.328414 0.034595
v 0.566266 0.332831 0.059919
v 0.546169 0.338864 0.069188
v 0.526071 0.344897 0.059919
v 0.511358 0.349314 0.034595
v 0.505973 0.350930 0.000001
v 0.511358 0.349314 -0.034593
v 0.526071 0.344897 -0.059918
v 0.546169 0.338864 -0.069187
v 0.566266 0.332831 -0.059918
v 0.580979 0.328414 -0.034593
v 0.592111 0.350885 0.000001
v 0.586501 0.351560 0.034595
v 0.571175 0.353405 0.059919
v 0.550239 0.355926 0.069188
v 0.529303 0.358446 0.059919
v 0.513977 0.360291 0.034595
v 0.508367 0.360966 0.000001
v 0.513977 0.360291 -0.034593
v 0.529303 0.358446 -0.059918
v 0.550239 0.355926 -0.069187
v 0.571175 0.353405 -0.059918
v 0.586501 0.351560 -0.034593
v 0.592255 0.377382 0.000001
v 0.586638 0.376784 0.034594
v 0.571293 0.375151 0.059919
v 0.550332 0.372921 0.069188
v 0.529370 0.370690 0.059919
v 0.514025 0.369057 0.034595
v 0.508408 0.368459 0.000001
v 0.514025 0.369057 -0.034593
v 0.529370 0.370690 -0.059918
v 0.550332 0.372921 -0.069187
v 0.571293 0.375151 -0.059918
v 0.586638 0.376784 -0.034593
v 0.586639 0.402797 0.000001
v 0.581291 0.400983 0.034594
v 0.566680 0.396029 0.059919
v 0.546721 0.389262 0.069188
v 0.526761 0.382494 0.059919
v 0.512150 0.377540 0.034595
v 0.506802 0.375727 0.000001
v 0.512150 0.377540 -0.034593
v 0.526761 0.382494 -0.059918
v 0.546720 0.389262 -0.069187
v 0.566680 0.396029 -0.059918
v 0.581291 0.400983 -0.034593
v 0.575707 0.426240 0.000001
v 0.570880 0.423309 0.034594
v 0.557693 0.415301 0.059919
v 0.539680 0.404361 0.069188
v 0.521666 0.393421 0.059919
v 0.508479 0.385413 0.034595
v 0.503652 0.382482 0.000001
v 0.508479 0.385413 -0.034593
v 0.521666 0.393421 -0.059918
v 0.539679 0.404361 -0.069187
v 0.557693 0.415301 -0.059918
v 0.570880 0.423309 -0.034593
v 0.559847 0.446880 0.000001
v 0.555779 0.442961 0.034594
v 0.544665 0.432256 0.059919
v 0.529483 0.417631 0.069188
v 0.514300 0.403007 0.059919
v 0.503186 0.392302 0.034595
v 0.499118 0.388383 0.000001
v 0.503186 0.392302 -0.034593
v 0.514300 0.403007 -0.059918
v 0.529483 0.417631 -0.069187
v 0.544665 0.432256 -0.059918
v 0.555779 0.442961 -0.034593
v 0.539456 0.463802 0.000001
v 0.536367 0.459070 0.034594
v 0.527930 0.446143 0.059919
v 0.516404 0.428485 0.069188
v 0.504879 0.410826 0.059919
v 0.496441 0.397899 0.034595
v 0.493353 0.393168 0.000001
v 0.496441 0.397899 -0.034593
v 0.504879 0.410826 -0.059918
v 0.516404 0.428485 -0.069187
v 0.527930 0.446143 -0.059918
v 0.536367 0.459070 -0.034593
v 0.517311 0.474881 0.000001
v 0.515088 0.469717 0.034594
v 0.509015 0.455607 0.059919
v 0.500718 0.436333 0.069188
v 0.492421 0.417059 0.059919
v 0.486348 0.402950 0.034595
v 0.484125 0.397785 0.000001
v 0.486348 0.402950 -0.034593
v 0.492421 0.417059 -0.059918
v 0.500718 0.436333 -0.069187
v 0.509014 0.455607 -0.059918
v 0.515088 0.469717 -0.034593
v 0.294974 0.131356 -0.038837
v 0.292029 0.120388 -0.060841
v 0.275895 0.093786 -0.044695
v 0.278725 0.104326 -0.023551
v 0.273143 0.068362 -0.029671
v 0.275658 0.077732 -0.010876
v 0.284509 0.050931 -0.019795
v 0.286595 0.058701 -0.004208
v 0.306948 0.046161 -0.017713
v 0.308604 0.052332 -0.005335
v 0.334447 0.055332 -0.023983
v 0.335789 0.060332 -0.013953
v 0.359638 0.075986 -0.036924
v 0.360865 0.080557 -0.027755
v 0.375772 0.102588 -0.053070
v 0.377114 0.107588 -0.043041
v 0.378524 0.128011 -0.068094
v 0.380181 0.134182 -0.055716
v 0.367158 0.145443 -0.077970
v 0.369244 0.153213 -0.062383
v 0.344719 0.150212 -0.080052
v 0.347235 0.159581 -0.061257
v 0.317220 0.141042 -0.073782
v 0.320050 0.151582 -0.052638
v 0.293725 0.105466 -0.082672
v 0.277510 0.079581 -0.065478
v 0.274535 0.056116 -0.047588
v 0.285597 0.041360 -0.033797
v 0.307732 0.039267 -0.027800
v 0.335008 0.050396 -0.031204
v 0.360118 0.071767 -0.043097
v 0.376333 0.097652 -0.060292
v 0.379308 0.121116 -0.078181
v 0.368246 0.135872 -0.091972
v 0.346112 0.137966 -0.097969
v 0.318835 0.126837 -0.094565
v 0.299952 0.088493 -0.101400
v 0.283439 0.063420 -0.083309
v 0.279650 0.042174 -0.062972
v 0.289600 0.030448 -0.045837
v 0.310623 0.031385 -0.036497
v 0.337086 0.044732 -0.037453
v 0.361898 0.066915 -0.048450
v 0.378411 0.091989 -0.066541
v 0.382200 0.113235 -0.086878
v 0.372250 0.124960 -0.104013
v 0.351227 0.124024 -0.113353
v 0.324764 0.110676 -0.112397
v 0.310291 0.070182 -0.116461
v 0.293285 0.045981 -0.097652
v 0.288149 0.027121 -0.075353
v 0.296260 0.018654 -0.055539
v 0.315443 0.022848 -0.043518
v 0.340559 0.038582 -0.042512
v 0.364878 0.061637 -0.052791
v 0.381883 0.085838 -0.071600
v 0.387019 0.104698 -0.093899
v 0.378909 0.113166 -0.113714
v 0.359726 0.108971 -0.125734
v 0.334610 0.093237 -0.126740
v 0.324375 0.051180 -0.127323
v 0.306696 0.027888 -0.107995
v 0.299719 0.011511 -0.084276
v 0.305316 0.006435 -0.062523
v 0.321985 0.014022 -0.048563
v 0.345260 0.032239 -0.046138
v 0.368905 0.056203 -0.055897
v 0.386585 0.079495 -0.075226
v 0.393561 0.095872 -0.098944
v 0.387965 0.100948 -0.120698
v 0.371296 0.093360 -0.134657
v 0.348020 0.075144 -0.137082
v 0.341827 0.032185 -0.133388
v 0.323309 0.009806 -0.113768
v 0.314042 -0.004078 -0.089253
v 0.316509 -0.005747 -0.066412
v 0.330049 0.005246 -0.051365
v 0.351033 0.025955 -0.048144
v 0.373840 0.050833 -0.057612
v 0.392358 0.073212 -0.077232
v 0.401625 0.087096 -0.101746
v 0.399158 0.088765 -0.124588
v 0.385619 0.077772 -0.139635
v 0.364634 0.057062 -0.142856
v 0.360281 0.015684 -0.133978
v 0.341042 -0.006050 -0.114335
v 0.329805 -0.018173 -0.089757
v 0.329581 -0.017436 -0.066830
v 0.340429 -0.004036 -0.051697
v 0.359444 0.018435 -0.048413
v 0.381529 0.043957 -0.057858
v 0.400768 0.065691 -0.077501
v 0.412006 0.077814 -0.102078
v 0.412230 0.077076 -0.125005
v 0.401382 0.063677 -0.140138
v 0.382367 0.041206 -0.143423
v 0.604791 -0.182528 -0.108621
v 0.585052 -0.203857 -0.089030
v 0.572450 -0.214872 -0.064594
v 0.570360 -0.212623 -0.041861
v 0.579343 -0.197711 -0.026921
v 0.596992 -0.174133 -0.023778
v 0.618578 -0.148206 -0.033275
v 0.638317 -0.126877 -0.052866
v 0.650919 -0.115862 -0.077302
v 0.653009 -0.118111 -0.100036
v 0.644026 -0.133023 -0.114975
v 0.626377 -0.156601 -0.118118
v 0.624432 -0.196909 -0.104081
v 0.603926 -0.217676 -0.084667
v 0.589226 -0.227156 -0.060716
v 0.584272 -0.222810 -0.038644
v 0.590391 -0.205801 -0.024367
v 0.605943 -0.180687 -0.021709
v 0.626761 -0.154198 -0.031383
v 0.647268 -0.133431 -0.050797
v 0.661967 -0.123951 -0.074748
v 0.666921 -0.128297 -0.096819
v 0.660803 -0.145306 -0.111097
v 0.645250 -0.170420 -0.113755
v 0.645616 -0.209235 -0.094010
v 0.624092 -0.229409 -0.075080
v 0.606612 -0.237272 -0.052450
v 0.597859 -0.230715 -0.032185
v 0.600180 -0.211496 -0.019713
v 0.612951 -0.184765 -0.018377
v 0.632752 -0.157684 -0.028535
v 0.654276 -0.137509 -0.047465
v 0.671756 -0.129647 -0.070094
v 0.680509 -0.136203 -0.090360
v 0.678188 -0.155422 -0.102832
v 0.665417 -0.182153 -0.104167
v 0.665541 -0.217802 -0.079620
v 0.643064 -0.237567 -0.061379
v 0.622980 -0.244310 -0.040630
v 0.610671 -0.236224 -0.022933
v 0.609434 -0.215476 -0.013030
v 0.619602 -0.187624 -0.013574
v 0.638449 -0.160133 -0.024421
v 0.660927 -0.140368 -0.042662
v 0.681011 -0.133626 -0.063411
v 0.693320 -0.141712 -0.081108
v 0.694557 -0.162460 -0.091011
v 0.684389 -0.190311 -0.090466
v 0.683528 -0.222452 -0.061621
v 0.660193 -0.241995 -0.044238
v 0.637766 -0.248132 -0.025834
v 0.622255 -0.239218 -0.011340
v 0.617818 -0.217643 -0.004640
v 0.625642 -0.189186 -0.007530
v 0.643632 -0.161473 -0.019234
v 0.666967 -0.141930 -0.036617
v 0.689394 -0.135793 -0.055021
v 0.704904 -0.144706 -0.069515
v 0.709342 -0.166282 -0.076215
v 0.701518 -0.194739 -0.073325
v 0.698936 -0.223018 -0.040650
v 0.674864 -0.242534 -0.024270
v 0.650423 -0.248597 -0.008607
v 0.632162 -0.239583 0.002143
v 0.624974 -0.217906 0.005099
v 0.630785 -0.189375 -0.000531
v 0.648038 -0.161635 -0.013239
v 0.672109 -0.142119 -0.029619
v 0.696550 -0.136056 -0.045282
v 0.714811 -0.145071 -0.056032
v 0.722000 -0.166747 -0.058988
v 0.716189 -0.195278 -0.053358
v 0.711064 -0.219303 -0.017385
v 0.686409 -0.238998 -0.002123
v 0.660376 -0.245548 0.010487
v 0.639941 -0.237200 0.017065
v 0.630578 -0.216190 0.015849
v 0.634797 -0.188147 0.007165
v 0.651467 -0.160585 -0.006661
v 0.676121 -0.140891 -0.021923
v 0.702154 -0.134340 -0.034532
v 0.722590 -0.142688 -0.041110
v 0.731953 -0.163698 -0.039894
v 0.727734 -0.191742 -0.031210
v 0.718404 -0.211897 0.005075
v 0.693462 -0.231881 0.019459
v 0.666646 -0.239222 0.029671
v 0.645140 -0.231954 0.032974
v 0.634707 -0.212023 0.028483
v 0.638142 -0.184771 0.017402
v 0.654526 -0.157499 0.002699
v 0.679467 -0.137515 -0.011686
v 0.706283 -0.130174 -0.021898
v 0.727789 -0.137442 -0.025201
v 0.738222 -0.157372 -0.020710
v 0.734787 -0.184625 -0.009628
v 0.726213 -0.197943 0.038839
v 0.701137 -0.218168 0.052640
v 0.673952 -0.226168 0.061259
v 0.651943 -0.219800 0.062385
v 0.641006 -0.200769 0.055718
v 0.644073 -0.174175 0.043043
v 0.660322 -0.147144 0.027757
v 0.685398 -0.126919 0.013955
v 0.712583 -0.118919 0.005337
v 0.734592 -0.125288 0.004210
v 0.745529 -0.144319 0.010878
v 0.742462 -0.170913 0.023553
v 0.729158 -0.186975 0.060842
v 0.703967 -0.207628 0.073784
v 0.676468 -0.216799 0.080054
v 0.654029 -0.212030 0.077972
v 0.642663 -0.194598 0.068096
v 0.645415 -0.169175 0.053072
v 0.661549 -0.142573 0.036926
v 0.686740 -0.121919 0.023984
v 0.714239 -0.112748 0.017715
v 0.736678 -0.117518 0.019797
v 0.748044 -0.134949 0.029673
v 0.745292 -0.160372 0.044697
v 0.727462 -0.172053 0.082674
v 0.702352 -0.193424 0.094567
v 0.675075 -0.204553 0.097971
v 0.652941 -0.202459 0.091974
v 0.641879 -0.187703 0.078183
v 0.644854 -0.164239 0.060294
v 0.661069 -0.138354 0.043099
v 0.686179 -0.116983 0.031206
v 0.713455 -0.105854 0.027802
v 0.735590 -0.107947 0.033799
v 0.746652 -0.122703 0.047590
v 0.743676 -0.146168 0.065480
v 0.721235 -0.155080 0.101402
v 0.696423 -0.177263 0.112399
v 0.669960 -0.190611 0.113355
v 0.648937 -0.191547 0.104014
v 0.638987 -0.179821 0.086880
v 0.642776 -0.158576 0.066543
v 0.659289 -0.133502 0.048452
v 0.684101 -0.111319 0.037455
v 0.710564 -0.097972 0.036499
v 0.731587 -0.097035 0.045839
v 0.741537 -0.108761 0.062974
v 0.737748 -0.130007 0.083311
v 0.710896 -0.136769 0.116463
v 0.686577 -0.159824 0.126742
v 0.661461 -0.175558 0.125736
v 0.642278 -0.179753 0.113716
v 0.634168 -0.171285 0.093901
v 0.639304 -0.152425 0.071602
v 0.656309 -0.128224 0.052793
v 0.680628 -0.105169 0.042514
v 0.705744 -0.089436 0.043520
v 0.724927 -0.085241 0.055540
v 0.733038 -0.093708 0.075355
v 0.727902 -0.112568 0.097654
v 0.696812 -0.117767 0.127325
v 0.673167 -0.141731 0.137084
v 0.649891 -0.159947 0.134659
v 0.633222 -0.167535 0.120700
v 0.627626 -0.162459 0.098946
v 0.634602 -0.146082 0.075227
v 0.652282 -0.122790 0.055899
v 0.675927 -0.098826 0.046140
v 0.699202 -0.080609 0.048565
v 0.715872 -0.073022 0.062525
v 0.721468 -0.078098 0.084278
v 0.714491 -0.094475 0.107997
v 0.679360 -0.098772 0.133390
v 0.656553 -0.123649 0.142858
v 0.635568 -0.144359 0.139636
v 0.622029 -0.155352 0.124589
v 0.619562 -0.153683 0.101748
v 0.628829 -0.139799 0.077234
v 0.647347 -0.117420 0.057614
v 0.670154 -0.092542 0.048146
v 0.691139 -0.071833 0.051367
v 0.704678 -0.060840 0.066414
v 0.707145 -0.062509 0.089255
v 0.697878 -0.076393 0.113770
v 0.660906 -0.082271 0.133980
v 0.638820 -0.107793 0.143424
v 0.619805 -0.130264 0.140140
v 0.608957 -0.143663 0.125007
v 0.609181 -0.144401 0.102080
v 0.620419 -0.132278 0.077502
v 0.639658 -0.110544 0.057860
v 0.661743 -0.085022 0.048415
v 0.680758 -0.062551 0.051699
v 0.691606 -0.049151 0.066832
v 0.691382 -0.048414 0.089759
v 0.680145 -0.060537 0.114337
v 0.416396 0.115941 0.108623
v 0.394810 0.090014 0.118120
v 0.377161 0.066436 0.114977
v 0.368178 0.051524 0.100037
v 0.370268 0.049275 0.077304
v 0.382871 0.060290 0.052868
v 0.402609 0.081619 0.033277
v 0.424195 0.107546 0.023780
v 0.441844 0.131124 0.026923
v 0.450827 0.146036 0.041862
v 0.448738 0.148285 0.064596
v 0.436135 0.137270 0.089032
v 0.396755 0.130322 0.104083
v 0.375936 0.103833 0.113757
v 0.360384 0.078719 0.111099
v 0.354266 0.061710 0.096821
v 0.359220 0.057364 0.074750
v 0.373919 0.066844 0.050799
v 0.394426 0.087611 0.031385
v 0.415244 0.114100 0.021711
v 0.430796 0.139214 0.024369
v 0.436915 0.156223 0.038646
v 0.431961 0.160569 0.060718
v 0.417261 0.151089 0.084669
v 0.375571 0.142648 0.094011
v 0.355770 0.115566 0.104169
v 0.342999 0.088835 0.102833
v 0.340678 0.069616 0.090362
v 0.349431 0.063060 0.070096
v 0.366911 0.070922 0.047467
v 0.388435 0.091097 0.028537
v 0.408236 0.118178 0.018379
v 0.421007 0.144909 0.019715
v 0.423328 0.164128 0.032187
v 0.414575 0.170685 0.052452
v 0.397095 0.162822 0.075082
v 0.355646 0.151215 0.079622
v 0.336798 0.123724 0.090468
v 0.326631 0.095873 0.091013
v 0.327867 0.075125 0.081110
v 0.340176 0.067039 0.063413
v 0.360261 0.073781 0.042664
v 0.382738 0.093546 0.024422
v 0.401585 0.121037 0.013576
v 0.411753 0.148889 0.013032
v 0.410516 0.169637 0.022935
v 0.398207 0.177723 0.040632
v 0.378123 0.170980 0.061381
v 0.337659 0.155865 0.061623
v 0.319669 0.128152 0.073327
v 0.311845 0.099695 0.076217
v 0.316282 0.078119 0.069517
v 0.331793 0.069206 0.055023
v 0.354220 0.075343 0.036619
v 0.377555 0.094886 0.019236
v 0.395545 0.122599 0.007532
v 0.403369 0.151056 0.004642
v 0.398932 0.172632 0.011342
v 0.383421 0.181545 0.025835
v 0.360994 0.175408 0.044240
v 0.322251 0.156431 0.040652
v 0.304998 0.128691 0.053360
v 0.299187 0.100160 0.058990
v 0.306376 0.078484 0.056034
v 0.324637 0.069469 0.045284
v 0.349078 0.075532 0.029620
v 0.373149 0.095048 0.013240
v 0.390402 0.122788 0.000533
v 0.396213 0.151319 -0.005097
v 0.389025 0.172996 -0.002141
v 0.370764 0.182010 0.008609
v 0.346323 0.175947 0.024272
v 0.310123 0.152716 0.017387
v 0.293453 0.125155 0.031212
v 0.289234 0.097111 0.039896
v 0.298597 0.076101 0.041112
v 0.319033 0.067753 0.034534
v 0.345066 0.074304 0.021925
v 0.369720 0.093998 0.006662
v 0.386390 0.121560 -0.007163
v 0.390609 0.149603 -0.015847
v 0.381246 0.170613 -0.017063
v 0.360811 0.178962 -0.010485
v 0.334778 0.172411 0.002125
v 0.302783 0.145310 -0.005073
v 0.286400 0.118038 0.009630
v 0.282965 0.090786 0.020712
v 0.293398 0.070855 0.025203
v 0.314904 0.063587 0.021900
v 0.341720 0.070928 0.011688
v 0.366661 0.090912 -0.002697
v 0.383045 0.118184 -0.017400
v 0.386480 0.145437 -0.028481
v 0.376047 0.165367 -0.032972
v 0.354541 0.172635 -0.029669
v 0.327725 0.165294 -0.019457
v 0.684469 -0.035493 0.000001
v 0.660384 -0.029746 0.000001
v 0.659708 -0.035356 0.034595
v 0.682853 -0.040878 0.034595
v 0.657862 -0.050682 0.059919
v 0.678436 -0.055590 0.059919
v 0.655341 -0.071618 0.069189
v 0.672402 -0.075688 0.069189
v 0.652819 -0.092553 0.059919
v 0.666369 -0.095786 0.059919
v 0.650974 -0.107879 0.034595
v 0.661952 -0.110498 0.034595
v 0.650298 -0.113489 0.000001
v 0.660335 -0.115883 0.000001
v 0.650974 -0.107879 -0.034593
v 0.661952 -0.110498 -0.034593
v 0.652819 -0.092553 -0.059917
v 0.666369 -0.095786 -0.059917
v 0.655341 -0.071618 -0.069187
v 0.672402 -0.075688 -0.069187
v 0.657862 -0.050682 -0.059917
v 0.678436 -0.055590 -0.059917
v 0.659708 -0.035356 -0.034593
v 0.682853 -0.040878 -0.034593
v 0.633886 -0.029601 0.000001
v 0.634483 -0.035218 0.034595
v 0.636116 -0.050563 0.059919
v 0.638346 -0.071525 0.069189
v 0.640576 -0.092487 0.059919
v 0.642209 -0.107832 0.034595
v 0.642806 -0.113448 0.000001
v 0.642209 -0.107832 -0.034593
v 0.640576 -0.092487 -0.059917
v 0.638346 -0.071525 -0.069187
v 0.636116 -0.050563 -0.059917
v 0.634483 -0.035218 -0.034593
v 0.608468 -0.035218 0.000001
v 0.610282 -0.040566 0.034595
v 0.615237 -0.055177 0.059919
v 0.622005 -0.075136 0.069189
v 0.628773 -0.095095 0.059919
v 0.633727 -0.109706 0.034595
v 0.635541 -0.115054 0.000001
v 0.633727 -0.109706 -0.034593
v 0.628773 -0.095095 -0.059917
v 0.622005 -0.075136 -0.069187
v 0.615237 -0.055177 -0.059917
v 0.610282 -0.040566 -0.034593
v 0.585026 -0.046150 0.000001
v 0.587958 -0.050976 0.034595
v 0.595966 -0.064163 0.059919
v 0.606905 -0.082177 0.069189
v 0.617845 -0.100191 0.059919
v 0.625853 -0.113378 0.034595
v 0.628784 -0.118204 0.000001
v 0.625853 -0.113378 -0.034593
v 0.617845 -0.100191 -0.059917
v 0.606905 -0.082177 -0.069187
v 0.595966 -0.064163 -0.059917
v 0.587958 -0.050976 -0.034593
v 0.564388 -0.062008 0.000001
v 0.568306 -0.066077 0.034595
v 0.579012 -0.077191 0.059919
v 0.593635 -0.092374 0.069189
v 0.608259 -0.107557 0.059919
v 0.618964 -0.118671 0.034595
v 0.622882 -0.122740 0.000001
v 0.618964 -0.118671 -0.034593
v 0.608259 -0.107557 -0.059917
v 0.593635 -0.092374 -0.069187
v 0.579011 -0.077191 -0.059917
v 0.568306 -0.066077 -0.034593
v 0.547466 -0.082400 0.000001
v 0.552197 -0.085488 0.034595
v 0.565124 -0.093926 0.059919
v 0.582782 -0.105452 0.069189
v 0.600440 -0.116979 0.059919
v 0.613366 -0.125417 0.034595
v 0.618098 -0.128505 0.000001
v 0.613366 -0.125417 -0.034593
v 0.600440 -0.116979 -0.059917
v 0.582782 -0.105452 -0.069187
v 0.565124 -0.093926 -0.059917
v 0.552197 -0.085488 -0.034593
v 0.536385 -0.104545 0.000001
v 0.541550 -0.106768 0.034595
v 0.555659 -0.112842 0.059919
v 0.574933 -0.121139 0.069189
v 0.594207 -0.129436 0.059919
v 0.608316 -0.135509 0.034595
v 0.613481 -0.137733 0.000001
v 0.608316 -0.135509 -0.034593
v 0.594207 -0.129436 -0.059917
v 0.574933 -0.121139 -0.069187
v 0.555659 -0.112842 -0.059917
v 0.541550 -0.106768 -0.034593
v 0.428383 -0.401279 0.000001
v 0.433768 -0.402896 0.034595
v 0.448481 -0.407312 0.059919
v 0.468579 -0.413345 0.069189
v 0.488676 -0.419379 0.059919
v 0.503389 -0.423795 0.034595
v 0.508774 -0.425412 0.000001
v 0.503389 -0.423795 -0.034593
v 0.488676 -0.419379 -0.059917
v 0.468578 -0.413345 -0.069187
v 0.448481 -0.407312 -0.059917
v 0.433768 -0.402896 -0.034593
v 0.422636 -0.425366 0.000001
v 0.428246 -0.426041 0.034595
v 0.443572 -0.427886 0.059919
v 0.464508 -0.430407 0.069189
v 0.485444 -0.432927 0.059919
v 0.500770 -0.434772 0.034595
v 0.506380 -0.435448 0.000001
v 0.500770 -0.434772 -0.034593
v 0.485444 -0.432927 -0.059917
v 0.464508 -0.430407 -0.069187
v 0.443572 -0.427886 -0.059917
v 0.428246 -0.426042 -0.034593
v 0.422492 -0.451863 0.000001
v 0.428109 -0.451265 0.034595
v 0.443454 -0.449632 0.059919
v 0.464415 -0.447402 0.069189
v 0.485377 -0.445172 0.059919
v 0.500722 -0.443539 0.034595
v 0.506339 -0.442941 0.000001
v 0.500722 -0.443539 -0.034593
v 0.485377 -0.445172 -0.059917
v 0.464415 -0.447402 -0.069187
v 0.443454 -0.449633 -0.059917
v 0.428109 -0.451265 -0.034593
v 0.428108 -0.477278 0.000001
v 0.433456 -0.475465 0.034595
v 0.448067 -0.470511 0.059919
v 0.468027 -0.463743 0.069189
v 0.487986 -0.456975 0.059919
v 0.502597 -0.452021 0.034595
v 0.507945 -0.450208 0.000001
v 0.502597 -0.452021 -0.034593
v 0.487986 -0.456975 -0.059917
v 0.468027 -0.463743 -0.069187
v 0.448067 -0.470511 -0.059917
v 0.433456 -0.475465 -0.034593
v 0.439040 -0.500722 0.000001
v 0.443867 -0.497791 0.034595
v 0.457054 -0.489782 0.059919
v 0.475068 -0.478842 0.069189
v 0.493081 -0.467903 0.059919
v 0.506268 -0.459894 0.034595
v 0.511095 -0.456963 0.000001
v 0.506268 -0.459894 -0.034593
v 0.493081 -0.467903 -0.059917
v 0.475068 -0.478842 -0.069187
v 0.457054 -0.489782 -0.059917
v 0.443867 -0.497791 -0.034593
v 0.454900 -0.521361 0.000001
v 0.458968 -0.517442 0.034595
v 0.470082 -0.506737 0.059919
v 0.485264 -0.492113 0.069189
v 0.500447 -0.477488 0.059919
v 0.511561 -0.466783 0.034595
v 0.515629 -0.462864 0.000001
v 0.511561 -0.466783 -0.034593
v 0.500447 -0.477488 -0.059917
v 0.485264 -0.492113 -0.069187
v 0.470082 -0.506737 -0.059917
v 0.458968 -0.517442 -0.034593
v 0.475291 -0.538283 0.000001
v 0.478380 -0.533551 0.034595
v 0.486817 -0.520624 0.059919
v 0.498343 -0.502966 0.069189
v 0.509869 -0.485307 0.059919
v 0.518306 -0.472381 0.034595
v 0.521394 -0.467649 0.000001
v 0.518306 -0.472381 -0.034593
v 0.509869 -0.485307 -0.059917
v 0.498343 -0.502966 -0.069187
v 0.486817 -0.520624 -0.059917
v 0.478380 -0.533551 -0.034593
v 0.497436 -0.549363 0.000001
v 0.499659 -0.544198 0.034595
v 0.505733 -0.530089 0.059919
v 0.514029 -0.510815 0.069189
v 0.522326 -0.491541 0.059919
v 0.528399 -0.477431 0.034595
v 0.530622 -0.472267 0.000001
v 0.528399 -0.477431 -0.034593
v 0.522326 -0.491541 -0.059917
v 0.514029 -0.510815 -0.069187
v 0.505733 -0.530089 -0.059917
v 0.499659 -0.544198 -0.034593
v 0.532542 -0.562140 0.000001
v 0.534159 -0.556755 0.034595
v 0.538576 -0.542043 0.059919
v 0.544609 -0.521945 0.069189
v 0.550643 -0.501847 0.059919
v 0.555060 -0.487135 0.034595
v 0.556676 -0.481750 0.000001
v 0.555060 -0.487135 -0.034593
v 0.550643 -0.501847 -0.059917
v 0.544609 -0.521945 -0.069187
v 0.538576 -0.542043 -0.059917
v 0.534159 -0.556755 -0.034593
v 0.556628 -0.567887 0.000001
v 0.557304 -0.562277 0.034595
v 0.559149 -0.546951 0.059919
v 0.561671 -0.526016 0.069189
v 0.564192 -0.505080 0.059919
v 0.566038 -0.489754 0.034595
v 0.566713 -0.484144 0.000001
v 0.566038 -0.489754 -0.034593
v 0.564192 -0.505080 -0.059917
v 0.561671 -0.526016 -0.069187
v 0.559149 -0.546951 -0.059917
v 0.557304 -0.562277 -0.034593
v 0.583126 -0.568032 0.000001
v 0.582528 -0.562415 0.034595
v 0.580896 -0.547070 0.059919
v 0.578666 -0.526108 0.069189
v 0.576436 -0.505146 0.059919
v 0.574803 -0.489801 0.034595
v 0.574205 -0.484185 0.000001
v 0.574803 -0.489801 -0.034593
v 0.576436 -0.505146 -0.059917
v 0.578666 -0.526108 -0.069187
v 0.580896 -0.547070 -0.059917
v 0.582528 -0.562415 -0.034593
v 0.608543 -0.562414 0.000001
v 0.606730 -0.557067 0.034595
v 0.601775 -0.542456 0.059919
v 0.595007 -0.522497 0.069189
v 0.588239 -0.502538 0.059919
v 0.583284 -0.487927 0.034595
v 0.581471 -0.482579 0.000001
v 0.583284 -0.487927 -0.034593
v 0.588239 -0.502538 -0.059917
v 0.595007 -0.522497 -0.069187
v 0.601775 -0.542456 -0.059917
v 0.606730 -0.557067 -0.034593
v 0.631985 -0.551483 0.000001
v 0.629054 -0.546657 0.034595
v 0.621046 -0.533470 0.059919
v 0.610106 -0.515456 0.069189
v 0.599167 -0.497442 0.059919
v 0.591158 -0.484255 0.034595
v 0.588227 -0.479429 0.000001
v 0.591158 -0.484255 -0.034593
v 0.599167 -0.497442 -0.059917
v 0.610106 -0.515456 -0.069187
v 0.621046 -0.533470 -0.059917
v 0.629054 -0.546657 -0.034593
v 0.652624 -0.535625 0.000001
v 0.648705 -0.531556 0.034595
v 0.638000 -0.520442 0.059919
v 0.623376 -0.505259 0.069189
v 0.608753 -0.490076 0.059919
v 0.598047 -0.478962 0.034595
v 0.594129 -0.474893 0.000001
v 0.598047 -0.478962 -0.034593
v 0.608753 -0.490076 -0.059917
v 0.623376 -0.505259 -0.069187
v 0.638000 -0.520442 -0.059917
v 0.648705 -0.531556 -0.034593
v 0.669546 -0.515233 0.000001
v 0.664814 -0.512145 0.034595
v 0.651888 -0.503707 0.059919
v 0.634230 -0.492181 0.069189
v 0.616572 -0.480654 0.059919
v 0.603645 -0.472216 0.034595
v 0.598913 -0.469128 0.000001
v 0.603645 -0.472216 -0.034593
v 0.616572 -0.480654 -0.059917
v 0.634230 -0.492181 -0.069187
v 0.651888 -0.503707 -0.059917
v 0.664814 -0.512145 -0.034593
v 0.680626 -0.493088 0.000001
v 0.675462 -0.490865 0.034595
v 0.661352 -0.484791 0.059919
v 0.642078 -0.476494 0.069189
v 0.622805 -0.468197 0.059919
v 0.608695 -0.462124 0.034595
v 0.603531 -0.459900 0.000001
v 0.608695 -0.462124 -0.034593
v 0.622805 -0.468197 -0.059917
v 0.642078 -0.476494 -0.069187
v 0.661352 -0.484791 -0.059917
v 0.675462 -0.490865 -0.034593
v 0.788629 -0.196354 0.000001
v 0.783243 -0.194737 0.034595
v 0.768531 -0.190320 0.059919
v 0.748433 -0.184288 0.069189
v 0.728335 -0.178254 0.059919
v 0.713623 -0.173838 0.034595
v 0.708237 -0.172221 0.000001
v 0.713623 -0.173838 -0.034593
v 0.728335 -0.178254 -0.059917
v 0.748433 -0.184288 -0.069187
v 0.768531 -0.190320 -0.059917
v 0.783243 -0.194737 -0.034593
v 0.794375 -0.172267 0.000001
v 0.788765 -0.171591 0.034595
v 0.773439 -0.169746 0.059919
v 0.752504 -0.167226 0.069189
v 0.731568 -0.164706 0.059919
v 0.716241 -0.162861 0.034595
v 0.710632 -0.162185 0.000001
v 0.716241 -0.162861 -0.034593
v 0.731568 -0.164706 -0.059917
v 0.752503 -0.167226 -0.069187
v 0.773439 -0.169746 -0.059917
v 0.788765 -0.171591 -0.034593
v 0.794519 -0.145770 0.000001
v 0.788903 -0.146368 0.034595
v 0.773558 -0.148000 0.059919
v 0.752596 -0.150231 0.069189
v 0.731634 -0.152461 0.059919
v 0.716289 -0.154094 0.034595
v 0.710673 -0.154692 0.000001
v 0.716289 -0.154094 -0.034593
v 0.731634 -0.152462 -0.059917
v 0.752596 -0.150231 -0.069187
v 0.773558 -0.148000 -0.059917
v 0.788903 -0.146368 -0.034593
v 0.788903 -0.120355 0.000001
v 0.783555 -0.122168 0.034595
v 0.768944 -0.127122 0.059919
v 0.748985 -0.133890 0.069189
v 0.729026 -0.140657 0.059919
v 0.714415 -0.145612 0.034595
v 0.709067 -0.147425 0.000001
v 0.714415 -0.145612 -0.034593
v 0.729026 -0.140657 -0.059917
v 0.748985 -0.133890 -0.069187
v 0.768944 -0.127122 -0.059917
v 0.783555 -0.122168 -0.034593
v 0.777971 -0.096911 0.000001
v 0.773144 -0.099842 0.034595
v 0.759958 -0.107851 0.059919
v 0.741944 -0.118790 0.069189
v 0.723930 -0.129730 0.059919
v 0.710743 -0.137738 0.034595
v 0.705917 -0.140670 0.000001
v 0.710743 -0.137738 -0.034593
v 0.723930 -0.129730 -0.059917
v 0.741944 -0.118790 -0.069187
v 0.759958 -0.107851 -0.059917
v 0.773144 -0.099842 -0.034593
v 0.762112 -0.076272 0.000001
v 0.758044 -0.080190 0.034595
v 0.746930 -0.090896 0.059919
v 0.731747 -0.105520 0.069189
v 0.716565 -0.120145 0.059919
v 0.705451 -0.130850 0.034595
v 0.701382 -0.134769 0.000001
v 0.705451 -0.130850 -0.034593
v 0.716565 -0.120145 -0.059917
v 0.731747 -0.105520 -0.069187
v 0.746929 -0.090896 -0.059917
v 0.758044 -0.080190 -0.034593
v 0.741720 -0.059350 0.000001
v 0.738632 -0.064082 0.034595
v 0.730194 -0.077009 0.059919
v 0.718669 -0.094667 0.069189
v 0.707143 -0.112325 0.059919
v 0.698705 -0.125252 0.034595
v 0.695617 -0.129984 0.000001
v 0.698705 -0.125252 -0.034593
v 0.707143 -0.112325 -0.059917
v 0.718669 -0.094667 -0.069187
v 0.730194 -0.077009 -0.059917
v 0.738632 -0.064082 -0.034593
v 0.719575 -0.048270 0.000001
v 0.717352 -0.053435 0.034595
v 0.711279 -0.067544 0.059919
v 0.702982 -0.086818 0.069189
v 0.694686 -0.106092 0.059919
v 0.688612 -0.120202 0.034595
v 0.686389 -0.125366 0.000001
v 0.688612 -0.120202 -0.034593
v 0.694686 -0.106092 -0.059917
v 0.702982 -0.086818 -0.069187
v 0.711279 -0.067544 -0.059917
v 0.717352 -0.053435 -0.034593
v 0.044714 1.278958 0.000000
v 0.032929 1.257180 0.000000
v 0.038173 1.255076 0.034594
v 0.049497 1.276003 0.034594
v 0.052499 1.249326 0.059919
v 0.062565 1.267928 0.059919
v 0.072069 1.241472 0.069188
v 0.080416 1.256899 0.069188
v 0.091638 1.233618 0.059919
v 0.098267 1.245869 0.059919
v 0.105964 1.227869 0.034594
v 0.111335 1.237795 0.034594
v 0.111208 1.225764 0.000000
v 0.116119 1.234840 0.000000
v 0.105964 1.227869 -0.034593
v 0.111335 1.237795 -0.034593
v 0.091638 1.233618 -0.059918
v 0.098267 1.245869 -0.059918
v 0.072069 1.241472 -0.069187
v 0.080416 1.256899 -0.069187
v 0.052499 1.249326 -0.059918
v 0.062565 1.267928 -0.059918
v 0.038173 1.255076 -0.034593
v 0.049497 1.276003 -0.034593
v 0.025931 1.231622 0.000000
v 0.031511 1.230746 0.034594
v 0.046756 1.228351 0.059919
v 0.067580 1.225080 0.069188
v 0.088405 1.221809 0.059919
v 0.103650 1.219414 0.034594
v 0.109230 1.218538 0.000000
v 0.103650 1.219414 -0.034593
v 0.088405 1.221809 -0.059918
v 0.067580 1.225080 -0.069187
v 0.046756 1.228351 -0.059918
v 0.031511 1.230746 -0.034593
v 0.024778 1.205618 0.000000
v 0.030413 1.205985 0.034594
v 0.045809 1.206990 0.059919
v 0.066839 1.208361 0.069188
v 0.087870 1.209733 0.059919
v 0.103265 1.210737 0.034594
v 0.108900 1.211105 0.000000
v 0.103265 1.210737 -0.034593
v 0.087870 1.209733 -0.059918
v 0.066839 1.208361 -0.069187
v 0.045809 1.206989 -0.059918
v 0.030413 1.205985 -0.034593
v 0.029270 1.180145 0.000000
v 0.034691 1.181727 0.034594
v 0.049501 1.186050 0.059919
v 0.069732 1.191954 0.069188
v 0.089963 1.197858 0.059919
v 0.104774 1.202181 0.034594
v 0.110195 1.203763 0.000000
v 0.104774 1.202181 -0.034593
v 0.089963 1.197858 -0.059918
v 0.069732 1.191954 -0.069187
v 0.049501 1.186050 -0.059918
v 0.034691 1.181727 -0.034593
v 0.039246 1.156105 0.000000
v 0.044190 1.158837 0.034594
v 0.057697 1.166301 0.059919
v 0.076147 1.176497 0.069188
v 0.094597 1.186693 0.059919
v 0.108104 1.194156 0.034594
v 0.113048 1.196888 0.000000
v 0.108104 1.194156 -0.034593
v 0.094597 1.186693 -0.059918
v 0.076147 1.176497 -0.069187
v 0.057697 1.166301 -0.059918
v 0.044190 1.158837 -0.034593
v 0.054563 1.134482 0.000000
v 0.058771 1.138253 0.034594
v 0.070267 1.148555 0.059919
v 0.085971 1.162629 0.069188
v 0.101675 1.176702 0.059919
v 0.113171 1.187004 0.034594
v 0.117378 1.190775 0.000000
v 0.113171 1.187004 -0.034593
v 0.101675 1.176702 -0.059918
v 0.085971 1.162629 -0.069187
v 0.070267 1.148555 -0.059918
v 0.058771 1.138253 -0.034593
v 0.073086 1.118048 0.000000
v 0.076570 1.122461 0.034594
v 0.086089 1.134517 0.059919
v 0.099091 1.150987 0.069188
v 0.112094 1.167457 0.059919
v 0.121612 1.179514 0.034594
v 0.125097 1.183927 0.000000
v 0.121612 1.179514 -0.034593
v 0.112094 1.167457 -0.059918
v 0.099091 1.150987 -0.069187
v 0.086089 1.134517 -0.059918
v 0.076570 1.122461 -0.034593
v 0.331756 0.936925 0.000000
v 0.334711 0.941708 0.034594
v 0.342785 0.954776 0.059919
v 0.353815 0.972628 0.069188
v 0.364844 0.990479 0.059919
v 0.372918 1.003548 0.034594
v 0.375873 1.008331 0.000000
v 0.372918 1.003548 -0.034593
v 0.364844 0.990479 -0.059918
v 0.353815 0.972628 -0.069187
v 0.342785 0.954776 -0.059918
v 0.334711 0.941708 -0.034593
v 0.353535 0.925140 0.000000
v 0.355639 0.930384 0.034594
v 0.361388 0.944710 0.059919
v 0.369241 0.964280 0.069188
v 0.377094 0.983850 0.059919
v 0.382843 0.998177 0.034594
v 0.384948 1.003421 0.000000
v 0.382843 0.998177 -0.034593
v 0.377094 0.983850 -0.059918
v 0.369241 0.964280 -0.069187
v 0.361388 0.944710 -0.059918
v 0.355639 0.930384 -0.034593
v 0.379092 0.918143 0.000000
v 0.379968 0.923723 0.034594
v 0.382363 0.938967 0.059919
v 0.385633 0.959792 0.069188
v 0.388904 0.980617 0.059919
v 0.391298 0.995862 0.034594
v 0.392175 1.001442 0.000000
v 0.391298 0.995862 -0.034593
v 0.388904 0.980617 -0.059918
v 0.385633 0.959792 -0.069187
v 0.382363 0.938967 -0.059918
v 0.379968 0.923723 -0.034593
v 0.405094 0.916990 0.000000
v 0.404727 0.922625 0.034594
v 0.403723 0.938020 0.059919
v 0.402352 0.959051 0.069188
v 0.400981 0.980082 0.059919
v 0.399977 0.995477 0.034594
v 0.399610 1.001112 0.000000
v 0.399977 0.995477 -0.034593
v 0.400981 0.980082 -0.059918
v 0.402352 0.959051 -0.069187
v 0.403723 0.938020 -0.059918
v 0.404727 0.922625 -0.034593
v 0.430569 0.921482 0.000000
v 0.428987 0.926903 0.034594
v 0.424664 0.941713 0.059919
v 0.418759 0.961944 0.069188
v 0.412855 0.982175 0.059919
v 0.408532 0.996986 0.034594
v 0.406950 1.002406 0.000000
v 0.408532 0.996985 -0.034593
v 0.412855 0.982175 -0.059918
v 0.418759 0.961944 -0.069187
v 0.424664 0.941713 -0.059918
v 0.428987 0.926903 -0.034593
v 0.454609 0.931459 0.000000
v 0.451877 0.936402 0.034594
v 0.444413 0.949909 0.059919
v 0.434217 0.968359 0.069188
v 0.424020 0.986809 0.059919
v 0.416556 1.000315 0.034594
v 0.413824 1.005259 0.000000
v 0.416556 1.000315 -0.034593
v 0.424020 0.986809 -0.059918
v 0.434217 0.968359 -0.069187
v 0.444413 0.949909 -0.059918
v 0.451877 0.936402 -0.034593
v 0.476232 0.946776 0.000000
v 0.472461 0.950984 0.034594
v 0.462159 0.962479 0.059919
v 0.448085 0.978183 0.069188
v 0.434011 0.993886 0.059919
v 0.423709 1.005382 0.034594
v 0.419938 1.009589 0.000000
v 0.423709 1.005382 -0.034593
v 0.434011 0.993886 -0.059918
v 0.448085 0.978183 -0.069187
v 0.462159 0.962479 -0.059918
v 0.472461 0.950984 -0.034593
v 0.492666 0.965298 0.000000
v 0.488253 0.968782 0.034594
v 0.476196 0.978301 0.059919
v 0.459726 0.991303 0.069188
v 0.443256 1.004305 0.059919
v 0.431199 1.013824 0.034594
v 0.426786 1.017308 0.000000
v 0.431199 1.013824 -0.034593
v 0.443256 1.004305 -0.059918
v 0.459726 0.991303 -0.069187
v 0.476196 0.978301 -0.059918
v 0.488253 0.968782 -0.034593
v 0.514094 0.995901 0.000000
v 0.509311 0.998856 0.034594
v 0.496243 1.006931 0.059919
v 0.478392 1.017960 0.069188
v 0.460541 1.028990 0.059919
v 0.447473 1.037064 0.034594
v 0.442689 1.040020 0.000000
v 0.447473 1.037064 -0.034593
v 0.460541 1.028990 -0.059918
v 0.478392 1.017960 -0.069187
v 0.496243 1.006931 -0.059918
v 0.509311 0.998856 -0.034593
v 0.525879 1.017679 0.000000
v 0.520635 1.019783 0.034594
v 0.506309 1.025533 0.059919
v 0.486739 1.033387 0.069188
v 0.467170 1.041241 0.059919
v 0.452844 1.046990 0.034594
v 0.447600 1.049095 0.000000
v 0.452844 1.046990 -0.034593
v 0.467170 1.041241 -0.059918
v 0.486739 1.033387 -0.069187
v 0.506309 1.025533 -0.059918
v 0.520635 1.019783 -0.034593
v 0.532877 1.043237 0.000000
v 0.527297 1.044113 0.034594
v 0.512052 1.046508 0.059919
v 0.491228 1.049779 0.069188
v 0.470403 1.053050 0.059919
v 0.455158 1.055445 0.034594
v 0.449578 1.056321 0.000000
v 0.455158 1.055445 -0.034593
v 0.470403 1.053050 -0.059918
v 0.491228 1.049779 -0.069187
v 0.512052 1.046508 -0.059918
v 0.527297 1.044113 -0.034593
v 0.534030 1.069241 0.000000
v 0.528395 1.068874 0.034594
v 0.512999 1.067870 0.059919
v 0.491969 1.066498 0.069188
v 0.470938 1.065126 0.059919
v 0.455543 1.064122 0.034594
v 0.449908 1.063754 0.000000
v 0.455543 1.064122 -0.034593
v 0.470938 1.065126 -0.059918
v 0.491969 1.066498 -0.069187
v 0.512999 1.067869 -0.059918
v 0.528395 1.068874 -0.034593
v 0.529538 1.094714 0.000000
v 0.524117 1.093132 0.034594
v 0.509307 1.088809 0.059919
v 0.489076 1.082905 0.069188
v 0.468845 1.077000 0.059919
v 0.454034 1.072678 0.034594
v 0.448613 1.071096 0.000000
v 0.454034 1.072678 -0.034593
v 0.468845 1.077000 -0.059918
v 0.489076 1.082905 -0.069187
v 0.509307 1.088809 -0.059918
v 0.524117 1.093132 -0.034593
v 0.519562 1.118754 0.000000
v 0.514618 1.116022 0.034594
v 0.501111 1.108558 0.059919
v 0.482661 1.098362 0.069188
v 0.464211 1.088166 0.059919
v 0.450704 1.080703 0.034594
v 0.445760 1.077971 0.000000
v 0.450704 1.080703 -0.034593
v 0.464211 1.088166 -0.059918
v 0.482661 1.098362 -0.069187
v 0.501111 1.108558 -0.059918
v 0.514618 1.116022 -0.034594
v 0.504245 1.140377 0.000000
v 0.500037 1.136606 0.034594
v 0.488541 1.126304 0.059919
v 0.472837 1.112231 0.069188
v 0.457133 1.098157 0.059919
v 0.445638 1.087855 0.034594
v 0.441430 1.084084 0.000000
v 0.445638 1.087855 -0.034594
v 0.457133 1.098157 -0.059918
v 0.472837 1.112231 -0.069187
v 0.488541 1.126304 -0.059918
v 0.500037 1.136606 -0.034594
v 0.485722 1.156811 0.000000
v 0.482238 1.152398 0.034594
v 0.472719 1.140342 0.059919
v 0.459717 1.123872 0.069188
v 0.446714 1.107402 0.059919
v 0.437196 1.095345 0.034594
v 0.433712 1.090932 0.000000
v 0.437196 1.095345 -0.034594
v 0.446714 1.107402 -0.059918
v 0.459717 1.123872 -0.069187
v 0.472719 1.140342 -0.059918
v 0.482238 1.152398 -0.034594
v 0.227052 1.337934 0.000000
v 0.224097 1.333151 0.034594
v 0.216023 1.320083 0.059919
v 0.204993 1.302231 0.069188
v 0.193964 1.284380 0.059919
v 0.185890 1.271311 0.034594
v 0.182935 1.266528 0.000000
v 0.185890 1.271311 -0.034594
v 0.193964 1.284380 -0.059918
v 0.204993 1.302231 -0.069187
v 0.216023 1.320083 -0.059918
v 0.224097 1.333151 -0.034594
v 0.205273 1.349719 0.000000
v 0.203169 1.344475 0.034594
v 0.197420 1.330149 0.059919
v 0.189567 1.310579 0.069188
v 0.181714 1.291009 0.059919
v 0.175965 1.276682 0.034594
v 0.173860 1.271438 0.000000
v 0.175965 1.276682 -0.034594
v 0.181714 1.291009 -0.059918
v 0.189567 1.310579 -0.069187
v 0.197420 1.330149 -0.059918
v 0.203169 1.344475 -0.034594
v 0.179716 1.356716 0.000000
v 0.178840 1.351136 0.034594
v 0.176445 1.335892 0.059919
v 0.173175 1.315067 0.069188
v 0.169904 1.294242 0.059919
v 0.167510 1.278997 0.034594
v 0.166633 1.273417 0.000000
v 0.167510 1.278997 -0.034594
v 0.169904 1.294242 -0.059918
v 0.173175 1.315067 -0.069187
v 0.176445 1.335892 -0.059918
v 0.178840 1.351136 -0.034594
v 0.153714 1.357869 0.000000
v 0.154081 1.352234 0.034594
v 0.155085 1.336839 0.059919
v 0.156456 1.315808 0.069188
v 0.157827 1.294778 0.059919
v 0.158831 1.279382 0.034594
v 0.159198 1.273747 0.000000
v 0.158831 1.279382 -0.034594
v 0.157827 1.294777 -0.059918
v 0.156456 1.315808 -0.069187
v 0.155085 1.336839 -0.059918
v 0.154081 1.352234 -0.034594
v 0.128239 1.353377 0.000000
v 0.129821 1.347957 0.034594
v 0.134144 1.333146 0.059919
v 0.140049 1.312915 0.069188
v 0.145953 1.292684 0.059919
v 0.150276 1.277874 0.034594
v 0.151858 1.272452 0.000000
v 0.150276 1.277874 -0.034594
v 0.145953 1.292684 -0.059918
v 0.140049 1.312915 -0.069187
v 0.134144 1.333146 -0.059918
v 0.129821 1.347957 -0.034594
v 0.104199 1.343400 0.000000
v 0.106931 1.338457 0.034594
v 0.114395 1.324950 0.059919
v 0.124592 1.306500 0.069188
v 0.134788 1.288050 0.059919
v 0.142252 1.274544 0.034594
v 0.144984 1.269600 0.000000
v 0.142252 1.274544 -0.034594
v 0.134788 1.288050 -0.059918
v 0.124591 1.306500 -0.069187
v 0.114395 1.324950 -0.059918
v 0.106931 1.338457 -0.034594
v 0.082576 1.328083 0.000000
v 0.086347 1.323875 0.034594
v 0.096649 1.312380 0.059919
v 0.110723 1.296677 0.069188
v 0.124797 1.280973 0.059919
v 0.135099 1.269477 0.034594
v 0.138870 1.265270 0.000000
v 0.135099 1.269477 -0.034594
v 0.124797 1.280973 -0.059918
v 0.110723 1.296676 -0.069187
v 0.096649 1.312380 -0.059918
v 0.086347 1.323875 -0.034594
v 0.066142 1.309561 0.000000
v 0.070555 1.306077 0.034594
v 0.082612 1.296558 0.059919
v 0.099082 1.283556 0.069188
v 0.115552 1.270554 0.059919
v 0.127609 1.261035 0.034594
v 0.132022 1.257551 0.000000
v 0.127609 1.261035 -0.034594
v 0.115552 1.270554 -0.059918
v 0.099082 1.283556 -0.069187
v 0.082612 1.296558 -0.059918
v 0.070555 1.306077 -0.034593
vn -0.0000 -1.0000 -0.0000
vn 0.0980 -0.9952 -0.0000
vn 0.0961 -0.9952 0.0191
vn 0.0906 -0.9952 0.0375
vn 0.0905 -0.9952 0.0375
vn 0.0815 -0.9952 0.0544
vn 0.0815 -0.9952 0.0545
vn 0.0693 -0.9952 0.0693
vn 0.0545 -0.9952 0.0815
vn 0.0544 -0.9952 0.0815
vn 0.0375 -0.9952 0.0905
vn 0.0375 -0.9952 0.0906
vn 0.0191 -0.9952 0.0961
vn -0.0000 -0.9952 0.0980
vn -0.0191 -0.9952 0.0961
vn -0.0375 -0.9952 0.0906
vn -0.0544 -0.9952 0.0815
vn -0.0545 -0.9952 0.0815
vn -0.0693 -0.9952 0.0693
vn -0.0815 -0.9952 0.0545
vn -0.0815 -0.9952 0.0544
vn -0.0905 -0.9952 0.0375
vn -0.0906 -0.9952 0.0375
vn -0.0961 -0.9952 0.0191
vn -0.0980 -0.9952 -0.0000
vn 0.0961 -0.9952 -0.0191
vn 0.0906 -0.9952 -0.0375
vn 0.0815 -0.9952 -0.0544
vn 0.0905 -0.9952 -0.0375
vn 0.0693 -0.9952 -0.0693
vn 0.0815 -0.9952 -0.0545
vn 0.0545 -0.9952 -0.0815
vn 0.0375 -0.9952 -0.0905
vn 0.0544 -0.9952 -0.0815
vn 0.0191 -0.9952 -0.0961
vn 0.0375 -0.9952 -0.0906
vn -0.0000 -0.9952 -0.0980
vn -0.0191 -0.9952 -0.0961
vn -0.0375 -0.9952 -0.0906
vn -0.0544 -0.9952 -0.0815
vn -0.0375 -0.9952 -0.0905
vn -0.0693 -0.9952 -0.0693
vn -0.0545 -0.9952 -0.0815
vn -0.0815 -0.9952 -0.0545
vn -0.0905 -0.9952 -0.0375
vn -0.0815 -0.9952 -0.0544
vn -0.0961 -0.9952 -0.0191
vn -0.0906 -0.9952 -0.0375
vn 0.9808 -0.0000 0.1951
vn 1.0000 -0.0000 -0.0000
vn 0.9239 -0.0000 0.3826
vn 0.9239 -0.0000 0.3827
vn 0.8315 -0.0000 0.5556
vn 0.7071 -0.0000 0.7071
vn 0.5556 -0.0000 0.8315
vn 0.3827 -0.0000 0.9239
vn 0.1951 -0.0000 0.9808
vn -0.0000 -0.0000 1.0000
vn -0.1951 -0.0000 0.9808
vn -0.3826 -0.0000 0.9239
vn -0.3827 -0.0000 0.9239
vn -0.5556 -0.0000 0.8315
vn -0.7071 -0.0000 0.7071
vn -0.8315 -0.0000 0.5556
vn -0.9239 -0.0000 0.3827
vn -0.9239 -0.0000 0.3826
vn -0.9808 -0.0000 0.1951
vn -1.0000 -0.0000 -0.0000
vn 0.9808 -0.0000 -0.1951
vn 0.9239 -0.0000 -0.3826
vn 0.9239 -0.0000 -0.3827
vn 0.8315 -0.0000 -0.5556
vn 0.7071 -0.0000 -0.7071
vn 0.5556 -0.0000 -0.8315
vn 0.3827 -0.0000 -0.9239
vn 0.1951 -0.0000 -0.9808
vn -0.0000 -0.0000 -1.0000
vn -0.1951 -0.0000 -0.9808
vn -0.3826 -0.0000 -0.9239
vn -0.3827 -0.0000 -0.9239
vn -0.5556 -0.0000 -0.8315
vn -0.7071 -0.0000 -0.7071
vn -0.8315 -0.0000 -0.5556
vn -0.9239 -0.0000 -0.3827
vn -0.9239 -0.0000 -0.3826
vn -0.9808 -0.0000 -0.1951
vn 0.0145 -0.0176 0.9997
vn 0.1175 -0.1402 0.9831
vn 0.3721 0.0883 0.9240
vn 0.2775 0.2058 0.9384
vn 0.6440 0.3813 0.6632
vn 0.5851 0.4733 0.6585
vn 0.7691 0.6378 0.0413
vn 0.7663 0.6424 -0.0107
vn 0.5162 0.5815 -0.6288
vn 0.5644 0.4857 -0.6675
vn 0.1662 0.3543 -0.9203
vn 0.2542 0.2282 -0.9399
vn -0.1128 0.1346 -0.9845
vn -0.0070 0.0088 -0.9999
vn -0.3776 -0.1020 -0.9203
vn -0.2688 -0.2107 -0.9399
vn -0.6623 -0.4074 -0.6288
vn -0.5764 -0.4715 -0.6674
vn -0.7617 -0.6466 0.0417
vn -0.7657 -0.6431 -0.0103
vn -0.4874 -0.5679 0.6633
vn -0.5677 -0.4940 0.6585
vn -0.1516 -0.3511 0.9240
vn -0.2508 -0.2375 0.9385
vn 0.2825 -0.3367 0.8982
vn 0.5280 -0.0959 0.8438
vn 0.7579 0.2513 0.6021
vn 0.7738 0.6329 0.0256
vn 0.4021 0.7081 -0.5804
vn 0.0049 0.5413 -0.8408
vn -0.2825 0.3367 -0.8982
vn -0.5339 0.0892 -0.8408
vn -0.7672 -0.2730 -0.5804
vn -0.7577 -0.6521 0.0256
vn -0.3791 -0.7027 0.6021
vn 0.0028 -0.5367 0.8438
vn 0.4022 -0.4793 0.7801
vn 0.6404 -0.2298 0.7328
vn 0.8381 0.1559 0.5228
vn 0.7770 0.6291 0.0219
vn 0.3244 0.8002 -0.5043
vn -0.1072 0.6746 -0.7303
vn -0.4022 0.4793 -0.7801
vn -0.6458 0.2227 -0.7303
vn -0.8444 -0.1806 -0.5043
vn -0.7545 -0.6560 0.0219
vn -0.2991 -0.7983 0.5228
vn 0.1151 -0.6706 0.7328
vn 0.5014 -0.5976 0.6257
vn 0.7337 -0.3410 0.5877
vn 0.9046 0.0766 0.4193
vn 0.7798 0.6258 0.0175
vn 0.2603 0.8767 -0.4045
vn -0.2002 0.7854 -0.5857
vn -0.5014 0.5976 -0.6257
vn -0.7387 0.3335 -0.5857
vn -0.9086 -0.1041 -0.4045
vn -0.7517 -0.6593 0.0175
vn -0.2326 -0.8776 0.4193
vn 0.2084 -0.7818 0.5877
vn 0.5774 -0.6881 0.4395
vn 0.8050 -0.4260 0.4129
vn 0.9555 0.0158 0.2946
vn 0.7822 0.6229 0.0125
vn 0.2116 0.9352 -0.2840
vn -0.2711 0.8702 -0.4115
vn -0.5774 0.6881 -0.4396
vn -0.8099 0.4181 -0.4115
vn -0.9577 -0.0460 -0.2840
vn -0.7493 -0.6622 0.0125
vn -0.1815 -0.9382 0.2946
vn 0.2797 -0.8668 0.4129
vn 0.6260 -0.7460 0.2272
vn 0.8507 -0.4804 0.2135
vn 0.9881 -0.0233 0.1524
vn 0.7840 0.6207 0.0067
vn 0.1807 0.9725 -0.1467
vn -0.3164 0.9245 -0.2127
vn -0.6260 0.7460 -0.2273
vn -0.8555 0.4721 -0.2127
vn -0.9891 -0.0091 -0.1467
vn -0.7474 -0.6644 0.0067
vn -0.1487 -0.9771 0.1524
vn 0.3254 -0.9212 0.2135
vn 0.6417 -0.7648 0.0574
vn 0.8659 -0.4973 0.0539
vn 0.9988 -0.0299 0.0382
vn 0.7754 0.6314 0.0008
vn 0.1602 0.9864 -0.0375
vn -0.3349 0.9407 -0.0538
vn -0.6417 0.7648 -0.0574
vn -0.8683 0.4931 -0.0538
vn -0.9992 0.0135 -0.0375
vn -0.7565 -0.6540 0.0008
vn -0.1440 -0.9888 0.0382
vn 0.3394 -0.9391 0.0539
vn 0.6417 -0.7648 -0.0574
vn 0.8659 -0.4973 -0.0539
vn 0.9988 -0.0299 -0.0382
vn 0.7754 0.6314 -0.0008
vn 0.1602 0.9864 0.0375
vn -0.3349 0.9407 0.0538
vn -0.6417 0.7648 0.0574
vn -0.8683 0.4931 0.0538
vn -0.9992 0.0135 0.0375
vn -0.7565 -0.6540 -0.0008
vn -0.1440 -0.9888 -0.0382
vn 0.3394 -0.9391 -0.0539
vn 0.6260 -0.7460 -0.2272
vn 0.8507 -0.4804 -0.2135
vn 0.9881 -0.0233 -0.1524
vn 0.7840 0.6207 -0.0067
vn 0.1807 0.9725 0.1467
vn -0.3164 0.9245 0.2127
vn -0.6260 0.7460 0.2273
vn -0.8555 0.4721 0.2127
vn -0.9891 -0.0091 0.1467
vn -0.7474 -0.6643 -0.0067
vn -0.1487 -0.9771 -0.1524
vn 0.3254 -0.9212 -0.2135
vn 0.5774 -0.6881 -0.4395
vn 0.8050 -0.4260 -0.4129
vn 0.9555 0.0158 -0.2946
vn 0.7822 0.6229 -0.0125
vn 0.2116 0.9352 0.2840
vn -0.2711 0.8702 0.4115
vn -0.5774 0.6881 0.4396
vn -0.8099 0.4181 0.4115
vn -0.9577 -0.0459 0.2840
vn -0.7493 -0.6622 -0.0125
vn -0.1815 -0.9382 -0.2946
vn 0.2797 -0.8668 -0.4129
vn 0.5014 -0.5976 -0.6257
vn 0.7337 -0.3410 -0.5877
vn 0.9046 0.0766 -0.4193
vn 0.7798 0.6258 -0.0175
vn 0.2603 0.8767 0.4045
vn -0.2002 0.7854 0.5857
vn -0.5014 0.5976 0.6257
vn -0.7387 0.3335 0.5857
vn -0.9086 -0.1041 0.4045
vn -0.7517 -0.6593 -0.0175
vn -0.2326 -0.8776 -0.4193
vn 0.2084 -0.7817 -0.5877
vn 0.4022 -0.4793 -0.7801
vn 0.6404 -0.2298 -0.7328
vn 0.8381 0.1559 -0.5228
vn 0.7770 0.6291 -0.0219
vn 0.3244 0.8003 0.5043
vn -0.1072 0.6747 0.7303
vn -0.4022 0.4793 0.7801
vn -0.6458 0.2227 0.7303
vn -0.8444 -0.1806 0.5043
vn -0.7545 -0.6560 -0.0219
vn -0.2991 -0.7983 -0.5228
vn 0.1151 -0.6706 -0.7328
vn 0.2825 -0.3367 -0.8982
vn 0.5280 -0.0959 -0.8438
vn 0.7579 0.2513 -0.6021
vn 0.7738 0.6329 -0.0256
vn 0.4021 0.7081 0.5804
vn 0.0049 0.5413 0.8408
vn -0.2825 0.3367 0.8982
vn -0.5339 0.0891 0.8408
vn -0.7672 -0.2730 0.5804
vn -0.7577 -0.6521 -0.0256
vn -0.3791 -0.7027 -0.6021
vn 0.0028 -0.5367 -0.8438
vn 0.1177 -0.1401 -0.9831
vn 0.3722 0.0884 -0.9239
vn 0.6439 0.3813 -0.6633
vn 0.7690 0.6378 -0.0417
vn 0.5162 0.5815 0.6288
vn 0.1661 0.3542 0.9203
vn -0.1130 0.1345 0.9845
vn -0.3776 -0.1020 0.9203
vn -0.6623 -0.4073 0.6288
vn -0.7617 -0.6466 -0.0413
vn -0.4873 -0.5679 -0.6633
vn -0.1517 -0.3512 -0.9239
vn 0.0148 -0.0173 -0.9997
vn 0.2775 0.2057 -0.9384
vn 0.5851 0.4733 -0.6585
vn 0.7663 0.6424 0.0104
vn 0.5644 0.4857 0.6675
vn 0.2542 0.2282 0.9399
vn -0.0075 0.0085 0.9999
vn -0.2688 -0.2107 0.9399
vn -0.5763 -0.4715 0.6675
vn -0.7657 -0.6431 0.0107
vn -0.5677 -0.4940 -0.6585
vn -0.2508 -0.2376 -0.9384
vn -0.2299 0.9732 -0.0000
vn -0.3929 0.9196 -0.0000
vn -0.3691 0.8639 0.3428
vn -0.2159 0.9139 0.3436
vn -0.2634 0.6166 0.7419
vn -0.1531 0.6482 0.7459
vn -0.0115 0.0269 0.9996
vn -0.0034 0.0144 0.9999
vn 0.2537 -0.5938 0.7636
vn 0.1503 -0.6362 0.7568
vn 0.3678 -0.8608 0.3519
vn 0.2155 -0.9123 0.3482
vn 0.3929 -0.9196 -0.0000
vn 0.2299 -0.9732 -0.0000
vn 0.3678 -0.8608 -0.3519
vn 0.2155 -0.9123 -0.3482
vn 0.2537 -0.5938 -0.7636
vn 0.1503 -0.6362 -0.7568
vn -0.0115 0.0269 -0.9996
vn -0.0034 0.0144 -0.9999
vn -0.2634 0.6166 -0.7419
vn -0.1531 0.6482 -0.7459
vn -0.3691 0.8639 -0.3428
vn -0.2159 0.9139 -0.3436
vn -0.5888 0.8083 -0.0000
vn -0.5531 0.7593 0.3428
vn -0.3947 0.5418 0.7421
vn -0.0168 0.0231 0.9996
vn 0.3805 -0.5223 0.7632
vn 0.5512 -0.7566 0.3517
vn 0.5888 -0.8082 -0.0000
vn 0.5512 -0.7566 -0.3517
vn 0.3805 -0.5223 -0.7632
vn -0.0168 0.0231 -0.9996
vn -0.3947 0.5417 -0.7421
vn -0.5531 0.7593 -0.3428
vn -0.7516 0.6596 -0.0000
vn -0.7061 0.6196 0.3429
vn -0.5037 0.4420 0.7422
vn -0.0211 0.0185 0.9996
vn 0.4859 -0.4264 0.7629
vn 0.7037 -0.6175 0.3515
vn 0.7516 -0.6596 -0.0000
vn 0.7037 -0.6175 -0.3515
vn 0.4859 -0.4264 -0.7629
vn -0.0211 0.0185 -0.9996
vn -0.5037 0.4420 -0.7422
vn -0.7061 0.6196 -0.3429
vn -0.8769 0.4807 -0.0000
vn -0.8237 0.4516 0.3429
vn -0.5876 0.3221 0.7422
vn -0.0246 0.0135 0.9996
vn 0.5669 -0.3108 0.7629
vn 0.8209 -0.4500 0.3515
vn 0.8769 -0.4807 -0.0000
vn 0.8209 -0.4500 -0.3515
vn 0.5669 -0.3108 -0.7629
vn -0.0246 0.0135 -0.9996
vn -0.5876 0.3221 -0.7422
vn -0.8237 0.4516 -0.3429
vn -0.9609 0.2769 -0.0000
vn -0.9027 0.2601 0.3428
vn -0.6441 0.1856 0.7421
vn -0.0274 0.0079 0.9996
vn 0.6209 -0.1789 0.7632
vn 0.8995 -0.2592 0.3517
vn 0.9609 -0.2769 -0.0000
vn 0.8995 -0.2592 -0.3517
vn 0.6209 -0.1789 -0.7632
vn -0.0274 0.0079 -0.9996
vn -0.6441 0.1856 -0.7421
vn -0.9027 0.2601 -0.3428
vn -0.9985 0.0547 -0.0000
vn -0.9380 0.0514 0.3428
vn -0.6695 0.0367 0.7419
vn -0.0292 0.0016 0.9996
vn 0.6448 -0.0353 0.7636
vn 0.9346 -0.0512 0.3519
vn 0.9985 -0.0547 -0.0000
vn 0.9346 -0.0512 -0.3519
vn 0.6448 -0.0353 -0.7636
vn -0.0292 0.0016 -0.9996
vn -0.6695 0.0367 -0.7419
vn -0.9380 0.0514 -0.3428
vn -0.9932 -0.1168 -0.0000
vn -0.9327 -0.1097 0.3436
vn -0.6615 -0.0778 0.7459
vn -0.0147 -0.0017 0.9999
vn 0.6492 0.0764 0.7568
vn 0.9310 0.1095 0.3482
vn 0.9932 0.1168 -0.0000
vn 0.9310 0.1095 -0.3482
vn 0.6492 0.0764 -0.7568
vn -0.0147 -0.0017 -0.9999
vn -0.6615 -0.0778 -0.7459
vn -0.9327 -0.1097 -0.3436
vn -0.9732 -0.2299 -0.0000
vn -0.9139 -0.2159 0.3436
vn -0.6482 -0.1531 0.7459
vn -0.0144 -0.0034 0.9999
vn 0.6362 0.1503 0.7568
vn 0.9123 0.2155 0.3482
vn 0.9732 0.2299 -0.0000
vn 0.9123 0.2155 -0.3482
vn 0.6362 0.1503 -0.7568
vn -0.0144 -0.0034 -0.9999
vn -0.6482 -0.1531 -0.7459
vn -0.9139 -0.2159 -0.3436
vn -0.9196 -0.3929 -0.0000
vn -0.8639 -0.3691 0.3428
vn -0.6166 -0.2634 0.7419
vn -0.0269 -0.0115 0.9996
vn 0.5938 0.2537 0.7636
vn 0.8608 0.3678 0.3519
vn 0.9196 0.3929 -0.0000
vn 0.8608 0.3678 -0.3519
vn 0.5938 0.2537 -0.7636
vn -0.0269 -0.0115 -0.9996
vn -0.6166 -0.2634 -0.7419
vn -0.8639 -0.3691 -0.3428
vn -0.8083 -0.5888 -0.0000
vn -0.7593 -0.5531 0.3428
vn -0.5417 -0.3947 0.7421
vn -0.0231 -0.0168 0.9996
vn 0.5223 0.3805 0.7632
vn 0.7566 0.5512 0.3517
vn 0.8083 0.5888 -0.0000
vn 0.7566 0.5512 -0.3517
vn 0.5223 0.3805 -0.7632
vn -0.0231 -0.0168 -0.9996
vn -0.5417 -0.3947 -0.7421
vn -0.7593 -0.5532 -0.3428
vn -0.6596 -0.7516 -0.0000
vn -0.6196 -0.7061 0.3429
vn -0.4420 -0.5037 0.7422
vn -0.0185 -0.0211 0.9996
vn 0.4264 0.4859 0.7629
vn 0.6175 0.7037 0.3515
vn 0.6596 0.7516 -0.0000
vn 0.6175 0.7037 -0.3515
vn 0.4264 0.4859 -0.7629
vn -0.0185 -0.0211 -0.9996
vn -0.4420 -0.5037 -0.7422
vn -0.6196 -0.7061 -0.3429
vn -0.4807 -0.8769 -0.0000
vn -0.4516 -0.8237 0.3429
vn -0.3221 -0.5876 0.7422
vn -0.0135 -0.0246 0.9996
vn 0.3108 0.5669 0.7629
vn 0.4500 0.8209 0.3515
vn 0.4807 0.8769 -0.0000
vn 0.4500 0.8209 -0.3515
vn 0.3108 0.5669 -0.7629
vn -0.0135 -0.0246 -0.9996
vn -0.3221 -0.5876 -0.7422
vn -0.4515 -0.8237 -0.3429
vn -0.2769 -0.9609 -0.0000
vn -0.2601 -0.9027 0.3428
vn -0.1856 -0.6441 0.7421
vn -0.0079 -0.0274 0.9996
vn 0.1789 0.6209 0.7632
vn 0.2592 0.8995 0.3517
vn 0.2769 0.9609 -0.0000
vn 0.2592 0.8995 -0.3517
vn 0.1789 0.6209 -0.7632
vn -0.0079 -0.0274 -0.9996
vn -0.1856 -0.6441 -0.7421
vn -0.2601 -0.9027 -0.3428
vn -0.0547 -0.9985 -0.0000
vn -0.0514 -0.9380 0.3428
vn -0.0367 -0.6695 0.7419
vn -0.0016 -0.0292 0.9996
vn 0.0353 0.6448 0.7636
vn 0.0512 0.9346 0.3519
vn 0.0547 0.9985 -0.0000
vn 0.0512 0.9346 -0.3519
vn 0.0353 0.6448 -0.7636
vn -0.0016 -0.0292 -0.9996
vn -0.0367 -0.6695 -0.7419
vn -0.0514 -0.9380 -0.3428
vn 0.1168 -0.9932 -0.0000
vn 0.1097 -0.9327 0.3436
vn 0.0778 -0.6615 0.7459
vn 0.0017 -0.0147 0.9999
vn -0.0764 0.6492 0.7568
vn -0.1095 0.9310 0.3482
vn -0.1168 0.9932 -0.0000
vn -0.1095 0.9310 -0.3482
vn -0.0764 0.6492 -0.7568
vn 0.0017 -0.0147 -0.9999
vn 0.0778 -0.6615 -0.7459
vn 0.1097 -0.9327 -0.3436
vn 0.2159 -0.9139 0.3436
vn 0.1531 -0.6482 0.7459
vn 0.0034 -0.0144 0.9999
vn -0.1503 0.6362 0.7568
vn -0.2155 0.9123 0.3482
vn -0.2155 0.9123 -0.3482
vn -0.1503 0.6362 -0.7568
vn 0.0034 -0.0144 -0.9999
vn 0.1531 -0.6482 -0.7459
vn 0.2159 -0.9139 -0.3436
vn 0.3691 -0.8639 0.3428
vn 0.2634 -0.6166 0.7419
vn 0.0115 -0.0269 0.9996
vn -0.2537 0.5938 0.7636
vn -0.3678 0.8608 0.3519
vn -0.3678 0.8608 -0.3519
vn -0.2537 0.5938 -0.7636
vn 0.0115 -0.0269 -0.9996
vn 0.2634 -0.6166 -0.7419
vn 0.3691 -0.8639 -0.3428
vn 0.5888 -0.8083 -0.0000
vn 0.5531 -0.7593 0.3428
vn 0.3947 -0.5417 0.7421
vn 0.0168 -0.0231 0.9996
vn -0.3805 0.5223 0.7632
vn -0.5512 0.7566 0.3517
vn -0.5889 0.8082 -0.0000
vn -0.5512 0.7566 -0.3517
vn -0.3805 0.5223 -0.7632
vn 0.0168 -0.0231 -0.9996
vn 0.3947 -0.5417 -0.7421
vn 0.5531 -0.7593 -0.3428
vn 0.7061 -0.6196 0.3429
vn 0.5037 -0.4420 0.7422
vn 0.0211 -0.0185 0.9996
vn -0.4859 0.4264 0.7629
vn -0.7036 0.6175 0.3515
vn -0.7036 0.6175 -0.3515
vn -0.4859 0.4264 -0.7629
vn 0.0211 -0.0185 -0.9996
vn 0.5037 -0.4420 -0.7422
vn 0.7061 -0.6196 -0.3429
vn 0.8237 -0.4516 0.3429
vn 0.5876 -0.3221 0.7422
vn 0.0246 -0.0135 0.9996
vn -0.5669 0.3108 0.7629
vn -0.8209 0.4500 0.3515
vn -0.8209 0.4500 -0.3515
vn -0.5669 0.3108 -0.7629
vn 0.0246 -0.0135 -0.9996
vn 0.5876 -0.3221 -0.7422
vn 0.8237 -0.4516 -0.3429
vn 0.9027 -0.2601 0.3428
vn 0.6441 -0.1856 0.7421
vn 0.0274 -0.0079 0.9996
vn -0.6209 0.1789 0.7632
vn -0.8995 0.2592 0.3517
vn -0.8995 0.2592 -0.3517
vn -0.6209 0.1789 -0.7632
vn 0.0274 -0.0079 -0.9996
vn 0.6441 -0.1856 -0.7421
vn 0.9027 -0.2601 -0.3428
vn 0.9380 -0.0514 0.3428
vn 0.6695 -0.0367 0.7419
vn 0.0292 -0.0016 0.9996
vn -0.6448 0.0353 0.7636
vn -0.9346 0.0512 0.3519
vn -0.9346 0.0512 -0.3519
vn -0.6448 0.0353 -0.7636
vn 0.0292 -0.0016 -0.9996
vn 0.6695 -0.0367 -0.7419
vn 0.9380 -0.0514 -0.3428
vn 0.9327 0.1097 0.3436
vn 0.6615 0.0778 0.7459
vn 0.0147 0.0017 0.9999
vn -0.6492 -0.0764 0.7568
vn -0.9310 -0.1095 0.3482
vn -0.9310 -0.1095 -0.3482
vn -0.6492 -0.0764 -0.7568
vn 0.0147 0.0017 -0.9999
vn 0.6615 0.0778 -0.7459
vn 0.9327 0.1097 -0.3436
vn 0.9139 0.2159 0.3436
vn 0.6482 0.1531 0.7459
vn 0.0144 0.0034 0.9999
vn -0.6362 -0.1503 0.7568
vn -0.9123 -0.2155 0.3482
vn -0.9123 -0.2155 -0.3482
vn -0.6362 -0.1503 -0.7568
vn 0.0144 0.0034 -0.9999
vn 0.6482 0.1531 -0.7459
vn 0.9139 0.2159 -0.3436
vn 0.8639 0.3691 0.3428
vn 0.6166 0.2634 0.7419
vn 0.0269 0.0115 0.9996
vn -0.5938 -0.2537 0.7636
vn -0.8608 -0.3678 0.3519
vn -0.8608 -0.3678 -0.3519
vn -0.5938 -0.2537 -0.7636
vn 0.0269 0.0115 -0.9996
vn 0.6166 0.2634 -0.7419
vn 0.8639 0.3691 -0.3428
vn 0.7593 0.5531 0.3428
vn 0.5417 0.3947 0.7421
vn 0.0231 0.0168 0.9996
vn -0.5223 -0.3805 0.7632
vn -0.7566 -0.5512 0.3517
vn -0.7566 -0.5512 -0.3517
vn -0.5223 -0.3805 -0.7632
vn 0.0231 0.0168 -0.9996
vn 0.5417 0.3947 -0.7421
vn 0.7593 0.5531 -0.3428
vn 0.6196 0.7061 0.3429
vn 0.4420 0.5037 0.7422
vn 0.0185 0.0211 0.9996
vn -0.4264 -0.4859 0.7629
vn -0.6175 -0.7037 0.3515
vn -0.6175 -0.7037 -0.3515
vn -0.4264 -0.4859 -0.7629
vn 0.0185 0.0211 -0.9996
vn 0.4420 0.5037 -0.7422
vn 0.6196 0.7061 -0.3429
vn 0.4516 0.8237 0.3429
vn 0.3221 0.5876 0.7422
vn 0.0135 0.0246 0.9996
vn -0.3108 -0.5669 0.7629
vn -0.4500 -0.8209 0.3515
vn -0.4500 -0.8209 -0.3515
vn -0.3108 -0.5669 -0.7629
vn 0.0135 0.0246 -0.9996
vn 0.3221 0.5876 -0.7422
vn 0.4515 0.8237 -0.3429
vn 0.2601 0.9027 0.3428
vn 0.1856 0.6441 0.7421
vn 0.0079 0.0274 0.9996
vn -0.1789 -0.6209 0.7632
vn -0.2592 -0.8995 0.3517
vn -0.2592 -0.8995 -0.3517
vn -0.1789 -0.6209 -0.7632
vn 0.0079 0.0274 -0.9996
vn 0.1856 0.6441 -0.7421
vn 0.2601 0.9027 -0.3428
vn 0.0514 0.9380 0.3428
vn 0.0367 0.6695 0.7419
vn 0.0016 0.0292 0.9996
vn -0.0353 -0.6448 0.7636
vn -0.0512 -0.9346 0.3519
vn -0.0512 -0.9346 -0.3519
vn -0.0353 -0.6448 -0.7636
vn 0.0016 0.0292 -0.9996
vn 0.0367 0.6695 -0.7419
vn 0.0514 0.9380 -0.3428
vn -0.1097 0.9327 0.3436
vn -0.0778 0.6615 0.7459
vn -0.0017 0.0147 0.9999
vn 0.0764 -0.6492 0.7568
vn 0.1095 -0.9310 0.3482
vn 0.1095 -0.9310 -0.3482
vn 0.0764 -0.6492 -0.7568
vn -0.0017 0.0147 -0.9999
vn -0.0778 0.6615 -0.7459
vn -0.1097 0.9327 -0.3436
vn 0.7850 0.6052 0.1320
vn 0.8016 0.5264 0.2836
vn 0.9577 0.2604 0.1223
vn 0.9425 0.3337 -0.0205
vn 0.9806 -0.1538 -0.1218
vn 0.9684 -0.1063 -0.2256
vn 0.6205 -0.6673 -0.4119
vn 0.6088 -0.6740 -0.4184
vn -0.0615 -0.8614 -0.5041
vn -0.0611 -0.9125 -0.4045
vn -0.5401 -0.7331 -0.4134
vn -0.5280 -0.8052 -0.2702
vn -0.8016 -0.5264 -0.2836
vn -0.7850 -0.6052 -0.1321
vn -0.9605 -0.2524 -0.1175
vn -0.9439 -0.3295 0.0226
vn -0.9737 0.1816 0.1379
vn -0.9652 0.1213 0.2318
vn -0.5736 0.6981 0.4285
vn -0.5856 0.6919 0.4223
vn 0.0943 0.8597 0.5020
vn 0.0774 0.9126 0.4015
vn 0.5482 0.7287 0.4105
vn 0.5320 0.8031 0.2685
vn 0.7874 0.3996 0.4694
vn 0.9444 0.1413 0.2968
vn 0.9710 -0.2390 0.0026
vn 0.6195 -0.6713 -0.4068
vn -0.0529 -0.7795 -0.6242
vn -0.5270 -0.6143 -0.5872
vn -0.7874 -0.3996 -0.4694
vn -0.9471 -0.1339 -0.2916
vn -0.9646 0.2630 0.0176
vn -0.5746 0.6941 0.4336
vn 0.0845 0.7747 0.6266
vn 0.5349 0.6096 0.5851
vn 0.7348 0.2560 0.6281
vn 0.8951 0.0063 0.4459
vn 0.9358 -0.3354 0.1089
vn 0.6176 -0.6756 -0.4026
vn -0.0194 -0.6866 -0.7268
vn -0.4780 -0.4797 -0.7358
vn -0.7348 -0.2560 -0.6281
vn -0.8979 0.0004 -0.4402
vn -0.9307 0.3556 -0.0853
vn -0.5765 0.6899 0.4379
vn 0.0491 0.6785 0.7330
vn 0.4855 0.4746 0.7342
vn 0.6475 0.1014 0.7553
vn 0.8131 -0.1390 0.5653
vn 0.8773 -0.4390 0.1941
vn 0.6152 -0.6799 -0.3991
vn 0.0371 -0.5866 -0.8090
vn -0.3962 -0.3350 -0.8548
vn -0.6475 -0.1014 -0.7553
vn -0.8162 0.1452 -0.5593
vn -0.8743 0.4556 -0.1675
vn -0.5789 0.6856 0.4414
vn -0.0094 0.5749 0.8182
vn 0.4035 0.3294 0.8536
vn 0.5281 -0.0596 0.8471
vn 0.7009 -0.2901 0.6516
vn 0.7972 -0.5468 0.2558
vn 0.6121 -0.6844 -0.3961
vn 0.1146 -0.4828 -0.8682
vn -0.2843 -0.1844 -0.9408
vn -0.5281 0.0596 -0.8471
vn -0.7044 0.2960 -0.6451
vn -0.7971 0.5598 -0.2265
vn -0.5820 0.6810 0.4444
vn -0.0893 0.4669 0.8798
vn 0.2913 0.1782 0.9399
vn 0.3795 -0.2211 0.8984
vn 0.5613 -0.4418 0.6998
vn 0.6976 -0.6550 0.2904
vn 0.6081 -0.6892 -0.3939
vn 0.2110 -0.3788 -0.9011
vn -0.1451 -0.0334 -0.9889
vn -0.3795 0.2211 -0.8984
vn -0.5654 0.4473 -0.6930
vn -0.7011 0.6643 -0.2591
vn -0.5859 0.6762 0.4465
vn -0.1887 0.3585 0.9143
vn 0.1518 0.0265 0.9881
vn 0.2531 -0.3368 0.9069
vn 0.4430 -0.5510 0.7072
vn 0.6141 -0.7338 0.2905
vn 0.6010 -0.6879 -0.4070
vn 0.2865 -0.2967 -0.9110
vn -0.0294 0.0780 -0.9965
vn -0.2532 0.3368 -0.9069
vn -0.4453 0.5536 -0.7038
vn -0.6175 0.7371 -0.2747
vn -0.5935 0.6780 0.4338
vn -0.2769 0.2851 0.9176
vn 0.0325 -0.0816 0.9961
vn 0.1643 -0.4089 0.8977
vn 0.3595 -0.6187 0.6985
vn 0.5549 -0.7818 0.2843
vn 0.5996 -0.6890 -0.4071
vn 0.3446 -0.2496 -0.9049
vn 0.0540 0.1455 -0.9879
vn -0.1643 0.4089 -0.8977
vn -0.3619 0.6211 -0.6951
vn -0.5594 0.7842 -0.2686
vn -0.5948 0.6769 0.4336
vn -0.3361 0.2371 0.9115
vn -0.0510 -0.1493 0.9875
vn 0.0276 -0.5064 0.8619
vn 0.2307 -0.7098 0.6655
vn 0.4617 -0.8463 0.2659
vn 0.5978 -0.6975 -0.3950
vn 0.4382 -0.1945 -0.8776
vn 0.1843 0.2336 -0.9547
vn -0.0276 0.5064 -0.8619
vn -0.2360 0.7143 -0.6588
vn -0.4739 0.8485 -0.2355
vn -0.5962 0.6679 0.4455
vn -0.4246 0.1673 0.8898
vn -0.1788 -0.2415 0.9538
vn -0.1526 -0.6114 0.7765
vn 0.0615 -0.8085 0.5853
vn 0.3410 -0.9167 0.2085
vn 0.5927 -0.7002 -0.3981
vn 0.5544 -0.1262 -0.8226
vn 0.3529 0.3321 -0.8747
vn 0.1526 0.6114 -0.7765
vn -0.0672 0.8125 -0.5790
vn -0.3572 0.9163 -0.1809
vn -0.6014 0.6653 0.4424
vn -0.5455 0.0971 0.8325
vn -0.3481 -0.3402 0.8736
vn -0.3214 -0.6841 0.6548
vn -0.0971 -0.8768 0.4710
vn 0.2280 -0.9654 0.1267
vn 0.5880 -0.7019 -0.4019
vn 0.6634 -0.0788 -0.7441
vn 0.5108 0.4003 -0.7608
vn 0.3214 0.6841 -0.6548
vn 0.0909 0.8805 -0.4652
vn -0.2479 0.9633 -0.1026
vn -0.6061 0.6636 0.4386
vn -0.6587 0.0485 0.7508
vn -0.5067 -0.4084 0.7592
vn -0.4732 -0.7233 0.5028
vn -0.2398 -0.9137 0.3282
vn 0.1262 -0.9917 0.0249
vn 0.5838 -0.7030 -0.4062
vn 0.7616 -0.0535 -0.6458
vn 0.6530 0.4371 -0.6185
vn 0.4732 0.7233 -0.5028
vn 0.2331 0.9173 -0.3229
vn -0.1497 0.9887 -0.0043
vn -0.6103 0.6625 0.4343
vn -0.7605 0.0222 0.6490
vn -0.6493 -0.4453 0.6165
vn -0.6036 -0.7280 0.3251
vn -0.3623 -0.9180 0.1613
vn 0.0387 -0.9948 -0.0941
vn 0.5798 -0.7035 -0.4110
vn 0.8459 -0.0509 -0.5309
vn 0.7751 0.4413 -0.4522
vn 0.6036 0.7280 -0.3251
vn 0.3550 0.9217 -0.1565
vn -0.0658 0.9917 0.1108
vn -0.6143 0.6620 0.4295
vn -0.8478 0.0189 0.5299
vn -0.7718 -0.4497 0.4495
vn -0.7066 -0.6961 0.1272
vn -0.4590 -0.8881 -0.0247
vn -0.0306 -0.9735 -0.2267
vn 0.5763 -0.7031 -0.4165
vn 0.9123 -0.0720 -0.4031
vn 0.8715 0.4113 -0.2670
vn 0.7065 0.6962 -0.1272
vn 0.4512 0.8920 0.0289
vn 0.0002 0.9710 0.2389
vn -0.6177 0.6623 0.4240
vn -0.9169 0.0400 0.3972
vn -0.8685 -0.4198 0.2636
vn -0.7610 -0.6481 -0.0283
vn -0.5094 -0.8433 -0.1710
vn -0.0614 -0.9411 -0.3324
vn 0.5860 -0.6925 -0.4208
vn 0.9495 -0.0932 -0.2997
vn 0.9214 0.3697 -0.1199
vn 0.7610 0.6481 0.0283
vn 0.5055 0.8454 0.1729
vn 0.0455 0.9405 0.3366
vn -0.6085 0.6734 0.4200
vn -0.9524 0.0778 0.2947
vn -0.9199 -0.3739 0.1179
vn -0.7850 -0.6052 -0.1320
vn -0.5320 -0.8031 -0.2685
vn -0.0774 -0.9126 -0.4015
vn 0.5856 -0.6919 -0.4223
vn 0.9652 -0.1213 -0.2318
vn 0.9439 0.3295 -0.0226
vn 0.5280 0.8052 0.2702
vn 0.0612 0.9125 0.4045
vn -0.6088 0.6740 0.4184
vn -0.9684 0.1063 0.2256
vn -0.9425 -0.3336 0.0205
vn -0.5482 -0.7287 -0.4105
vn -0.0943 -0.8597 -0.5020
vn 0.5736 -0.6981 -0.4285
vn 0.9737 -0.1816 -0.1379
vn 0.9605 0.2524 0.1175
vn 0.5401 0.7331 0.4134
vn 0.0615 0.8614 0.5041
vn -0.6205 0.6673 0.4119
vn -0.9806 0.1538 0.1218
vn -0.9577 -0.2604 -0.1223
vn -0.5349 -0.6096 -0.5851
vn -0.0845 -0.7747 -0.6266
vn 0.5746 -0.6941 -0.4336
vn 0.9646 -0.2630 -0.0176
vn 0.9471 0.1339 0.2916
vn 0.5270 0.6143 0.5873
vn 0.0530 0.7795 0.6242
vn -0.6195 0.6713 0.4068
vn -0.9710 0.2390 -0.0026
vn -0.9444 -0.1413 -0.2968
vn -0.4855 -0.4746 -0.7342
vn -0.0491 -0.6785 -0.7330
vn 0.5765 -0.6899 -0.4378
vn 0.9307 -0.3556 0.0853
vn 0.8979 -0.0004 0.4402
vn 0.4780 0.4797 0.7358
vn 0.0194 0.6866 0.7268
vn -0.6176 0.6756 0.4026
vn -0.9358 0.3354 -0.1089
vn -0.8951 -0.0063 -0.4459
vn -0.4035 -0.3294 -0.8536
vn 0.0094 -0.5749 -0.8182
vn 0.5789 -0.6856 -0.4414
vn 0.8743 -0.4556 0.1675
vn 0.8162 -0.1452 0.5593
vn 0.3962 0.3350 0.8548
vn -0.0371 0.5866 0.8090
vn -0.6152 0.6799 0.3991
vn -0.8773 0.4390 -0.1941
vn -0.8131 0.1390 -0.5653
vn -0.2913 -0.1782 -0.9399
vn 0.0893 -0.4669 -0.8798
vn 0.5820 -0.6810 -0.4444
vn 0.7971 -0.5598 0.2265
vn 0.7044 -0.2960 0.6451
vn 0.2843 0.1844 0.9408
vn -0.1146 0.4828 0.8682
vn -0.6121 0.6844 0.3961
vn -0.7972 0.5468 -0.2558
vn -0.7009 0.2901 -0.6516
vn -0.1518 -0.0265 -0.9881
vn 0.1887 -0.3585 -0.9143
vn 0.5859 -0.6762 -0.4465
vn 0.7011 -0.6643 0.2591
vn 0.5654 -0.4473 0.6930
vn 0.1451 0.0334 0.9889
vn -0.2110 0.3788 0.9011
vn -0.6081 0.6892 0.3939
vn -0.6976 0.6550 -0.2904
vn -0.5613 0.4418 -0.6998
vn -0.0325 0.0816 -0.9961
vn 0.2769 -0.2851 -0.9176
vn 0.5935 -0.6780 -0.4338
vn 0.6175 -0.7371 0.2747
vn 0.4453 -0.5536 0.7038
vn 0.0294 -0.0780 0.9965
vn -0.2865 0.2967 0.9110
vn -0.6010 0.6879 0.4070
vn -0.6141 0.7338 -0.2905
vn -0.4430 0.5510 -0.7072
vn 0.0510 0.1493 -0.9875
vn 0.3361 -0.2371 -0.9115
vn 0.5948 -0.6769 -0.4336
vn 0.5594 -0.7842 0.2686
vn 0.3619 -0.6211 0.6951
vn -0.0540 -0.1455 0.9879
vn -0.3446 0.2496 0.9049
vn -0.5996 0.6890 0.4071
vn -0.5549 0.7818 -0.2843
vn -0.3595 0.6187 -0.6985
vn 0.1788 0.2415 -0.9538
vn 0.4246 -0.1673 -0.8898
vn 0.5962 -0.6679 -0.4455
vn 0.4739 -0.8485 0.2355
vn 0.2360 -0.7143 0.6588
vn -0.1843 -0.2336 0.9547
vn -0.4382 0.1945 0.8776
vn -0.5978 0.6975 0.3950
vn -0.4617 0.8463 -0.2659
vn -0.2307 0.7098 -0.6655
vn 0.3481 0.3402 -0.8736
vn 0.5455 -0.0971 -0.8325
vn 0.6014 -0.6653 -0.4424
vn 0.3573 -0.9163 0.1809
vn 0.0672 -0.8125 0.5790
vn -0.3529 -0.3321 0.8747
vn -0.5544 0.1262 0.8226
vn -0.5927 0.7002 0.3981
vn -0.3410 0.9167 -0.2085
vn -0.0614 0.8085 -0.5853
vn 0.5067 0.4084 -0.7592
vn 0.6587 -0.0485 -0.7508
vn 0.6061 -0.6636 -0.4386
vn 0.2479 -0.9633 0.1026
vn -0.0909 -0.8805 0.4652
vn -0.5108 -0.4003 0.7608
vn -0.6635 0.0788 0.7441
vn -0.5880 0.7019 0.4019
vn -0.2280 0.9654 -0.1267
vn 0.0971 0.8768 -0.4710
vn 0.6493 0.4453 -0.6165
vn 0.7605 -0.0222 -0.6490
vn 0.6103 -0.6625 -0.4343
vn 0.1497 -0.9887 0.0043
vn -0.2331 -0.9173 0.3229
vn -0.6530 -0.4371 0.6185
vn -0.7616 0.0535 0.6458
vn -0.5838 0.7030 0.4062
vn -0.1262 0.9917 -0.0249
vn 0.2398 0.9137 -0.3282
vn 0.7718 0.4497 -0.4495
vn 0.8478 -0.0189 -0.5299
vn 0.6143 -0.6620 -0.4295
vn 0.0658 -0.9917 -0.1108
vn -0.3550 -0.9217 0.1565
vn -0.6036 -0.7280 0.3252
vn -0.7751 -0.4413 0.4522
vn -0.8459 0.0509 0.5309
vn -0.5798 0.7035 0.4110
vn -0.0387 0.9948 0.0941
vn 0.3623 0.9180 -0.1613
vn 0.7066 0.6961 -0.1272
vn 0.8685 0.4198 -0.2636
vn 0.9169 -0.0400 -0.3972
vn 0.6177 -0.6623 -0.4240
vn -0.0002 -0.9710 -0.2389
vn -0.4512 -0.8920 -0.0289
vn -0.7065 -0.6962 0.1272
vn -0.8715 -0.4113 0.2670
vn -0.9123 0.0720 0.4031
vn -0.5763 0.7031 0.4165
vn 0.0306 0.9735 0.2267
vn 0.4590 0.8881 0.0247
vn 0.9199 0.3739 -0.1179
vn 0.9524 -0.0778 -0.2947
vn 0.6085 -0.6734 -0.4200
vn -0.0455 -0.9405 -0.3366
vn -0.5055 -0.8454 -0.1729
vn -0.9214 -0.3697 0.1199
vn -0.9495 0.0932 0.2997
vn -0.5860 0.6925 0.4208
vn 0.0614 0.9411 0.3324
vn 0.5094 0.8433 0.1710
vn 0.8646 -0.4992 -0.0574
vn 0.8434 -0.4869 -0.2272
vn 0.9637 -0.1605 -0.2135
vn 0.9838 -0.1712 -0.0539
vn 0.9364 0.3161 -0.1524
vn 0.9488 0.3135 -0.0382
vn 0.5245 0.8514 -0.0067
vn 0.5127 0.8586 -0.0008
vn -0.1628 0.9757 0.1467
vn -0.1868 0.9817 0.0375
vn -0.6135 0.7605 0.2127
vn -0.6364 0.7695 0.0538
vn -0.8434 0.4869 0.2273
vn -0.8646 0.4992 0.0574
vn -0.9654 0.1510 0.2127
vn -0.9846 0.1664 0.0538
vn -0.9264 -0.3468 0.1467
vn -0.9436 -0.3291 0.0375
vn -0.4751 -0.8799 -0.0066
vn -0.4872 -0.8733 -0.0008
vn 0.1945 -0.9690 -0.1524
vn 0.2029 -0.9784 -0.0382
vn 0.6209 -0.7543 -0.2135
vn 0.6401 -0.7664 -0.0539
vn 0.7779 -0.4491 -0.4395
vn 0.9022 -0.1250 -0.4129
vn 0.8925 0.3417 -0.2946
vn 0.5220 0.8529 -0.0125
vn -0.1211 0.9511 0.2840
vn -0.5524 0.7250 0.4115
vn -0.7779 0.4491 0.4396
vn -0.9040 0.1159 0.4115
vn -0.8842 -0.3707 0.2840
vn -0.4776 -0.8785 -0.0125
vn 0.1503 -0.9437 -0.2946
vn 0.5593 -0.7188 -0.4129
vn 0.6756 -0.3900 -0.6257
vn 0.8061 -0.0695 -0.5877
vn 0.8239 0.3814 -0.4193
vn 0.5187 0.8548 -0.0175
vn -0.0553 0.9129 0.4045
vn -0.4567 0.6696 0.5857
vn -0.6756 0.3900 0.6257
vn -0.8082 0.0607 0.5857
vn -0.8182 -0.4086 0.4045
vn -0.4809 -0.8766 -0.0175
vn 0.0816 -0.9042 -0.4193
vn 0.4632 -0.6633 -0.5877
vn 0.5418 -0.3128 -0.7801
vn 0.6804 0.0031 -0.7328
vn 0.7342 0.4332 -0.5228
vn 0.5150 0.8569 -0.0219
vn 0.0312 0.8630 0.5043
vn -0.3315 0.5973 0.7303
vn -0.5418 0.3128 0.7801
vn -0.6830 -0.0116 0.7303
vn -0.7317 -0.4585 0.5043
vn -0.4846 -0.8745 -0.0219
vn -0.0080 -0.8524 -0.5228
vn 0.3376 -0.5908 -0.7328
vn 0.3807 -0.2198 -0.8982
vn 0.5290 0.0905 -0.8438
vn 0.6262 0.4954 -0.6021
vn 0.5107 0.8594 -0.0256
vn 0.1356 0.8030 0.5804
vn -0.1805 0.5103 0.8408
vn -0.3807 0.2198 0.8982
vn -0.5322 -0.0988 0.8408
vn -0.6276 -0.5189 0.5804
vn -0.4889 -0.8719 -0.0256
vn -0.1159 -0.7900 -0.6021
vn 0.1862 -0.5034 -0.8438
vn 0.1968 -0.1136 -0.9738
vn 0.3563 0.1902 -0.9148
vn 0.5029 0.5664 -0.6529
vn 0.5056 0.8623 -0.0285
vn 0.2547 0.7346 0.6288
vn -0.0083 0.4111 0.9116
vn -0.1968 0.1136 0.9738
vn -0.3602 -0.1984 0.9116
vn -0.5088 -0.5879 0.6289
vn -0.4940 -0.8690 -0.0285
vn -0.2390 -0.7187 -0.6529
vn 0.0135 -0.4036 -0.9148
vn 0.0497 -0.0287 -0.9984
vn 0.2185 0.2706 -0.9376
vn 0.4061 0.6269 -0.6650
vn 0.5007 0.8655 -0.0147
vn 0.3459 0.6741 0.6526
vn 0.1275 0.3284 0.9359
vn -0.0497 0.0287 0.9984
vn -0.2207 -0.2746 0.9359
vn -0.4109 -0.6366 0.6526
vn -0.4992 -0.8664 -0.0147
vn -0.3398 -0.6651 -0.6650
vn -0.1251 -0.3246 -0.9376
vn -0.0497 0.0287 -0.9984
vn 0.1251 0.3246 -0.9376
vn 0.3398 0.6651 -0.6650
vn 0.4992 0.8664 -0.0147
vn 0.4109 0.6366 0.6526
vn 0.2207 0.2746 0.9359
vn 0.0497 -0.0287 0.9984
vn -0.1275 -0.3284 0.9359
vn -0.3459 -0.6741 0.6526
vn -0.5007 -0.8655 -0.0147
vn -0.4061 -0.6268 -0.6650
vn -0.2185 -0.2706 -0.9376
vn -0.1968 0.1136 -0.9738
vn -0.0135 0.4036 -0.9148
vn 0.2390 0.7187 -0.6529
vn 0.4940 0.8690 -0.0285
vn 0.5089 0.5879 0.6288
vn 0.3601 0.1984 0.9116
vn 0.1968 -0.1136 0.9738
vn 0.0083 -0.4111 0.9116
vn -0.2547 -0.7346 0.6288
vn -0.5055 -0.8623 -0.0285
vn -0.5029 -0.5664 -0.6529
vn -0.3563 -0.1902 -0.9148
vn -0.3807 0.2198 -0.8982
vn -0.1862 0.5034 -0.8438
vn 0.1159 0.7900 -0.6021
vn 0.4889 0.8719 -0.0256
vn 0.6276 0.5189 0.5804
vn 0.5322 0.0988 0.8408
vn 0.3807 -0.2198 0.8982
vn 0.1805 -0.5103 0.8408
vn -0.1356 -0.8030 0.5804
vn -0.5107 -0.8594 -0.0256
vn -0.6262 -0.4954 -0.6021
vn -0.5290 -0.0905 -0.8438
vn -0.5418 0.3128 -0.7801
vn -0.3376 0.5908 -0.7328
vn 0.0080 0.8524 -0.5228
vn 0.4846 0.8745 -0.0219
vn 0.7318 0.4585 0.5043
vn 0.6830 0.0116 0.7303
vn 0.5418 -0.3128 0.7801
vn 0.3315 -0.5973 0.7303
vn -0.0312 -0.8630 0.5043
vn -0.5150 -0.8569 -0.0219
vn -0.7342 -0.4332 -0.5228
vn -0.6804 -0.0031 -0.7328
vn -0.6756 0.3900 -0.6257
vn -0.4632 0.6633 -0.5877
vn -0.0816 0.9042 -0.4193
vn 0.4809 0.8766 -0.0175
vn 0.8182 0.4086 0.4045
vn 0.8082 -0.0607 0.5857
vn 0.6756 -0.3900 0.6257
vn 0.4567 -0.6696 0.5857
vn 0.0553 -0.9129 0.4045
vn -0.5187 -0.8548 -0.0175
vn -0.8239 -0.3814 -0.4193
vn -0.8061 0.0695 -0.5877
vn -0.7779 0.4491 -0.4395
vn -0.5593 0.7188 -0.4129
vn -0.1503 0.9437 -0.2946
vn 0.4776 0.8785 -0.0125
vn 0.8842 0.3707 0.2840
vn 0.9040 -0.1159 0.4115
vn 0.7779 -0.4491 0.4396
vn 0.5524 -0.7250 0.4115
vn 0.1211 -0.9511 0.2840
vn -0.5220 -0.8529 -0.0126
vn -0.8925 -0.3417 -0.2946
vn -0.9022 0.1250 -0.4129
vn -0.8434 0.4869 -0.2272
vn -0.6209 0.7543 -0.2135
vn -0.1945 0.9690 -0.1524
vn 0.4751 0.8799 -0.0067
vn 0.9264 0.3468 0.1467
vn 0.9654 -0.1510 0.2127
vn 0.8434 -0.4869 0.2273
vn 0.6135 -0.7605 0.2127
vn 0.1628 -0.9757 0.1467
vn -0.5245 -0.8514 -0.0067
vn -0.9364 -0.3161 -0.1524
vn -0.9637 0.1605 -0.2135
vn -0.8646 0.4992 -0.0574
vn -0.6401 0.7664 -0.0539
vn -0.2029 0.9784 -0.0382
vn 0.4872 0.8733 -0.0008
vn 0.9436 0.3291 0.0375
vn 0.9846 -0.1664 0.0538
vn 0.8646 -0.4992 0.0574
vn 0.6364 -0.7695 0.0538
vn 0.1868 -0.9817 0.0375
vn -0.5127 -0.8586 -0.0008
vn -0.9488 -0.3135 -0.0382
vn -0.9838 0.1712 -0.0539
vn -0.6401 0.7664 0.0539
vn -0.2029 0.9784 0.0382
vn 0.4872 0.8733 0.0008
vn 0.9436 0.3291 -0.0375
vn 0.9846 -0.1664 -0.0538
vn 0.6364 -0.7695 -0.0538
vn 0.1868 -0.9817 -0.0375
vn -0.5127 -0.8586 0.0008
vn -0.9488 -0.3135 0.0382
vn -0.9838 0.1712 0.0539
vn -0.8434 0.4869 0.2272
vn -0.6209 0.7543 0.2135
vn -0.1945 0.9690 0.1524
vn 0.4751 0.8799 0.0067
vn 0.9264 0.3468 -0.1467
vn 0.9654 -0.1510 -0.2127
vn 0.8434 -0.4869 -0.2273
vn 0.6135 -0.7605 -0.2127
vn 0.1628 -0.9757 -0.1467
vn -0.5245 -0.8514 0.0067
vn -0.9364 -0.3161 0.1524
vn -0.9637 0.1605 0.2135
vn -0.7779 0.4491 0.4395
vn -0.5593 0.7188 0.4129
vn -0.1503 0.9437 0.2946
vn 0.4776 0.8785 0.0125
vn 0.8842 0.3707 -0.2840
vn 0.9040 -0.1159 -0.4115
vn 0.7779 -0.4491 -0.4396
vn 0.5523 -0.7250 -0.4115
vn 0.1211 -0.9511 -0.2840
vn -0.5220 -0.8529 0.0125
vn -0.8925 -0.3417 0.2946
vn -0.9022 0.1250 0.4129
vn -0.4632 0.6633 0.5877
vn -0.0816 0.9042 0.4193
vn 0.4809 0.8766 0.0175
vn 0.8182 0.4086 -0.4045
vn 0.8082 -0.0607 -0.5857
vn 0.4567 -0.6696 -0.5857
vn 0.0553 -0.9129 -0.4045
vn -0.5187 -0.8548 0.0175
vn -0.8238 -0.3814 0.4193
vn -0.8061 0.0695 0.5877
vn -0.3376 0.5908 0.7328
vn 0.0080 0.8524 0.5228
vn 0.4846 0.8745 0.0219
vn 0.7318 0.4585 -0.5043
vn 0.6830 0.0116 -0.7303
vn 0.3315 -0.5973 -0.7303
vn -0.0312 -0.8630 -0.5043
vn -0.5150 -0.8569 0.0219
vn -0.7342 -0.4332 0.5228
vn -0.6804 -0.0031 0.7328
vn -0.1862 0.5034 0.8438
vn 0.1159 0.7900 0.6021
vn 0.4889 0.8719 0.0256
vn 0.6276 0.5189 -0.5804
vn 0.5322 0.0988 -0.8408
vn 0.1805 -0.5103 -0.8408
vn -0.1356 -0.8030 -0.5804
vn -0.5107 -0.8594 0.0256
vn -0.6262 -0.4954 0.6021
vn -0.5290 -0.0905 0.8438
vn -0.0135 0.4036 0.9148
vn 0.2390 0.7187 0.6529
vn 0.4940 0.8690 0.0285
vn 0.5089 0.5879 -0.6288
vn 0.3601 0.1984 -0.9116
vn 0.0083 -0.4111 -0.9116
vn -0.2547 -0.7346 -0.6288
vn -0.5055 -0.8623 0.0285
vn -0.5029 -0.5664 0.6529
vn -0.3563 -0.1902 0.9148
vn 0.1251 0.3246 0.9376
vn 0.3398 0.6651 0.6650
vn 0.4992 0.8664 0.0147
vn 0.4109 0.6366 -0.6526
vn 0.2207 0.2746 -0.9359
vn -0.1275 -0.3284 -0.9359
vn -0.3459 -0.6741 -0.6526
vn -0.5007 -0.8655 0.0147
vn -0.4061 -0.6269 0.6650
vn -0.2185 -0.2707 0.9376
vn 0.2185 0.2706 0.9376
vn 0.4061 0.6269 0.6650
vn 0.5007 0.8655 0.0147
vn 0.3459 0.6741 -0.6526
vn 0.1275 0.3284 -0.9359
vn -0.2207 -0.2746 -0.9359
vn -0.4109 -0.6366 -0.6526
vn -0.4992 -0.8664 0.0147
vn -0.3398 -0.6651 0.6650
vn -0.1251 -0.3246 0.9376
vn 0.3563 0.1902 0.9148
vn 0.5029 0.5664 0.6529
vn 0.5055 0.8623 0.0285
vn 0.2547 0.7346 -0.6288
vn -0.0083 0.4111 -0.9116
vn -0.3601 -0.1984 -0.9116
vn -0.5089 -0.5879 -0.6288
vn -0.4940 -0.8690 0.0285
vn -0.2390 -0.7187 0.6529
vn 0.0135 -0.4036 0.9148
vn 0.5290 0.0905 0.8438
vn 0.6262 0.4954 0.6021
vn 0.5107 0.8594 0.0256
vn 0.1356 0.8030 -0.5804
vn -0.1805 0.5103 -0.8408
vn -0.5322 -0.0988 -0.8408
vn -0.6276 -0.5189 -0.5804
vn -0.4889 -0.8719 0.0256
vn -0.1159 -0.7900 0.6021
vn 0.1862 -0.5034 0.8438
vn 0.6804 0.0031 0.7328
vn 0.7342 0.4332 0.5228
vn 0.5150 0.8569 0.0219
vn 0.0312 0.8630 -0.5043
vn -0.3315 0.5973 -0.7303
vn -0.6830 -0.0116 -0.7303
vn -0.7318 -0.4585 -0.5043
vn -0.4846 -0.8745 0.0219
vn -0.0080 -0.8524 0.5228
vn 0.3376 -0.5908 0.7328
vn 0.8061 -0.0695 0.5877
vn 0.8239 0.3814 0.4193
vn 0.5187 0.8548 0.0175
vn -0.0553 0.9129 -0.4045
vn -0.4567 0.6696 -0.5857
vn -0.8082 0.0607 -0.5857
vn -0.8182 -0.4086 -0.4045
vn -0.4809 -0.8766 0.0175
vn 0.0816 -0.9042 0.4193
vn 0.4632 -0.6633 0.5877
vn 0.7779 -0.4491 0.4395
vn 0.9022 -0.1250 0.4129
vn 0.8925 0.3417 0.2946
vn 0.5220 0.8529 0.0125
vn -0.1210 0.9511 -0.2840
vn -0.5523 0.7250 -0.4115
vn -0.7779 0.4491 -0.4396
vn -0.9040 0.1159 -0.4115
vn -0.8842 -0.3707 -0.2840
vn -0.4776 -0.8785 0.0125
vn 0.1503 -0.9437 0.2946
vn 0.5593 -0.7188 0.4129
vn 0.8434 -0.4869 0.2272
vn 0.9637 -0.1605 0.2135
vn 0.9364 0.3161 0.1524
vn 0.5245 0.8514 0.0067
vn -0.1628 0.9757 -0.1467
vn -0.6135 0.7605 -0.2127
vn -0.8434 0.4869 -0.2273
vn -0.9654 0.1510 -0.2127
vn -0.9264 -0.3468 -0.1467
vn -0.4751 -0.8799 0.0067
vn 0.1945 -0.9690 0.1524
vn 0.6209 -0.7543 0.2135
vn 0.9838 -0.1712 0.0539
vn 0.9488 0.3135 0.0382
vn 0.5127 0.8586 0.0008
vn -0.1868 0.9817 -0.0375
vn -0.6364 0.7695 -0.0538
vn -0.9846 0.1664 -0.0538
vn -0.9436 -0.3291 -0.0375
vn -0.4872 -0.8733 0.0008
vn 0.2029 -0.9784 0.0382
vn 0.6401 -0.7664 0.0539
vn 0.2875 0.9578 -0.0000
vn 0.1195 0.9928 -0.0000
vn 0.1123 0.9327 0.3428
vn 0.2700 0.8994 0.3436
vn 0.0802 0.6657 0.7419
vn 0.1915 0.6379 0.7459
vn 0.0035 0.0291 0.9996
vn 0.0042 0.0141 0.9999
vn -0.0772 -0.6411 0.7636
vn -0.1879 -0.6261 0.7568
vn -0.1119 -0.9293 0.3519
vn -0.2695 -0.8978 0.3482
vn -0.1195 -0.9928 -0.0000
vn -0.2875 -0.9578 -0.0000
vn -0.1119 -0.9293 -0.3519
vn -0.2695 -0.8979 -0.3482
vn -0.0772 -0.6411 -0.7636
vn -0.1879 -0.6261 -0.7568
vn 0.0035 0.0291 -0.9996
vn 0.0042 0.0141 -0.9999
vn 0.0802 0.6657 -0.7419
vn 0.1915 0.6379 -0.7459
vn 0.1123 0.9327 -0.3428
vn 0.2700 0.8994 -0.3436
vn -0.1058 0.9944 -0.0000
vn -0.0994 0.9341 0.3428
vn -0.0709 0.6665 0.7421
vn -0.0030 0.0284 0.9996
vn 0.0684 -0.6425 0.7632
vn 0.0991 -0.9309 0.3517
vn 0.1059 -0.9944 -0.0000
vn 0.0991 -0.9309 -0.3517
vn 0.0684 -0.6425 -0.7632
vn -0.0030 0.0284 -0.9996
vn -0.0709 0.6665 -0.7421
vn -0.0994 0.9341 -0.3428
vn -0.3211 0.9470 -0.0000
vn -0.3017 0.8896 0.3429
vn -0.2152 0.6346 0.7422
vn -0.0090 0.0265 0.9996
vn 0.2076 -0.6122 0.7629
vn 0.3006 -0.8866 0.3515
vn 0.3211 -0.9470 -0.0000
vn 0.3006 -0.8866 -0.3515
vn 0.2076 -0.6122 -0.7629
vn -0.0090 0.0265 -0.9996
vn -0.2152 0.6346 -0.7422
vn -0.3017 0.8896 -0.3429
vn -0.5191 0.8547 -0.0000
vn -0.4876 0.8029 0.3429
vn -0.3478 0.5728 0.7422
vn -0.0145 0.0240 0.9996
vn 0.3356 -0.5526 0.7629
vn 0.4859 -0.8002 0.3515
vn 0.5191 -0.8547 -0.0000
vn 0.4859 -0.8002 -0.3515
vn 0.3356 -0.5526 -0.7629
vn -0.0145 0.0240 -0.9996
vn -0.3478 0.5728 -0.7422
vn -0.4876 0.8029 -0.3429
vn -0.6937 0.7202 -0.0000
vn -0.6517 0.6766 0.3428
vn -0.4650 0.4828 0.7421
vn -0.0198 0.0206 0.9996
vn 0.4483 -0.4654 0.7632
vn 0.6494 -0.6742 0.3517
vn 0.6937 -0.7202 -0.0000
vn 0.6494 -0.6742 -0.3517
vn 0.4483 -0.4654 -0.7632
vn -0.0198 0.0206 -0.9996
vn -0.4650 0.4828 -0.7421
vn -0.6517 0.6766 -0.3428
vn -0.8374 0.5466 -0.0000
vn -0.7866 0.5135 0.3428
vn -0.5614 0.3665 0.7419
vn -0.0245 0.0160 0.9996
vn 0.5407 -0.3530 0.7636
vn 0.7838 -0.5117 0.3519
vn 0.8374 -0.5466 -0.0000
vn 0.7838 -0.5116 -0.3519
vn 0.5407 -0.3530 -0.7636
vn -0.0245 0.0160 -0.9996
vn -0.5614 0.3665 -0.7419
vn -0.7866 0.5135 -0.3428
vn -0.9185 0.3954 -0.0000
vn -0.8626 0.3713 0.3436
vn -0.6118 0.2634 0.7459
vn -0.0136 0.0058 0.9999
vn 0.6004 -0.2585 0.7568
vn 0.8610 -0.3707 0.3482
vn 0.9185 -0.3954 -0.0000
vn 0.8610 -0.3707 -0.3482
vn 0.6004 -0.2585 -0.7568
vn -0.0136 0.0058 -0.9999
vn -0.6118 0.2634 -0.7459
vn -0.8626 0.3713 -0.3436
vn -0.9578 0.2875 -0.0000
vn -0.8994 0.2700 0.3436
vn -0.6379 0.1915 0.7459
vn -0.0141 0.0042 0.9999
vn 0.6261 -0.1879 0.7568
vn 0.8978 -0.2695 0.3482
vn 0.9578 -0.2875 -0.0000
vn 0.8979 -0.2695 -0.3482
vn 0.6261 -0.1879 -0.7568
vn -0.0141 0.0042 -0.9999
vn -0.6379 0.1915 -0.7459
vn -0.8994 0.2700 -0.3436
vn -0.9928 0.1195 -0.0000
vn -0.9327 0.1123 0.3428
vn -0.6657 0.0801 0.7419
vn -0.0291 0.0035 0.9996
vn 0.6411 -0.0772 0.7636
vn 0.9293 -0.1119 0.3519
vn 0.9928 -0.1195 -0.0000
vn 0.9293 -0.1119 -0.3519
vn 0.6411 -0.0772 -0.7636
vn -0.0291 0.0035 -0.9996
vn -0.6657 0.0801 -0.7419
vn -0.9327 0.1123 -0.3428
vn -0.9944 -0.1058 -0.0000
vn -0.9341 -0.0994 0.3428
vn -0.6665 -0.0709 0.7421
vn -0.0284 -0.0030 0.9996
vn 0.6425 0.0684 0.7632
vn 0.9309 0.0991 0.3517
vn 0.9944 0.1058 -0.0000
vn 0.9309 0.0991 -0.3517
vn 0.6425 0.0684 -0.7632
vn -0.0284 -0.0030 -0.9996
vn -0.6665 -0.0709 -0.7421
vn -0.9341 -0.0994 -0.3428
vn -0.9470 -0.3211 -0.0000
vn -0.8896 -0.3017 0.3429
vn -0.6346 -0.2152 0.7422
vn -0.0265 -0.0090 0.9996
vn 0.6122 0.2076 0.7629
vn 0.8866 0.3006 0.3515
vn 0.9470 0.3211 -0.0000
vn 0.8866 0.3006 -0.3515
vn 0.6122 0.2076 -0.7629
vn -0.0265 -0.0090 -0.9996
vn -0.6346 -0.2152 -0.7422
vn -0.8896 -0.3017 -0.3429
vn -0.8547 -0.5191 -0.0000
vn -0.8029 -0.4876 0.3429
vn -0.5728 -0.3478 0.7422
vn -0.0240 -0.0145 0.9996
vn 0.5526 0.3356 0.7629
vn 0.8002 0.4859 0.3515
vn 0.8547 0.5191 -0.0000
vn 0.8002 0.4859 -0.3515
vn 0.5526 0.3356 -0.7629
vn -0.0240 -0.0145 -0.9996
vn -0.5728 -0.3478 -0.7422
vn -0.8029 -0.4876 -0.3429
vn -0.7202 -0.6937 -0.0000
vn -0.6766 -0.6517 0.3428
vn -0.4828 -0.4650 0.7421
vn -0.0206 -0.0198 0.9996
vn 0.4654 0.4483 0.7632
vn 0.6743 0.6494 0.3517
vn 0.7203 0.6937 -0.0000
vn 0.6743 0.6494 -0.3517
vn 0.4654 0.4483 -0.7632
vn -0.0206 -0.0198 -0.9996
vn -0.4828 -0.4650 -0.7421
vn -0.6766 -0.6517 -0.3428
vn -0.5466 -0.8374 -0.0000
vn -0.5135 -0.7866 0.3428
vn -0.3665 -0.5614 0.7419
vn -0.0160 -0.0245 0.9996
vn 0.3530 0.5407 0.7636
vn 0.5117 0.7838 0.3519
vn 0.5466 0.8374 -0.0000
vn 0.5117 0.7838 -0.3519
vn 0.3530 0.5407 -0.7636
vn -0.0160 -0.0245 -0.9996
vn -0.3665 -0.5614 -0.7419
vn -0.5135 -0.7866 -0.3428
vn -0.3954 -0.9185 -0.0000
vn -0.3713 -0.8626 0.3436
vn -0.2634 -0.6118 0.7459
vn -0.0058 -0.0136 0.9999
vn 0.2585 0.6004 0.7568
vn 0.3707 0.8610 0.3482
vn 0.3954 0.9185 -0.0000
vn 0.3707 0.8610 -0.3482
vn 0.2585 0.6004 -0.7568
vn -0.0058 -0.0136 -0.9999
vn -0.2634 -0.6118 -0.7459
vn -0.3713 -0.8626 -0.3436
vn -0.2700 -0.8994 0.3436
vn -0.1915 -0.6379 0.7459
vn -0.0042 -0.0141 0.9999
vn 0.1879 0.6261 0.7568
vn 0.2695 0.8979 0.3482
vn 0.2695 0.8978 -0.3482
vn 0.1879 0.6261 -0.7568
vn -0.0042 -0.0141 -0.9999
vn -0.1915 -0.6379 -0.7459
vn -0.2700 -0.8994 -0.3436
vn -0.1123 -0.9327 0.3428
vn -0.0802 -0.6657 0.7419
vn -0.0035 -0.0291 0.9996
vn 0.0772 0.6411 0.7636
vn 0.1119 0.9293 0.3519
vn 0.1119 0.9293 -0.3519
vn 0.0772 0.6411 -0.7636
vn -0.0035 -0.0291 -0.9996
vn -0.0802 -0.6657 -0.7419
vn -0.1123 -0.9327 -0.3428
vn 0.1058 -0.9944 -0.0000
vn 0.0994 -0.9341 0.3428
vn 0.0709 -0.6665 0.7421
vn 0.0030 -0.0284 0.9996
vn -0.0684 0.6425 0.7632
vn -0.0991 0.9309 0.3517
vn -0.0991 0.9309 -0.3517
vn -0.0684 0.6425 -0.7632
vn 0.0030 -0.0284 -0.9996
vn 0.0709 -0.6665 -0.7421
vn 0.0994 -0.9341 -0.3428
vn 0.3017 -0.8896 0.3429
vn 0.2152 -0.6346 0.7422
vn 0.0090 -0.0265 0.9996
vn -0.2076 0.6122 0.7629
vn -0.3006 0.8866 0.3515
vn -0.3006 0.8866 -0.3515
vn -0.2076 0.6122 -0.7629
vn 0.0090 -0.0265 -0.9996
vn 0.2152 -0.6346 -0.7422
vn 0.3017 -0.8896 -0.3429
vn 0.4876 -0.8029 0.3429
vn 0.3478 -0.5728 0.7422
vn 0.0145 -0.0240 0.9996
vn -0.3356 0.5526 0.7629
vn -0.4859 0.8002 0.3515
vn -0.5190 0.8548 -0.0000
vn -0.4859 0.8002 -0.3515
vn -0.3356 0.5526 -0.7629
vn 0.0146 -0.0240 -0.9996
vn 0.3478 -0.5728 -0.7422
vn 0.4876 -0.8029 -0.3429
vn 0.6517 -0.6766 0.3428
vn 0.4650 -0.4828 0.7421
vn 0.0198 -0.0206 0.9996
vn -0.4483 0.4654 0.7632
vn -0.6494 0.6742 0.3517
vn -0.6494 0.6742 -0.3517
vn -0.4483 0.4654 -0.7632
vn 0.0198 -0.0206 -0.9996
vn 0.4650 -0.4828 -0.7421
vn 0.6517 -0.6766 -0.3428
vn 0.7866 -0.5135 0.3428
vn 0.5614 -0.3665 0.7419
vn 0.0245 -0.0160 0.9996
vn -0.5407 0.3530 0.7636
vn -0.7838 0.5117 0.3519
vn -0.7838 0.5116 -0.3519
vn -0.5407 0.3530 -0.7636
vn 0.0245 -0.0160 -0.9996
vn 0.5614 -0.3665 -0.7419
vn 0.7866 -0.5135 -0.3428
vn 0.8626 -0.3713 0.3436
vn 0.6118 -0.2634 0.7459
vn 0.0136 -0.0058 0.9999
vn -0.6004 0.2585 0.7568
vn -0.8610 0.3707 0.3482
vn -0.8610 0.3707 -0.3482
vn -0.6004 0.2585 -0.7568
vn 0.0136 -0.0058 -0.9999
vn 0.6118 -0.2634 -0.7459
vn 0.8626 -0.3713 -0.3436
vn 0.8994 -0.2700 0.3436
vn 0.6379 -0.1915 0.7459
vn 0.0141 -0.0042 0.9999
vn -0.6261 0.1879 0.7568
vn -0.8978 0.2695 0.3482
vn -0.8979 0.2695 -0.3482
vn -0.6261 0.1879 -0.7568
vn 0.0141 -0.0042 -0.9999
vn 0.6379 -0.1915 -0.7459
vn 0.8995 -0.2700 -0.3436
vn 0.9327 -0.1123 0.3428
vn 0.6657 -0.0801 0.7419
vn 0.0291 -0.0035 0.9996
vn -0.6411 0.0772 0.7636
vn -0.9293 0.1119 0.3519
vn -0.9293 0.1119 -0.3519
vn -0.6411 0.0772 -0.7636
vn 0.0291 -0.0035 -0.9996
vn 0.6657 -0.0801 -0.7419
vn 0.9327 -0.1123 -0.3428
vn 0.9341 0.0994 0.3428
vn 0.6665 0.0709 0.7421
vn 0.0284 0.0030 0.9996
vn -0.6425 -0.0684 0.7632
vn -0.9309 -0.0991 0.3517
vn -0.9309 -0.0991 -0.3517
vn -0.6425 -0.0684 -0.7632
vn 0.0284 0.0030 -0.9996
vn 0.6665 0.0709 -0.7421
vn 0.9341 0.0994 -0.3428
vn 0.8896 0.3017 0.3429
vn 0.6346 0.2152 0.7422
vn 0.0265 0.0090 0.9996
vn -0.6122 -0.2076 0.7629
vn -0.8866 -0.3006 0.3515
vn -0.8866 -0.3006 -0.3515
vn -0.6122 -0.2076 -0.7629
vn 0.0265 0.0090 -0.9996
vn 0.6346 0.2152 -0.7422
vn 0.8896 0.3017 -0.3429
vn 0.8029 0.4876 0.3429
vn 0.5728 0.3478 0.7422
vn 0.0240 0.0145 0.9996
vn -0.5526 -0.3356 0.7629
vn -0.8002 -0.4859 0.3515
vn -0.8002 -0.4859 -0.3515
vn -0.5526 -0.3356 -0.7629
vn 0.0240 0.0145 -0.9996
vn 0.5728 0.3478 -0.7422
vn 0.8029 0.4876 -0.3429
vn 0.7202 0.6937 -0.0000
vn 0.6766 0.6517 0.3428
vn 0.4828 0.4650 0.7421
vn 0.0206 0.0198 0.9996
vn -0.4654 -0.4483 0.7632
vn -0.6743 -0.6494 0.3517
vn -0.7203 -0.6937 -0.0000
vn -0.6743 -0.6494 -0.3517
vn -0.4654 -0.4483 -0.7632
vn 0.0206 0.0198 -0.9996
vn 0.4828 0.4650 -0.7421
vn 0.6766 0.6517 -0.3428
vn 0.5135 0.7866 0.3428
vn 0.3665 0.5614 0.7419
vn 0.0160 0.0245 0.9996
vn -0.3530 -0.5407 0.7636
vn -0.5117 -0.7838 0.3519
vn -0.5117 -0.7838 -0.3519
vn -0.3530 -0.5407 -0.7636
vn 0.0160 0.0245 -0.9996
vn 0.3665 0.5614 -0.7419
vn 0.5135 0.7866 -0.3428
vn 0.3713 0.8626 0.3436
vn 0.2634 0.6118 0.7459
vn 0.0058 0.0136 0.9999
vn -0.2585 -0.6004 0.7568
vn -0.3707 -0.8610 0.3482
vn -0.3707 -0.8610 -0.3482
vn -0.2585 -0.6004 -0.7568
vn 0.0058 0.0136 -0.9999
vn 0.2634 0.6118 -0.7459
vn 0.3713 0.8626 -0.3436
vn -0.7850 0.6052 -0.1320
vn -0.8016 0.5264 -0.2836
vn -0.9577 0.2604 -0.1223
vn -0.9425 0.3337 0.0205
vn -0.9806 -0.1538 0.1218
vn -0.9684 -0.1063 0.2256
vn -0.6205 -0.6673 0.4119
vn -0.6088 -0.6740 0.4184
vn 0.0615 -0.8614 0.5041
vn 0.0611 -0.9125 0.4045
vn 0.5401 -0.7331 0.4134
vn 0.5280 -0.8052 0.2702
vn 0.8016 -0.5264 0.2836
vn 0.7850 -0.6052 0.1321
vn 0.9605 -0.2524 0.1175
vn 0.9439 -0.3295 -0.0226
vn 0.9737 0.1816 -0.1379
vn 0.9652 0.1213 -0.2318
vn 0.5736 0.6981 -0.4285
vn 0.5856 0.6919 -0.4223
vn -0.0943 0.8597 -0.5020
vn -0.0774 0.9126 -0.4015
vn -0.5482 0.7287 -0.4105
vn -0.5320 0.8031 -0.2685
vn -0.7874 0.3996 -0.4694
vn -0.9444 0.1413 -0.2968
vn -0.9710 -0.2390 -0.0026
vn -0.6195 -0.6713 0.4068
vn 0.0529 -0.7795 0.6242
vn 0.5270 -0.6143 0.5872
vn 0.7874 -0.3996 0.4694
vn 0.9471 -0.1339 0.2915
vn 0.9646 0.2630 -0.0176
vn 0.5746 0.6941 -0.4336
vn -0.0845 0.7747 -0.6266
vn -0.5349 0.6096 -0.5851
vn -0.7348 0.2560 -0.6281
vn -0.8951 0.0063 -0.4459
vn -0.9358 -0.3354 -0.1089
vn -0.6176 -0.6756 0.4026
vn 0.0194 -0.6866 0.7268
vn 0.4780 -0.4797 0.7358
vn 0.7348 -0.2560 0.6281
vn 0.8979 0.0004 0.4402
vn 0.9307 0.3556 0.0853
vn 0.5765 0.6899 -0.4379
vn -0.0491 0.6785 -0.7330
vn -0.4855 0.4746 -0.7342
vn -0.6475 0.1014 -0.7553
vn -0.8131 -0.1390 -0.5653
vn -0.8773 -0.4390 -0.1941
vn -0.6152 -0.6799 0.3991
vn -0.0371 -0.5866 0.8090
vn 0.3962 -0.3350 0.8548
vn 0.6475 -0.1014 0.7553
vn 0.8162 0.1452 0.5593
vn 0.8743 0.4556 0.1675
vn 0.5789 0.6856 -0.4414
vn 0.0094 0.5749 -0.8182
vn -0.4035 0.3294 -0.8536
vn -0.5281 -0.0596 -0.8471
vn -0.7009 -0.2901 -0.6516
vn -0.7972 -0.5468 -0.2558
vn -0.6121 -0.6844 0.3961
vn -0.1146 -0.4828 0.8682
vn 0.2843 -0.1844 0.9408
vn 0.5281 0.0596 0.8471
vn 0.7044 0.2960 0.6451
vn 0.7971 0.5598 0.2265
vn 0.5820 0.6810 -0.4444
vn 0.0893 0.4669 -0.8798
vn -0.2913 0.1782 -0.9399
vn -0.3795 -0.2211 -0.8984
vn -0.5613 -0.4418 -0.6998
vn -0.6976 -0.6550 -0.2904
vn -0.6081 -0.6892 0.3939
vn -0.2110 -0.3788 0.9011
vn 0.1451 -0.0334 0.9889
vn 0.3795 0.2211 0.8984
vn 0.5654 0.4473 0.6930
vn 0.7011 0.6643 0.2591
vn 0.5859 0.6762 -0.4465
vn 0.1887 0.3585 -0.9143
vn -0.1518 0.0265 -0.9881
vn -0.2531 -0.3368 -0.9069
vn -0.4430 -0.5510 -0.7072
vn -0.6141 -0.7338 -0.2905
vn -0.6010 -0.6879 0.4070
vn -0.2865 -0.2967 0.9110
vn 0.0294 0.0780 0.9965
vn 0.2531 0.3368 0.9069
vn 0.4453 0.5536 0.7038
vn 0.6175 0.7371 0.2747
vn 0.5935 0.6780 -0.4338
vn 0.2769 0.2851 -0.9176
vn -0.0325 -0.0816 -0.9961
vn -0.1643 -0.4089 -0.8977
vn -0.3595 -0.6187 -0.6985
vn -0.5549 -0.7818 -0.2843
vn -0.5996 -0.6890 0.4071
vn -0.3446 -0.2496 0.9049
vn -0.0540 0.1455 0.9879
vn 0.1643 0.4089 0.8977
vn 0.3619 0.6211 0.6951
vn 0.5594 0.7842 0.2686
vn 0.5948 0.6769 -0.4336
vn 0.3361 0.2371 -0.9115
vn 0.0510 -0.1493 -0.9875
vn -0.0276 -0.5064 -0.8619
vn -0.2307 -0.7098 -0.6655
vn -0.4617 -0.8462 -0.2659
vn -0.5978 -0.6975 0.3950
vn -0.4382 -0.1945 0.8776
vn -0.1843 0.2336 0.9547
vn 0.0276 0.5064 0.8619
vn 0.2360 0.7143 0.6588
vn 0.4739 0.8485 0.2355
vn 0.5962 0.6679 -0.4455
vn 0.4246 0.1673 -0.8898
vn 0.1788 -0.2415 -0.9538
vn 0.1526 -0.6114 -0.7765
vn -0.0614 -0.8085 -0.5853
vn -0.3410 -0.9167 -0.2085
vn -0.5927 -0.7002 0.3981
vn -0.5544 -0.1262 0.8226
vn -0.3529 0.3321 0.8747
vn -0.1526 0.6114 0.7765
vn 0.0672 0.8125 0.5790
vn 0.3573 0.9163 0.1809
vn 0.6014 0.6653 -0.4424
vn 0.5455 0.0971 -0.8325
vn 0.3481 -0.3402 -0.8736
vn 0.3214 -0.6841 -0.6548
vn 0.0971 -0.8768 -0.4710
vn -0.2280 -0.9654 -0.1267
vn -0.5880 -0.7019 0.4019
vn -0.6634 -0.0788 0.7441
vn -0.5108 0.4003 0.7608
vn -0.3214 0.6841 0.6548
vn -0.0909 0.8805 0.4652
vn 0.2479 0.9633 0.1026
vn 0.6061 0.6636 -0.4386
vn 0.6587 0.0485 -0.7508
vn 0.5067 -0.4084 -0.7592
vn 0.4732 -0.7233 -0.5028
vn 0.2398 -0.9137 -0.3282
vn -0.1262 -0.9917 -0.0249
vn -0.5838 -0.7030 0.4062
vn -0.7616 -0.0535 0.6458
vn -0.6530 0.4371 0.6185
vn -0.4732 0.7233 0.5028
vn -0.2331 0.9173 0.3229
vn 0.1497 0.9887 0.0043
vn 0.6103 0.6625 -0.4343
vn 0.7605 0.0222 -0.6490
vn 0.6493 -0.4453 -0.6165
vn 0.6036 -0.7280 -0.3251
vn 0.3623 -0.9180 -0.1613
vn -0.0387 -0.9948 0.0941
vn -0.5798 -0.7035 0.4110
vn -0.8459 -0.0509 0.5309
vn -0.7751 0.4413 0.4522
vn -0.6036 0.7280 0.3251
vn -0.3550 0.9217 0.1565
vn 0.0658 0.9917 -0.1108
vn 0.6143 0.6620 -0.4295
vn 0.8478 0.0189 -0.5299
vn 0.7718 -0.4497 -0.4495
vn 0.7066 -0.6961 -0.1272
vn 0.4590 -0.8881 0.0247
vn 0.0306 -0.9735 0.2267
vn -0.5763 -0.7031 0.4165
vn -0.9123 -0.0720 0.4031
vn -0.8715 0.4113 0.2670
vn -0.7065 0.6961 0.1272
vn -0.4512 0.8920 -0.0289
vn -0.0002 0.9710 -0.2389
vn 0.6177 0.6623 -0.4240
vn 0.9169 0.0400 -0.3972
vn 0.8685 -0.4198 -0.2636
vn 0.7610 -0.6481 0.0283
vn 0.5094 -0.8433 0.1710
vn 0.0614 -0.9411 0.3324
vn -0.5860 -0.6925 0.4208
vn -0.9495 -0.0932 0.2997
vn -0.9214 0.3697 0.1199
vn -0.7610 0.6481 -0.0283
vn -0.5055 0.8454 -0.1729
vn -0.0455 0.9405 -0.3366
vn 0.6085 0.6734 -0.4199
vn 0.9524 0.0778 -0.2947
vn 0.9199 -0.3739 -0.1179
vn 0.7850 -0.6052 0.1320
vn 0.5320 -0.8031 0.2685
vn 0.0774 -0.9126 0.4015
vn -0.5856 -0.6919 0.4223
vn -0.9652 -0.1213 0.2318
vn -0.9439 0.3295 0.0226
vn -0.7850 0.6052 -0.1321
vn -0.5280 0.8051 -0.2702
vn -0.0612 0.9125 -0.4045
vn 0.6088 0.6740 -0.4184
vn 0.9684 0.1063 -0.2256
vn 0.9425 -0.3336 -0.0205
vn 0.5482 -0.7287 0.4105
vn 0.0943 -0.8597 0.5020
vn -0.5736 -0.6981 0.4285
vn -0.9737 -0.1816 0.1379
vn -0.9605 0.2524 -0.1175
vn -0.5401 0.7331 -0.4134
vn -0.0615 0.8614 -0.5041
vn 0.6205 0.6673 -0.4119
vn 0.9806 0.1538 -0.1218
vn 0.9577 -0.2604 0.1223
vn 0.5349 -0.6096 0.5851
vn 0.0845 -0.7747 0.6266
vn -0.5746 -0.6941 0.4336
vn -0.9646 -0.2630 0.0176
vn -0.9471 0.1339 -0.2915
vn -0.5270 0.6143 -0.5872
vn -0.0529 0.7795 -0.6242
vn 0.6195 0.6713 -0.4068
vn 0.9710 0.2390 0.0026
vn 0.9444 -0.1413 0.2968
vn 0.4855 -0.4746 0.7342
vn 0.0491 -0.6785 0.7330
vn -0.5765 -0.6899 0.4379
vn -0.9307 -0.3556 -0.0853
vn -0.8979 -0.0004 -0.4402
vn -0.4780 0.4797 -0.7358
vn -0.0194 0.6866 -0.7268
vn 0.6176 0.6756 -0.4026
vn 0.9358 0.3354 0.1089
vn 0.8951 -0.0063 0.4459
vn 0.4035 -0.3294 0.8536
vn -0.0094 -0.5749 0.8182
vn -0.5789 -0.6856 0.4414
vn -0.8743 -0.4556 -0.1675
vn -0.8162 -0.1452 -0.5593
vn -0.3963 0.3350 -0.8548
vn 0.0371 0.5866 -0.8090
vn 0.6152 0.6799 -0.3991
vn 0.8773 0.4390 0.1941
vn 0.8131 0.1390 0.5653
vn 0.2913 -0.1782 0.9399
vn -0.0893 -0.4669 0.8798
vn -0.5820 -0.6810 0.4444
vn -0.7971 -0.5598 -0.2265
vn -0.7044 -0.2960 -0.6451
vn -0.2843 0.1844 -0.9408
vn 0.1146 0.4828 -0.8682
vn 0.6121 0.6844 -0.3961
vn 0.7972 0.5468 0.2558
vn 0.7009 0.2901 0.6516
vn 0.1518 -0.0265 0.9881
vn -0.1887 -0.3585 0.9143
vn -0.5859 -0.6762 0.4465
vn -0.7011 -0.6643 -0.2591
vn -0.5654 -0.4473 -0.6930
vn -0.1451 0.0334 -0.9889
vn 0.2110 0.3788 -0.9011
vn 0.6081 0.6892 -0.3939
vn 0.6976 0.6550 0.2904
vn 0.5613 0.4418 0.6998
vn 0.0325 0.0816 0.9961
vn -0.2769 -0.2851 0.9176
vn -0.5935 -0.6780 0.4338
vn -0.6175 -0.7371 -0.2747
vn -0.4453 -0.5536 -0.7038
vn -0.0294 -0.0780 -0.9965
vn 0.2865 0.2967 -0.9110
vn 0.6010 0.6879 -0.4070
vn 0.6141 0.7338 0.2905
vn 0.4430 0.5510 0.7072
vn -0.0510 0.1493 0.9875
vn -0.3361 -0.2371 0.9115
vn -0.5948 -0.6769 0.4336
vn -0.5594 -0.7842 -0.2686
vn -0.3619 -0.6211 -0.6951
vn 0.0540 -0.1455 -0.9879
vn 0.3446 0.2496 -0.9049
vn 0.5996 0.6890 -0.4071
vn 0.5549 0.7818 0.2843
vn 0.3595 0.6187 0.6985
vn -0.1788 0.2415 0.9538
vn -0.4246 -0.1673 0.8898
vn -0.5962 -0.6679 0.4455
vn -0.4739 -0.8485 -0.2355
vn -0.2361 -0.7143 -0.6588
vn 0.1843 -0.2336 -0.9547
vn 0.4382 0.1945 -0.8776
vn 0.5978 0.6975 -0.3950
vn 0.4617 0.8463 0.2659
vn 0.2307 0.7098 0.6655
vn -0.3481 0.3402 0.8736
vn -0.5455 -0.0971 0.8325
vn -0.6014 -0.6653 0.4424
vn -0.3573 -0.9163 -0.1809
vn -0.0672 -0.8125 -0.5790
vn 0.3529 -0.3321 -0.8747
vn 0.5544 0.1262 -0.8226
vn 0.5927 0.7002 -0.3981
vn 0.3410 0.9167 0.2085
vn 0.0614 0.8085 0.5853
vn -0.5067 0.4084 0.7592
vn -0.6587 -0.0485 0.7508
vn -0.6061 -0.6636 0.4386
vn -0.2479 -0.9633 -0.1026
vn 0.0909 -0.8805 -0.4652
vn 0.5108 -0.4003 -0.7608
vn 0.6635 0.0788 -0.7441
vn 0.5880 0.7019 -0.4019
vn 0.2280 0.9654 0.1267
vn -0.0971 0.8768 0.4710
vn -0.6493 0.4453 0.6165
vn -0.7605 -0.0222 0.6490
vn -0.6103 -0.6625 0.4343
vn -0.1497 -0.9887 -0.0043
vn 0.2331 -0.9173 -0.3229
vn 0.6530 -0.4371 -0.6185
vn 0.7616 0.0535 -0.6458
vn 0.5838 0.7030 -0.4062
vn 0.1262 0.9917 0.0249
vn -0.2398 0.9137 0.3282
vn -0.7718 0.4497 0.4495
vn -0.8478 -0.0189 0.5299
vn -0.6143 -0.6620 0.4295
vn -0.0658 -0.9917 0.1108
vn 0.3550 -0.9217 -0.1565
vn 0.7751 -0.4413 -0.4522
vn 0.8459 0.0509 -0.5309
vn 0.5798 0.7035 -0.4110
vn 0.0387 0.9948 -0.0941
vn -0.3623 0.9180 0.1613
vn -0.7066 0.6961 0.1272
vn -0.8685 0.4198 0.2636
vn -0.9169 -0.0400 0.3972
vn -0.6177 -0.6623 0.4240
vn 0.0002 -0.9710 0.2389
vn 0.4512 -0.8920 0.0289
vn 0.7065 -0.6962 -0.1272
vn 0.8715 -0.4113 -0.2670
vn 0.9123 0.0720 -0.4031
vn 0.5763 0.7031 -0.4165
vn -0.0306 0.9735 -0.2267
vn -0.4590 0.8881 -0.0247
vn -0.9199 0.3739 0.1179
vn -0.9524 -0.0778 0.2947
vn -0.6085 -0.6734 0.4200
vn 0.0455 -0.9405 0.3366
vn 0.5055 -0.8453 0.1729
vn 0.9214 -0.3697 -0.1199
vn 0.9495 0.0932 -0.2997
vn 0.5860 0.6925 -0.4208
vn -0.0614 0.9411 -0.3324
vn -0.5094 0.8433 -0.1710
vn -0.2695 -0.8979 0.3482
vn 0.0801 0.6657 -0.7419
vn 0.7838 -0.5116 0.3519
vn 0.7838 -0.5117 -0.3519
vn 0.8978 -0.2695 -0.3482
vn -0.0142 0.0042 -0.9999
vn 0.8547 0.5190 -0.0000
vn 0.2695 0.8978 0.3482
vn 0.2695 0.8979 -0.3482
vn -0.0801 -0.6657 0.7419
vn -0.0801 -0.6657 -0.7419
vn 0.0146 -0.0240 0.9996
vn 0.0145 -0.0240 -0.9996
vn -0.7838 0.5116 0.3519
vn -0.8978 0.2695 -0.3482
vn 0.8994 -0.2700 -0.3436
vn -0.8548 -0.5190 -0.0000
vn 0.5135 0.7867 -0.3428
vn -0.8507 0.5256 -0.0000
vn -0.9281 0.3724 -0.0000
vn -0.8718 0.3499 0.3428
vn -0.7989 0.4936 0.3436
vn -0.6222 0.2497 0.7419
vn -0.5666 0.3501 0.7459
vn -0.0272 0.0109 0.9996
vn -0.0126 0.0078 0.9999
vn 0.5993 -0.2405 0.7636
vn 0.5561 -0.3436 0.7568
vn 0.8687 -0.3486 0.3519
vn 0.7975 -0.4927 0.3482
vn 0.9281 -0.3724 -0.0000
vn 0.8507 -0.5256 -0.0000
vn 0.8687 -0.3486 -0.3519
vn 0.7975 -0.4927 -0.3482
vn 0.5993 -0.2405 -0.7636
vn 0.5561 -0.3436 -0.7568
vn -0.0272 0.0109 -0.9996
vn -0.0126 0.0078 -0.9999
vn -0.6222 0.2497 -0.7419
vn -0.5666 0.3501 -0.7459
vn -0.8718 0.3499 -0.3428
vn -0.7989 0.4936 -0.3436
vn -0.9879 0.1552 -0.0000
vn -0.9280 0.1458 0.3428
vn -0.6622 0.1040 0.7421
vn -0.0282 0.0044 0.9996
vn 0.6384 -0.1003 0.7632
vn 0.9248 -0.1452 0.3517
vn 0.9879 -0.1551 -0.0000
vn 0.9248 -0.1452 -0.3517
vn 0.6384 -0.1002 -0.7632
vn -0.0282 0.0044 -0.9996
vn -0.6622 0.1040 -0.7421
vn -0.9280 0.1458 -0.3428
vn -0.9979 -0.0651 -0.0000
vn -0.9374 -0.0611 0.3429
vn -0.6687 -0.0436 0.7422
vn -0.0280 -0.0018 0.9996
vn 0.6451 0.0421 0.7629
vn 0.9342 0.0609 0.3515
vn 0.9979 0.0651 -0.0000
vn 0.9342 0.0609 -0.3515
vn 0.6451 0.0421 -0.7629
vn -0.0280 -0.0018 -0.9996
vn -0.6687 -0.0436 -0.7422
vn -0.9374 -0.0611 -0.3429
vn -0.9600 -0.2802 -0.0000
vn -0.9018 -0.2632 0.3429
vn -0.6433 -0.1877 0.7422
vn -0.0269 -0.0079 0.9996
vn 0.6206 0.1811 0.7629
vn 0.8987 0.2623 0.3515
vn 0.9600 0.2801 -0.0000
vn 0.8987 0.2623 -0.3515
vn 0.6206 0.1811 -0.7629
vn -0.0269 -0.0079 -0.9996
vn -0.6433 -0.1877 -0.7422
vn -0.9018 -0.2632 -0.3429
vn -0.8753 -0.4837 -0.0000
vn -0.8222 -0.4544 0.3428
vn -0.5867 -0.3242 0.7421
vn -0.0250 -0.0138 0.9996
vn 0.5656 0.3125 0.7632
vn 0.8193 0.4528 0.3517
vn 0.8753 0.4837 -0.0000
vn 0.8193 0.4528 -0.3517
vn 0.5656 0.3125 -0.7632
vn -0.0250 -0.0138 -0.9996
vn -0.5867 -0.3242 -0.7421
vn -0.8222 -0.4544 -0.3428
vn -0.7447 -0.6674 -0.0000
vn -0.6996 -0.6269 0.3428
vn -0.4993 -0.4475 0.7419
vn -0.0218 -0.0195 0.9996
vn 0.4809 0.4310 0.7636
vn 0.6971 0.6247 0.3519
vn 0.7447 0.6674 -0.0000
vn 0.6971 0.6247 -0.3519
vn 0.4809 0.4310 -0.7636
vn -0.0218 -0.0195 -0.9996
vn -0.4993 -0.4475 -0.7419
vn -0.6996 -0.6269 -0.3428
vn -0.6197 -0.7849 -0.0000
vn -0.5819 -0.7371 0.3436
vn -0.4127 -0.5228 0.7459
vn -0.0092 -0.0116 0.9999
vn 0.4051 0.5131 0.7568
vn 0.5809 0.7358 0.3482
vn 0.6197 0.7849 -0.0000
vn 0.5809 0.7358 -0.3482
vn 0.4050 0.5131 -0.7568
vn -0.0091 -0.0116 -0.9999
vn -0.4127 -0.5228 -0.7459
vn -0.5819 -0.7371 -0.3436
vn -0.5256 -0.8507 -0.0000
vn -0.4936 -0.7989 0.3436
vn -0.3501 -0.5666 0.7459
vn -0.0078 -0.0126 0.9999
vn 0.3436 0.5561 0.7568
vn 0.4927 0.7975 0.3482
vn 0.5256 0.8507 -0.0000
vn 0.4927 0.7975 -0.3482
vn 0.3436 0.5561 -0.7568
vn -0.0078 -0.0126 -0.9999
vn -0.3501 -0.5666 -0.7459
vn -0.4936 -0.7989 -0.3436
vn -0.3724 -0.9281 -0.0000
vn -0.3499 -0.8718 0.3428
vn -0.2497 -0.6222 0.7419
vn -0.0109 -0.0272 0.9996
vn 0.2405 0.5993 0.7636
vn 0.3486 0.8687 0.3519
vn 0.3724 0.9281 -0.0000
vn 0.3486 0.8687 -0.3519
vn 0.2405 0.5993 -0.7636
vn -0.0109 -0.0272 -0.9996
vn -0.2497 -0.6222 -0.7419
vn -0.3499 -0.8718 -0.3428
vn -0.1551 -0.9879 -0.0000
vn -0.1457 -0.9280 0.3428
vn -0.1040 -0.6622 0.7421
vn -0.0044 -0.0282 0.9996
vn 0.1003 0.6384 0.7632
vn 0.1452 0.9248 0.3517
vn 0.1552 0.9879 -0.0000
vn 0.1452 0.9248 -0.3517
vn 0.1003 0.6383 -0.7632
vn -0.0044 -0.0282 -0.9996
vn -0.1040 -0.6622 -0.7421
vn -0.1458 -0.9280 -0.3428
vn 0.0651 -0.9979 -0.0000
vn 0.0611 -0.9374 0.3429
vn 0.0436 -0.6687 0.7422
vn 0.0018 -0.0280 0.9996
vn -0.0421 0.6451 0.7629
vn -0.0609 0.9342 0.3515
vn -0.0651 0.9979 -0.0000
vn -0.0609 0.9342 -0.3515
vn -0.0421 0.6451 -0.7629
vn 0.0018 -0.0280 -0.9996
vn 0.0436 -0.6687 -0.7422
vn 0.0611 -0.9374 -0.3429
vn 0.2802 -0.9600 -0.0000
vn 0.2632 -0.9018 0.3429
vn 0.1877 -0.6433 0.7422
vn 0.0079 -0.0269 0.9996
vn -0.1811 0.6206 0.7629
vn -0.2623 0.8987 0.3515
vn -0.2801 0.9600 -0.0000
vn -0.2623 0.8987 -0.3515
vn -0.1811 0.6206 -0.7629
vn 0.0079 -0.0269 -0.9996
vn 0.1877 -0.6433 -0.7422
vn 0.2632 -0.9018 -0.3429
vn 0.4837 -0.8752 -0.0000
vn 0.4544 -0.8222 0.3428
vn 0.3242 -0.5867 0.7421
vn 0.0138 -0.0250 0.9996
vn -0.3125 0.5656 0.7632
vn -0.4528 0.8194 0.3517
vn -0.4836 0.8753 -0.0000
vn -0.4527 0.8194 -0.3517
vn -0.3125 0.5656 -0.7632
vn 0.0138 -0.0250 -0.9996
vn 0.3242 -0.5867 -0.7421
vn 0.4544 -0.8222 -0.3428
vn 0.6674 -0.7447 -0.0000
vn 0.6269 -0.6996 0.3428
vn 0.4475 -0.4993 0.7419
vn 0.0195 -0.0218 0.9996
vn -0.4309 0.4809 0.7636
vn -0.6247 0.6971 0.3519
vn -0.6674 0.7447 -0.0000
vn -0.6247 0.6971 -0.3519
vn -0.4309 0.4809 -0.7636
vn 0.0195 -0.0218 -0.9996
vn 0.4475 -0.4993 -0.7419
vn 0.6269 -0.6996 -0.3428
vn 0.7849 -0.6196 -0.0000
vn 0.7371 -0.5819 0.3436
vn 0.5228 -0.4127 0.7459
vn 0.0116 -0.0091 0.9999
vn -0.5131 0.4051 0.7568
vn -0.7358 0.5809 0.3482
vn -0.7849 0.6197 -0.0000
vn -0.7358 0.5809 -0.3482
vn -0.5130 0.4051 -0.7568
vn 0.0116 -0.0092 -0.9999
vn 0.5228 -0.4127 -0.7459
vn 0.7371 -0.5819 -0.3436
vn 0.7989 -0.4936 0.3436
vn 0.5666 -0.3501 0.7459
vn 0.0126 -0.0078 0.9999
vn -0.5561 0.3436 0.7568
vn -0.7975 0.4927 0.3482
vn -0.7975 0.4927 -0.3482
vn -0.5561 0.3436 -0.7568
vn 0.0126 -0.0078 -0.9999
vn 0.5666 -0.3501 -0.7459
vn 0.7989 -0.4936 -0.3436
vn 0.8718 -0.3499 0.3428
vn 0.6222 -0.2497 0.7419
vn 0.0272 -0.0109 0.9996
vn -0.5993 0.2405 0.7636
vn -0.8687 0.3486 0.3519
vn -0.8687 0.3486 -0.3519
vn -0.5993 0.2405 -0.7636
vn 0.0272 -0.0109 -0.9996
vn 0.6222 -0.2497 -0.7419
vn 0.8718 -0.3499 -0.3428
vn 0.9879 -0.1552 -0.0000
vn 0.9280 -0.1458 0.3428
vn 0.6622 -0.1040 0.7421
vn 0.0282 -0.0044 0.9996
vn -0.6384 0.1003 0.7632
vn -0.9248 0.1452 0.3517
vn -0.9879 0.1551 -0.0000
vn -0.9248 0.1452 -0.3517
vn -0.6384 0.1002 -0.7632
vn 0.0282 -0.0044 -0.9996
vn 0.6622 -0.1040 -0.7421
vn 0.9280 -0.1457 -0.3428
vn 0.9374 0.0611 0.3429
vn 0.6687 0.0436 0.7422
vn 0.0280 0.0018 0.9996
vn -0.6451 -0.0421 0.7629
vn -0.9342 -0.0609 0.3515
vn -0.9342 -0.0609 -0.3515
vn -0.6451 -0.0421 -0.7629
vn 0.0280 0.0018 -0.9996
vn 0.6687 0.0436 -0.7422
vn 0.9374 0.0611 -0.3429
vn 0.9600 0.2802 -0.0000
vn 0.9018 0.2632 0.3429
vn 0.6433 0.1877 0.7422
vn 0.0269 0.0079 0.9996
vn -0.6206 -0.1811 0.7629
vn -0.8987 -0.2623 0.3515
vn -0.9600 -0.2801 -0.0000
vn -0.8987 -0.2623 -0.3515
vn -0.6206 -0.1811 -0.7629
vn 0.0269 0.0079 -0.9996
vn 0.6433 0.1877 -0.7422
vn 0.9018 0.2632 -0.3429
vn 0.8752 0.4837 -0.0000
vn 0.8222 0.4544 0.3428
vn 0.5867 0.3242 0.7421
vn 0.0250 0.0138 0.9996
vn -0.5656 -0.3125 0.7632
vn -0.8193 -0.4528 0.3517
vn -0.8752 -0.4837 -0.0000
vn -0.8193 -0.4528 -0.3517
vn -0.5656 -0.3125 -0.7632
vn 0.0250 0.0138 -0.9996
vn 0.5867 0.3242 -0.7421
vn 0.8222 0.4544 -0.3428
vn 0.6996 0.6269 0.3428
vn 0.4993 0.4475 0.7419
vn 0.0218 0.0195 0.9996
vn -0.4809 -0.4310 0.7636
vn -0.6971 -0.6247 0.3519
vn -0.6971 -0.6247 -0.3519
vn -0.4809 -0.4310 -0.7636
vn 0.0218 0.0195 -0.9996
vn 0.4993 0.4475 -0.7419
vn 0.6996 0.6269 -0.3428
vn 0.5819 0.7371 0.3436
vn 0.4127 0.5228 0.7459
vn 0.0092 0.0116 0.9999
vn -0.4051 -0.5131 0.7568
vn -0.5809 -0.7358 0.3482
vn -0.5809 -0.7358 -0.3482
vn -0.4051 -0.5131 -0.7568
vn 0.0091 0.0116 -0.9999
vn 0.4127 0.5228 -0.7459
vn 0.5819 0.7371 -0.3436
vn 0.4936 0.7989 0.3436
vn 0.3501 0.5666 0.7459
vn 0.0078 0.0126 0.9999
vn -0.3436 -0.5561 0.7568
vn -0.4927 -0.7975 0.3482
vn -0.4927 -0.7975 -0.3482
vn -0.3436 -0.5561 -0.7568
vn 0.0078 0.0126 -0.9999
vn 0.3501 0.5666 -0.7459
vn 0.4936 0.7989 -0.3436
vn 0.3499 0.8718 0.3428
vn 0.2497 0.6222 0.7419
vn 0.0109 0.0272 0.9996
vn -0.2405 -0.5993 0.7636
vn -0.3486 -0.8687 0.3519
vn -0.3486 -0.8687 -0.3519
vn -0.2405 -0.5993 -0.7636
vn 0.0109 0.0272 -0.9996
vn 0.2497 0.6222 -0.7419
vn 0.3499 0.8718 -0.3428
vn 0.1551 0.9879 -0.0000
vn 0.1458 0.9280 0.3428
vn 0.1040 0.6622 0.7421
vn 0.0044 0.0282 0.9996
vn -0.1003 -0.6383 0.7632
vn -0.1452 -0.9248 0.3517
vn -0.1452 -0.9248 -0.3517
vn -0.1003 -0.6384 -0.7632
vn 0.0044 0.0282 -0.9996
vn 0.1040 0.6622 -0.7421
vn 0.1457 0.9280 -0.3428
vn -0.0611 0.9374 0.3429
vn -0.0436 0.6687 0.7422
vn -0.0018 0.0280 0.9996
vn 0.0421 -0.6451 0.7629
vn 0.0609 -0.9342 0.3515
vn 0.0609 -0.9342 -0.3515
vn 0.0421 -0.6451 -0.7629
vn -0.0018 0.0280 -0.9996
vn -0.0436 0.6687 -0.7422
vn -0.0611 0.9374 -0.3429
vn -0.2802 0.9600 -0.0000
vn -0.2632 0.9018 0.3429
vn -0.1877 0.6433 0.7422
vn -0.0078 0.0269 0.9996
vn 0.1811 -0.6206 0.7629
vn 0.2623 -0.8987 0.3515
vn 0.2801 -0.9600 -0.0000
vn 0.2623 -0.8987 -0.3515
vn 0.1811 -0.6206 -0.7629
vn -0.0079 0.0269 -0.9996
vn -0.1877 0.6433 -0.7422
vn -0.2632 0.9018 -0.3429
vn -0.4837 0.8752 -0.0000
vn -0.4544 0.8222 0.3428
vn -0.3242 0.5867 0.7421
vn -0.0138 0.0250 0.9996
vn 0.3125 -0.5656 0.7632
vn 0.4528 -0.8194 0.3517
vn 0.4836 -0.8753 -0.0000
vn 0.4527 -0.8194 -0.3517
vn 0.3125 -0.5656 -0.7632
vn -0.0138 0.0250 -0.9996
vn -0.3242 0.5867 -0.7421
vn -0.4544 0.8222 -0.3428
vn -0.6269 0.6996 0.3428
vn -0.4475 0.4993 0.7419
vn -0.0195 0.0218 0.9996
vn 0.4309 -0.4809 0.7636
vn 0.6247 -0.6971 0.3519
vn 0.6247 -0.6971 -0.3519
vn 0.4310 -0.4809 -0.7636
vn -0.0195 0.0218 -0.9996
vn -0.4475 0.4993 -0.7419
vn -0.6269 0.6996 -0.3428
vn -0.7849 0.6196 -0.0000
vn -0.7371 0.5819 0.3436
vn -0.5228 0.4127 0.7459
vn -0.0116 0.0092 0.9999
vn 0.5131 -0.4051 0.7568
vn 0.7358 -0.5809 0.3482
vn 0.7849 -0.6197 -0.0000
vn 0.7358 -0.5809 -0.3482
vn 0.5130 -0.4051 -0.7568
vn -0.0116 0.0091 -0.9999
vn -0.5228 0.4127 -0.7459
vn -0.7371 0.5819 -0.3436
vt 0.500000 0.000000
vt 0.500000 0.062500
vt 0.531250 0.062500
vt 0.531250 0.000000
vt 0.562500 0.062500
vt 0.562500 0.000000
vt 0.593750 0.062500
vt 0.593750 0.000000
vt 0.625000 0.062500
vt 0.625000 0.000000
vt 0.656250 0.062500
vt 0.656250 0.000000
vt 0.687500 0.062500
vt 0.687500 0.000000
vt 0.718750 0.062500
vt 0.718750 0.000000
vt 0.750000 0.062500
vt 0.750000 0.000000
vt 0.781250 0.062500
vt 0.781250 0.000000
vt 0.812500 0.062500
vt 0.812500 0.000000
vt 0.843750 0.062500
vt 0.843750 0.000000
vt 0.875000 0.062500
vt 0.875000 0.000000
vt 0.906250 0.062500
vt 0.906250 0.000000
vt 0.937500 0.062500
vt 0.937500 0.000000
vt 0.968750 0.062500
vt 0.968750 0.000000
vt 1.000000 0.062500
vt 0.500000 0.062500
vt 0.562500 0.062500
vt 0.625000 0.062500
vt 0.812500 0.062500
vt 0.937500 0.062500
vt 1.000000 0.062500
vt -8.175485 -17.355247
vt -24.957035 -16.967083
vt -24.781431 -16.214577
vt -8.131346 -16.587574
vt -24.301674 -14.158693
vt -8.010754 -14.490249
vt -23.646315 -11.350306
vt -7.846024 -11.625250
vt -22.990953 -8.541917
vt -7.681294 -8.760250
vt -22.511196 -6.486034
vt -7.560701 -6.662924
vt -22.335594 -5.733529
vt -7.516562 -5.895250
vt -22.511198 -6.486035
vt -7.560701 -6.662925
vt -22.990955 -8.541918
vt -7.681294 -8.760249
vt -7.846024 -11.625249
vt -24.301676 -14.158693
vt -8.010754 -14.490250
vt -24.781433 -16.214579
vt -28.368958 -15.746256
vt -28.029432 -15.052404
vt -27.101833 -13.156764
vt -25.834709 -10.567273
vt -24.567585 -7.977781
vt -23.639986 -6.082142
vt -23.300461 -5.388290
vt -23.639988 -6.082143
vt -24.567585 -7.977782
vt -31.372379 -13.835723
vt -30.889193 -13.233256
vt -29.569098 -11.587288
vt -27.765816 -9.338852
vt -25.962534 -7.090417
vt -24.642439 -5.444448
vt -24.159252 -4.841981
vt -24.642441 -5.444448
vt -29.569098 -11.587287
vt -30.889193 -13.233257
vt -33.873821 -11.334274
vt -33.271351 -10.851090
vt -31.625372 -9.531008
vt -29.376925 -7.727740
vt -27.128475 -5.924473
vt -25.482498 -4.604390
vt -24.880028 -4.121206
vt -25.482500 -4.604390
vt -27.128477 -5.924473
vt -31.625372 -9.531007
vt -33.271351 -10.851091
vt -35.784378 -8.330779
vt -35.090519 -7.991268
vt -33.194859 -7.063707
vt -30.605343 -5.796637
vt -28.015825 -4.529566
vt -26.120167 -3.602005
vt -25.426308 -3.262494
vt -26.120167 -3.602005
vt -28.015825 -4.529565
vt -37.005219 -4.918697
vt -36.252705 -4.743130
vt -34.196800 -4.263469
vt -31.388380 -3.608239
vt -28.579960 -2.953010
vt -26.524055 -2.473349
vt -25.771542 -2.297781
vt -28.579960 -2.953010
vt -34.196800 -4.263468
vt -36.252708 -4.743130
vt -37.393326 -1.554595
vt -36.625652 -1.510471
vt -34.528324 -1.389922
vt -31.663321 -1.225249
vt -28.798317 -1.060575
vt -26.700989 -0.940026
vt -25.933313 -0.895902
vt -26.700991 -0.940026
vt -28.798317 -1.060575
vt -31.663321 -1.225248
vt -34.528324 -1.389921
vt -36.625652 -1.510470
vt -37.393326 3.554605
vt -36.625652 3.510479
vt -34.528324 3.389926
vt -31.663321 3.225248
vt -28.798317 3.060570
vt -26.700991 2.940017
vt -25.933315 2.895892
vt -26.700991 2.940017
vt -28.798319 3.060570
vt -31.663321 3.225249
vt -34.528324 3.389927
vt -36.625652 3.510480
vt -37.005219 6.918710
vt -36.252705 6.743140
vt -34.196796 6.263475
vt -31.388380 5.608241
vt -28.579962 4.953007
vt -26.524057 4.473342
vt -25.771544 4.297772
vt -26.524057 4.473342
vt -28.579962 4.953007
vt -31.388380 5.608242
vt -34.196796 6.263475
vt -35.784378 10.330790
vt -35.090523 9.991278
vt -33.194862 9.063713
vt -30.605349 7.796638
vt -28.015833 6.529562
vt -26.120176 5.601999
vt -25.426317 5.262487
vt -26.120176 5.601999
vt -28.015833 6.529563
vt -30.605349 7.796638
vt -33.873688 13.334443
vt -33.271233 12.851236
vt -31.625305 11.531092
vt -29.376925 9.727741
vt -27.128544 7.924390
vt -25.482615 6.604246
vt -24.880163 6.121039
vt -25.482615 6.604247
vt -27.128544 7.924391
vt -33.271236 12.851237
vt -31.372368 15.835730
vt -30.889181 15.233263
vt -29.569090 13.587291
vt -27.765812 11.338853
vt -25.962534 9.090414
vt -24.642443 7.444443
vt -24.159256 6.841976
vt -24.642443 7.444444
vt -25.962534 9.090415
vt -29.569090 13.587292
vt -30.889183 15.233263
vt -28.369020 17.746223
vt -28.029486 17.052376
vt -27.101864 15.156748
vt -25.834707 12.567272
vt -24.567551 9.977797
vt -23.639929 8.082170
vt -23.300394 7.388321
vt -23.639929 8.082170
vt -24.567551 9.977798
vt -27.101864 15.156747
vt -28.029488 17.052376
vt -24.956945 18.967104
vt -24.781355 18.214596
vt -24.301630 16.158705
vt -23.646313 13.350306
vt -22.990995 10.541906
vt -22.511271 8.486015
vt -22.335680 7.733508
vt -22.511271 8.486017
vt -22.990995 10.541907
vt -24.301628 16.158703
vt -8.175476 19.355247
vt -8.131339 18.587574
vt -8.010750 16.490248
vt -7.846022 13.625247
vt -7.681295 10.760246
vt -7.560711 8.662922
vt -7.516570 7.895247
vt -7.560710 8.662922
vt -7.681295 10.760248
vt -7.846022 13.625248
vt -8.010750 16.490246
vt -8.131337 18.587574
vt 37.393326 -1.554600
vt 37.005219 -4.918705
vt 36.252705 -4.743135
vt 36.625652 -1.510475
vt 34.196800 -4.263473
vt 34.528324 -1.389924
vt 31.388380 -3.608241
vt 31.663321 -1.225248
vt 28.579962 -2.953009
vt 28.798317 -1.060572
vt 26.524055 -2.473346
vt 26.700989 -0.940022
vt 25.771544 -2.297778
vt 25.933315 -0.895897
vt 26.524057 -2.473347
vt 26.700991 -0.940022
vt 28.579962 -2.953010
vt 28.798317 -1.060573
vt 31.388380 -3.608242
vt 31.663321 -1.225249
vt 34.196796 -4.263473
vt 34.528324 -1.389924
vt 36.252705 -4.743136
vt 36.625652 -1.510475
vt 35.784382 -8.330784
vt 35.090523 -7.991273
vt 33.194866 -7.063711
vt 30.605349 -5.796638
vt 28.015831 -4.529564
vt 26.120174 -3.602003
vt 25.426315 -3.262492
vt 28.015833 -4.529565
vt 30.605349 -5.796638
vt 35.090523 -7.991274
vt 33.873688 -11.334438
vt 33.271236 -10.851233
vt 31.625307 -9.531090
vt 29.376925 -7.727741
vt 27.128542 -5.924392
vt 25.482611 -4.604250
vt 24.880159 -4.121044
vt 25.482613 -4.604250
vt 27.128542 -5.924393
vt 33.271240 -10.851233
vt 31.372374 -13.835726
vt 30.889185 -13.233259
vt 29.569092 -11.587290
vt 27.765812 -9.338853
vt 25.962532 -7.090416
vt 24.642439 -5.444446
vt 24.159250 -4.841980
vt 24.642439 -5.444447
vt 25.962532 -7.090417
vt 30.889187 -13.233260
vt 28.369024 -15.746220
vt 28.029491 -15.052372
vt 27.101866 -13.156746
vt 25.834707 -10.567272
vt 24.567549 -7.977798
vt 23.639923 -6.082171
vt 23.300390 -5.388324
vt 23.639925 -6.082172
vt 24.567549 -7.977798
vt 28.029491 -15.052374
vt 24.956951 -16.967102
vt 24.781359 -16.214594
vt 24.301632 -14.158704
vt 23.646313 -11.350306
vt 22.990993 -8.541907
vt 22.511267 -6.486017
vt 22.335674 -5.733509
vt 22.511267 -6.486018
vt 22.990993 -8.541908
vt 24.301632 -14.158703
vt 24.781359 -16.214596
vt 21.592777 -17.355247
vt 21.548639 -16.587574
vt 21.428049 -14.490248
vt 21.263321 -11.625248
vt 21.098593 -8.760247
vt 20.978003 -6.662922
vt 20.933865 -5.895247
vt 20.978003 -6.662923
vt 21.098593 -8.760248
vt -21.592783 -17.355247
vt -21.548643 -16.587574
vt -21.428051 -14.490248
vt -21.263321 -11.625248
vt -21.098591 -8.760248
vt -20.977999 -6.662922
vt -20.933859 -5.895248
vt -20.977999 -6.662923
vt -21.592773 19.355247
vt -21.548635 18.587574
vt -21.428047 16.490248
vt -21.263321 13.625248
vt -21.098595 10.760247
vt -20.978008 8.662922
vt -20.933868 7.895247
vt -20.978006 8.662923
vt -21.098595 10.760248
vt -21.548634 18.587574
vt 21.592787 19.355247
vt 21.548647 18.587574
vt 21.428053 16.490248
vt 21.263321 13.625248
vt 21.098587 10.760248
vt 20.977995 8.662923
vt 20.933855 7.895248
vt 20.977995 8.662924
vt 21.098589 10.760248
vt 21.428055 16.490248
vt 24.957041 18.967081
vt 24.781437 18.214577
vt 24.301678 16.158693
vt 23.646315 13.350306
vt 22.990952 10.541918
vt 22.511192 8.486035
vt 22.335588 7.733530
vt 22.511192 8.486036
vt 28.368961 17.746254
vt 28.029436 17.052402
vt 27.101835 15.156763
vt 25.834709 12.567273
vt 24.567583 9.977783
vt 23.639982 8.082145
vt 23.300457 7.388293
vt 23.639984 8.082146
vt 31.372383 15.835720
vt 30.889194 15.233254
vt 29.569099 13.587286
vt 27.765816 11.338852
vt 25.962532 9.090418
vt 24.642437 7.444449
vt 24.159248 6.841983
vt 24.642437 7.444450
vt 30.889196 15.233255
vt 33.873821 13.334270
vt 33.271351 12.851088
vt 31.625374 11.531006
vt 29.376925 9.727740
vt 27.128475 7.924475
vt 25.482496 6.604393
vt 24.880026 6.121210
vt 25.482498 6.604394
vt 27.128475 7.924475
vt 31.625374 11.531005
vt 33.271355 12.851088
vt 35.784378 10.330774
vt 35.090519 9.991264
vt 33.194862 9.063705
vt 30.605343 7.796637
vt 28.015823 6.529568
vt 26.120165 5.602009
vt 25.426306 5.262499
vt 26.120167 5.602009
vt 28.015825 6.529568
vt 35.090523 9.991264
vt 37.005219 6.918693
vt 36.252705 6.743125
vt 34.196800 6.263466
vt 31.388380 5.608239
vt 28.579960 4.953012
vt 26.524054 4.473353
vt 25.771540 4.297785
vt 26.524055 4.473353
vt 34.196800 6.263466
vt 36.252708 6.743125
vt 37.393326 3.554590
vt 36.625652 3.510467
vt 34.528324 3.389919
vt 31.663321 3.225249
vt 28.798317 3.060578
vt 26.700989 2.940030
vt 25.933313 2.895907
vt 26.700991 2.940030
vt 28.798317 3.060577
vt 31.663321 3.225248
vt 34.528324 3.389919
vt 36.625652 3.510467
s 1
usemtl 03_-_Default
f 1/1/1 2/2/2 3/3/3
f 4/4/1 3/3/3 5/5/4
f 6/6/1 5/5/5 7/7/6
f 8/8/1 7/7/7 9/9/8
f 10/10/1 9/9/8 11/11/9
f 12/12/1 11/11/10 13/13/11
f 14/14/1 13/13/12 15/15/13
f 16/16/1 15/15/13 17/17/14
f 18/18/1 17/17/14 19/19/15
f 20/20/1 19/19/15 21/21/16
f 22/22/1 21/21/16 23/23/17
f 24/24/1 23/23/18 25/25/19
f 26/26/1 25/25/19 27/27/20
f 28/28/1 27/27/21 29/29/22
f 30/30/1 29/29/23 31/31/24
f 32/32/1 31/31/24 33/33/25
f 1/1/1 34/3/26 2/2/2
f 4/4/1 35/5/27 34/3/26
f 6/6/1 36/7/28 35/5/29
f 8/8/1 37/9/30 36/7/31
f 10/10/1 38/11/32 37/9/30
f 12/12/1 39/13/33 38/11/34
f 14/14/1 40/15/35 39/13/36
f 16/16/1 41/17/37 40/15/35
f 18/18/1 42/19/38 41/17/37
f 20/20/1 43/21/39 42/19/38
f 22/22/1 44/23/40 43/21/41
f 24/24/1 45/25/42 44/23/43
f 26/26/1 46/27/44 45/25/42
f 28/28/1 47/29/45 46/27/46
f 30/30/1 48/31/47 47/29/48
f 32/32/1 33/33/25 48/31/47
f 49/3/49 50/3/49 51/34/50
f 49/3/49 51/34/50 52/2/50
f 49/3/49 53/5/51 54/5/51
f 49/3/49 54/5/51 50/3/49
f 53/5/52 55/7/53 56/7/53
f 53/5/52 56/7/53 57/35/52
f 55/7/53 58/36/54 59/9/54
f 55/7/53 59/9/54 56/7/53
f 60/11/55 61/11/55 59/9/54
f 60/11/55 59/9/54 62/9/54
f 63/13/56 64/13/56 61/11/55
f 63/13/56 61/11/55 60/11/55
f 65/15/57 66/15/57 64/13/56
f 65/15/57 64/13/56 63/13/56
f 67/17/58 68/17/58 66/15/57
f 67/17/58 66/15/57 65/15/57
f 69/19/59 70/19/59 68/17/58
f 69/19/59 68/17/58 67/17/58
f 69/19/59 71/37/60 72/21/60
f 69/19/59 72/21/60 70/19/59
f 73/21/61 74/23/62 75/23/62
f 73/21/61 75/23/62 72/21/61
f 74/23/62 76/25/63 77/25/63
f 74/23/62 77/25/63 75/23/62
f 76/25/63 78/27/64 79/27/64
f 76/25/63 79/27/64 77/25/63
f 78/27/64 80/29/65 81/29/65
f 78/27/64 81/29/65 79/27/64
f 80/29/66 82/31/67 83/31/67
f 80/29/66 83/31/67 84/38/66
f 82/31/67 85/39/68 86/39/68
f 82/31/67 86/39/68 83/31/67
f 87/3/69 52/2/50 51/34/50
f 87/3/69 51/34/50 88/3/69
f 87/3/69 88/3/69 89/5/70
f 87/3/69 89/5/70 90/5/70
f 90/5/71 91/35/71 92/7/72
f 90/5/71 92/7/72 93/7/72
f 93/7/72 92/7/72 94/9/73
f 93/7/72 94/9/73 95/36/73
f 96/11/74 97/9/73 94/9/73
f 96/11/74 94/9/73 98/11/74
f 99/13/75 96/11/74 98/11/74
f 99/13/75 98/11/74 100/13/75
f 101/15/76 99/13/75 100/13/75
f 101/15/76 100/13/75 102/15/76
f 103/17/77 101/15/76 102/15/76
f 103/17/77 102/15/76 104/17/77
f 105/19/78 103/17/77 104/17/77
f 105/19/78 104/17/77 106/19/78
f 105/19/78 106/19/78 107/21/79
f 105/19/78 107/21/79 108/37/79
f 109/21/80 107/21/80 110/23/81
f 109/21/80 110/23/81 111/23/81
f 111/23/81 110/23/81 112/25/82
f 111/23/81 112/25/82 113/25/82
f 113/25/82 112/25/82 114/27/83
f 113/25/82 114/27/83 115/27/83
f 115/27/83 114/27/83 116/29/84
f 115/27/83 116/29/84 117/29/84
f 117/29/85 118/38/85 119/31/86
f 117/29/85 119/31/86 120/31/86
f 120/31/86 119/31/86 86/39/68
f 120/31/86 86/39/68 85/39/68
f 121/40/87 122/41/88 123/42/89
f 121/40/87 123/42/89 124/43/90
f 124/43/90 123/42/89 125/44/91
f 124/43/90 125/44/91 126/45/92
f 126/45/92 125/44/91 127/46/93
f 126/45/92 127/46/93 128/47/94
f 128/47/94 127/46/93 129/48/95
f 128/47/94 129/48/95 130/49/96
f 130/49/96 129/48/95 131/50/97
f 130/49/96 131/50/97 132/51/98
f 132/51/98 131/50/97 133/52/99
f 132/51/98 133/52/99 134/53/100
f 134/53/100 133/52/99 135/54/101
f 134/53/100 135/54/101 136/55/102
f 136/55/102 135/54/101 137/56/103
f 136/55/102 137/56/103 138/57/104
f 138/57/104 137/56/103 139/46/105
f 138/57/104 139/46/105 140/58/106
f 140/58/106 139/46/105 141/59/107
f 140/58/106 141/59/107 142/60/108
f 142/60/108 141/59/107 143/61/109
f 142/60/108 143/61/109 144/43/110
f 144/43/110 143/61/109 122/41/88
f 144/43/110 122/41/88 121/40/87
f 122/41/88 145/62/111 146/63/112
f 122/41/88 146/63/112 123/42/89
f 123/42/89 146/63/112 147/64/113
f 123/42/89 147/64/113 125/44/91
f 125/44/91 147/64/113 148/65/114
f 125/44/91 148/65/114 127/46/93
f 127/46/93 148/65/114 149/66/115
f 127/46/93 149/66/115 129/48/95
f 129/48/95 149/66/115 150/67/116
f 129/48/95 150/67/116 131/50/97
f 131/50/97 150/67/116 151/68/117
f 131/50/97 151/68/117 133/52/99
f 133/52/99 151/68/117 152/69/118
f 133/52/99 152/69/118 135/54/101
f 135/54/101 152/69/118 153/70/119
f 135/54/101 153/70/119 137/56/103
f 137/56/103 153/70/119 154/65/120
f 137/56/103 154/65/120 139/46/105
f 139/46/105 154/65/120 155/64/121
f 139/46/105 155/64/121 141/59/107
f 141/59/107 155/64/121 156/63/122
f 141/59/107 156/63/122 143/61/109
f 143/61/109 156/63/122 145/62/111
f 143/61/109 145/62/111 122/41/88
f 145/62/111 157/71/123 158/72/124
f 145/62/111 158/72/124 146/63/112
f 146/63/112 158/72/124 159/73/125
f 146/63/112 159/73/125 147/64/113
f 147/64/113 159/73/125 160/74/126
f 147/64/113 160/74/126 148/65/114
f 148/65/114 160/74/126 161/75/127
f 148/65/114 161/75/127 149/66/115
f 149/66/115 161/75/127 162/76/128
f 149/66/115 162/76/128 150/67/116
f 150/67/116 162/76/128 163/77/129
f 150/67/116 163/77/129 151/68/117
f 151/68/117 163/77/129 164/78/130
f 151/68/117 164/78/130 152/69/118
f 152/69/118 164/78/130 165/75/131
f 152/69/118 165/75/131 153/70/119
f 153/70/119 165/75/131 166/74/132
f 153/70/119 166/74/132 154/65/120
f 154/65/120 166/74/132 167/79/133
f 154/65/120 167/79/133 155/64/121
f 155/64/121 167/79/133 168/80/134
f 155/64/121 168/80/134 156/63/122
f 156/63/122 168/80/134 157/71/123
f 156/63/122 157/71/123 145/62/111
f 157/71/123 169/81/135 170/82/136
f 157/71/123 170/82/136 158/72/124
f 158/72/124 170/82/136 171/83/137
f 158/72/124 171/83/137 159/73/125
f 159/73/125 171/83/137 172/84/138
f 159/73/125 172/84/138 160/74/126
f 160/74/126 172/84/138 173/85/139
f 160/74/126 173/85/139 161/75/127
f 161/75/127 173/85/139 174/86/140
f 161/75/127 174/86/140 162/76/128
f 162/76/128 174/86/140 175/87/141
f 162/76/128 175/87/141 163/77/129
f 163/77/129 175/87/141 176/88/142
f 163/77/129 176/88/142 164/78/130
f 164/78/130 176/88/142 177/89/143
f 164/78/130 177/89/143 165/75/131
f 165/75/131 177/89/143 178/84/144
f 165/75/131 178/84/144 166/74/132
f 166/74/132 178/84/144 179/90/145
f 166/74/132 179/90/145 167/79/133
f 167/79/133 179/90/145 180/91/146
f 167/79/133 180/91/146 168/80/134
f 168/80/134 180/91/146 169/81/135
f 168/80/134 169/81/135 157/71/123
f 169/81/135 181/92/147 182/93/148
f 169/81/135 182/93/148 170/82/136
f 170/82/136 182/93/148 183/94/149
f 170/82/136 183/94/149 171/83/137
f 171/83/137 183/94/149 184/95/150
f 171/83/137 184/95/150 172/84/138
f 172/84/138 184/95/150 185/96/151
f 172/84/138 185/96/151 173/85/139
f 173/85/139 185/96/151 186/97/152
f 173/85/139 186/97/152 174/86/140
f 174/86/140 186/97/152 187/98/153
f 174/86/140 187/98/153 175/87/141
f 175/87/141 187/98/153 188/99/154
f 175/87/141 188/99/154 176/88/142
f 176/88/142 188/99/154 189/100/155
f 176/88/142 189/100/155 177/89/143
f 177/89/143 189/100/155 190/95/156
f 177/89/143 190/95/156 178/84/144
f 178/84/144 190/95/156 191/94/157
f 178/84/144 191/94/157 179/90/145
f 179/90/145 191/94/157 192/93/158
f 179/90/145 192/93/158 180/91/146
f 180/91/146 192/93/158 181/92/147
f 180/91/146 181/92/147 169/81/135
f 181/92/147 193/101/159 194/102/160
f 181/92/147 194/102/160 182/93/148
f 182/93/148 194/102/160 195/103/161
f 182/93/148 195/103/161 183/94/149
f 183/94/149 195/103/161 196/104/162
f 183/94/149 196/104/162 184/95/150
f 184/95/150 196/104/162 197/105/163
f 184/95/150 197/105/163 185/96/151
f 185/96/151 197/105/163 198/106/164
f 185/96/151 198/106/164 186/97/152
f 186/97/152 198/106/164 199/107/165
f 186/97/152 199/107/165 187/98/153
f 187/98/153 199/107/165 200/106/166
f 187/98/153 200/106/166 188/99/154
f 188/99/154 200/106/166 201/108/167
f 188/99/154 201/108/167 189/100/155
f 189/100/155 201/108/167 202/104/168
f 189/100/155 202/104/168 190/95/156
f 190/95/156 202/104/168 203/109/169
f 190/95/156 203/109/169 191/94/157
f 191/94/157 203/109/169 204/110/170
f 191/94/157 204/110/170 192/93/158
f 192/93/158 204/110/170 193/101/159
f 192/93/158 193/101/159 181/92/147
f 193/101/159 205/111/171 206/112/172
f 193/101/159 206/112/172 194/102/160
f 194/102/160 206/112/172 207/113/173
f 194/102/160 207/113/173 195/103/161
f 195/103/161 207/113/173 208/114/174
f 195/103/161 208/114/174 196/104/162
f 196/104/162 208/114/174 209/115/175
f 196/104/162 209/115/175 197/105/163
f 197/105/163 209/115/175 210/116/176
f 197/105/163 210/116/176 198/106/164
f 198/106/164 210/116/176 211/117/177
f 198/106/164 211/117/177 199/107/165
f 199/107/165 211/117/177 212/118/178
f 199/107/165 212/118/178 200/106/166
f 200/106/166 212/118/178 213/119/179
f 200/106/166 213/119/179 201/108/167
f 201/108/167 213/119/179 214/120/180
f 201/108/167 214/120/180 202/104/168
f 202/104/168 214/120/180 215/121/181
f 202/104/168 215/121/181 203/109/169
f 203/109/169 215/121/181 216/122/182
f 203/109/169 216/122/182 204/110/170
f 204/110/170 216/122/182 205/111/171
f 204/110/170 205/111/171 193/101/159
f 205/111/171 217/123/183 218/124/184
f 205/111/171 218/124/184 206/112/172
f 206/112/172 218/124/184 219/125/185
f 206/112/172 219/125/185 207/113/173
f 207/113/173 219/125/185 220/126/186
f 207/113/173 220/126/186 208/114/174
f 208/114/174 220/126/186 221/127/187
f 208/114/174 221/127/187 209/115/175
f 209/115/175 221/127/187 222/128/188
f 209/115/175 222/128/188 210/116/176
f 210/116/176 222/128/188 223/129/189
f 210/116/176 223/129/189 211/117/177
f 211/117/177 223/129/189 224/130/190
f 211/117/177 224/130/190 212/118/178
f 212/118/178 224/130/190 225/131/191
f 212/118/178 225/131/191 213/119/179
f 213/119/179 225/131/191 226/132/192
f 213/119/179 226/132/192 214/120/180
f 214/120/180 226/132/192 227/133/193
f 214/120/180 227/133/193 215/121/181
f 215/121/181 227/133/193 228/134/194
f 215/121/181 228/134/194 216/122/182
f 216/122/182 228/134/194 217/123/183
f 216/122/182 217/123/183 205/111/171
f 217/123/183 229/135/195 230/136/196
f 217/123/183 230/136/196 218/124/184
f 218/124/184 230/136/196 231/137/197
f 218/124/184 231/137/197 219/125/185
f 219/125/185 231/137/197 232/138/198
f 219/125/185 232/138/198 220/126/186
f 220/126/186 232/138/198 233/139/199
f 220/126/186 233/139/199 221/127/187
f 221/127/187 233/139/199 234/140/200
f 221/127/187 234/140/200 222/128/188
f 222/128/188 234/140/200 235/141/201
f 222/128/188 235/141/201 223/129/189
f 223/129/189 235/141/201 236/142/202
f 223/129/189 236/142/202 224/130/190
f 224/130/190 236/142/202 237/143/203
f 224/130/190 237/143/203 225/131/191
f 225/131/191 237/143/203 238/144/204
f 225/131/191 238/144/204 226/132/192
f 226/132/192 238/144/204 239/145/205
f 226/132/192 239/145/205 227/133/193
f 227/133/193 239/145/205 240/136/206
f 227/133/193 240/136/206 228/134/194
f 228/134/194 240/136/206 229/135/195
f 228/134/194 229/135/195 217/123/183
f 229/135/195 241/146/207 242/147/208
f 229/135/195 242/147/208 230/136/196
f 230/136/196 242/147/208 243/148/209
f 230/136/196 243/148/209 231/137/197
f 231/137/197 243/148/209 244/149/210
f 231/137/197 244/149/210 232/138/198
f 232/138/198 244/149/210 245/150/211
f 232/138/198 245/150/211 233/139/199
f 233/139/199 245/150/211 246/151/212
f 233/139/199 246/151/212 234/140/200
f 234/140/200 246/151/212 247/152/213
f 234/140/200 247/152/213 235/141/201
f 235/141/201 247/152/213 248/153/214
f 235/141/201 248/153/214 236/142/202
f 236/142/202 248/153/214 249/154/215
f 236/142/202 249/154/215 237/143/203
f 237/143/203 249/154/215 250/155/216
f 237/143/203 250/155/216 238/144/204
f 238/144/204 250/155/216 251/148/217
f 238/144/204 251/148/217 239/145/205
f 239/145/205 251/148/217 252/147/218
f 239/145/205 252/147/218 240/136/206
f 240/136/206 252/147/218 241/146/207
f 240/136/206 241/146/207 229/135/195
f 241/146/207 253/156/219 254/157/220
f 241/146/207 254/157/220 242/147/208
f 242/147/208 254/157/220 255/158/221
f 242/147/208 255/158/221 243/148/209
f 243/148/209 255/158/221 256/159/222
f 243/148/209 256/159/222 244/149/210
f 244/149/210 256/159/222 257/160/223
f 244/149/210 257/160/223 245/150/211
f 245/150/211 257/160/223 258/161/224
f 245/150/211 258/161/224 246/151/212
f 246/151/212 258/161/224 259/162/225
f 246/151/212 259/162/225 247/152/213
f 247/152/213 259/162/225 260/163/226
f 247/152/213 260/163/226 248/153/214
f 248/153/214 260/163/226 261/164/227
f 248/153/214 261/164/227 249/154/215
f 249/154/215 261/164/227 262/159/228
f 249/154/215 262/159/228 250/155/216
f 250/155/216 262/159/228 263/158/229
f 250/155/216 263/158/229 251/148/217
f 251/148/217 263/158/229 264/165/230
f 251/148/217 264/165/230 252/147/218
f 252/147/218 264/165/230 253/156/219
f 252/147/218 253/156/219 241/146/207
f 253/156/219 265/166/231 266/167/232
f 253/156/219 266/167/232 254/157/220
f 254/157/220 266/167/232 267/168/233
f 254/157/220 267/168/233 255/158/221
f 255/158/221 267/168/233 268/169/234
f 255/158/221 268/169/234 256/159/222
f 256/159/222 268/169/234 269/170/235
f 256/159/222 269/170/235 257/160/223
f 257/160/223 269/170/235 270/171/236
f 257/160/223 270/171/236 258/161/224
f 258/161/224 270/171/236 271/172/237
f 258/161/224 271/172/237 259/162/225
f 259/162/225 271/172/237 272/173/238
f 259/162/225 272/173/238 260/163/226
f 260/163/226 272/173/238 273/174/239
f 260/163/226 273/174/239 261/164/227
f 261/164/227 273/174/239 274/169/240
f 261/164/227 274/169/240 262/159/228
f 262/159/228 274/169/240 275/175/241
f 262/159/228 275/175/241 263/158/229
f 263/158/229 275/175/241 276/176/242
f 263/158/229 276/176/242 264/165/230
f 264/165/230 276/176/242 265/166/231
f 264/165/230 265/166/231 253/156/219
f 265/166/231 277/177/243 278/178/244
f 265/166/231 278/178/244 266/167/232
f 266/167/232 278/178/244 279/179/245
f 266/167/232 279/179/245 267/168/233
f 267/168/233 279/179/245 280/180/246
f 267/168/233 280/180/246 268/169/234
f 268/169/234 280/180/246 281/181/247
f 268/169/234 281/181/247 269/170/235
f 269/170/235 281/181/247 282/182/248
f 269/170/235 282/182/248 270/171/236
f 270/171/236 282/182/248 283/183/249
f 270/171/236 283/183/249 271/172/237
f 271/172/237 283/183/249 284/184/250
f 271/172/237 284/184/250 272/173/238
f 272/173/238 284/184/250 285/185/251
f 272/173/238 285/185/251 273/174/239
f 273/174/239 285/185/251 286/180/252
f 273/174/239 286/180/252 274/169/240
f 274/169/240 286/180/252 287/186/253
f 274/169/240 287/186/253 275/175/241
f 275/175/241 287/186/253 288/187/254
f 275/175/241 288/187/254 276/176/242
f 276/176/242 288/187/254 277/177/243
f 276/176/242 277/177/243 265/166/231
f 277/177/243 289/188/255 290/189/256
f 277/177/243 290/189/256 278/178/244
f 278/178/244 290/189/256 291/190/257
f 278/178/244 291/190/257 279/179/245
f 279/179/245 291/190/257 292/191/258
f 279/179/245 292/191/258 280/180/246
f 280/180/246 292/191/258 293/192/259
f 280/180/246 293/192/259 281/181/247
f 281/181/247 293/192/259 294/193/260
f 281/181/247 294/193/260 282/182/248
f 282/182/248 294/193/260 295/194/261
f 282/182/248 295/194/261 283/183/249
f 283/183/249 295/194/261 296/195/262
f 283/183/249 296/195/262 284/184/250
f 284/184/250 296/195/262 297/196/263
f 284/184/250 297/196/263 285/185/251
f 285/185/251 297/196/263 298/191/264
f 285/185/251 298/191/264 286/180/252
f 286/180/252 298/191/264 299/197/265
f 286/180/252 299/197/265 287/186/253
f 287/186/253 299/197/265 300/189/266
f 287/186/253 300/189/266 288/187/254
f 288/187/254 300/189/266 289/188/255
f 288/187/254 289/188/255 277/177/243
f 289/188/255 301/198/267 302/199/268
f 289/188/255 302/199/268 290/189/256
f 290/189/256 302/199/268 303/200/269
f 290/189/256 303/200/269 291/190/257
f 291/190/257 303/200/269 304/201/270
f 291/190/257 304/201/270 292/191/258
f 292/191/258 304/201/270 305/202/271
f 292/191/258 305/202/271 293/192/259
f 293/192/259 305/202/271 306/203/272
f 293/192/259 306/203/272 294/193/260
f 294/193/260 306/203/272 307/204/273
f 294/193/260 307/204/273 295/194/261
f 295/194/261 307/204/273 308/205/274
f 295/194/261 308/205/274 296/195/262
f 296/195/262 308/205/274 309/206/275
f 296/195/262 309/206/275 297/196/263
f 297/196/263 309/206/275 310/207/276
f 297/196/263 310/207/276 298/191/264
f 298/191/264 310/207/276 311/208/277
f 298/191/264 311/208/277 299/197/265
f 299/197/265 311/208/277 312/209/278
f 299/197/265 312/209/278 300/189/266
f 300/189/266 312/209/278 301/198/267
f 300/189/266 301/198/267 289/188/255
f 313/210/279 314/211/280 315/212/281
f 313/210/279 315/212/281 316/213/282
f 316/213/282 315/212/281 317/214/283
f 316/213/282 317/214/283 318/215/284
f 318/215/284 317/214/283 319/216/285
f 318/215/284 319/216/285 320/217/286
f 320/217/286 319/216/285 321/218/287
f 320/217/286 321/218/287 322/219/288
f 322/219/288 321/218/287 323/220/289
f 322/219/288 323/220/289 324/221/290
f 324/221/290 323/220/289 325/222/291
f 324/221/290 325/222/291 326/223/292
f 326/223/292 325/222/291 327/224/293
f 326/223/292 327/224/293 328/225/294
f 328/225/294 327/224/293 329/226/295
f 328/225/294 329/226/295 330/227/296
f 330/227/296 329/226/295 331/228/297
f 330/227/296 331/228/297 332/229/298
f 332/229/298 331/228/297 333/230/299
f 332/229/298 333/230/299 334/231/300
f 334/231/300 333/230/299 335/232/301
f 334/231/300 335/232/301 336/233/302
f 336/233/302 335/232/301 314/211/280
f 336/233/302 314/211/280 313/210/279
f 314/211/280 337/234/303 338/235/304
f 314/211/280 338/235/304 315/212/281
f 315/212/281 338/235/304 339/236/305
f 315/212/281 339/236/305 317/214/283
f 317/214/283 339/236/305 340/237/306
f 317/214/283 340/237/306 319/216/285
f 319/216/285 340/237/306 341/238/307
f 319/216/285 341/238/307 321/218/287
f 321/218/287 341/238/307 342/239/308
f 321/218/287 342/239/308 323/220/289
f 323/220/289 342/239/308 343/240/309
f 323/220/289 343/240/309 325/222/291
f 325/222/291 343/240/309 344/239/310
f 325/222/291 344/239/310 327/224/293
f 327/224/293 344/239/310 345/241/311
f 327/224/293 345/241/311 329/226/295
f 329/226/295 345/241/311 346/242/312
f 329/226/295 346/242/312 331/228/297
f 331/228/297 346/242/312 347/236/313
f 331/228/297 347/236/313 333/230/299
f 333/230/299 347/236/313 348/243/314
f 333/230/299 348/243/314 335/232/301
f 335/232/301 348/243/314 337/234/303
f 335/232/301 337/234/303 314/211/280
f 337/234/303 349/244/315 350/245/316
f 337/234/303 350/245/316 338/235/304
f 338/235/304 350/245/316 351/246/317
f 338/235/304 351/246/317 339/236/305
f 339/236/305 351/246/317 352/247/318
f 339/236/305 352/247/318 340/237/306
f 340/237/306 352/247/318 353/248/319
f 340/237/306 353/248/319 341/238/307
f 341/238/307 353/248/319 354/249/320
f 341/238/307 354/249/320 342/239/308
f 342/239/308 354/249/320 355/250/321
f 342/239/308 355/250/321 343/240/309
f 343/240/309 355/250/321 356/251/322
f 343/240/309 356/251/322 344/239/310
f 344/239/310 356/251/322 357/252/323
f 344/239/310 357/252/323 345/241/311
f 345/241/311 357/252/323 358/247/324
f 345/241/311 358/247/324 346/242/312
f 346/242/312 358/247/324 359/246/325
f 346/242/312 359/246/325 347/236/313
f 347/236/313 359/246/325 360/253/326
f 347/236/313 360/253/326 348/243/314
f 348/243/314 360/253/326 349/244/315
f 348/243/314 349/244/315 337/234/303
f 349/244/315 361/254/327 362/255/328
f 349/244/315 362/255/328 350/245/316
f 350/245/316 362/255/328 363/256/329
f 350/245/316 363/256/329 351/246/317
f 351/246/317 363/256/329 364/257/330
f 351/246/317 364/257/330 352/247/318
f 352/247/318 364/257/330 365/258/331
f 352/247/318 365/258/331 353/248/319
f 353/248/319 365/258/331 366/259/332
f 353/248/319 366/259/332 354/249/320
f 354/249/320 366/259/332 367/260/333
f 354/249/320 367/260/333 355/250/321
f 355/250/321 367/260/333 368/261/334
f 355/250/321 368/261/334 356/251/322
f 356/251/322 368/261/334 369/262/335
f 356/251/322 369/262/335 357/252/323
f 357/252/323 369/262/335 370/257/336
f 357/252/323 370/257/336 358/247/324
f 358/247/324 370/257/336 371/256/337
f 358/247/324 371/256/337 359/246/325
f 359/246/325 371/256/337 372/263/338
f 359/246/325 372/263/338 360/253/326
f 360/253/326 372/263/338 361/254/327
f 360/253/326 361/254/327 349/244/315
f 361/254/327 373/264/339 374/265/340
f 361/254/327 374/265/340 362/255/328
f 362/255/328 374/265/340 375/266/341
f 362/255/328 375/266/341 363/256/329
f 363/256/329 375/266/341 376/267/342
f 363/256/329 376/267/342 364/257/330
f 364/257/330 376/267/342 377/268/343
f 364/257/330 377/268/343 365/258/331
f 365/258/331 377/268/343 378/269/344
f 365/258/331 378/269/344 366/259/332
f 366/259/332 378/269/344 379/270/345
f 366/259/332 379/270/345 367/260/333
f 367/260/333 379/270/345 380/271/346
f 367/260/333 380/271/346 368/261/334
f 368/261/334 380/271/346 381/272/347
f 368/261/334 381/272/347 369/262/335
f 369/262/335 381/272/347 382/267/348
f 369/262/335 382/267/348 370/257/336
f 370/257/336 382/267/348 383/266/349
f 370/257/336 383/266/349 371/256/337
f 371/256/337 383/266/349 384/273/350
f 371/256/337 384/273/350 372/263/338
f 372/263/338 384/273/350 373/264/339
f 372/263/338 373/264/339 361/254/327
f 373/264/339 385/274/351 386/275/352
f 373/264/339 386/275/352 374/265/340
f 374/265/340 386/275/352 387/276/353
f 374/265/340 387/276/353 375/266/341
f 375/266/341 387/276/353 388/277/354
f 375/266/341 388/277/354 376/267/342
f 376/267/342 388/277/354 389/278/355
f 376/267/342 389/278/355 377/268/343
f 377/268/343 389/278/355 390/279/356
f 377/268/343 390/279/356 378/269/344
f 378/269/344 390/279/356 391/280/357
f 378/269/344 391/280/357 379/270/345
f 379/270/345 391/280/357 392/281/358
f 379/270/345 392/281/358 380/271/346
f 380/271/346 392/281/358 393/282/359
f 380/271/346 393/282/359 381/272/347
f 381/272/347 393/282/359 394/277/360
f 381/272/347 394/277/360 382/267/348
f 382/267/348 394/277/360 395/283/361
f 382/267/348 395/283/361 383/266/349
f 383/266/349 395/283/361 396/284/362
f 383/266/349 396/284/362 384/273/350
f 384/273/350 396/284/362 385/274/351
f 384/273/350 385/274/351 373/264/339
f 385/274/351 397/285/363 398/286/364
f 385/274/351 398/286/364 386/275/352
f 386/275/352 398/286/364 399/287/365
f 386/275/352 399/287/365 387/276/353
f 387/276/353 399/287/365 400/288/366
f 387/276/353 400/288/366 388/277/354
f 388/277/354 400/288/366 401/289/367
f 388/277/354 401/289/367 389/278/355
f 389/278/355 401/289/367 402/290/368
f 389/278/355 402/290/368 390/279/356
f 390/279/356 402/290/368 403/291/369
f 390/279/356 403/291/369 391/280/357
f 391/280/357 403/291/369 404/292/370
f 391/280/357 404/292/370 392/281/358
f 392/281/358 404/292/370 405/293/371
f 392/281/358 405/293/371 393/282/359
f 393/282/359 405/293/371 406/288/372
f 393/282/359 406/288/372 394/277/360
f 394/277/360 406/288/372 407/287/373
f 394/277/360 407/287/373 395/283/361
f 395/283/361 407/287/373 408/286/374
f 395/283/361 408/286/374 396/284/362
f 396/284/362 408/286/374 397/285/363
f 396/284/362 397/285/363 385/274/351
f 397/285/363 409/294/375 410/295/376
f 397/285/363 410/295/376 398/286/364
f 398/286/364 410/295/376 411/296/377
f 398/286/364 411/296/377 399/287/365
f 399/287/365 411/296/377 412/297/378
f 399/287/365 412/297/378 400/288/366
f 400/288/366 412/297/378 413/298/379
f 400/288/366 413/298/379 401/289/367
f 401/289/367 413/298/379 414/299/380
f 401/289/367 414/299/380 402/290/368
f 402/290/368 414/299/380 415/300/381
f 402/290/368 415/300/381 403/291/369
f 403/291/369 415/300/381 416/301/382
f 403/291/369 416/301/382 404/292/370
f 404/292/370 416/301/382 417/298/383
f 404/292/370 417/298/383 405/293/371
f 405/293/371 417/298/383 418/297/384
f 405/293/371 418/297/384 406/288/372
f 406/288/372 418/297/384 419/296/385
f 406/288/372 419/296/385 407/287/373
f 407/287/373 419/296/385 420/295/386
f 407/287/373 420/295/386 408/286/374
f 408/286/374 420/295/386 409/294/375
f 408/286/374 409/294/375 397/285/363
f 409/294/375 421/41/387 422/42/388
f 409/294/375 422/42/388 410/295/376
f 410/295/376 422/42/388 423/44/389
f 410/295/376 423/44/389 411/296/377
f 411/296/377 423/44/389 424/46/390
f 411/296/377 424/46/390 412/297/378
f 412/297/378 424/46/390 425/48/391
f 412/297/378 425/48/391 413/298/379
f 413/298/379 425/48/391 426/50/392
f 413/298/379 426/50/392 414/299/380
f 414/299/380 426/50/392 427/52/393
f 414/299/380 427/52/393 415/300/381
f 415/300/381 427/52/393 428/54/394
f 415/300/381 428/54/394 416/301/382
f 416/301/382 428/54/394 429/56/395
f 416/301/382 429/56/395 417/298/383
f 417/298/383 429/56/395 430/46/396
f 417/298/383 430/46/396 418/297/384
f 418/297/384 430/46/396 431/59/397
f 418/297/384 431/59/397 419/296/385
f 419/296/385 431/59/397 432/61/398
f 419/296/385 432/61/398 420/295/386
f 420/295/386 432/61/398 421/41/387
f 420/295/386 421/41/387 409/294/375
f 421/41/387 433/62/399 434/63/400
f 421/41/387 434/63/400 422/42/388
f 422/42/388 434/63/400 435/64/401
f 422/42/388 435/64/401 423/44/389
f 423/44/389 435/64/401 436/65/402
f 423/44/389 436/65/402 424/46/390
f 424/46/390 436/65/402 437/66/403
f 424/46/390 437/66/403 425/48/391
f 425/48/391 437/66/403 438/67/404
f 425/48/391 438/67/404 426/50/392
f 426/50/392 438/67/404 439/68/405
f 426/50/392 439/68/405 427/52/393
f 427/52/393 439/68/405 440/69/406
f 427/52/393 440/69/406 428/54/394
f 428/54/394 440/69/406 441/70/407
f 428/54/394 441/70/407 429/56/395
f 429/56/395 441/70/407 442/65/408
f 429/56/395 442/65/408 430/46/396
f 430/46/396 442/65/408 443/64/409
f 430/46/396 443/64/409 431/59/397
f 431/59/397 443/64/409 444/63/410
f 431/59/397 444/63/410 432/61/398
f 432/61/398 444/63/410 433/62/399
f 432/61/398 433/62/399 421/41/387
f 433/62/399 445/71/411 446/72/412
f 433/62/399 446/72/412 434/63/400
f 434/63/400 446/72/412 447/73/413
f 434/63/400 447/73/413 435/64/401
f 435/64/401 447/73/413 448/74/414
f 435/64/401 448/74/414 436/65/402
f 436/65/402 448/74/414 449/75/415
f 436/65/402 449/75/415 437/66/403
f 437/66/403 449/75/415 450/76/416
f 437/66/403 450/76/416 438/67/404
f 438/67/404 450/76/416 451/77/417
f 438/67/404 451/77/417 439/68/405
f 439/68/405 451/77/417 452/78/418
f 439/68/405 452/78/418 440/69/406
f 440/69/406 452/78/418 453/75/419
f 440/69/406 453/75/419 441/70/407
f 441/70/407 453/75/419 454/74/420
f 441/70/407 454/74/420 442/65/408
f 442/65/408 454/74/420 455/79/421
f 442/65/408 455/79/421 443/64/409
f 443/64/409 455/79/421 456/80/422
f 443/64/409 456/80/422 444/63/410
f 444/63/410 456/80/422 445/71/411
f 444/63/410 445/71/411 433/62/399
f 445/71/411 457/81/423 458/82/424
f 445/71/411 458/82/424 446/72/412
f 446/72/412 458/82/424 459/83/425
f 446/72/412 459/83/425 447/73/413
f 447/73/413 459/83/425 460/84/426
f 447/73/413 460/84/426 448/74/414
f 448/74/414 460/84/426 461/85/427
f 448/74/414 461/85/427 449/75/415
f 449/75/415 461/85/427 462/86/428
f 449/75/415 462/86/428 450/76/416
f 450/76/416 462/86/428 463/87/429
f 450/76/416 463/87/429 451/77/417
f 451/77/417 463/87/429 464/88/430
f 451/77/417 464/88/430 452/78/418
f 452/78/418 464/88/430 465/89/431
f 452/78/418 465/89/431 453/75/419
f 453/75/419 465/89/431 466/84/432
f 453/75/419 466/84/432 454/74/420
f 454/74/420 466/84/432 467/90/433
f 454/74/420 467/90/433 455/79/421
f 455/79/421 467/90/433 468/91/434
f 455/79/421 468/91/434 456/80/422
f 456/80/422 468/91/434 457/81/423
f 456/80/422 457/81/423 445/71/411
f 457/81/423 469/92/435 470/93/436
f 457/81/423 470/93/436 458/82/424
f 458/82/424 470/93/436 471/94/437
f 458/82/424 471/94/437 459/83/425
f 459/83/425 471/94/437 472/95/438
f 459/83/425 472/95/438 460/84/426
f 460/84/426 472/95/438 473/96/439
f 460/84/426 473/96/439 461/85/427
f 461/85/427 473/96/439 474/97/440
f 461/85/427 474/97/440 462/86/428
f 462/86/428 474/97/440 475/98/441
f 462/86/428 475/98/441 463/87/429
f 463/87/429 475/98/441 476/99/442
f 463/87/429 476/99/442 464/88/430
f 464/88/430 476/99/442 477/100/443
f 464/88/430 477/100/443 465/89/431
f 465/89/431 477/100/443 478/95/444
f 465/89/431 478/95/444 466/84/432
f 466/84/432 478/95/444 479/94/445
f 466/84/432 479/94/445 467/90/433
f 467/90/433 479/94/445 480/93/446
f 467/90/433 480/93/446 468/91/434
f 468/91/434 480/93/446 469/92/435
f 468/91/434 469/92/435 457/81/423
f 469/92/435 481/101/447 482/102/448
f 469/92/435 482/102/448 470/93/436
f 470/93/436 482/102/448 483/103/449
f 470/93/436 483/103/449 471/94/437
f 471/94/437 483/103/449 484/104/450
f 471/94/437 484/104/450 472/95/438
f 472/95/438 484/104/450 485/105/451
f 472/95/438 485/105/451 473/96/439
f 473/96/439 485/105/451 486/106/452
f 473/96/439 486/106/452 474/97/440
f 474/97/440 486/106/452 487/107/453
f 474/97/440 487/107/453 475/98/441
f 475/98/441 487/107/453 488/106/454
f 475/98/441 488/106/454 476/99/442
f 476/99/442 488/106/454 489/108/455
f 476/99/442 489/108/455 477/100/443
f 477/100/443 489/108/455 490/104/456
f 477/100/443 490/104/456 478/95/444
f 478/95/444 490/104/456 491/109/457
f 478/95/444 491/109/457 479/94/445
f 479/94/445 491/109/457 492/110/458
f 479/94/445 492/110/458 480/93/446
f 480/93/446 492/110/458 481/101/447
f 480/93/446 481/101/447 469/92/435
f 481/101/447 493/111/459 494/112/460
f 481/101/447 494/112/460 482/102/448
f 482/102/448 494/112/460 495/113/461
f 482/102/448 495/113/461 483/103/449
f 483/103/449 495/113/461 496/114/462
f 483/103/449 496/114/462 484/104/450
f 484/104/450 496/114/462 497/115/463
f 484/104/450 497/115/463 485/105/451
f 485/105/451 497/115/463 498/116/464
f 485/105/451 498/116/464 486/106/452
f 486/106/452 498/116/464 499/117/465
f 486/106/452 499/117/465 487/107/453
f 487/107/453 499/117/465 500/118/466
f 487/107/453 500/118/466 488/106/454
f 488/106/454 500/118/466 501/119/467
f 488/106/454 501/119/467 489/108/455
f 489/108/455 501/119/467 502/120/468
f 489/108/455 502/120/468 490/104/456
f 490/104/456 502/120/468 503/121/469
f 490/104/456 503/121/469 491/109/457
f 491/109/457 503/121/469 504/122/470
f 491/109/457 504/122/470 492/110/458
f 492/110/458 504/122/470 493/111/459
f 492/110/458 493/111/459 481/101/447
f 493/111/459 505/123/292 506/124/471
f 493/111/459 506/124/471 494/112/460
f 494/112/460 506/124/471 507/125/472
f 494/112/460 507/125/472 495/113/461
f 495/113/461 507/125/472 508/126/473
f 495/113/461 508/126/473 496/114/462
f 496/114/462 508/126/473 509/127/474
f 496/114/462 509/127/474 497/115/463
f 497/115/463 509/127/474 510/128/475
f 497/115/463 510/128/475 498/116/464
f 498/116/464 510/128/475 511/129/279
f 498/116/464 511/129/279 499/117/465
f 499/117/465 511/129/279 512/130/476
f 499/117/465 512/130/476 500/118/466
f 500/118/466 512/130/476 513/131/477
f 500/118/466 513/131/477 501/119/467
f 501/119/467 513/131/477 514/132/478
f 501/119/467 514/132/478 502/120/468
f 502/120/468 514/132/478 515/133/479
f 502/120/468 515/133/479 503/121/469
f 503/121/469 515/133/479 516/134/480
f 503/121/469 516/134/480 504/122/470
f 504/122/470 516/134/480 505/123/292
f 504/122/470 505/123/292 493/111/459
f 505/123/292 517/135/291 518/136/481
f 505/123/292 518/136/481 506/124/471
f 506/124/471 518/136/481 519/137/482
f 506/124/471 519/137/482 507/125/472
f 507/125/472 519/137/482 520/138/483
f 507/125/472 520/138/483 508/126/473
f 508/126/473 520/138/483 521/139/484
f 508/126/473 521/139/484 509/127/474
f 509/127/474 521/139/484 522/140/485
f 509/127/474 522/140/485 510/128/475
f 510/128/475 522/140/485 523/141/280
f 510/128/475 523/141/280 511/129/279
f 511/129/279 523/141/280 524/142/486
f 511/129/279 524/142/486 512/130/476
f 512/130/476 524/142/486 525/143/487
f 512/130/476 525/143/487 513/131/477
f 513/131/477 525/143/487 526/144/488
f 513/131/477 526/144/488 514/132/478
f 514/132/478 526/144/488 527/145/489
f 514/132/478 527/145/489 515/133/479
f 515/133/479 527/145/489 528/136/490
f 515/133/479 528/136/490 516/134/480
f 516/134/480 528/136/490 517/135/291
f 516/134/480 517/135/291 505/123/292
f 517/135/291 529/146/491 530/147/492
f 517/135/291 530/147/492 518/136/481
f 518/136/481 530/147/492 531/148/493
f 518/136/481 531/148/493 519/137/482
f 519/137/482 531/148/493 532/149/494
f 519/137/482 532/149/494 520/138/483
f 520/138/483 532/149/494 533/150/495
f 520/138/483 533/150/495 521/139/484
f 521/139/484 533/150/495 534/151/496
f 521/139/484 534/151/496 522/140/485
f 522/140/485 534/151/496 535/152/497
f 522/140/485 535/152/497 523/141/280
f 523/141/280 535/152/497 536/153/498
f 523/141/280 536/153/498 524/142/486
f 524/142/486 536/153/498 537/154/499
f 524/142/486 537/154/499 525/143/487
f 525/143/487 537/154/499 538/155/500
f 525/143/487 538/155/500 526/144/488
f 526/144/488 538/155/500 539/148/501
f 526/144/488 539/148/501 527/145/489
f 527/145/489 539/148/501 540/147/502
f 527/145/489 540/147/502 528/136/490
f 528/136/490 540/147/502 529/146/491
f 528/136/490 529/146/491 517/135/291
f 529/146/491 541/156/321 542/157/503
f 529/146/491 542/157/503 530/147/492
f 530/147/492 542/157/503 543/158/504
f 530/147/492 543/158/504 531/148/493
f 531/148/493 543/158/504 544/159/505
f 531/148/493 544/159/505 532/149/494
f 532/149/494 544/159/505 545/160/506
f 532/149/494 545/160/506 533/150/495
f 533/150/495 545/160/506 546/161/507
f 533/150/495 546/161/507 534/151/496
f 534/151/496 546/161/507 547/162/315
f 534/151/496 547/162/315 535/152/497
f 535/152/497 547/162/315 548/163/508
f 535/152/497 548/163/508 536/153/498
f 536/153/498 548/163/508 549/164/509
f 536/153/498 549/164/509 537/154/499
f 537/154/499 549/164/509 550/159/510
f 537/154/499 550/159/510 538/155/500
f 538/155/500 550/159/510 551/158/511
f 538/155/500 551/158/511 539/148/501
f 539/148/501 551/158/511 552/165/512
f 539/148/501 552/165/512 540/147/502
f 540/147/502 552/165/512 541/156/321
f 540/147/502 541/156/321 529/146/491
f 541/156/321 553/166/333 554/167/513
f 541/156/321 554/167/513 542/157/503
f 542/157/503 554/167/513 555/168/514
f 542/157/503 555/168/514 543/158/504
f 543/158/504 555/168/514 556/169/515
f 543/158/504 556/169/515 544/159/505
f 544/159/505 556/169/515 557/170/516
f 544/159/505 557/170/516 545/160/506
f 545/160/506 557/170/516 558/171/517
f 545/160/506 558/171/517 546/161/507
f 546/161/507 558/171/517 559/172/327
f 546/161/507 559/172/327 547/162/315
f 547/162/315 559/172/327 560/173/518
f 547/162/315 560/173/518 548/163/508
f 548/163/508 560/173/518 561/174/519
f 548/163/508 561/174/519 549/164/509
f 549/164/509 561/174/519 562/169/520
f 549/164/509 562/169/520 550/159/510
f 550/159/510 562/169/520 563/175/521
f 550/159/510 563/175/521 551/158/511
f 551/158/511 563/175/521 564/176/522
f 551/158/511 564/176/522 552/165/512
f 552/165/512 564/176/522 553/166/333
f 552/165/512 553/166/333 541/156/321
f 553/166/333 565/177/345 566/178/523
f 553/166/333 566/178/523 554/167/513
f 554/167/513 566/178/523 567/179/524
f 554/167/513 567/179/524 555/168/514
f 555/168/514 567/179/524 568/180/525
f 555/168/514 568/180/525 556/169/515
f 556/169/515 568/180/525 569/181/526
f 556/169/515 569/181/526 557/170/516
f 557/170/516 569/181/526 570/182/527
f 557/170/516 570/182/527 558/171/517
f 558/171/517 570/182/527 571/183/339
f 558/171/517 571/183/339 559/172/327
f 559/172/327 571/183/339 572/184/528
f 559/172/327 572/184/528 560/173/518
f 560/173/518 572/184/528 573/185/529
f 560/173/518 573/185/529 561/174/519
f 561/174/519 573/185/529 574/180/530
f 561/174/519 574/180/530 562/169/520
f 562/169/520 574/180/530 575/186/531
f 562/169/520 575/186/531 563/175/521
f 563/175/521 575/186/531 576/187/532
f 563/175/521 576/187/532 564/176/522
f 564/176/522 576/187/532 565/177/345
f 564/176/522 565/177/345 553/166/333
f 565/177/345 577/188/357 578/189/533
f 565/177/345 578/189/533 566/178/523
f 566/178/523 578/189/533 579/190/534
f 566/178/523 579/190/534 567/179/524
f 567/179/524 579/190/534 580/191/535
f 567/179/524 580/191/535 568/180/525
f 568/180/525 580/191/535 581/192/536
f 568/180/525 581/192/536 569/181/526
f 569/181/526 581/192/536 582/193/537
f 569/181/526 582/193/537 570/182/527
f 570/182/527 582/193/537 583/194/351
f 570/182/527 583/194/351 571/183/339
f 571/183/339 583/194/351 584/195/538
f 571/183/339 584/195/538 572/184/528
f 572/184/528 584/195/538 585/196/539
f 572/184/528 585/196/539 573/185/529
f 573/185/529 585/196/539 586/191/540
f 573/185/529 586/191/540 574/180/530
f 574/180/530 586/191/540 587/197/541
f 574/180/530 587/197/541 575/186/531
f 575/186/531 587/197/541 588/189/542
f 575/186/531 588/189/542 576/187/532
f 576/187/532 588/189/542 577/188/357
f 576/187/532 577/188/357 565/177/345
f 577/188/357 589/302/369 590/303/543
f 577/188/357 590/303/543 578/189/533
f 578/189/533 590/303/543 591/304/544
f 578/189/533 591/304/544 579/190/534
f 579/190/534 591/304/544 592/305/545
f 579/190/534 592/305/545 580/191/535
f 580/191/535 592/305/545 593/306/546
f 580/191/535 593/306/546 581/192/536
f 581/192/536 593/306/546 594/307/547
f 581/192/536 594/307/547 582/193/537
f 582/193/537 594/307/547 595/308/363
f 582/193/537 595/308/363 583/194/351
f 583/194/351 595/308/363 596/309/548
f 583/194/351 596/309/548 584/195/538
f 584/195/538 596/309/548 597/310/549
f 584/195/538 597/310/549 585/196/539
f 585/196/539 597/310/549 598/305/550
f 585/196/539 598/305/550 586/191/540
f 586/191/540 598/305/550 599/304/551
f 586/191/540 599/304/551 587/197/541
f 587/197/541 599/304/551 600/311/552
f 587/197/541 600/311/552 588/189/542
f 588/189/542 600/311/552 589/302/369
f 588/189/542 589/302/369 577/188/357
f 589/302/369 601/312/381 602/313/553
f 589/302/369 602/313/553 590/303/543
f 590/303/543 602/313/553 603/314/554
f 590/303/543 603/314/554 591/304/544
f 591/304/544 603/314/554 604/315/555
f 591/304/544 604/315/555 592/305/545
f 592/305/545 604/315/555 605/316/556
f 592/305/545 605/316/556 593/306/546
f 593/306/546 605/316/556 606/317/557
f 593/306/546 606/317/557 594/307/547
f 594/307/547 606/317/557 607/318/375
f 594/307/547 607/318/375 595/308/363
f 595/308/363 607/318/375 608/319/558
f 595/308/363 608/319/558 596/309/548
f 596/309/548 608/319/558 609/320/559
f 596/309/548 609/320/559 597/310/549
f 597/310/549 609/320/559 610/315/560
f 597/310/549 610/315/560 598/305/550
f 598/305/550 610/315/560 611/321/561
f 598/305/550 611/321/561 599/304/551
f 599/304/551 611/321/561 612/313/562
f 599/304/551 612/313/562 600/311/552
f 600/311/552 612/313/562 601/312/381
f 600/311/552 601/312/381 589/302/369
f 601/312/381 613/322/393 614/323/563
f 601/312/381 614/323/563 602/313/553
f 602/313/553 614/323/563 615/324/564
f 602/313/553 615/324/564 603/314/554
f 603/314/554 615/324/564 616/325/565
f 603/314/554 616/325/565 604/315/555
f 604/315/555 616/325/565 617/326/566
f 604/315/555 617/326/566 605/316/556
f 605/316/556 617/326/566 618/327/567
f 605/316/556 618/327/567 606/317/557
f 606/317/557 618/327/567 619/328/387
f 606/317/557 619/328/387 607/318/375
f 607/318/375 619/328/387 620/329/568
f 607/318/375 620/329/568 608/319/558
f 608/319/558 620/329/568 621/326/569
f 608/319/558 621/326/569 609/320/559
f 609/320/559 621/326/569 622/325/570
f 609/320/559 622/325/570 610/315/560
f 610/315/560 622/325/570 623/324/571
f 610/315/560 623/324/571 611/321/561
f 611/321/561 623/324/571 624/323/572
f 611/321/561 624/323/572 612/313/562
f 612/313/562 624/323/572 613/322/393
f 612/313/562 613/322/393 601/312/381
f 613/322/393 625/330/405 626/331/573
f 613/322/393 626/331/573 614/323/563
f 614/323/563 626/331/573 627/332/574
f 614/323/563 627/332/574 615/324/564
f 615/324/564 627/332/574 628/333/575
f 615/324/564 628/333/575 616/325/565
f 616/325/565 628/333/575 629/334/576
f 616/325/565 629/334/576 617/326/566
f 617/326/566 629/334/576 630/335/577
f 617/326/566 630/335/577 618/327/567
f 618/327/567 630/335/577 631/336/399
f 618/327/567 631/336/399 619/328/387
f 619/328/387 631/336/399 632/337/578
f 619/328/387 632/337/578 620/329/568
f 620/329/568 632/337/578 633/334/579
f 620/329/568 633/334/579 621/326/569
f 621/326/569 633/334/579 634/333/580
f 621/326/569 634/333/580 622/325/570
f 622/325/570 634/333/580 635/332/581
f 622/325/570 635/332/581 623/324/571
f 623/324/571 635/332/581 636/331/582
f 623/324/571 636/331/582 624/323/572
f 624/323/572 636/331/582 625/330/405
f 624/323/572 625/330/405 613/322/393
f 625/330/405 637/338/417 638/339/583
f 625/330/405 638/339/583 626/331/573
f 626/331/573 638/339/583 639/340/584
f 626/331/573 639/340/584 627/332/574
f 627/332/574 639/340/584 640/341/585
f 627/332/574 640/341/585 628/333/575
f 628/333/575 640/341/585 641/342/586
f 628/333/575 641/342/586 629/334/576
f 629/334/576 641/342/586 642/343/587
f 629/334/576 642/343/587 630/335/577
f 630/335/577 642/343/587 643/344/411
f 630/335/577 643/344/411 631/336/399
f 631/336/399 643/344/411 644/345/588
f 631/336/399 644/345/588 632/337/578
f 632/337/578 644/345/588 645/342/589
f 632/337/578 645/342/589 633/334/579
f 633/334/579 645/342/589 646/341/590
f 633/334/579 646/341/590 634/333/580
f 634/333/580 646/341/590 647/340/591
f 634/333/580 647/340/591 635/332/581
f 635/332/581 647/340/591 648/346/592
f 635/332/581 648/346/592 636/331/582
f 636/331/582 648/346/592 637/338/417
f 636/331/582 637/338/417 625/330/405
f 637/338/417 649/347/429 650/348/593
f 637/338/417 650/348/593 638/339/583
f 638/339/583 650/348/593 651/349/594
f 638/339/583 651/349/594 639/340/584
f 639/340/584 651/349/594 652/350/595
f 639/340/584 652/350/595 640/341/585
f 640/341/585 652/350/595 653/351/596
f 640/341/585 653/351/596 641/342/586
f 641/342/586 653/351/596 654/352/597
f 641/342/586 654/352/597 642/343/587
f 642/343/587 654/352/597 655/353/423
f 642/343/587 655/353/423 643/344/411
f 643/344/411 655/353/423 656/354/598
f 643/344/411 656/354/598 644/345/588
f 644/345/588 656/354/598 657/355/599
f 644/345/588 657/355/599 645/342/589
f 645/342/589 657/355/599 658/350/600
f 645/342/589 658/350/600 646/341/590
f 646/341/590 658/350/600 659/356/601
f 646/341/590 659/356/601 647/340/591
f 647/340/591 659/356/601 660/357/602
f 647/340/591 660/357/602 648/346/592
f 648/346/592 660/357/602 649/347/429
f 648/346/592 649/347/429 637/338/417
f 649/347/429 661/358/441 662/359/603
f 649/347/429 662/359/603 650/348/593
f 650/348/593 662/359/603 663/360/604
f 650/348/593 663/360/604 651/349/594
f 651/349/594 663/360/604 664/361/605
f 651/349/594 664/361/605 652/350/595
f 652/350/595 664/361/605 665/362/606
f 652/350/595 665/362/606 653/351/596
f 653/351/596 665/362/606 666/363/607
f 653/351/596 666/363/607 654/352/597
f 654/352/597 666/363/607 667/364/435
f 654/352/597 667/364/435 655/353/423
f 655/353/423 667/364/435 668/365/608
f 655/353/423 668/365/608 656/354/598
f 656/354/598 668/365/608 669/366/609
f 656/354/598 669/366/609 657/355/599
f 657/355/599 669/366/609 670/361/610
f 657/355/599 670/361/610 658/350/600
f 658/350/600 670/361/610 671/360/611
f 658/350/600 671/360/611 659/356/601
f 659/356/601 671/360/611 672/367/612
f 659/356/601 672/367/612 660/357/602
f 660/357/602 672/367/612 661/358/441
f 660/357/602 661/358/441 649/347/429
f 661/358/441 673/368/453 674/369/613
f 661/358/441 674/369/613 662/359/603
f 662/359/603 674/369/613 675/370/614
f 662/359/603 675/370/614 663/360/604
f 663/360/604 675/370/614 676/371/615
f 663/360/604 676/371/615 664/361/605
f 664/361/605 676/371/615 677/372/616
f 664/361/605 677/372/616 665/362/606
f 665/362/606 677/372/616 678/373/617
f 665/362/606 678/373/617 666/363/607
f 666/363/607 678/373/617 679/374/447
f 666/363/607 679/374/447 667/364/435
f 667/364/435 679/374/447 680/375/618
f 667/364/435 680/375/618 668/365/608
f 668/365/608 680/375/618 681/372/619
f 668/365/608 681/372/619 669/366/609
f 669/366/609 681/372/619 682/371/620
f 669/366/609 682/371/620 670/361/610
f 670/361/610 682/371/620 683/376/621
f 670/361/610 683/376/621 671/360/611
f 671/360/611 683/376/621 684/377/622
f 671/360/611 684/377/622 672/367/612
f 672/367/612 684/377/622 673/368/453
f 672/367/612 673/368/453 661/358/441
f 673/368/453 685/378/465 686/379/623
f 673/368/453 686/379/623 674/369/613
f 674/369/613 686/379/623 687/380/624
f 674/369/613 687/380/624 675/370/614
f 675/370/614 687/380/624 688/381/625
f 675/370/614 688/381/625 676/371/615
f 676/371/615 688/381/625 689/382/626
f 676/371/615 689/382/626 677/372/616
f 677/372/616 689/382/626 690/383/627
f 677/372/616 690/383/627 678/373/617
f 678/373/617 690/383/627 691/384/459
f 678/373/617 691/384/459 679/374/447
f 679/374/447 691/384/459 692/385/628
f 679/374/447 692/385/628 680/375/618
f 680/375/618 692/385/628 693/386/629
f 680/375/618 693/386/629 681/372/619
f 681/372/619 693/386/629 694/387/630
f 681/372/619 694/387/630 682/371/620
f 682/371/620 694/387/630 695/388/631
f 682/371/620 695/388/631 683/376/621
f 683/376/621 695/388/631 696/389/632
f 683/376/621 696/389/632 684/377/622
f 684/377/622 696/389/632 685/378/465
f 684/377/622 685/378/465 673/368/453
f 685/378/465 313/210/279 316/213/282
f 685/378/465 316/213/282 686/379/623
f 686/379/623 316/213/282 318/215/284
f 686/379/623 318/215/284 687/380/624
f 687/380/624 318/215/284 320/217/286
f 687/380/624 320/217/286 688/381/625
f 688/381/625 320/217/286 322/219/288
f 688/381/625 322/219/288 689/382/626
f 689/382/626 322/219/288 324/221/290
f 689/382/626 324/221/290 690/383/627
f 690/383/627 324/221/290 326/223/292
f 690/383/627 326/223/292 691/384/459
f 691/384/459 326/223/292 328/225/294
f 691/384/459 328/225/294 692/385/628
f 692/385/628 328/225/294 330/227/296
f 692/385/628 330/227/296 693/386/629
f 693/386/629 330/227/296 332/229/298
f 693/386/629 332/229/298 694/387/630
f 694/387/630 332/229/298 334/231/300
f 694/387/630 334/231/300 695/388/631
f 695/388/631 334/231/300 336/233/302
f 695/388/631 336/233/302 696/389/632
f 696/389/632 336/233/302 313/210/279
f 696/389/632 313/210/279 685/378/465
f 697/210/633 698/211/634 699/212/635
f 697/210/633 699/212/635 700/213/636
f 700/213/636 699/212/635 701/214/637
f 700/213/636 701/214/637 702/215/638
f 702/215/638 701/214/637 703/216/639
f 702/215/638 703/216/639 704/217/640
f 704/217/640 703/216/639 705/218/641
f 704/217/640 705/218/641 706/219/642
f 706/219/642 705/218/641 707/220/643
f 706/219/642 707/220/643 708/221/644
f 708/221/644 707/220/643 709/222/645
f 708/221/644 709/222/645 710/223/646
f 710/223/646 709/222/645 711/224/647
f 710/223/646 711/224/647 712/225/648
f 712/225/648 711/224/647 713/226/649
f 712/225/648 713/226/649 714/227/650
f 714/227/650 713/226/649 715/228/651
f 714/227/650 715/228/651 716/229/652
f 716/229/652 715/228/651 717/230/653
f 716/229/652 717/230/653 718/231/654
f 718/231/654 717/230/653 719/232/655
f 718/231/654 719/232/655 720/233/656
f 720/233/656 719/232/655 698/211/634
f 720/233/656 698/211/634 697/210/633
f 698/211/634 721/234/657 722/235/658
f 698/211/634 722/235/658 699/212/635
f 699/212/635 722/235/658 723/236/659
f 699/212/635 723/236/659 701/214/637
f 701/214/637 723/236/659 724/237/660
f 701/214/637 724/237/660 703/216/639
f 703/216/639 724/237/660 725/238/661
f 703/216/639 725/238/661 705/218/641
f 705/218/641 725/238/661 726/239/662
f 705/218/641 726/239/662 707/220/643
f 707/220/643 726/239/662 727/240/663
f 707/220/643 727/240/663 709/222/645
f 709/222/645 727/240/663 728/239/664
f 709/222/645 728/239/664 711/224/647
f 711/224/647 728/239/664 729/241/665
f 711/224/647 729/241/665 713/226/649
f 713/226/649 729/241/665 730/242/666
f 713/226/649 730/242/666 715/228/651
f 715/228/651 730/242/666 731/236/667
f 715/228/651 731/236/667 717/230/653
f 717/230/653 731/236/667 732/243/668
f 717/230/653 732/243/668 719/232/655
f 719/232/655 732/243/668 721/234/657
f 719/232/655 721/234/657 698/211/634
f 721/234/657 733/244/669 734/245/670
f 721/234/657 734/245/670 722/235/658
f 722/235/658 734/245/670 735/246/671
f 722/235/658 735/246/671 723/236/659
f 723/236/659 735/246/671 736/247/672
f 723/236/659 736/247/672 724/237/660
f 724/237/660 736/247/672 737/248/673
f 724/237/660 737/248/673 725/238/661
f 725/238/661 737/248/673 738/249/674
f 725/238/661 738/249/674 726/239/662
f 726/239/662 738/249/674 739/250/675
f 726/239/662 739/250/675 727/240/663
f 727/240/663 739/250/675 740/251/676
f 727/240/663 740/251/676 728/239/664
f 728/239/664 740/251/676 741/252/677
f 728/239/664 741/252/677 729/241/665
f 729/241/665 741/252/677 742/247/678
f 729/241/665 742/247/678 730/242/666
f 730/242/666 742/247/678 743/246/679
f 730/242/666 743/246/679 731/236/667
f 731/236/667 743/246/679 744/253/680
f 731/236/667 744/253/680 732/243/668
f 732/243/668 744/253/680 733/244/669
f 732/243/668 733/244/669 721/234/657
f 733/244/669 745/254/681 746/255/682
f 733/244/669 746/255/682 734/245/670
f 734/245/670 746/255/682 747/256/683
f 734/245/670 747/256/683 735/246/671
f 735/246/671 747/256/683 748/257/684
f 735/246/671 748/257/684 736/247/672
f 736/247/672 748/257/684 749/258/685
f 736/247/672 749/258/685 737/248/673
f 737/248/673 749/258/685 750/259/686
f 737/248/673 750/259/686 738/249/674
f 738/249/674 750/259/686 751/260/687
f 738/249/674 751/260/687 739/250/675
f 739/250/675 751/260/687 752/261/688
f 739/250/675 752/261/688 740/251/676
f 740/251/676 752/261/688 753/262/689
f 740/251/676 753/262/689 741/252/677
f 741/252/677 753/262/689 754/257/690
f 741/252/677 754/257/690 742/247/678
f 742/247/678 754/257/690 755/256/691
f 742/247/678 755/256/691 743/246/679
f 743/246/679 755/256/691 756/263/692
f 743/246/679 756/263/692 744/253/680
f 744/253/680 756/263/692 745/254/681
f 744/253/680 745/254/681 733/244/669
f 745/254/681 757/264/693 758/265/694
f 745/254/681 758/265/694 746/255/682
f 746/255/682 758/265/694 759/266/695
f 746/255/682 759/266/695 747/256/683
f 747/256/683 759/266/695 760/267/696
f 747/256/683 760/267/696 748/257/684
f 748/257/684 760/267/696 761/268/697
f 748/257/684 761/268/697 749/258/685
f 749/258/685 761/268/697 762/269/698
f 749/258/685 762/269/698 750/259/686
f 750/259/686 762/269/698 763/270/699
f 750/259/686 763/270/699 751/260/687
f 751/260/687 763/270/699 764/271/700
f 751/260/687 764/271/700 752/261/688
f 752/261/688 764/271/700 765/272/701
f 752/261/688 765/272/701 753/262/689
f 753/262/689 765/272/701 766/267/702
f 753/262/689 766/267/702 754/257/690
f 754/257/690 766/267/702 767/266/703
f 754/257/690 767/266/703 755/256/691
f 755/256/691 767/266/703 768/273/704
f 755/256/691 768/273/704 756/263/692
f 756/263/692 768/273/704 757/264/693
f 756/263/692 757/264/693 745/254/681
f 757/264/693 769/274/705 770/275/706
f 757/264/693 770/275/706 758/265/694
f 758/265/694 770/275/706 771/276/707
f 758/265/694 771/276/707 759/266/695
f 759/266/695 771/276/707 772/277/708
f 759/266/695 772/277/708 760/267/696
f 760/267/696 772/277/708 773/278/709
f 760/267/696 773/278/709 761/268/697
f 761/268/697 773/278/709 774/279/710
f 761/268/697 774/279/710 762/269/698
f 762/269/698 774/279/710 775/280/711
f 762/269/698 775/280/711 763/270/699
f 763/270/699 775/280/711 776/281/712
f 763/270/699 776/281/712 764/271/700
f 764/271/700 776/281/712 777/282/713
f 764/271/700 777/282/713 765/272/701
f 765/272/701 777/282/713 778/277/714
f 765/272/701 778/277/714 766/267/702
f 766/267/702 778/277/714 779/283/715
f 766/267/702 779/283/715 767/266/703
f 767/266/703 779/283/715 780/284/716
f 767/266/703 780/284/716 768/273/704
f 768/273/704 780/284/716 769/274/705
f 768/273/704 769/274/705 757/264/693
f 769/274/705 781/285/717 782/286/718
f 769/274/705 782/286/718 770/275/706
f 770/275/706 782/286/718 783/287/719
f 770/275/706 783/287/719 771/276/707
f 771/276/707 783/287/719 784/288/720
f 771/276/707 784/288/720 772/277/708
f 772/277/708 784/288/720 785/289/721
f 772/277/708 785/289/721 773/278/709
f 773/278/709 785/289/721 786/290/722
f 773/278/709 786/290/722 774/279/710
f 774/279/710 786/290/722 787/291/723
f 774/279/710 787/291/723 775/280/711
f 775/280/711 787/291/723 788/292/724
f 775/280/711 788/292/724 776/281/712
f 776/281/712 788/292/724 789/293/725
f 776/281/712 789/293/725 777/282/713
f 777/282/713 789/293/725 790/288/726
f 777/282/713 790/288/726 778/277/714
f 778/277/714 790/288/726 791/287/727
f 778/277/714 791/287/727 779/283/715
f 779/283/715 791/287/727 792/286/728
f 779/283/715 792/286/728 780/284/716
f 780/284/716 792/286/728 781/285/717
f 780/284/716 781/285/717 769/274/705
f 781/285/717 793/294/729 794/295/730
f 781/285/717 794/295/730 782/286/718
f 782/286/718 794/295/730 795/296/731
f 782/286/718 795/296/731 783/287/719
f 783/287/719 795/296/731 796/297/732
f 783/287/719 796/297/732 784/288/720
f 784/288/720 796/297/732 797/298/733
f 784/288/720 797/298/733 785/289/721
f 785/289/721 797/298/733 798/299/734
f 785/289/721 798/299/734 786/290/722
f 786/290/722 798/299/734 799/300/735
f 786/290/722 799/300/735 787/291/723
f 787/291/723 799/300/735 800/301/736
f 787/291/723 800/301/736 788/292/724
f 788/292/724 800/301/736 801/298/737
f 788/292/724 801/298/737 789/293/725
f 789/293/725 801/298/737 802/297/738
f 789/293/725 802/297/738 790/288/726
f 790/288/726 802/297/738 803/296/739
f 790/288/726 803/296/739 791/287/727
f 791/287/727 803/296/739 804/295/740
f 791/287/727 804/295/740 792/286/728
f 792/286/728 804/295/740 793/294/729
f 792/286/728 793/294/729 781/285/717
f 793/294/729 805/41/741 806/42/742
f 793/294/729 806/42/742 794/295/730
f 794/295/730 806/42/742 807/44/743
f 794/295/730 807/44/743 795/296/731
f 795/296/731 807/44/743 808/46/744
f 795/296/731 808/46/744 796/297/732
f 796/297/732 808/46/744 809/48/745
f 796/297/732 809/48/745 797/298/733
f 797/298/733 809/48/745 810/50/746
f 797/298/733 810/50/746 798/299/734
f 798/299/734 810/50/746 811/52/747
f 798/299/734 811/52/747 799/300/735
f 799/300/735 811/52/747 812/54/748
f 799/300/735 812/54/748 800/301/736
f 800/301/736 812/54/748 813/56/749
f 800/301/736 813/56/749 801/298/737
f 801/298/737 813/56/749 814/46/750
f 801/298/737 814/46/750 802/297/738
f 802/297/738 814/46/750 815/59/751
f 802/297/738 815/59/751 803/296/739
f 803/296/739 815/59/751 816/61/752
f 803/296/739 816/61/752 804/295/740
f 804/295/740 816/61/752 805/41/741
f 804/295/740 805/41/741 793/294/729
f 805/41/741 817/62/753 818/63/754
f 805/41/741 818/63/754 806/42/742
f 806/42/742 818/63/754 819/64/755
f 806/42/742 819/64/755 807/44/743
f 807/44/743 819/64/755 820/65/756
f 807/44/743 820/65/756 808/46/744
f 808/46/744 820/65/756 821/66/757
f 808/46/744 821/66/757 809/48/745
f 809/48/745 821/66/757 822/67/758
f 809/48/745 822/67/758 810/50/746
f 810/50/746 822/67/758 823/68/759
f 810/50/746 823/68/759 811/52/747
f 811/52/747 823/68/759 824/69/760
f 811/52/747 824/69/760 812/54/748
f 812/54/748 824/69/760 825/70/761
f 812/54/748 825/70/761 813/56/749
f 813/56/749 825/70/761 826/65/762
f 813/56/749 826/65/762 814/46/750
f 814/46/750 826/65/762 827/64/763
f 814/46/750 827/64/763 815/59/751
f 815/59/751 827/64/763 828/63/764
f 815/59/751 828/63/764 816/61/752
f 816/61/752 828/63/764 817/62/753
f 816/61/752 817/62/753 805/41/741
f 817/62/753 829/71/765 830/72/766
f 817/62/753 830/72/766 818/63/754
f 818/63/754 830/72/766 831/73/767
f 818/63/754 831/73/767 819/64/755
f 819/64/755 831/73/767 832/74/768
f 819/64/755 832/74/768 820/65/756
f 820/65/756 832/74/768 833/75/769
f 820/65/756 833/75/769 821/66/757
f 821/66/757 833/75/769 834/76/770
f 821/66/757 834/76/770 822/67/758
f 822/67/758 834/76/770 835/77/771
f 822/67/758 835/77/771 823/68/759
f 823/68/759 835/77/771 836/78/772
f 823/68/759 836/78/772 824/69/760
f 824/69/760 836/78/772 837/75/773
f 824/69/760 837/75/773 825/70/761
f 825/70/761 837/75/773 838/74/774
f 825/70/761 838/74/774 826/65/762
f 826/65/762 838/74/774 839/79/775
f 826/65/762 839/79/775 827/64/763
f 827/64/763 839/79/775 840/80/776
f 827/64/763 840/80/776 828/63/764
f 828/63/764 840/80/776 829/71/765
f 828/63/764 829/71/765 817/62/753
f 829/71/765 841/81/777 842/82/778
f 829/71/765 842/82/778 830/72/766
f 830/72/766 842/82/778 843/83/779
f 830/72/766 843/83/779 831/73/767
f 831/73/767 843/83/779 844/84/780
f 831/73/767 844/84/780 832/74/768
f 832/74/768 844/84/780 845/85/781
f 832/74/768 845/85/781 833/75/769
f 833/75/769 845/85/781 846/86/782
f 833/75/769 846/86/782 834/76/770
f 834/76/770 846/86/782 847/87/783
f 834/76/770 847/87/783 835/77/771
f 835/77/771 847/87/783 848/88/784
f 835/77/771 848/88/784 836/78/772
f 836/78/772 848/88/784 849/89/785
f 836/78/772 849/89/785 837/75/773
f 837/75/773 849/89/785 850/84/786
f 837/75/773 850/84/786 838/74/774
f 838/74/774 850/84/786 851/90/787
f 838/74/774 851/90/787 839/79/775
f 839/79/775 851/90/787 852/91/788
f 839/79/775 852/91/788 840/80/776
f 840/80/776 852/91/788 841/81/777
f 840/80/776 841/81/777 829/71/765
f 841/81/777 853/92/789 854/93/790
f 841/81/777 854/93/790 842/82/778
f 842/82/778 854/93/790 855/94/791
f 842/82/778 855/94/791 843/83/779
f 843/83/779 855/94/791 856/95/792
f 843/83/779 856/95/792 844/84/780
f 844/84/780 856/95/792 857/96/793
f 844/84/780 857/96/793 845/85/781
f 845/85/781 857/96/793 858/97/794
f 845/85/781 858/97/794 846/86/782
f 846/86/782 858/97/794 859/98/795
f 846/86/782 859/98/795 847/87/783
f 847/87/783 859/98/795 860/99/796
f 847/87/783 860/99/796 848/88/784
f 848/88/784 860/99/796 861/100/797
f 848/88/784 861/100/797 849/89/785
f 849/89/785 861/100/797 862/95/798
f 849/89/785 862/95/798 850/84/786
f 850/84/786 862/95/798 863/94/799
f 850/84/786 863/94/799 851/90/787
f 851/90/787 863/94/799 864/93/800
f 851/90/787 864/93/800 852/91/788
f 852/91/788 864/93/800 853/92/789
f 852/91/788 853/92/789 841/81/777
f 853/92/789 865/101/801 866/102/802
f 853/92/789 866/102/802 854/93/790
f 854/93/790 866/102/802 867/103/803
f 854/93/790 867/103/803 855/94/791
f 855/94/791 867/103/803 868/104/804
f 855/94/791 868/104/804 856/95/792
f 856/95/792 868/104/804 869/105/805
f 856/95/792 869/105/805 857/96/793
f 857/96/793 869/105/805 870/106/806
f 857/96/793 870/106/806 858/97/794
f 858/97/794 870/106/806 871/107/807
f 858/97/794 871/107/807 859/98/795
f 859/98/795 871/107/807 872/106/808
f 859/98/795 872/106/808 860/99/796
f 860/99/796 872/106/808 873/108/809
f 860/99/796 873/108/809 861/100/797
f 861/100/797 873/108/809 874/104/810
f 861/100/797 874/104/810 862/95/798
f 862/95/798 874/104/810 875/109/811
f 862/95/798 875/109/811 863/94/799
f 863/94/799 875/109/811 876/110/812
f 863/94/799 876/110/812 864/93/800
f 864/93/800 876/110/812 865/101/801
f 864/93/800 865/101/801 853/92/789
f 865/101/801 877/111/813 878/112/814
f 865/101/801 878/112/814 866/102/802
f 866/102/802 878/112/814 879/113/815
f 866/102/802 879/113/815 867/103/803
f 867/103/803 879/113/815 880/114/816
f 867/103/803 880/114/816 868/104/804
f 868/104/804 880/114/816 881/115/817
f 868/104/804 881/115/817 869/105/805
f 869/105/805 881/115/817 882/116/818
f 869/105/805 882/116/818 870/106/806
f 870/106/806 882/116/818 883/117/819
f 870/106/806 883/117/819 871/107/807
f 871/107/807 883/117/819 884/118/820
f 871/107/807 884/118/820 872/106/808
f 872/106/808 884/118/820 885/119/821
f 872/106/808 885/119/821 873/108/809
f 873/108/809 885/119/821 886/120/822
f 873/108/809 886/120/822 874/104/810
f 874/104/810 886/120/822 887/121/823
f 874/104/810 887/121/823 875/109/811
f 875/109/811 887/121/823 888/122/824
f 875/109/811 888/122/824 876/110/812
f 876/110/812 888/122/824 877/111/813
f 876/110/812 877/111/813 865/101/801
f 877/111/813 889/123/825 890/124/826
f 877/111/813 890/124/826 878/112/814
f 878/112/814 890/124/826 891/125/827
f 878/112/814 891/125/827 879/113/815
f 879/113/815 891/125/827 892/126/828
f 879/113/815 892/126/828 880/114/816
f 880/114/816 892/126/828 893/127/829
f 880/114/816 893/127/829 881/115/817
f 881/115/817 893/127/829 894/128/830
f 881/115/817 894/128/830 882/116/818
f 882/116/818 894/128/830 895/129/633
f 882/116/818 895/129/633 883/117/819
f 883/117/819 895/129/633 896/130/831
f 883/117/819 896/130/831 884/118/820
f 884/118/820 896/130/831 897/131/832
f 884/118/820 897/131/832 885/119/821
f 885/119/821 897/131/832 898/132/833
f 885/119/821 898/132/833 886/120/822
f 886/120/822 898/132/833 899/133/834
f 886/120/822 899/133/834 887/121/823
f 887/121/823 899/133/834 900/134/835
f 887/121/823 900/134/835 888/122/824
f 888/122/824 900/134/835 889/123/825
f 888/122/824 889/123/825 877/111/813
f 889/123/825 901/135/645 902/136/836
f 889/123/825 902/136/836 890/124/826
f 890/124/826 902/136/836 903/137/837
f 890/124/826 903/137/837 891/125/827
f 891/125/827 903/137/837 904/138/838
f 891/125/827 904/138/838 892/126/828
f 892/126/828 904/138/838 905/139/839
f 892/126/828 905/139/839 893/127/829
f 893/127/829 905/139/839 906/140/840
f 893/127/829 906/140/840 894/128/830
f 894/128/830 906/140/840 907/141/634
f 894/128/830 907/141/634 895/129/633
f 895/129/633 907/141/634 908/142/841
f 895/129/633 908/142/841 896/130/831
f 896/130/831 908/142/841 909/143/842
f 896/130/831 909/143/842 897/131/832
f 897/131/832 909/143/842 910/144/843
f 897/131/832 910/144/843 898/132/833
f 898/132/833 910/144/843 911/145/844
f 898/132/833 911/145/844 899/133/834
f 899/133/834 911/145/844 912/136/845
f 899/133/834 912/136/845 900/134/835
f 900/134/835 912/136/845 901/135/645
f 900/134/835 901/135/645 889/123/825
f 901/135/645 913/146/663 914/147/846
f 901/135/645 914/147/846 902/136/836
f 902/136/836 914/147/846 915/148/847
f 902/136/836 915/148/847 903/137/837
f 903/137/837 915/148/847 916/149/848
f 903/137/837 916/149/848 904/138/838
f 904/138/838 916/149/848 917/150/849
f 904/138/838 917/150/849 905/139/839
f 905/139/839 917/150/849 918/151/850
f 905/139/839 918/151/850 906/140/840
f 906/140/840 918/151/850 919/152/657
f 906/140/840 919/152/657 907/141/634
f 907/141/634 919/152/657 920/153/851
f 907/141/634 920/153/851 908/142/841
f 908/142/841 920/153/851 921/154/852
f 908/142/841 921/154/852 909/143/842
f 909/143/842 921/154/852 922/155/853
f 909/143/842 922/155/853 910/144/843
f 910/144/843 922/155/853 923/148/854
f 910/144/843 923/148/854 911/145/844
f 911/145/844 923/148/854 924/147/855
f 911/145/844 924/147/855 912/136/845
f 912/136/845 924/147/855 913/146/663
f 912/136/845 913/146/663 901/135/645
f 913/146/663 925/156/675 926/157/856
f 913/146/663 926/157/856 914/147/846
f 914/147/846 926/157/856 927/158/857
f 914/147/846 927/158/857 915/148/847
f 915/148/847 927/158/857 928/159/858
f 915/148/847 928/159/858 916/149/848
f 916/149/848 928/159/858 929/160/859
f 916/149/848 929/160/859 917/150/849
f 917/150/849 929/160/859 930/161/860
f 917/150/849 930/161/860 918/151/850
f 918/151/850 930/161/860 931/162/669
f 918/151/850 931/162/669 919/152/657
f 919/152/657 931/162/669 932/163/861
f 919/152/657 932/163/861 920/153/851
f 920/153/851 932/163/861 933/164/862
f 920/153/851 933/164/862 921/154/852
f 921/154/852 933/164/862 934/159/863
f 921/154/852 934/159/863 922/155/853
f 922/155/853 934/159/863 935/158/864
f 922/155/853 935/158/864 923/148/854
f 923/148/854 935/158/864 936/165/865
f 923/148/854 936/165/865 924/147/855
f 924/147/855 936/165/865 925/156/675
f 924/147/855 925/156/675 913/146/663
f 925/156/675 937/166/687 938/167/866
f 925/156/675 938/167/866 926/157/856
f 926/157/856 938/167/866 939/168/867
f 926/157/856 939/168/867 927/158/857
f 927/158/857 939/168/867 940/169/868
f 927/158/857 940/169/868 928/159/858
f 928/159/858 940/169/868 941/170/869
f 928/159/858 941/170/869 929/160/859
f 929/160/859 941/170/869 942/171/870
f 929/160/859 942/171/870 930/161/860
f 930/161/860 942/171/870 943/172/681
f 930/161/860 943/172/681 931/162/669
f 931/162/669 943/172/681 944/173/871
f 931/162/669 944/173/871 932/163/861
f 932/163/861 944/173/871 945/174/872
f 932/163/861 945/174/872 933/164/862
f 933/164/862 945/174/872 946/169/873
f 933/164/862 946/169/873 934/159/863
f 934/159/863 946/169/873 947/175/874
f 934/159/863 947/175/874 935/158/864
f 935/158/864 947/175/874 948/176/875
f 935/158/864 948/176/875 936/165/865
f 936/165/865 948/176/875 937/166/687
f 936/165/865 937/166/687 925/156/675
f 937/166/687 949/177/699 950/178/876
f 937/166/687 950/178/876 938/167/866
f 938/167/866 950/178/876 951/179/877
f 938/167/866 951/179/877 939/168/867
f 939/168/867 951/179/877 952/180/878
f 939/168/867 952/180/878 940/169/868
f 940/169/868 952/180/878 953/181/879
f 940/169/868 953/181/879 941/170/869
f 941/170/869 953/181/879 954/182/880
f 941/170/869 954/182/880 942/171/870
f 942/171/870 954/182/880 955/183/693
f 942/171/870 955/183/693 943/172/681
f 943/172/681 955/183/693 956/184/881
f 943/172/681 956/184/881 944/173/871
f 944/173/871 956/184/881 957/185/882
f 944/173/871 957/185/882 945/174/872
f 945/174/872 957/185/882 958/180/883
f 945/174/872 958/180/883 946/169/873
f 946/169/873 958/180/883 959/186/884
f 946/169/873 959/186/884 947/175/874
f 947/175/874 959/186/884 960/187/885
f 947/175/874 960/187/885 948/176/875
f 948/176/875 960/187/885 949/177/699
f 948/176/875 949/177/699 937/166/687
f 949/177/699 961/188/711 962/189/886
f 949/177/699 962/189/886 950/178/876
f 950/178/876 962/189/886 963/190/887
f 950/178/876 963/190/887 951/179/877
f 951/179/877 963/190/887 964/191/888
f 951/179/877 964/191/888 952/180/878
f 952/180/878 964/191/888 965/192/889
f 952/180/878 965/192/889 953/181/879
f 953/181/879 965/192/889 966/193/890
f 953/181/879 966/193/890 954/182/880
f 954/182/880 966/193/890 967/194/705
f 954/182/880 967/194/705 955/183/693
f 955/183/693 967/194/705 968/195/891
f 955/183/693 968/195/891 956/184/881
f 956/184/881 968/195/891 969/196/892
f 956/184/881 969/196/892 957/185/882
f 957/185/882 969/196/892 970/191/893
f 957/185/882 970/191/893 958/180/883
f 958/180/883 970/191/893 971/197/894
f 958/180/883 971/197/894 959/186/884
f 959/186/884 971/197/894 972/189/895
f 959/186/884 972/189/895 960/187/885
f 960/187/885 972/189/895 961/188/711
f 960/187/885 961/188/711 949/177/699
f 961/188/711 973/302/723 974/303/896
f 961/188/711 974/303/896 962/189/886
f 962/189/886 974/303/896 975/304/897
f 962/189/886 975/304/897 963/190/887
f 963/190/887 975/304/897 976/305/898
f 963/190/887 976/305/898 964/191/888
f 964/191/888 976/305/898 977/306/899
f 964/191/888 977/306/899 965/192/889
f 965/192/889 977/306/899 978/307/900
f 965/192/889 978/307/900 966/193/890
f 966/193/890 978/307/900 979/308/717
f 966/193/890 979/308/717 967/194/705
f 967/194/705 979/308/717 980/309/901
f 967/194/705 980/309/901 968/195/891
f 968/195/891 980/309/901 981/310/902
f 968/195/891 981/310/902 969/196/892
f 969/196/892 981/310/902 982/305/903
f 969/196/892 982/305/903 970/191/893
f 970/191/893 982/305/903 983/304/904
f 970/191/893 983/304/904 971/197/894
f 971/197/894 983/304/904 984/311/905
f 971/197/894 984/311/905 972/189/895
f 972/189/895 984/311/905 973/302/723
f 972/189/895 973/302/723 961/188/711
f 973/302/723 985/312/735 986/313/906
f 973/302/723 986/313/906 974/303/896
f 974/303/896 986/313/906 987/314/907
f 974/303/896 987/314/907 975/304/897
f 975/304/897 987/314/907 988/315/908
f 975/304/897 988/315/908 976/305/898
f 976/305/898 988/315/908 989/316/909
f 976/305/898 989/316/909 977/306/899
f 977/306/899 989/316/909 990/317/910
f 977/306/899 990/317/910 978/307/900
f 978/307/900 990/317/910 991/318/729
f 978/307/900 991/318/729 979/308/717
f 979/308/717 991/318/729 992/319/911
f 979/308/717 992/319/911 980/309/901
f 980/309/901 992/319/911 993/320/912
f 980/309/901 993/320/912 981/310/902
f 981/310/902 993/320/912 994/315/913
f 981/310/902 994/315/913 982/305/903
f 982/305/903 994/315/913 995/321/914
f 982/305/903 995/321/914 983/304/904
f 983/304/904 995/321/914 996/313/915
f 983/304/904 996/313/915 984/311/905
f 984/311/905 996/313/915 985/312/735
f 984/311/905 985/312/735 973/302/723
f 985/312/735 997/322/747 998/323/916
f 985/312/735 998/323/916 986/313/906
f 986/313/906 998/323/916 999/324/917
f 986/313/906 999/324/917 987/314/907
f 987/314/907 999/324/917 1000/325/918
f 987/314/907 1000/325/918 988/315/908
f 988/315/908 1000/325/918 1001/326/919
f 988/315/908 1001/326/919 989/316/909
f 989/316/909 1001/326/919 1002/327/920
f 989/316/909 1002/327/920 990/317/910
f 990/317/910 1002/327/920 1003/328/741
f 990/317/910 1003/328/741 991/318/729
f 991/318/729 1003/328/741 1004/329/921
f 991/318/729 1004/329/921 992/319/911
f 992/319/911 1004/329/921 1005/326/922
f 992/319/911 1005/326/922 993/320/912
f 993/320/912 1005/326/922 1006/325/923
f 993/320/912 1006/325/923 994/315/913
f 994/315/913 1006/325/923 1007/324/924
f 994/315/913 1007/324/924 995/321/914
f 995/321/914 1007/324/924 1008/323/925
f 995/321/914 1008/323/925 996/313/915
f 996/313/915 1008/323/925 997/322/747
f 996/313/915 997/322/747 985/312/735
f 997/322/747 1009/330/759 1010/331/926
f 997/322/747 1010/331/926 998/323/916
f 998/323/916 1010/331/926 1011/332/927
f 998/323/916 1011/332/927 999/324/917
f 999/324/917 1011/332/927 1012/333/928
f 999/324/917 1012/333/928 1000/325/918
f 1000/325/918 1012/333/928 1013/334/929
f 1000/325/918 1013/334/929 1001/326/919
f 1001/326/919 1013/334/929 1014/335/930
f 1001/326/919 1014/335/930 1002/327/920
f 1002/327/920 1014/335/930 1015/336/753
f 1002/327/920 1015/336/753 1003/328/741
f 1003/328/741 1015/336/753 1016/337/931
f 1003/328/741 1016/337/931 1004/329/921
f 1004/329/921 1016/337/931 1017/334/932
f 1004/329/921 1017/334/932 1005/326/922
f 1005/326/922 1017/334/932 1018/333/933
f 1005/326/922 1018/333/933 1006/325/923
f 1006/325/923 1018/333/933 1019/332/934
f 1006/325/923 1019/332/934 1007/324/924
f 1007/324/924 1019/332/934 1020/331/935
f 1007/324/924 1020/331/935 1008/323/925
f 1008/323/925 1020/331/935 1009/330/759
f 1008/323/925 1009/330/759 997/322/747
f 1009/330/759 1021/338/771 1022/339/936
f 1009/330/759 1022/339/936 1010/331/926
f 1010/331/926 1022/339/936 1023/340/937
f 1010/331/926 1023/340/937 1011/332/927
f 1011/332/927 1023/340/937 1024/341/938
f 1011/332/927 1024/341/938 1012/333/928
f 1012/333/928 1024/341/938 1025/342/939
f 1012/333/928 1025/342/939 1013/334/929
f 1013/334/929 1025/342/939 1026/343/940
f 1013/334/929 1026/343/940 1014/335/930
f 1014/335/930 1026/343/940 1027/344/765
f 1014/335/930 1027/344/765 1015/336/753
f 1015/336/753 1027/344/765 1028/345/941
f 1015/336/753 1028/345/941 1016/337/931
f 1016/337/931 1028/345/941 1029/342/942
f 1016/337/931 1029/342/942 1017/334/932
f 1017/334/932 1029/342/942 1030/341/943
f 1017/334/932 1030/341/943 1018/333/933
f 1018/333/933 1030/341/943 1031/340/944
f 1018/333/933 1031/340/944 1019/332/934
f 1019/332/934 1031/340/944 1032/346/945
f 1019/332/934 1032/346/945 1020/331/935
f 1020/331/935 1032/346/945 1021/338/771
f 1020/331/935 1021/338/771 1009/330/759
f 1021/338/771 1033/347/783 1034/348/946
f 1021/338/771 1034/348/946 1022/339/936
f 1022/339/936 1034/348/946 1035/349/947
f 1022/339/936 1035/349/947 1023/340/937
f 1023/340/937 1035/349/947 1036/350/948
f 1023/340/937 1036/350/948 1024/341/938
f 1024/341/938 1036/350/948 1037/351/949
f 1024/341/938 1037/351/949 1025/342/939
f 1025/342/939 1037/351/949 1038/352/950
f 1025/342/939 1038/352/950 1026/343/940
f 1026/343/940 1038/352/950 1039/353/777
f 1026/343/940 1039/353/777 1027/344/765
f 1027/344/765 1039/353/777 1040/354/951
f 1027/344/765 1040/354/951 1028/345/941
f 1028/345/941 1040/354/951 1041/355/952
f 1028/345/941 1041/355/952 1029/342/942
f 1029/342/942 1041/355/952 1042/350/953
f 1029/342/942 1042/350/953 1030/341/943
f 1030/341/943 1042/350/953 1043/356/954
f 1030/341/943 1043/356/954 1031/340/944
f 1031/340/944 1043/356/954 1044/357/955
f 1031/340/944 1044/357/955 1032/346/945
f 1032/346/945 1044/357/955 1033/347/783
f 1032/346/945 1033/347/783 1021/338/771
f 1033/347/783 1045/358/795 1046/359/956
f 1033/347/783 1046/359/956 1034/348/946
f 1034/348/946 1046/359/956 1047/360/957
f 1034/348/946 1047/360/957 1035/349/947
f 1035/349/947 1047/360/957 1048/361/958
f 1035/349/947 1048/361/958 1036/350/948
f 1036/350/948 1048/361/958 1049/362/959
f 1036/350/948 1049/362/959 1037/351/949
f 1037/351/949 1049/362/959 1050/363/960
f 1037/351/949 1050/363/960 1038/352/950
f 1038/352/950 1050/363/960 1051/364/961
f 1038/352/950 1051/364/961 1039/353/777
f 1039/353/777 1051/364/961 1052/365/962
f 1039/353/777 1052/365/962 1040/354/951
f 1040/354/951 1052/365/962 1053/366/963
f 1040/354/951 1053/366/963 1041/355/952
f 1041/355/952 1053/366/963 1054/361/964
f 1041/355/952 1054/361/964 1042/350/953
f 1042/350/953 1054/361/964 1055/360/965
f 1042/350/953 1055/360/965 1043/356/954
f 1043/356/954 1055/360/965 1056/367/966
f 1043/356/954 1056/367/966 1044/357/955
f 1044/357/955 1056/367/966 1045/358/795
f 1044/357/955 1045/358/795 1033/347/783
f 1045/358/795 1057/368/967 1058/369/968
f 1045/358/795 1058/369/968 1046/359/956
f 1046/359/956 1058/369/968 1059/370/969
f 1046/359/956 1059/370/969 1047/360/957
f 1047/360/957 1059/370/969 1060/371/970
f 1047/360/957 1060/371/970 1048/361/958
f 1048/361/958 1060/371/970 1061/372/971
f 1048/361/958 1061/372/971 1049/362/959
f 1049/362/959 1061/372/971 1062/373/972
f 1049/362/959 1062/373/972 1050/363/960
f 1050/363/960 1062/373/972 1063/374/973
f 1050/363/960 1063/374/973 1051/364/961
f 1051/364/961 1063/374/973 1064/375/974
f 1051/364/961 1064/375/974 1052/365/962
f 1052/365/962 1064/375/974 1065/372/975
f 1052/365/962 1065/372/975 1053/366/963
f 1053/366/963 1065/372/975 1066/371/976
f 1053/366/963 1066/371/976 1054/361/964
f 1054/361/964 1066/371/976 1067/376/977
f 1054/361/964 1067/376/977 1055/360/965
f 1055/360/965 1067/376/977 1068/377/978
f 1055/360/965 1068/377/978 1056/367/966
f 1056/367/966 1068/377/978 1057/368/967
f 1056/367/966 1057/368/967 1045/358/795
f 1057/368/967 1069/378/819 1070/379/979
f 1057/368/967 1070/379/979 1058/369/968
f 1058/369/968 1070/379/979 1071/380/980
f 1058/369/968 1071/380/980 1059/370/969
f 1059/370/969 1071/380/980 1072/381/981
f 1059/370/969 1072/381/981 1060/371/970
f 1060/371/970 1072/381/981 1073/382/982
f 1060/371/970 1073/382/982 1061/372/971
f 1061/372/971 1073/382/982 1074/383/983
f 1061/372/971 1074/383/983 1062/373/972
f 1062/373/972 1074/383/983 1075/384/813
f 1062/373/972 1075/384/813 1063/374/973
f 1063/374/973 1075/384/813 1076/385/984
f 1063/374/973 1076/385/984 1064/375/974
f 1064/375/974 1076/385/984 1077/386/985
f 1064/375/974 1077/386/985 1065/372/975
f 1065/372/975 1077/386/985 1078/387/986
f 1065/372/975 1078/387/986 1066/371/976
f 1066/371/976 1078/387/986 1079/388/987
f 1066/371/976 1079/388/987 1067/376/977
f 1067/376/977 1079/388/987 1080/389/988
f 1067/376/977 1080/389/988 1068/377/978
f 1068/377/978 1080/389/988 1069/378/819
f 1068/377/978 1069/378/819 1057/368/967
f 1069/378/819 697/210/633 700/213/636
f 1069/378/819 700/213/636 1070/379/979
f 1070/379/979 700/213/636 702/215/638
f 1070/379/979 702/215/638 1071/380/980
f 1071/380/980 702/215/638 704/217/640
f 1071/380/980 704/217/640 1072/381/981
f 1072/381/981 704/217/640 706/219/642
f 1072/381/981 706/219/642 1073/382/982
f 1073/382/982 706/219/642 708/221/644
f 1073/382/982 708/221/644 1074/383/983
f 1074/383/983 708/221/644 710/223/646
f 1074/383/983 710/223/646 1075/384/813
f 1075/384/813 710/223/646 712/225/648
f 1075/384/813 712/225/648 1076/385/984
f 1076/385/984 712/225/648 714/227/650
f 1076/385/984 714/227/650 1077/386/985
f 1077/386/985 714/227/650 716/229/652
f 1077/386/985 716/229/652 1078/387/986
f 1078/387/986 716/229/652 718/231/654
f 1078/387/986 718/231/654 1079/388/987
f 1079/388/987 718/231/654 720/233/656
f 1079/388/987 720/233/656 1080/389/988
f 1080/389/988 720/233/656 697/210/633
f 1080/389/988 697/210/633 1069/378/819
f 1081/210/989 1082/211/990 1083/212/991
f 1081/210/989 1083/212/991 1084/213/992
f 1084/213/992 1083/212/991 1085/214/993
f 1084/213/992 1085/214/993 1086/215/994
f 1086/215/994 1085/214/993 1087/216/995
f 1086/215/994 1087/216/995 1088/217/996
f 1088/217/996 1087/216/995 1089/218/997
f 1088/217/996 1089/218/997 1090/219/998
f 1090/219/998 1089/218/997 1091/220/999
f 1090/219/998 1091/220/999 1092/221/1000
f 1092/221/1000 1091/220/999 1093/222/1001
f 1092/221/1000 1093/222/1001 1094/223/1002
f 1094/223/1002 1093/222/1001 1095/224/1003
f 1094/223/1002 1095/224/1003 1096/225/1004
f 1096/225/1004 1095/224/1003 1097/226/1005
f 1096/225/1004 1097/226/1005 1098/227/1006
f 1098/227/1006 1097/226/1005 1099/228/1007
f 1098/227/1006 1099/228/1007 1100/229/1008
f 1100/229/1008 1099/228/1007 1101/230/1009
f 1100/229/1008 1101/230/1009 1102/231/1010
f 1102/231/1010 1101/230/1009 1103/232/1011
f 1102/231/1010 1103/232/1011 1104/233/1012
f 1104/233/1012 1103/232/1011 1082/211/990
f 1104/233/1012 1082/211/990 1081/210/989
f 1082/211/990 1105/234/1013 1106/235/1014
f 1082/211/990 1106/235/1014 1083/212/991
f 1083/212/991 1106/235/1014 1107/236/1015
f 1083/212/991 1107/236/1015 1085/214/993
f 1085/214/993 1107/236/1015 1108/237/1016
f 1085/214/993 1108/237/1016 1087/216/995
f 1087/216/995 1108/237/1016 1109/238/1017
f 1087/216/995 1109/238/1017 1089/218/997
f 1089/218/997 1109/238/1017 1110/239/1018
f 1089/218/997 1110/239/1018 1091/220/999
f 1091/220/999 1110/239/1018 1111/240/1019
f 1091/220/999 1111/240/1019 1093/222/1001
f 1093/222/1001 1111/240/1019 1112/239/1020
f 1093/222/1001 1112/239/1020 1095/224/1003
f 1095/224/1003 1112/239/1020 1113/241/1021
f 1095/224/1003 1113/241/1021 1097/226/1005
f 1097/226/1005 1113/241/1021 1114/242/1022
f 1097/226/1005 1114/242/1022 1099/228/1007
f 1099/228/1007 1114/242/1022 1115/236/1023
f 1099/228/1007 1115/236/1023 1101/230/1009
f 1101/230/1009 1115/236/1023 1116/243/1024
f 1101/230/1009 1116/243/1024 1103/232/1011
f 1103/232/1011 1116/243/1024 1105/234/1013
f 1103/232/1011 1105/234/1013 1082/211/990
f 1105/234/1013 1117/244/1025 1118/245/1026
f 1105/234/1013 1118/245/1026 1106/235/1014
f 1106/235/1014 1118/245/1026 1119/246/1027
f 1106/235/1014 1119/246/1027 1107/236/1015
f 1107/236/1015 1119/246/1027 1120/247/1028
f 1107/236/1015 1120/247/1028 1108/237/1016
f 1108/237/1016 1120/247/1028 1121/248/1029
f 1108/237/1016 1121/248/1029 1109/238/1017
f 1109/238/1017 1121/248/1029 1122/249/1030
f 1109/238/1017 1122/249/1030 1110/239/1018
f 1110/239/1018 1122/249/1030 1123/250/1031
f 1110/239/1018 1123/250/1031 1111/240/1019
f 1111/240/1019 1123/250/1031 1124/251/1032
f 1111/240/1019 1124/251/1032 1112/239/1020
f 1112/239/1020 1124/251/1032 1125/252/1033
f 1112/239/1020 1125/252/1033 1113/241/1021
f 1113/241/1021 1125/252/1033 1126/247/1034
f 1113/241/1021 1126/247/1034 1114/242/1022
f 1114/242/1022 1126/247/1034 1127/246/1035
f 1114/242/1022 1127/246/1035 1115/236/1023
f 1115/236/1023 1127/246/1035 1128/253/1036
f 1115/236/1023 1128/253/1036 1116/243/1024
f 1116/243/1024 1128/253/1036 1117/244/1025
f 1116/243/1024 1117/244/1025 1105/234/1013
f 1117/244/1025 1129/254/1037 1130/255/1038
f 1117/244/1025 1130/255/1038 1118/245/1026
f 1118/245/1026 1130/255/1038 1131/256/1039
f 1118/245/1026 1131/256/1039 1119/246/1027
f 1119/246/1027 1131/256/1039 1132/257/1040
f 1119/246/1027 1132/257/1040 1120/247/1028
f 1120/247/1028 1132/257/1040 1133/258/1041
f 1120/247/1028 1133/258/1041 1121/248/1029
f 1121/248/1029 1133/258/1041 1134/259/1042
f 1121/248/1029 1134/259/1042 1122/249/1030
f 1122/249/1030 1134/259/1042 1135/260/1043
f 1122/249/1030 1135/260/1043 1123/250/1031
f 1123/250/1031 1135/260/1043 1136/261/1044
f 1123/250/1031 1136/261/1044 1124/251/1032
f 1124/251/1032 1136/261/1044 1137/262/1045
f 1124/251/1032 1137/262/1045 1125/252/1033
f 1125/252/1033 1137/262/1045 1138/257/1046
f 1125/252/1033 1138/257/1046 1126/247/1034
f 1126/247/1034 1138/257/1046 1139/256/1047
f 1126/247/1034 1139/256/1047 1127/246/1035
f 1127/246/1035 1139/256/1047 1140/263/1048
f 1127/246/1035 1140/263/1048 1128/253/1036
f 1128/253/1036 1140/263/1048 1129/254/1037
f 1128/253/1036 1129/254/1037 1117/244/1025
f 1129/254/1037 1141/264/1049 1142/265/1050
f 1129/254/1037 1142/265/1050 1130/255/1038
f 1130/255/1038 1142/265/1050 1143/266/1051
f 1130/255/1038 1143/266/1051 1131/256/1039
f 1131/256/1039 1143/266/1051 1144/267/1052
f 1131/256/1039 1144/267/1052 1132/257/1040
f 1132/257/1040 1144/267/1052 1145/268/1053
f 1132/257/1040 1145/268/1053 1133/258/1041
f 1133/258/1041 1145/268/1053 1146/269/1054
f 1133/258/1041 1146/269/1054 1134/259/1042
f 1134/259/1042 1146/269/1054 1147/270/1055
f 1134/259/1042 1147/270/1055 1135/260/1043
f 1135/260/1043 1147/270/1055 1148/271/1056
f 1135/260/1043 1148/271/1056 1136/261/1044
f 1136/261/1044 1148/271/1056 1149/272/1057
f 1136/261/1044 1149/272/1057 1137/262/1045
f 1137/262/1045 1149/272/1057 1150/267/1058
f 1137/262/1045 1150/267/1058 1138/257/1046
f 1138/257/1046 1150/267/1058 1151/266/1059
f 1138/257/1046 1151/266/1059 1139/256/1047
f 1139/256/1047 1151/266/1059 1152/273/1060
f 1139/256/1047 1152/273/1060 1140/263/1048
f 1140/263/1048 1152/273/1060 1141/264/1049
f 1140/263/1048 1141/264/1049 1129/254/1037
f 1141/264/1049 1153/274/1061 1154/275/1062
f 1141/264/1049 1154/275/1062 1142/265/1050
f 1142/265/1050 1154/275/1062 1155/276/1063
f 1142/265/1050 1155/276/1063 1143/266/1051
f 1143/266/1051 1155/276/1063 1156/277/1064
f 1143/266/1051 1156/277/1064 1144/267/1052
f 1144/267/1052 1156/277/1064 1157/278/1065
f 1144/267/1052 1157/278/1065 1145/268/1053
f 1145/268/1053 1157/278/1065 1158/279/1066
f 1145/268/1053 1158/279/1066 1146/269/1054
f 1146/269/1054 1158/279/1066 1159/280/1067
f 1146/269/1054 1159/280/1067 1147/270/1055
f 1147/270/1055 1159/280/1067 1160/281/1068
f 1147/270/1055 1160/281/1068 1148/271/1056
f 1148/271/1056 1160/281/1068 1161/282/1069
f 1148/271/1056 1161/282/1069 1149/272/1057
f 1149/272/1057 1161/282/1069 1162/277/1070
f 1149/272/1057 1162/277/1070 1150/267/1058
f 1150/267/1058 1162/277/1070 1163/283/1071
f 1150/267/1058 1163/283/1071 1151/266/1059
f 1151/266/1059 1163/283/1071 1164/284/1072
f 1151/266/1059 1164/284/1072 1152/273/1060
f 1152/273/1060 1164/284/1072 1153/274/1061
f 1152/273/1060 1153/274/1061 1141/264/1049
f 1153/274/1061 1165/285/1073 1166/286/1074
f 1153/274/1061 1166/286/1074 1154/275/1062
f 1154/275/1062 1166/286/1074 1167/287/1075
f 1154/275/1062 1167/287/1075 1155/276/1063
f 1155/276/1063 1167/287/1075 1168/288/1076
f 1155/276/1063 1168/288/1076 1156/277/1064
f 1156/277/1064 1168/288/1076 1169/289/1077
f 1156/277/1064 1169/289/1077 1157/278/1065
f 1157/278/1065 1169/289/1077 1170/290/1078
f 1157/278/1065 1170/290/1078 1158/279/1066
f 1158/279/1066 1170/290/1078 1171/291/1079
f 1158/279/1066 1171/291/1079 1159/280/1067
f 1159/280/1067 1171/291/1079 1172/292/1080
f 1159/280/1067 1172/292/1080 1160/281/1068
f 1160/281/1068 1172/292/1080 1173/293/1081
f 1160/281/1068 1173/293/1081 1161/282/1069
f 1161/282/1069 1173/293/1081 1174/288/1082
f 1161/282/1069 1174/288/1082 1162/277/1070
f 1162/277/1070 1174/288/1082 1175/287/1083
f 1162/277/1070 1175/287/1083 1163/283/1071
f 1163/283/1071 1175/287/1083 1176/286/1084
f 1163/283/1071 1176/286/1084 1164/284/1072
f 1164/284/1072 1176/286/1084 1165/285/1073
f 1164/284/1072 1165/285/1073 1153/274/1061
f 1165/285/1073 1177/294/1085 1178/295/1086
f 1165/285/1073 1178/295/1086 1166/286/1074
f 1166/286/1074 1178/295/1086 1179/296/1087
f 1166/286/1074 1179/296/1087 1167/287/1075
f 1167/287/1075 1179/296/1087 1180/297/1088
f 1167/287/1075 1180/297/1088 1168/288/1076
f 1168/288/1076 1180/297/1088 1181/298/1089
f 1168/288/1076 1181/298/1089 1169/289/1077
f 1169/289/1077 1181/298/1089 1182/299/1090
f 1169/289/1077 1182/299/1090 1170/290/1078
f 1170/290/1078 1182/299/1090 1183/300/1091
f 1170/290/1078 1183/300/1091 1171/291/1079
f 1171/291/1079 1183/300/1091 1184/301/1092
f 1171/291/1079 1184/301/1092 1172/292/1080
f 1172/292/1080 1184/301/1092 1185/298/1093
f 1172/292/1080 1185/298/1093 1173/293/1081
f 1173/293/1081 1185/298/1093 1186/297/1094
f 1173/293/1081 1186/297/1094 1174/288/1082
f 1174/288/1082 1186/297/1094 1187/296/1095
f 1174/288/1082 1187/296/1095 1175/287/1083
f 1175/287/1083 1187/296/1095 1188/295/1096
f 1175/287/1083 1188/295/1096 1176/286/1084
f 1176/286/1084 1188/295/1096 1177/294/1085
f 1176/286/1084 1177/294/1085 1165/285/1073
f 1177/294/1085 1189/41/1097 1190/42/1098
f 1177/294/1085 1190/42/1098 1178/295/1086
f 1178/295/1086 1190/42/1098 1191/44/1099
f 1178/295/1086 1191/44/1099 1179/296/1087
f 1179/296/1087 1191/44/1099 1192/46/1100
f 1179/296/1087 1192/46/1100 1180/297/1088
f 1180/297/1088 1192/46/1100 1193/48/1101
f 1180/297/1088 1193/48/1101 1181/298/1089
f 1181/298/1089 1193/48/1101 1194/50/1102
f 1181/298/1089 1194/50/1102 1182/299/1090
f 1182/299/1090 1194/50/1102 1195/52/1103
f 1182/299/1090 1195/52/1103 1183/300/1091
f 1183/300/1091 1195/52/1103 1196/54/1104
f 1183/300/1091 1196/54/1104 1184/301/1092
f 1184/301/1092 1196/54/1104 1197/56/1105
f 1184/301/1092 1197/56/1105 1185/298/1093
f 1185/298/1093 1197/56/1105 1198/46/1106
f 1185/298/1093 1198/46/1106 1186/297/1094
f 1186/297/1094 1198/46/1106 1199/59/1107
f 1186/297/1094 1199/59/1107 1187/296/1095
f 1187/296/1095 1199/59/1107 1200/61/1108
f 1187/296/1095 1200/61/1108 1188/295/1096
f 1188/295/1096 1200/61/1108 1189/41/1097
f 1188/295/1096 1189/41/1097 1177/294/1085
f 1189/41/1097 1201/62/1109 1202/63/1110
f 1189/41/1097 1202/63/1110 1190/42/1098
f 1190/42/1098 1202/63/1110 1203/64/1111
f 1190/42/1098 1203/64/1111 1191/44/1099
f 1191/44/1099 1203/64/1111 1204/65/1112
f 1191/44/1099 1204/65/1112 1192/46/1100
f 1192/46/1100 1204/65/1112 1205/66/1113
f 1192/46/1100 1205/66/1113 1193/48/1101
f 1193/48/1101 1205/66/1113 1206/67/1114
f 1193/48/1101 1206/67/1114 1194/50/1102
f 1194/50/1102 1206/67/1114 1207/68/1115
f 1194/50/1102 1207/68/1115 1195/52/1103
f 1195/52/1103 1207/68/1115 1208/69/1116
f 1195/52/1103 1208/69/1116 1196/54/1104
f 1196/54/1104 1208/69/1116 1209/70/1117
f 1196/54/1104 1209/70/1117 1197/56/1105
f 1197/56/1105 1209/70/1117 1210/65/1118
f 1197/56/1105 1210/65/1118 1198/46/1106
f 1198/46/1106 1210/65/1118 1211/64/1119
f 1198/46/1106 1211/64/1119 1199/59/1107
f 1199/59/1107 1211/64/1119 1212/63/1120
f 1199/59/1107 1212/63/1120 1200/61/1108
f 1200/61/1108 1212/63/1120 1201/62/1109
f 1200/61/1108 1201/62/1109 1189/41/1097
f 1201/62/1109 1213/71/1121 1214/72/1122
f 1201/62/1109 1214/72/1122 1202/63/1110
f 1202/63/1110 1214/72/1122 1215/73/1123
f 1202/63/1110 1215/73/1123 1203/64/1111
f 1203/64/1111 1215/73/1123 1216/74/1124
f 1203/64/1111 1216/74/1124 1204/65/1112
f 1204/65/1112 1216/74/1124 1217/75/1125
f 1204/65/1112 1217/75/1125 1205/66/1113
f 1205/66/1113 1217/75/1125 1218/76/1126
f 1205/66/1113 1218/76/1126 1206/67/1114
f 1206/67/1114 1218/76/1126 1219/77/1127
f 1206/67/1114 1219/77/1127 1207/68/1115
f 1207/68/1115 1219/77/1127 1220/78/1128
f 1207/68/1115 1220/78/1128 1208/69/1116
f 1208/69/1116 1220/78/1128 1221/75/1129
f 1208/69/1116 1221/75/1129 1209/70/1117
f 1209/70/1117 1221/75/1129 1222/74/1130
f 1209/70/1117 1222/74/1130 1210/65/1118
f 1210/65/1118 1222/74/1130 1223/79/1131
f 1210/65/1118 1223/79/1131 1211/64/1119
f 1211/64/1119 1223/79/1131 1224/80/1132
f 1211/64/1119 1224/80/1132 1212/63/1120
f 1212/63/1120 1224/80/1132 1213/71/1121
f 1212/63/1120 1213/71/1121 1201/62/1109
f 1213/71/1121 1225/81/1133 1226/82/1134
f 1213/71/1121 1226/82/1134 1214/72/1122
f 1214/72/1122 1226/82/1134 1227/83/1135
f 1214/72/1122 1227/83/1135 1215/73/1123
f 1215/73/1123 1227/83/1135 1228/84/1136
f 1215/73/1123 1228/84/1136 1216/74/1124
f 1216/74/1124 1228/84/1136 1229/85/1137
f 1216/74/1124 1229/85/1137 1217/75/1125
f 1217/75/1125 1229/85/1137 1230/86/1138
f 1217/75/1125 1230/86/1138 1218/76/1126
f 1218/76/1126 1230/86/1138 1231/87/1139
f 1218/76/1126 1231/87/1139 1219/77/1127
f 1219/77/1127 1231/87/1139 1232/88/1140
f 1219/77/1127 1232/88/1140 1220/78/1128
f 1220/78/1128 1232/88/1140 1233/89/1141
f 1220/78/1128 1233/89/1141 1221/75/1129
f 1221/75/1129 1233/89/1141 1234/84/1142
f 1221/75/1129 1234/84/1142 1222/74/1130
f 1222/74/1130 1234/84/1142 1235/90/1143
f 1222/74/1130 1235/90/1143 1223/79/1131
f 1223/79/1131 1235/90/1143 1236/91/1144
f 1223/79/1131 1236/91/1144 1224/80/1132
f 1224/80/1132 1236/91/1144 1225/81/1133
f 1224/80/1132 1225/81/1133 1213/71/1121
f 1225/81/1133 1237/92/1145 1238/93/1146
f 1225/81/1133 1238/93/1146 1226/82/1134
f 1226/82/1134 1238/93/1146 1239/94/1147
f 1226/82/1134 1239/94/1147 1227/83/1135
f 1227/83/1135 1239/94/1147 1240/95/1148
f 1227/83/1135 1240/95/1148 1228/84/1136
f 1228/84/1136 1240/95/1148 1241/96/1149
f 1228/84/1136 1241/96/1149 1229/85/1137
f 1229/85/1137 1241/96/1149 1242/97/1150
f 1229/85/1137 1242/97/1150 1230/86/1138
f 1230/86/1138 1242/97/1150 1243/98/1151
f 1230/86/1138 1243/98/1151 1231/87/1139
f 1231/87/1139 1243/98/1151 1244/99/1152
f 1231/87/1139 1244/99/1152 1232/88/1140
f 1232/88/1140 1244/99/1152 1245/100/1153
f 1232/88/1140 1245/100/1153 1233/89/1141
f 1233/89/1141 1245/100/1153 1246/95/1154
f 1233/89/1141 1246/95/1154 1234/84/1142
f 1234/84/1142 1246/95/1154 1247/94/1155
f 1234/84/1142 1247/94/1155 1235/90/1143
f 1235/90/1143 1247/94/1155 1248/93/1156
f 1235/90/1143 1248/93/1156 1236/91/1144
f 1236/91/1144 1248/93/1156 1237/92/1145
f 1236/91/1144 1237/92/1145 1225/81/1133
f 1237/92/1145 1249/101/1157 1250/102/1158
f 1237/92/1145 1250/102/1158 1238/93/1146
f 1238/93/1146 1250/102/1158 1251/103/1159
f 1238/93/1146 1251/103/1159 1239/94/1147
f 1239/94/1147 1251/103/1159 1252/104/1160
f 1239/94/1147 1252/104/1160 1240/95/1148
f 1240/95/1148 1252/104/1160 1253/105/1161
f 1240/95/1148 1253/105/1161 1241/96/1149
f 1241/96/1149 1253/105/1161 1254/106/1162
f 1241/96/1149 1254/106/1162 1242/97/1150
f 1242/97/1150 1254/106/1162 1255/107/1163
f 1242/97/1150 1255/107/1163 1243/98/1151
f 1243/98/1151 1255/107/1163 1256/106/1164
f 1243/98/1151 1256/106/1164 1244/99/1152
f 1244/99/1152 1256/106/1164 1257/108/1165
f 1244/99/1152 1257/108/1165 1245/100/1153
f 1245/100/1153 1257/108/1165 1258/104/1166
f 1245/100/1153 1258/104/1166 1246/95/1154
f 1246/95/1154 1258/104/1166 1259/109/1167
f 1246/95/1154 1259/109/1167 1247/94/1155
f 1247/94/1155 1259/109/1167 1260/110/1168
f 1247/94/1155 1260/110/1168 1248/93/1156
f 1248/93/1156 1260/110/1168 1249/101/1157
f 1248/93/1156 1249/101/1157 1237/92/1145
f 1249/101/1157 1261/111/1169 1262/112/1170
f 1249/101/1157 1262/112/1170 1250/102/1158
f 1250/102/1158 1262/112/1170 1263/113/1171
f 1250/102/1158 1263/113/1171 1251/103/1159
f 1251/103/1159 1263/113/1171 1264/114/1172
f 1251/103/1159 1264/114/1172 1252/104/1160
f 1252/104/1160 1264/114/1172 1265/115/1173
f 1252/104/1160 1265/115/1173 1253/105/1161
f 1253/105/1161 1265/115/1173 1266/116/1174
f 1253/105/1161 1266/116/1174 1254/106/1162
f 1254/106/1162 1266/116/1174 1267/117/1175
f 1254/106/1162 1267/117/1175 1255/107/1163
f 1255/107/1163 1267/117/1175 1268/118/1176
f 1255/107/1163 1268/118/1176 1256/106/1164
f 1256/106/1164 1268/118/1176 1269/119/1177
f 1256/106/1164 1269/119/1177 1257/108/1165
f 1257/108/1165 1269/119/1177 1270/120/1178
f 1257/108/1165 1270/120/1178 1258/104/1166
f 1258/104/1166 1270/120/1178 1271/121/1179
f 1258/104/1166 1271/121/1179 1259/109/1167
f 1259/109/1167 1271/121/1179 1272/122/1180
f 1259/109/1167 1272/122/1180 1260/110/1168
f 1260/110/1168 1272/122/1180 1261/111/1169
f 1260/110/1168 1261/111/1169 1249/101/1157
f 1261/111/1169 1273/123/1002 1274/124/1181
f 1261/111/1169 1274/124/1181 1262/112/1170
f 1262/112/1170 1274/124/1181 1275/125/1182
f 1262/112/1170 1275/125/1182 1263/113/1171
f 1263/113/1171 1275/125/1182 1276/126/1183
f 1263/113/1171 1276/126/1183 1264/114/1172
f 1264/114/1172 1276/126/1183 1277/127/1184
f 1264/114/1172 1277/127/1184 1265/115/1173
f 1265/115/1173 1277/127/1184 1278/128/1185
f 1265/115/1173 1278/128/1185 1266/116/1174
f 1266/116/1174 1278/128/1185 1279/129/989
f 1266/116/1174 1279/129/989 1267/117/1175
f 1267/117/1175 1279/129/989 1280/130/1186
f 1267/117/1175 1280/130/1186 1268/118/1176
f 1268/118/1176 1280/130/1186 1281/131/1187
f 1268/118/1176 1281/131/1187 1269/119/1177
f 1269/119/1177 1281/131/1187 1282/132/1188
f 1269/119/1177 1282/132/1188 1270/120/1178
f 1270/120/1178 1282/132/1188 1283/133/1189
f 1270/120/1178 1283/133/1189 1271/121/1179
f 1271/121/1179 1283/133/1189 1284/134/1190
f 1271/121/1179 1284/134/1190 1272/122/1180
f 1272/122/1180 1284/134/1190 1273/123/1002
f 1272/122/1180 1273/123/1002 1261/111/1169
f 1273/123/1002 1285/135/1191 1286/136/1192
f 1273/123/1002 1286/136/1192 1274/124/1181
f 1274/124/1181 1286/136/1192 1287/137/1193
f 1274/124/1181 1287/137/1193 1275/125/1182
f 1275/125/1182 1287/137/1193 1288/138/1194
f 1275/125/1182 1288/138/1194 1276/126/1183
f 1276/126/1183 1288/138/1194 1289/139/1195
f 1276/126/1183 1289/139/1195 1277/127/1184
f 1277/127/1184 1289/139/1195 1290/140/1196
f 1277/127/1184 1290/140/1196 1278/128/1185
f 1278/128/1185 1290/140/1196 1291/141/1197
f 1278/128/1185 1291/141/1197 1279/129/989
f 1279/129/989 1291/141/1197 1292/142/1198
f 1279/129/989 1292/142/1198 1280/130/1186
f 1280/130/1186 1292/142/1198 1293/143/1199
f 1280/130/1186 1293/143/1199 1281/131/1187
f 1281/131/1187 1293/143/1199 1294/144/1200
f 1281/131/1187 1294/144/1200 1282/132/1188
f 1282/132/1188 1294/144/1200 1295/145/1201
f 1282/132/1188 1295/145/1201 1283/133/1189
f 1283/133/1189 1295/145/1201 1296/136/1202
f 1283/133/1189 1296/136/1202 1284/134/1190
f 1284/134/1190 1296/136/1202 1285/135/1191
f 1284/134/1190 1285/135/1191 1273/123/1002
f 1285/135/1191 1297/146/1203 1298/147/1204
f 1285/135/1191 1298/147/1204 1286/136/1192
f 1286/136/1192 1298/147/1204 1299/148/1205
f 1286/136/1192 1299/148/1205 1287/137/1193
f 1287/137/1193 1299/148/1205 1300/149/1206
f 1287/137/1193 1300/149/1206 1288/138/1194
f 1288/138/1194 1300/149/1206 1301/150/1207
f 1288/138/1194 1301/150/1207 1289/139/1195
f 1289/139/1195 1301/150/1207 1302/151/1208
f 1289/139/1195 1302/151/1208 1290/140/1196
f 1290/140/1196 1302/151/1208 1303/152/1209
f 1290/140/1196 1303/152/1209 1291/141/1197
f 1291/141/1197 1303/152/1209 1304/153/1210
f 1291/141/1197 1304/153/1210 1292/142/1198
f 1292/142/1198 1304/153/1210 1305/154/1211
f 1292/142/1198 1305/154/1211 1293/143/1199
f 1293/143/1199 1305/154/1211 1306/155/1212
f 1293/143/1199 1306/155/1212 1294/144/1200
f 1294/144/1200 1306/155/1212 1307/148/1213
f 1294/144/1200 1307/148/1213 1295/145/1201
f 1295/145/1201 1307/148/1213 1308/147/1214
f 1295/145/1201 1308/147/1214 1296/136/1202
f 1296/136/1202 1308/147/1214 1297/146/1203
f 1296/136/1202 1297/146/1203 1285/135/1191
f 1297/146/1203 1309/156/1031 1310/157/1215
f 1297/146/1203 1310/157/1215 1298/147/1204
f 1298/147/1204 1310/157/1215 1311/158/1216
f 1298/147/1204 1311/158/1216 1299/148/1205
f 1299/148/1205 1311/158/1216 1312/159/1217
f 1299/148/1205 1312/159/1217 1300/149/1206
f 1300/149/1206 1312/159/1217 1313/160/1218
f 1300/149/1206 1313/160/1218 1301/150/1207
f 1301/150/1207 1313/160/1218 1314/161/1219
f 1301/150/1207 1314/161/1219 1302/151/1208
f 1302/151/1208 1314/161/1219 1315/162/1025
f 1302/151/1208 1315/162/1025 1303/152/1209
f 1303/152/1209 1315/162/1025 1316/163/1220
f 1303/152/1209 1316/163/1220 1304/153/1210
f 1304/153/1210 1316/163/1220 1317/164/1221
f 1304/153/1210 1317/164/1221 1305/154/1211
f 1305/154/1211 1317/164/1221 1318/159/1222
f 1305/154/1211 1318/159/1222 1306/155/1212
f 1306/155/1212 1318/159/1222 1319/158/1223
f 1306/155/1212 1319/158/1223 1307/148/1213
f 1307/148/1213 1319/158/1223 1320/165/1224
f 1307/148/1213 1320/165/1224 1308/147/1214
f 1308/147/1214 1320/165/1224 1309/156/1031
f 1308/147/1214 1309/156/1031 1297/146/1203
f 1309/156/1031 1321/166/1043 1322/167/1225
f 1309/156/1031 1322/167/1225 1310/157/1215
f 1310/157/1215 1322/167/1225 1323/168/1226
f 1310/157/1215 1323/168/1226 1311/158/1216
f 1311/158/1216 1323/168/1226 1324/169/1227
f 1311/158/1216 1324/169/1227 1312/159/1217
f 1312/159/1217 1324/169/1227 1325/170/1228
f 1312/159/1217 1325/170/1228 1313/160/1218
f 1313/160/1218 1325/170/1228 1326/171/1229
f 1313/160/1218 1326/171/1229 1314/161/1219
f 1314/161/1219 1326/171/1229 1327/172/1037
f 1314/161/1219 1327/172/1037 1315/162/1025
f 1315/162/1025 1327/172/1037 1328/173/1230
f 1315/162/1025 1328/173/1230 1316/163/1220
f 1316/163/1220 1328/173/1230 1329/174/1231
f 1316/163/1220 1329/174/1231 1317/164/1221
f 1317/164/1221 1329/174/1231 1330/169/1232
f 1317/164/1221 1330/169/1232 1318/159/1222
f 1318/159/1222 1330/169/1232 1331/175/1233
f 1318/159/1222 1331/175/1233 1319/158/1223
f 1319/158/1223 1331/175/1233 1332/176/1234
f 1319/158/1223 1332/176/1234 1320/165/1224
f 1320/165/1224 1332/176/1234 1321/166/1043
f 1320/165/1224 1321/166/1043 1309/156/1031
f 1321/166/1043 1333/177/1055 1334/178/1235
f 1321/166/1043 1334/178/1235 1322/167/1225
f 1322/167/1225 1334/178/1235 1335/179/1236
f 1322/167/1225 1335/179/1236 1323/168/1226
f 1323/168/1226 1335/179/1236 1336/180/1237
f 1323/168/1226 1336/180/1237 1324/169/1227
f 1324/169/1227 1336/180/1237 1337/181/1238
f 1324/169/1227 1337/181/1238 1325/170/1228
f 1325/170/1228 1337/181/1238 1338/182/1239
f 1325/170/1228 1338/182/1239 1326/171/1229
f 1326/171/1229 1338/182/1239 1339/183/1049
f 1326/171/1229 1339/183/1049 1327/172/1037
f 1327/172/1037 1339/183/1049 1340/184/1240
f 1327/172/1037 1340/184/1240 1328/173/1230
f 1328/173/1230 1340/184/1240 1341/185/1241
f 1328/173/1230 1341/185/1241 1329/174/1231
f 1329/174/1231 1341/185/1241 1342/180/1242
f 1329/174/1231 1342/180/1242 1330/169/1232
f 1330/169/1232 1342/180/1242 1343/186/1243
f 1330/169/1232 1343/186/1243 1331/175/1233
f 1331/175/1233 1343/186/1243 1344/187/1244
f 1331/175/1233 1344/187/1244 1332/176/1234
f 1332/176/1234 1344/187/1244 1333/177/1055
f 1332/176/1234 1333/177/1055 1321/166/1043
f 1333/177/1055 1345/188/1067 1346/189/1245
f 1333/177/1055 1346/189/1245 1334/178/1235
f 1334/178/1235 1346/189/1245 1347/190/1246
f 1334/178/1235 1347/190/1246 1335/179/1236
f 1335/179/1236 1347/190/1246 1348/191/1247
f 1335/179/1236 1348/191/1247 1336/180/1237
f 1336/180/1237 1348/191/1247 1349/192/1248
f 1336/180/1237 1349/192/1248 1337/181/1238
f 1337/181/1238 1349/192/1248 1350/193/1249
f 1337/181/1238 1350/193/1249 1338/182/1239
f 1338/182/1239 1350/193/1249 1351/194/1061
f 1338/182/1239 1351/194/1061 1339/183/1049
f 1339/183/1049 1351/194/1061 1352/195/1250
f 1339/183/1049 1352/195/1250 1340/184/1240
f 1340/184/1240 1352/195/1250 1353/196/1251
f 1340/184/1240 1353/196/1251 1341/185/1241
f 1341/185/1241 1353/196/1251 1354/191/1252
f 1341/185/1241 1354/191/1252 1342/180/1242
f 1342/180/1242 1354/191/1252 1355/197/1253
f 1342/180/1242 1355/197/1253 1343/186/1243
f 1343/186/1243 1355/197/1253 1356/189/1254
f 1343/186/1243 1356/189/1254 1344/187/1244
f 1344/187/1244 1356/189/1254 1345/188/1067
f 1344/187/1244 1345/188/1067 1333/177/1055
f 1345/188/1067 1357/302/1079 1358/303/1255
f 1345/188/1067 1358/303/1255 1346/189/1245
f 1346/189/1245 1358/303/1255 1359/304/1256
f 1346/189/1245 1359/304/1256 1347/190/1246
f 1347/190/1246 1359/304/1256 1360/305/1257
f 1347/190/1246 1360/305/1257 1348/191/1247
f 1348/191/1247 1360/305/1257 1361/306/1258
f 1348/191/1247 1361/306/1258 1349/192/1248
f 1349/192/1248 1361/306/1258 1362/307/1259
f 1349/192/1248 1362/307/1259 1350/193/1249
f 1350/193/1249 1362/307/1259 1363/308/1073
f 1350/193/1249 1363/308/1073 1351/194/1061
f 1351/194/1061 1363/308/1073 1364/309/1260
f 1351/194/1061 1364/309/1260 1352/195/1250
f 1352/195/1250 1364/309/1260 1365/310/1261
f 1352/195/1250 1365/310/1261 1353/196/1251
f 1353/196/1251 1365/310/1261 1366/305/1262
f 1353/196/1251 1366/305/1262 1354/191/1252
f 1354/191/1252 1366/305/1262 1367/304/1263
f 1354/191/1252 1367/304/1263 1355/197/1253
f 1355/197/1253 1367/304/1263 1368/311/1264
f 1355/197/1253 1368/311/1264 1356/189/1254
f 1356/189/1254 1368/311/1264 1357/302/1079
f 1356/189/1254 1357/302/1079 1345/188/1067
f 1357/302/1079 1369/312/1091 1370/313/1265
f 1357/302/1079 1370/313/1265 1358/303/1255
f 1358/303/1255 1370/313/1265 1371/314/1266
f 1358/303/1255 1371/314/1266 1359/304/1256
f 1359/304/1256 1371/314/1266 1372/315/1267
f 1359/304/1256 1372/315/1267 1360/305/1257
f 1360/305/1257 1372/315/1267 1373/316/1268
f 1360/305/1257 1373/316/1268 1361/306/1258
f 1361/306/1258 1373/316/1268 1374/317/1269
f 1361/306/1258 1374/317/1269 1362/307/1259
f 1362/307/1259 1374/317/1269 1375/318/1085
f 1362/307/1259 1375/318/1085 1363/308/1073
f 1363/308/1073 1375/318/1085 1376/319/1270
f 1363/308/1073 1376/319/1270 1364/309/1260
f 1364/309/1260 1376/319/1270 1377/320/1271
f 1364/309/1260 1377/320/1271 1365/310/1261
f 1365/310/1261 1377/320/1271 1378/315/1272
f 1365/310/1261 1378/315/1272 1366/305/1262
f 1366/305/1262 1378/315/1272 1379/321/1273
f 1366/305/1262 1379/321/1273 1367/304/1263
f 1367/304/1263 1379/321/1273 1380/313/1274
f 1367/304/1263 1380/313/1274 1368/311/1264
f 1368/311/1264 1380/313/1274 1369/312/1091
f 1368/311/1264 1369/312/1091 1357/302/1079
f 1369/312/1091 1381/322/1103 1382/323/1275
f 1369/312/1091 1382/323/1275 1370/313/1265
f 1370/313/1265 1382/323/1275 1383/324/1276
f 1370/313/1265 1383/324/1276 1371/314/1266
f 1371/314/1266 1383/324/1276 1384/325/1277
f 1371/314/1266 1384/325/1277 1372/315/1267
f 1372/315/1267 1384/325/1277 1385/326/1278
f 1372/315/1267 1385/326/1278 1373/316/1268
f 1373/316/1268 1385/326/1278 1386/327/1279
f 1373/316/1268 1386/327/1279 1374/317/1269
f 1374/317/1269 1386/327/1279 1387/328/1097
f 1374/317/1269 1387/328/1097 1375/318/1085
f 1375/318/1085 1387/328/1097 1388/329/1280
f 1375/318/1085 1388/329/1280 1376/319/1270
f 1376/319/1270 1388/329/1280 1389/326/1281
f 1376/319/1270 1389/326/1281 1377/320/1271
f 1377/320/1271 1389/326/1281 1390/325/1282
f 1377/320/1271 1390/325/1282 1378/315/1272
f 1378/315/1272 1390/325/1282 1391/324/1283
f 1378/315/1272 1391/324/1283 1379/321/1273
f 1379/321/1273 1391/324/1283 1392/323/1284
f 1379/321/1273 1392/323/1284 1380/313/1274
f 1380/313/1274 1392/323/1284 1381/322/1103
f 1380/313/1274 1381/322/1103 1369/312/1091
f 1381/322/1103 1393/330/1115 1394/331/1285
f 1381/322/1103 1394/331/1285 1382/323/1275
f 1382/323/1275 1394/331/1285 1395/332/1286
f 1382/323/1275 1395/332/1286 1383/324/1276
f 1383/324/1276 1395/332/1286 1396/333/1287
f 1383/324/1276 1396/333/1287 1384/325/1277
f 1384/325/1277 1396/333/1287 1397/334/1288
f 1384/325/1277 1397/334/1288 1385/326/1278
f 1385/326/1278 1397/334/1288 1398/335/1289
f 1385/326/1278 1398/335/1289 1386/327/1279
f 1386/327/1279 1398/335/1289 1399/336/1109
f 1386/327/1279 1399/336/1109 1387/328/1097
f 1387/328/1097 1399/336/1109 1400/337/1290
f 1387/328/1097 1400/337/1290 1388/329/1280
f 1388/329/1280 1400/337/1290 1401/334/1291
f 1388/329/1280 1401/334/1291 1389/326/1281
f 1389/326/1281 1401/334/1291 1402/333/1292
f 1389/326/1281 1402/333/1292 1390/325/1282
f 1390/325/1282 1402/333/1292 1403/332/1293
f 1390/325/1282 1403/332/1293 1391/324/1283
f 1391/324/1283 1403/332/1293 1404/331/1294
f 1391/324/1283 1404/331/1294 1392/323/1284
f 1392/323/1284 1404/331/1294 1393/330/1115
f 1392/323/1284 1393/330/1115 1381/322/1103
f 1393/330/1115 1405/338/1127 1406/339/1295
f 1393/330/1115 1406/339/1295 1394/331/1285
f 1394/331/1285 1406/339/1295 1407/340/1296
f 1394/331/1285 1407/340/1296 1395/332/1286
f 1395/332/1286 1407/340/1296 1408/341/1297
f 1395/332/1286 1408/341/1297 1396/333/1287
f 1396/333/1287 1408/341/1297 1409/342/1298
f 1396/333/1287 1409/342/1298 1397/334/1288
f 1397/334/1288 1409/342/1298 1410/343/1299
f 1397/334/1288 1410/343/1299 1398/335/1289
f 1398/335/1289 1410/343/1299 1411/344/1121
f 1398/335/1289 1411/344/1121 1399/336/1109
f 1399/336/1109 1411/344/1121 1412/345/1300
f 1399/336/1109 1412/345/1300 1400/337/1290
f 1400/337/1290 1412/345/1300 1413/342/1301
f 1400/337/1290 1413/342/1301 1401/334/1291
f 1401/334/1291 1413/342/1301 1414/341/1302
f 1401/334/1291 1414/341/1302 1402/333/1292
f 1402/333/1292 1414/341/1302 1415/340/1303
f 1402/333/1292 1415/340/1303 1403/332/1293
f 1403/332/1293 1415/340/1303 1416/346/1304
f 1403/332/1293 1416/346/1304 1404/331/1294
f 1404/331/1294 1416/346/1304 1405/338/1127
f 1404/331/1294 1405/338/1127 1393/330/1115
f 1405/338/1127 1417/347/1139 1418/348/1305
f 1405/338/1127 1418/348/1305 1406/339/1295
f 1406/339/1295 1418/348/1305 1419/349/1306
f 1406/339/1295 1419/349/1306 1407/340/1296
f 1407/340/1296 1419/349/1306 1420/350/1307
f 1407/340/1296 1420/350/1307 1408/341/1297
f 1408/341/1297 1420/350/1307 1421/351/1308
f 1408/341/1297 1421/351/1308 1409/342/1298
f 1409/342/1298 1421/351/1308 1422/352/1309
f 1409/342/1298 1422/352/1309 1410/343/1299
f 1410/343/1299 1422/352/1309 1423/353/1133
f 1410/343/1299 1423/353/1133 1411/344/1121
f 1411/344/1121 1423/353/1133 1424/354/1310
f 1411/344/1121 1424/354/1310 1412/345/1300
f 1412/345/1300 1424/354/1310 1425/355/1311
f 1412/345/1300 1425/355/1311 1413/342/1301
f 1413/342/1301 1425/355/1311 1426/350/1312
f 1413/342/1301 1426/350/1312 1414/341/1302
f 1414/341/1302 1426/350/1312 1427/356/1313
f 1414/341/1302 1427/356/1313 1415/340/1303
f 1415/340/1303 1427/356/1313 1428/357/1314
f 1415/340/1303 1428/357/1314 1416/346/1304
f 1416/346/1304 1428/357/1314 1417/347/1139
f 1416/346/1304 1417/347/1139 1405/338/1127
f 1417/347/1139 1429/358/1315 1430/359/1316
f 1417/347/1139 1430/359/1316 1418/348/1305
f 1418/348/1305 1430/359/1316 1431/360/1317
f 1418/348/1305 1431/360/1317 1419/349/1306
f 1419/349/1306 1431/360/1317 1432/361/1318
f 1419/349/1306 1432/361/1318 1420/350/1307
f 1420/350/1307 1432/361/1318 1433/362/1319
f 1420/350/1307 1433/362/1319 1421/351/1308
f 1421/351/1308 1433/362/1319 1434/363/1320
f 1421/351/1308 1434/363/1320 1422/352/1309
f 1422/352/1309 1434/363/1320 1435/364/1321
f 1422/352/1309 1435/364/1321 1423/353/1133
f 1423/353/1133 1435/364/1321 1436/365/1322
f 1423/353/1133 1436/365/1322 1424/354/1310
f 1424/354/1310 1436/365/1322 1437/366/1323
f 1424/354/1310 1437/366/1323 1425/355/1311
f 1425/355/1311 1437/366/1323 1438/361/1324
f 1425/355/1311 1438/361/1324 1426/350/1312
f 1426/350/1312 1438/361/1324 1439/360/1325
f 1426/350/1312 1439/360/1325 1427/356/1313
f 1427/356/1313 1439/360/1325 1440/367/1326
f 1427/356/1313 1440/367/1326 1428/357/1314
f 1428/357/1314 1440/367/1326 1429/358/1315
f 1428/357/1314 1429/358/1315 1417/347/1139
f 1429/358/1315 1441/368/1327 1442/369/1328
f 1429/358/1315 1442/369/1328 1430/359/1316
f 1430/359/1316 1442/369/1328 1443/370/1329
f 1430/359/1316 1443/370/1329 1431/360/1317
f 1431/360/1317 1443/370/1329 1444/371/1330
f 1431/360/1317 1444/371/1330 1432/361/1318
f 1432/361/1318 1444/371/1330 1445/372/1331
f 1432/361/1318 1445/372/1331 1433/362/1319
f 1433/362/1319 1445/372/1331 1446/373/1332
f 1433/362/1319 1446/373/1332 1434/363/1320
f 1434/363/1320 1446/373/1332 1447/374/1333
f 1434/363/1320 1447/374/1333 1435/364/1321
f 1435/364/1321 1447/374/1333 1448/375/1334
f 1435/364/1321 1448/375/1334 1436/365/1322
f 1436/365/1322 1448/375/1334 1449/372/1335
f 1436/365/1322 1449/372/1335 1437/366/1323
f 1437/366/1323 1449/372/1335 1450/371/1336
f 1437/366/1323 1450/371/1336 1438/361/1324
f 1438/361/1324 1450/371/1336 1451/376/1337
f 1438/361/1324 1451/376/1337 1439/360/1325
f 1439/360/1325 1451/376/1337 1452/377/1338
f 1439/360/1325 1452/377/1338 1440/367/1326
f 1440/367/1326 1452/377/1338 1441/368/1327
f 1440/367/1326 1441/368/1327 1429/358/1315
f 1441/368/1327 1453/378/1175 1454/379/1339
f 1441/368/1327 1454/379/1339 1442/369/1328
f 1442/369/1328 1454/379/1339 1455/380/1340
f 1442/369/1328 1455/380/1340 1443/370/1329
f 1443/370/1329 1455/380/1340 1456/381/1341
f 1443/370/1329 1456/381/1341 1444/371/1330
f 1444/371/1330 1456/381/1341 1457/382/1342
f 1444/371/1330 1457/382/1342 1445/372/1331
f 1445/372/1331 1457/382/1342 1458/383/1343
f 1445/372/1331 1458/383/1343 1446/373/1332
f 1446/373/1332 1458/383/1343 1459/384/1169
f 1446/373/1332 1459/384/1169 1447/374/1333
f 1447/374/1333 1459/384/1169 1460/385/1344
f 1447/374/1333 1460/385/1344 1448/375/1334
f 1448/375/1334 1460/385/1344 1461/386/1345
f 1448/375/1334 1461/386/1345 1449/372/1335
f 1449/372/1335 1461/386/1345 1462/387/1346
f 1449/372/1335 1462/387/1346 1450/371/1336
f 1450/371/1336 1462/387/1346 1463/388/1347
f 1450/371/1336 1463/388/1347 1451/376/1337
f 1451/376/1337 1463/388/1347 1464/389/1348
f 1451/376/1337 1464/389/1348 1452/377/1338
f 1452/377/1338 1464/389/1348 1453/378/1175
f 1452/377/1338 1453/378/1175 1441/368/1327
f 1453/378/1175 1081/210/989 1084/213/992
f 1453/378/1175 1084/213/992 1454/379/1339
f 1454/379/1339 1084/213/992 1086/215/994
f 1454/379/1339 1086/215/994 1455/380/1340
f 1455/380/1340 1086/215/994 1088/217/996
f 1455/380/1340 1088/217/996 1456/381/1341
f 1456/381/1341 1088/217/996 1090/219/998
f 1456/381/1341 1090/219/998 1457/382/1342
f 1457/382/1342 1090/219/998 1092/221/1000
f 1457/382/1342 1092/221/1000 1458/383/1343
f 1458/383/1343 1092/221/1000 1094/223/1002
f 1458/383/1343 1094/223/1002 1459/384/1169
f 1459/384/1169 1094/223/1002 1096/225/1004
f 1459/384/1169 1096/225/1004 1460/385/1344
f 1460/385/1344 1096/225/1004 1098/227/1006
f 1460/385/1344 1098/227/1006 1461/386/1345
f 1461/386/1345 1098/227/1006 1100/229/1008
f 1461/386/1345 1100/229/1008 1462/387/1346
f 1462/387/1346 1100/229/1008 1102/231/1010
f 1462/387/1346 1102/231/1010 1463/388/1347
f 1463/388/1347 1102/231/1010 1104/233/1012
f 1463/388/1347 1104/233/1012 1464/389/1348
f 1464/389/1348 1104/233/1012 1081/210/989
f 1464/389/1348 1081/210/989 1453/378/1175
f 1465/210/1349 1466/211/1350 1467/212/1351
f 1465/210/1349 1467/212/1351 1468/213/1352
f 1468/213/1352 1467/212/1351 1469/214/1353
f 1468/213/1352 1469/214/1353 1470/215/1354
f 1470/215/1354 1469/214/1353 1471/216/1355
f 1470/215/1354 1471/216/1355 1472/217/1356
f 1472/217/1356 1471/216/1355 1473/218/1357
f 1472/217/1356 1473/218/1357 1474/219/1358
f 1474/219/1358 1473/218/1357 1475/220/1359
f 1474/219/1358 1475/220/1359 1476/221/1360
f 1476/221/1360 1475/220/1359 1477/222/1361
f 1476/221/1360 1477/222/1361 1478/223/1362
f 1478/223/1362 1477/222/1361 1479/224/1363
f 1478/223/1362 1479/224/1363 1480/225/1364
f 1480/225/1364 1479/224/1363 1481/226/1365
f 1480/225/1364 1481/226/1365 1482/227/1366
f 1482/227/1366 1481/226/1365 1483/228/1367
f 1482/227/1366 1483/228/1367 1484/229/1368
f 1484/229/1368 1483/228/1367 1485/230/1369
f 1484/229/1368 1485/230/1369 1486/231/1370
f 1486/231/1370 1485/230/1369 1487/232/1371
f 1486/231/1370 1487/232/1371 1488/233/1372
f 1488/233/1372 1487/232/1371 1466/211/1350
f 1488/233/1372 1466/211/1350 1465/210/1349
f 1466/211/1350 1489/234/1373 1490/235/1374
f 1466/211/1350 1490/235/1374 1467/212/1351
f 1467/212/1351 1490/235/1374 1491/236/1375
f 1467/212/1351 1491/236/1375 1469/214/1353
f 1469/214/1353 1491/236/1375 1492/237/1376
f 1469/214/1353 1492/237/1376 1471/216/1355
f 1471/216/1355 1492/237/1376 1493/238/1377
f 1471/216/1355 1493/238/1377 1473/218/1357
f 1473/218/1357 1493/238/1377 1494/239/1378
f 1473/218/1357 1494/239/1378 1475/220/1359
f 1475/220/1359 1494/239/1378 1495/240/1379
f 1475/220/1359 1495/240/1379 1477/222/1361
f 1477/222/1361 1495/240/1379 1496/239/1380
f 1477/222/1361 1496/239/1380 1479/224/1363
f 1479/224/1363 1496/239/1380 1497/241/1381
f 1479/224/1363 1497/241/1381 1481/226/1365
f 1481/226/1365 1497/241/1381 1498/242/1382
f 1481/226/1365 1498/242/1382 1483/228/1367
f 1483/228/1367 1498/242/1382 1499/236/1383
f 1483/228/1367 1499/236/1383 1485/230/1369
f 1485/230/1369 1499/236/1383 1500/243/1384
f 1485/230/1369 1500/243/1384 1487/232/1371
f 1487/232/1371 1500/243/1384 1489/234/1373
f 1487/232/1371 1489/234/1373 1466/211/1350
f 1489/234/1373 1501/244/1385 1502/245/1386
f 1489/234/1373 1502/245/1386 1490/235/1374
f 1490/235/1374 1502/245/1386 1503/246/1387
f 1490/235/1374 1503/246/1387 1491/236/1375
f 1491/236/1375 1503/246/1387 1504/247/1388
f 1491/236/1375 1504/247/1388 1492/237/1376
f 1492/237/1376 1504/247/1388 1505/248/1389
f 1492/237/1376 1505/248/1389 1493/238/1377
f 1493/238/1377 1505/248/1389 1506/249/1390
f 1493/238/1377 1506/249/1390 1494/239/1378
f 1494/239/1378 1506/249/1390 1507/250/1391
f 1494/239/1378 1507/250/1391 1495/240/1379
f 1495/240/1379 1507/250/1391 1508/251/1392
f 1495/240/1379 1508/251/1392 1496/239/1380
f 1496/239/1380 1508/251/1392 1509/252/1393
f 1496/239/1380 1509/252/1393 1497/241/1381
f 1497/241/1381 1509/252/1393 1510/247/1394
f 1497/241/1381 1510/247/1394 1498/242/1382
f 1498/242/1382 1510/247/1394 1511/246/1395
f 1498/242/1382 1511/246/1395 1499/236/1383
f 1499/236/1383 1511/246/1395 1512/253/1396
f 1499/236/1383 1512/253/1396 1500/243/1384
f 1500/243/1384 1512/253/1396 1501/244/1385
f 1500/243/1384 1501/244/1385 1489/234/1373
f 1501/244/1385 1513/254/1397 1514/255/1398
f 1501/244/1385 1514/255/1398 1502/245/1386
f 1502/245/1386 1514/255/1398 1515/256/1399
f 1502/245/1386 1515/256/1399 1503/246/1387
f 1503/246/1387 1515/256/1399 1516/257/1400
f 1503/246/1387 1516/257/1400 1504/247/1388
f 1504/247/1388 1516/257/1400 1517/258/1401
f 1504/247/1388 1517/258/1401 1505/248/1389
f 1505/248/1389 1517/258/1401 1518/259/1402
f 1505/248/1389 1518/259/1402 1506/249/1390
f 1506/249/1390 1518/259/1402 1519/260/1403
f 1506/249/1390 1519/260/1403 1507/250/1391
f 1507/250/1391 1519/260/1403 1520/261/1404
f 1507/250/1391 1520/261/1404 1508/251/1392
f 1508/251/1392 1520/261/1404 1521/262/1405
f 1508/251/1392 1521/262/1405 1509/252/1393
f 1509/252/1393 1521/262/1405 1522/257/1406
f 1509/252/1393 1522/257/1406 1510/247/1394
f 1510/247/1394 1522/257/1406 1523/256/1407
f 1510/247/1394 1523/256/1407 1511/246/1395
f 1511/246/1395 1523/256/1407 1524/263/1408
f 1511/246/1395 1524/263/1408 1512/253/1396
f 1512/253/1396 1524/263/1408 1513/254/1397
f 1512/253/1396 1513/254/1397 1501/244/1385
f 1513/254/1397 1525/264/1409 1526/265/1410
f 1513/254/1397 1526/265/1410 1514/255/1398
f 1514/255/1398 1526/265/1410 1527/266/1411
f 1514/255/1398 1527/266/1411 1515/256/1399
f 1515/256/1399 1527/266/1411 1528/267/1412
f 1515/256/1399 1528/267/1412 1516/257/1400
f 1516/257/1400 1528/267/1412 1529/268/1413
f 1516/257/1400 1529/268/1413 1517/258/1401
f 1517/258/1401 1529/268/1413 1530/269/1414
f 1517/258/1401 1530/269/1414 1518/259/1402
f 1518/259/1402 1530/269/1414 1531/270/1415
f 1518/259/1402 1531/270/1415 1519/260/1403
f 1519/260/1403 1531/270/1415 1532/271/1416
f 1519/260/1403 1532/271/1416 1520/261/1404
f 1520/261/1404 1532/271/1416 1533/272/1417
f 1520/261/1404 1533/272/1417 1521/262/1405
f 1521/262/1405 1533/272/1417 1534/267/1418
f 1521/262/1405 1534/267/1418 1522/257/1406
f 1522/257/1406 1534/267/1418 1535/266/1419
f 1522/257/1406 1535/266/1419 1523/256/1407
f 1523/256/1407 1535/266/1419 1536/273/1420
f 1523/256/1407 1536/273/1420 1524/263/1408
f 1524/263/1408 1536/273/1420 1525/264/1409
f 1524/263/1408 1525/264/1409 1513/254/1397
f 1525/264/1409 1537/274/1421 1538/275/1422
f 1525/264/1409 1538/275/1422 1526/265/1410
f 1526/265/1410 1538/275/1422 1539/276/1423
f 1526/265/1410 1539/276/1423 1527/266/1411
f 1527/266/1411 1539/276/1423 1540/277/1424
f 1527/266/1411 1540/277/1424 1528/267/1412
f 1528/267/1412 1540/277/1424 1541/278/1425
f 1528/267/1412 1541/278/1425 1529/268/1413
f 1529/268/1413 1541/278/1425 1542/279/1426
f 1529/268/1413 1542/279/1426 1530/269/1414
f 1530/269/1414 1542/279/1426 1543/280/1427
f 1530/269/1414 1543/280/1427 1531/270/1415
f 1531/270/1415 1543/280/1427 1544/281/1428
f 1531/270/1415 1544/281/1428 1532/271/1416
f 1532/271/1416 1544/281/1428 1545/282/1429
f 1532/271/1416 1545/282/1429 1533/272/1417
f 1533/272/1417 1545/282/1429 1546/277/1430
f 1533/272/1417 1546/277/1430 1534/267/1418
f 1534/267/1418 1546/277/1430 1547/283/1431
f 1534/267/1418 1547/283/1431 1535/266/1419
f 1535/266/1419 1547/283/1431 1548/284/1432
f 1535/266/1419 1548/284/1432 1536/273/1420
f 1536/273/1420 1548/284/1432 1537/274/1421
f 1536/273/1420 1537/274/1421 1525/264/1409
f 1537/274/1421 1549/285/1433 1550/286/1434
f 1537/274/1421 1550/286/1434 1538/275/1422
f 1538/275/1422 1550/286/1434 1551/287/1435
f 1538/275/1422 1551/287/1435 1539/276/1423
f 1539/276/1423 1551/287/1435 1552/288/1436
f 1539/276/1423 1552/288/1436 1540/277/1424
f 1540/277/1424 1552/288/1436 1553/289/1437
f 1540/277/1424 1553/289/1437 1541/278/1425
f 1541/278/1425 1553/289/1437 1554/290/1438
f 1541/278/1425 1554/290/1438 1542/279/1426
f 1542/279/1426 1554/290/1438 1555/291/1439
f 1542/279/1426 1555/291/1439 1543/280/1427
f 1543/280/1427 1555/291/1439 1556/292/1440
f 1543/280/1427 1556/292/1440 1544/281/1428
f 1544/281/1428 1556/292/1440 1557/293/1441
f 1544/281/1428 1557/293/1441 1545/282/1429
f 1545/282/1429 1557/293/1441 1558/288/1442
f 1545/282/1429 1558/288/1442 1546/277/1430
f 1546/277/1430 1558/288/1442 1559/287/1443
f 1546/277/1430 1559/287/1443 1547/283/1431
f 1547/283/1431 1559/287/1443 1560/286/1444
f 1547/283/1431 1560/286/1444 1548/284/1432
f 1548/284/1432 1560/286/1444 1549/285/1433
f 1548/284/1432 1549/285/1433 1537/274/1421
f 1549/285/1433 1561/294/1445 1562/295/1446
f 1549/285/1433 1562/295/1446 1550/286/1434
f 1550/286/1434 1562/295/1446 1563/296/1447
f 1550/286/1434 1563/296/1447 1551/287/1435
f 1551/287/1435 1563/296/1447 1564/297/1448
f 1551/287/1435 1564/297/1448 1552/288/1436
f 1552/288/1436 1564/297/1448 1565/298/1449
f 1552/288/1436 1565/298/1449 1553/289/1437
f 1553/289/1437 1565/298/1449 1566/299/1450
f 1553/289/1437 1566/299/1450 1554/290/1438
f 1554/290/1438 1566/299/1450 1567/300/1451
f 1554/290/1438 1567/300/1451 1555/291/1439
f 1555/291/1439 1567/300/1451 1568/301/1452
f 1555/291/1439 1568/301/1452 1556/292/1440
f 1556/292/1440 1568/301/1452 1569/298/1453
f 1556/292/1440 1569/298/1453 1557/293/1441
f 1557/293/1441 1569/298/1453 1570/297/1454
f 1557/293/1441 1570/297/1454 1558/288/1442
f 1558/288/1442 1570/297/1454 1571/296/1455
f 1558/288/1442 1571/296/1455 1559/287/1443
f 1559/287/1443 1571/296/1455 1572/295/1456
f 1559/287/1443 1572/295/1456 1560/286/1444
f 1560/286/1444 1572/295/1456 1561/294/1445
f 1560/286/1444 1561/294/1445 1549/285/1433
f 1561/294/1445 1573/41/1457 1574/42/1458
f 1561/294/1445 1574/42/1458 1562/295/1446
f 1562/295/1446 1574/42/1458 1575/44/1459
f 1562/295/1446 1575/44/1459 1563/296/1447
f 1563/296/1447 1575/44/1459 1576/46/1460
f 1563/296/1447 1576/46/1460 1564/297/1448
f 1564/297/1448 1576/46/1460 1577/48/1461
f 1564/297/1448 1577/48/1461 1565/298/1449
f 1565/298/1449 1577/48/1461 1578/50/1462
f 1565/298/1449 1578/50/1462 1566/299/1450
f 1566/299/1450 1578/50/1462 1579/52/1463
f 1566/299/1450 1579/52/1463 1567/300/1451
f 1567/300/1451 1579/52/1463 1580/54/1464
f 1567/300/1451 1580/54/1464 1568/301/1452
f 1568/301/1452 1580/54/1464 1581/56/1465
f 1568/301/1452 1581/56/1465 1569/298/1453
f 1569/298/1453 1581/56/1465 1582/46/1466
f 1569/298/1453 1582/46/1466 1570/297/1454
f 1570/297/1454 1582/46/1466 1583/59/1467
f 1570/297/1454 1583/59/1467 1571/296/1455
f 1571/296/1455 1583/59/1467 1584/61/1468
f 1571/296/1455 1584/61/1468 1572/295/1456
f 1572/295/1456 1584/61/1468 1573/41/1457
f 1572/295/1456 1573/41/1457 1561/294/1445
f 1573/41/1457 1585/62/1469 1586/63/1470
f 1573/41/1457 1586/63/1470 1574/42/1458
f 1574/42/1458 1586/63/1470 1587/64/1471
f 1574/42/1458 1587/64/1471 1575/44/1459
f 1575/44/1459 1587/64/1471 1588/65/1472
f 1575/44/1459 1588/65/1472 1576/46/1460
f 1576/46/1460 1588/65/1472 1589/66/1473
f 1576/46/1460 1589/66/1473 1577/48/1461
f 1577/48/1461 1589/66/1473 1590/67/1474
f 1577/48/1461 1590/67/1474 1578/50/1462
f 1578/50/1462 1590/67/1474 1591/68/1475
f 1578/50/1462 1591/68/1475 1579/52/1463
f 1579/52/1463 1591/68/1475 1592/69/1476
f 1579/52/1463 1592/69/1476 1580/54/1464
f 1580/54/1464 1592/69/1476 1593/70/1477
f 1580/54/1464 1593/70/1477 1581/56/1465
f 1581/56/1465 1593/70/1477 1594/65/1478
f 1581/56/1465 1594/65/1478 1582/46/1466
f 1582/46/1466 1594/65/1478 1595/64/1479
f 1582/46/1466 1595/64/1479 1583/59/1467
f 1583/59/1467 1595/64/1479 1596/63/1480
f 1583/59/1467 1596/63/1480 1584/61/1468
f 1584/61/1468 1596/63/1480 1585/62/1469
f 1584/61/1468 1585/62/1469 1573/41/1457
f 1585/62/1469 1597/71/1481 1598/72/1482
f 1585/62/1469 1598/72/1482 1586/63/1470
f 1586/63/1470 1598/72/1482 1599/73/1483
f 1586/63/1470 1599/73/1483 1587/64/1471
f 1587/64/1471 1599/73/1483 1600/74/1484
f 1587/64/1471 1600/74/1484 1588/65/1472
f 1588/65/1472 1600/74/1484 1601/75/1485
f 1588/65/1472 1601/75/1485 1589/66/1473
f 1589/66/1473 1601/75/1485 1602/76/1486
f 1589/66/1473 1602/76/1486 1590/67/1474
f 1590/67/1474 1602/76/1486 1603/77/1487
f 1590/67/1474 1603/77/1487 1591/68/1475
f 1591/68/1475 1603/77/1487 1604/78/1488
f 1591/68/1475 1604/78/1488 1592/69/1476
f 1592/69/1476 1604/78/1488 1605/75/1489
f 1592/69/1476 1605/75/1489 1593/70/1477
f 1593/70/1477 1605/75/1489 1606/74/1490
f 1593/70/1477 1606/74/1490 1594/65/1478
f 1594/65/1478 1606/74/1490 1607/79/1491
f 1594/65/1478 1607/79/1491 1595/64/1479
f 1595/64/1479 1607/79/1491 1608/80/1492
f 1595/64/1479 1608/80/1492 1596/63/1480
f 1596/63/1480 1608/80/1492 1597/71/1481
f 1596/63/1480 1597/71/1481 1585/62/1469
f 1597/71/1481 1609/81/1493 1610/82/1494
f 1597/71/1481 1610/82/1494 1598/72/1482
f 1598/72/1482 1610/82/1494 1611/83/1495
f 1598/72/1482 1611/83/1495 1599/73/1483
f 1599/73/1483 1611/83/1495 1612/84/1496
f 1599/73/1483 1612/84/1496 1600/74/1484
f 1600/74/1484 1612/84/1496 1613/85/1497
f 1600/74/1484 1613/85/1497 1601/75/1485
f 1601/75/1485 1613/85/1497 1614/86/1498
f 1601/75/1485 1614/86/1498 1602/76/1486
f 1602/76/1486 1614/86/1498 1615/87/1499
f 1602/76/1486 1615/87/1499 1603/77/1487
f 1603/77/1487 1615/87/1499 1616/88/1500
f 1603/77/1487 1616/88/1500 1604/78/1488
f 1604/78/1488 1616/88/1500 1617/89/1501
f 1604/78/1488 1617/89/1501 1605/75/1489
f 1605/75/1489 1617/89/1501 1618/84/1502
f 1605/75/1489 1618/84/1502 1606/74/1490
f 1606/74/1490 1618/84/1502 1619/90/1503
f 1606/74/1490 1619/90/1503 1607/79/1491
f 1607/79/1491 1619/90/1503 1620/91/1504
f 1607/79/1491 1620/91/1504 1608/80/1492
f 1608/80/1492 1620/91/1504 1609/81/1493
f 1608/80/1492 1609/81/1493 1597/71/1481
f 1609/81/1493 1621/92/1505 1622/93/1506
f 1609/81/1493 1622/93/1506 1610/82/1494
f 1610/82/1494 1622/93/1506 1623/94/1507
f 1610/82/1494 1623/94/1507 1611/83/1495
f 1611/83/1495 1623/94/1507 1624/95/1508
f 1611/83/1495 1624/95/1508 1612/84/1496
f 1612/84/1496 1624/95/1508 1625/96/1509
f 1612/84/1496 1625/96/1509 1613/85/1497
f 1613/85/1497 1625/96/1509 1626/97/1510
f 1613/85/1497 1626/97/1510 1614/86/1498
f 1614/86/1498 1626/97/1510 1627/98/1511
f 1614/86/1498 1627/98/1511 1615/87/1499
f 1615/87/1499 1627/98/1511 1628/99/1512
f 1615/87/1499 1628/99/1512 1616/88/1500
f 1616/88/1500 1628/99/1512 1629/100/1513
f 1616/88/1500 1629/100/1513 1617/89/1501
f 1617/89/1501 1629/100/1513 1630/95/1514
f 1617/89/1501 1630/95/1514 1618/84/1502
f 1618/84/1502 1630/95/1514 1631/94/1515
f 1618/84/1502 1631/94/1515 1619/90/1503
f 1619/90/1503 1631/94/1515 1632/93/1516
f 1619/90/1503 1632/93/1516 1620/91/1504
f 1620/91/1504 1632/93/1516 1621/92/1505
f 1620/91/1504 1621/92/1505 1609/81/1493
f 1621/92/1505 1633/101/1517 1634/102/1518
f 1621/92/1505 1634/102/1518 1622/93/1506
f 1622/93/1506 1634/102/1518 1635/103/1519
f 1622/93/1506 1635/103/1519 1623/94/1507
f 1623/94/1507 1635/103/1519 1636/104/1520
f 1623/94/1507 1636/104/1520 1624/95/1508
f 1624/95/1508 1636/104/1520 1637/105/1521
f 1624/95/1508 1637/105/1521 1625/96/1509
f 1625/96/1509 1637/105/1521 1638/106/1522
f 1625/96/1509 1638/106/1522 1626/97/1510
f 1626/97/1510 1638/106/1522 1639/107/1523
f 1626/97/1510 1639/107/1523 1627/98/1511
f 1627/98/1511 1639/107/1523 1640/106/1524
f 1627/98/1511 1640/106/1524 1628/99/1512
f 1628/99/1512 1640/106/1524 1641/108/1525
f 1628/99/1512 1641/108/1525 1629/100/1513
f 1629/100/1513 1641/108/1525 1642/104/1526
f 1629/100/1513 1642/104/1526 1630/95/1514
f 1630/95/1514 1642/104/1526 1643/109/1527
f 1630/95/1514 1643/109/1527 1631/94/1515
f 1631/94/1515 1643/109/1527 1644/110/1528
f 1631/94/1515 1644/110/1528 1632/93/1516
f 1632/93/1516 1644/110/1528 1633/101/1517
f 1632/93/1516 1633/101/1517 1621/92/1505
f 1633/101/1517 1645/111/1529 1646/112/1530
f 1633/101/1517 1646/112/1530 1634/102/1518
f 1634/102/1518 1646/112/1530 1647/113/1531
f 1634/102/1518 1647/113/1531 1635/103/1519
f 1635/103/1519 1647/113/1531 1648/114/1532
f 1635/103/1519 1648/114/1532 1636/104/1520
f 1636/104/1520 1648/114/1532 1649/115/1533
f 1636/104/1520 1649/115/1533 1637/105/1521
f 1637/105/1521 1649/115/1533 1650/116/1534
f 1637/105/1521 1650/116/1534 1638/106/1522
f 1638/106/1522 1650/116/1534 1651/117/1535
f 1638/106/1522 1651/117/1535 1639/107/1523
f 1639/107/1523 1651/117/1535 1652/118/1536
f 1639/107/1523 1652/118/1536 1640/106/1524
f 1640/106/1524 1652/118/1536 1653/119/1537
f 1640/106/1524 1653/119/1537 1641/108/1525
f 1641/108/1525 1653/119/1537 1654/120/1538
f 1641/108/1525 1654/120/1538 1642/104/1526
f 1642/104/1526 1654/120/1538 1655/121/1539
f 1642/104/1526 1655/121/1539 1643/109/1527
f 1643/109/1527 1655/121/1539 1656/122/1540
f 1643/109/1527 1656/122/1540 1644/110/1528
f 1644/110/1528 1656/122/1540 1645/111/1529
f 1644/110/1528 1645/111/1529 1633/101/1517
f 1645/111/1529 1657/123/1362 1658/124/1541
f 1645/111/1529 1658/124/1541 1646/112/1530
f 1646/112/1530 1658/124/1541 1659/125/1542
f 1646/112/1530 1659/125/1542 1647/113/1531
f 1647/113/1531 1659/125/1542 1660/126/1543
f 1647/113/1531 1660/126/1543 1648/114/1532
f 1648/114/1532 1660/126/1543 1661/127/1544
f 1648/114/1532 1661/127/1544 1649/115/1533
f 1649/115/1533 1661/127/1544 1662/128/1545
f 1649/115/1533 1662/128/1545 1650/116/1534
f 1650/116/1534 1662/128/1545 1663/129/1349
f 1650/116/1534 1663/129/1349 1651/117/1535
f 1651/117/1535 1663/129/1349 1664/130/1546
f 1651/117/1535 1664/130/1546 1652/118/1536
f 1652/118/1536 1664/130/1546 1665/131/1547
f 1652/118/1536 1665/131/1547 1653/119/1537
f 1653/119/1537 1665/131/1547 1666/132/1548
f 1653/119/1537 1666/132/1548 1654/120/1538
f 1654/120/1538 1666/132/1548 1667/133/1549
f 1654/120/1538 1667/133/1549 1655/121/1539
f 1655/121/1539 1667/133/1549 1668/134/1550
f 1655/121/1539 1668/134/1550 1656/122/1540
f 1656/122/1540 1668/134/1550 1657/123/1362
f 1656/122/1540 1657/123/1362 1645/111/1529
f 1657/123/1362 1669/135/1361 1670/136/1551
f 1657/123/1362 1670/136/1551 1658/124/1541
f 1658/124/1541 1670/136/1551 1671/137/1552
f 1658/124/1541 1671/137/1552 1659/125/1542
f 1659/125/1542 1671/137/1552 1672/138/1553
f 1659/125/1542 1672/138/1553 1660/126/1543
f 1660/126/1543 1672/138/1553 1673/139/1554
f 1660/126/1543 1673/139/1554 1661/127/1544
f 1661/127/1544 1673/139/1554 1674/140/1555
f 1661/127/1544 1674/140/1555 1662/128/1545
f 1662/128/1545 1674/140/1555 1675/141/1350
f 1662/128/1545 1675/141/1350 1663/129/1349
f 1663/129/1349 1675/141/1350 1676/142/1556
f 1663/129/1349 1676/142/1556 1664/130/1546
f 1664/130/1546 1676/142/1556 1677/143/1557
f 1664/130/1546 1677/143/1557 1665/131/1547
f 1665/131/1547 1677/143/1557 1678/144/1558
f 1665/131/1547 1678/144/1558 1666/132/1548
f 1666/132/1548 1678/144/1558 1679/145/1559
f 1666/132/1548 1679/145/1559 1667/133/1549
f 1667/133/1549 1679/145/1559 1680/136/1560
f 1667/133/1549 1680/136/1560 1668/134/1550
f 1668/134/1550 1680/136/1560 1669/135/1361
f 1668/134/1550 1669/135/1361 1657/123/1362
f 1669/135/1361 1681/146/1561 1682/147/1562
f 1669/135/1361 1682/147/1562 1670/136/1551
f 1670/136/1551 1682/147/1562 1683/148/1563
f 1670/136/1551 1683/148/1563 1671/137/1552
f 1671/137/1552 1683/148/1563 1684/149/1564
f 1671/137/1552 1684/149/1564 1672/138/1553
f 1672/138/1553 1684/149/1564 1685/150/1565
f 1672/138/1553 1685/150/1565 1673/139/1554
f 1673/139/1554 1685/150/1565 1686/151/1566
f 1673/139/1554 1686/151/1566 1674/140/1555
f 1674/140/1555 1686/151/1566 1687/152/1373
f 1674/140/1555 1687/152/1373 1675/141/1350
f 1675/141/1350 1687/152/1373 1688/153/1567
f 1675/141/1350 1688/153/1567 1676/142/1556
f 1676/142/1556 1688/153/1567 1689/154/1568
f 1676/142/1556 1689/154/1568 1677/143/1557
f 1677/143/1557 1689/154/1568 1690/155/1569
f 1677/143/1557 1690/155/1569 1678/144/1558
f 1678/144/1558 1690/155/1569 1691/148/1570
f 1678/144/1558 1691/148/1570 1679/145/1559
f 1679/145/1559 1691/148/1570 1692/147/1571
f 1679/145/1559 1692/147/1571 1680/136/1560
f 1680/136/1560 1692/147/1571 1681/146/1561
f 1680/136/1560 1681/146/1561 1669/135/1361
f 1681/146/1561 1693/156/1391 1694/157/1572
f 1681/146/1561 1694/157/1572 1682/147/1562
f 1682/147/1562 1694/157/1572 1695/158/1573
f 1682/147/1562 1695/158/1573 1683/148/1563
f 1683/148/1563 1695/158/1573 1696/159/1574
f 1683/148/1563 1696/159/1574 1684/149/1564
f 1684/149/1564 1696/159/1574 1697/160/1575
f 1684/149/1564 1697/160/1575 1685/150/1565
f 1685/150/1565 1697/160/1575 1698/161/1576
f 1685/150/1565 1698/161/1576 1686/151/1566
f 1686/151/1566 1698/161/1576 1699/162/1385
f 1686/151/1566 1699/162/1385 1687/152/1373
f 1687/152/1373 1699/162/1385 1700/163/1577
f 1687/152/1373 1700/163/1577 1688/153/1567
f 1688/153/1567 1700/163/1577 1701/164/1578
f 1688/153/1567 1701/164/1578 1689/154/1568
f 1689/154/1568 1701/164/1578 1702/159/1579
f 1689/154/1568 1702/159/1579 1690/155/1569
f 1690/155/1569 1702/159/1579 1703/158/1580
f 1690/155/1569 1703/158/1580 1691/148/1570
f 1691/148/1570 1703/158/1580 1704/165/1581
f 1691/148/1570 1704/165/1581 1692/147/1571
f 1692/147/1571 1704/165/1581 1693/156/1391
f 1692/147/1571 1693/156/1391 1681/146/1561
f 1693/156/1391 1705/166/1403 1706/167/1582
f 1693/156/1391 1706/167/1582 1694/157/1572
f 1694/157/1572 1706/167/1582 1707/168/1583
f 1694/157/1572 1707/168/1583 1695/158/1573
f 1695/158/1573 1707/168/1583 1708/169/1584
f 1695/158/1573 1708/169/1584 1696/159/1574
f 1696/159/1574 1708/169/1584 1709/170/1585
f 1696/159/1574 1709/170/1585 1697/160/1575
f 1697/160/1575 1709/170/1585 1710/171/1586
f 1697/160/1575 1710/171/1586 1698/161/1576
f 1698/161/1576 1710/171/1586 1711/172/1587
f 1698/161/1576 1711/172/1587 1699/162/1385
f 1699/162/1385 1711/172/1587 1712/173/1588
f 1699/162/1385 1712/173/1588 1700/163/1577
f 1700/163/1577 1712/173/1588 1713/174/1589
f 1700/163/1577 1713/174/1589 1701/164/1578
f 1701/164/1578 1713/174/1589 1714/169/1590
f 1701/164/1578 1714/169/1590 1702/159/1579
f 1702/159/1579 1714/169/1590 1715/175/1591
f 1702/159/1579 1715/175/1591 1703/158/1580
f 1703/158/1580 1715/175/1591 1716/176/1592
f 1703/158/1580 1716/176/1592 1704/165/1581
f 1704/165/1581 1716/176/1592 1705/166/1403
f 1704/165/1581 1705/166/1403 1693/156/1391
f 1705/166/1403 1717/177/1415 1718/178/1593
f 1705/166/1403 1718/178/1593 1706/167/1582
f 1706/167/1582 1718/178/1593 1719/179/1594
f 1706/167/1582 1719/179/1594 1707/168/1583
f 1707/168/1583 1719/179/1594 1720/180/1595
f 1707/168/1583 1720/180/1595 1708/169/1584
f 1708/169/1584 1720/180/1595 1721/181/1596
f 1708/169/1584 1721/181/1596 1709/170/1585
f 1709/170/1585 1721/181/1596 1722/182/1597
f 1709/170/1585 1722/182/1597 1710/171/1586
f 1710/171/1586 1722/182/1597 1723/183/1409
f 1710/171/1586 1723/183/1409 1711/172/1587
f 1711/172/1587 1723/183/1409 1724/184/1598
f 1711/172/1587 1724/184/1598 1712/173/1588
f 1712/173/1588 1724/184/1598 1725/185/1599
f 1712/173/1588 1725/185/1599 1713/174/1589
f 1713/174/1589 1725/185/1599 1726/180/1600
f 1713/174/1589 1726/180/1600 1714/169/1590
f 1714/169/1590 1726/180/1600 1727/186/1601
f 1714/169/1590 1727/186/1601 1715/175/1591
f 1715/175/1591 1727/186/1601 1728/187/1602
f 1715/175/1591 1728/187/1602 1716/176/1592
f 1716/176/1592 1728/187/1602 1717/177/1415
f 1716/176/1592 1717/177/1415 1705/166/1403
f 1717/177/1415 1729/188/1427 1730/189/1603
f 1717/177/1415 1730/189/1603 1718/178/1593
f 1718/178/1593 1730/189/1603 1731/190/1604
f 1718/178/1593 1731/190/1604 1719/179/1594
f 1719/179/1594 1731/190/1604 1732/191/1605
f 1719/179/1594 1732/191/1605 1720/180/1595
f 1720/180/1595 1732/191/1605 1733/192/1606
f 1720/180/1595 1733/192/1606 1721/181/1596
f 1721/181/1596 1733/192/1606 1734/193/1607
f 1721/181/1596 1734/193/1607 1722/182/1597
f 1722/182/1597 1734/193/1607 1735/194/1421
f 1722/182/1597 1735/194/1421 1723/183/1409
f 1723/183/1409 1735/194/1421 1736/195/1608
f 1723/183/1409 1736/195/1608 1724/184/1598
f 1724/184/1598 1736/195/1608 1737/196/1609
f 1724/184/1598 1737/196/1609 1725/185/1599
f 1725/185/1599 1737/196/1609 1738/191/1610
f 1725/185/1599 1738/191/1610 1726/180/1600
f 1726/180/1600 1738/191/1610 1739/197/1611
f 1726/180/1600 1739/197/1611 1727/186/1601
f 1727/186/1601 1739/197/1611 1740/189/1612
f 1727/186/1601 1740/189/1612 1728/187/1602
f 1728/187/1602 1740/189/1612 1729/188/1427
f 1728/187/1602 1729/188/1427 1717/177/1415
f 1729/188/1427 1741/302/1439 1742/303/1613
f 1729/188/1427 1742/303/1613 1730/189/1603
f 1730/189/1603 1742/303/1613 1743/304/1614
f 1730/189/1603 1743/304/1614 1731/190/1604
f 1731/190/1604 1743/304/1614 1744/305/1615
f 1731/190/1604 1744/305/1615 1732/191/1605
f 1732/191/1605 1744/305/1615 1745/306/1616
f 1732/191/1605 1745/306/1616 1733/192/1606
f 1733/192/1606 1745/306/1616 1746/307/1617
f 1733/192/1606 1746/307/1617 1734/193/1607
f 1734/193/1607 1746/307/1617 1747/308/1433
f 1734/193/1607 1747/308/1433 1735/194/1421
f 1735/194/1421 1747/308/1433 1748/309/1618
f 1735/194/1421 1748/309/1618 1736/195/1608
f 1736/195/1608 1748/309/1618 1749/310/1619
f 1736/195/1608 1749/310/1619 1737/196/1609
f 1737/196/1609 1749/310/1619 1750/305/1620
f 1737/196/1609 1750/305/1620 1738/191/1610
f 1738/191/1610 1750/305/1620 1751/304/1621
f 1738/191/1610 1751/304/1621 1739/197/1611
f 1739/197/1611 1751/304/1621 1752/311/1622
f 1739/197/1611 1752/311/1622 1740/189/1612
f 1740/189/1612 1752/311/1622 1741/302/1439
f 1740/189/1612 1741/302/1439 1729/188/1427
f 1741/302/1439 1753/312/1451 1754/313/1623
f 1741/302/1439 1754/313/1623 1742/303/1613
f 1742/303/1613 1754/313/1623 1755/314/1624
f 1742/303/1613 1755/314/1624 1743/304/1614
f 1743/304/1614 1755/314/1624 1756/315/1625
f 1743/304/1614 1756/315/1625 1744/305/1615
f 1744/305/1615 1756/315/1625 1757/316/1626
f 1744/305/1615 1757/316/1626 1745/306/1616
f 1745/306/1616 1757/316/1626 1758/317/1627
f 1745/306/1616 1758/317/1627 1746/307/1617
f 1746/307/1617 1758/317/1627 1759/318/1445
f 1746/307/1617 1759/318/1445 1747/308/1433
f 1747/308/1433 1759/318/1445 1760/319/1628
f 1747/308/1433 1760/319/1628 1748/309/1618
f 1748/309/1618 1760/319/1628 1761/320/1629
f 1748/309/1618 1761/320/1629 1749/310/1619
f 1749/310/1619 1761/320/1629 1762/315/1630
f 1749/310/1619 1762/315/1630 1750/305/1620
f 1750/305/1620 1762/315/1630 1763/321/1631
f 1750/305/1620 1763/321/1631 1751/304/1621
f 1751/304/1621 1763/321/1631 1764/313/1632
f 1751/304/1621 1764/313/1632 1752/311/1622
f 1752/311/1622 1764/313/1632 1753/312/1451
f 1752/311/1622 1753/312/1451 1741/302/1439
f 1753/312/1451 1765/322/1463 1766/323/1633
f 1753/312/1451 1766/323/1633 1754/313/1623
f 1754/313/1623 1766/323/1633 1767/324/1634
f 1754/313/1623 1767/324/1634 1755/314/1624
f 1755/314/1624 1767/324/1634 1768/325/1635
f 1755/314/1624 1768/325/1635 1756/315/1625
f 1756/315/1625 1768/325/1635 1769/326/1636
f 1756/315/1625 1769/326/1636 1757/316/1626
f 1757/316/1626 1769/326/1636 1770/327/1637
f 1757/316/1626 1770/327/1637 1758/317/1627
f 1758/317/1627 1770/327/1637 1771/328/1457
f 1758/317/1627 1771/328/1457 1759/318/1445
f 1759/318/1445 1771/328/1457 1772/329/1638
f 1759/318/1445 1772/329/1638 1760/319/1628
f 1760/319/1628 1772/329/1638 1773/326/1639
f 1760/319/1628 1773/326/1639 1761/320/1629
f 1761/320/1629 1773/326/1639 1774/325/1640
f 1761/320/1629 1774/325/1640 1762/315/1630
f 1762/315/1630 1774/325/1640 1775/324/1641
f 1762/315/1630 1775/324/1641 1763/321/1631
f 1763/321/1631 1775/324/1641 1776/323/1642
f 1763/321/1631 1776/323/1642 1764/313/1632
f 1764/313/1632 1776/323/1642 1765/322/1463
f 1764/313/1632 1765/322/1463 1753/312/1451
f 1765/322/1463 1777/330/1475 1778/331/1643
f 1765/322/1463 1778/331/1643 1766/323/1633
f 1766/323/1633 1778/331/1643 1779/332/1644
f 1766/323/1633 1779/332/1644 1767/324/1634
f 1767/324/1634 1779/332/1644 1780/333/1645
f 1767/324/1634 1780/333/1645 1768/325/1635
f 1768/325/1635 1780/333/1645 1781/334/1646
f 1768/325/1635 1781/334/1646 1769/326/1636
f 1769/326/1636 1781/334/1646 1782/335/1647
f 1769/326/1636 1782/335/1647 1770/327/1637
f 1770/327/1637 1782/335/1647 1783/336/1469
f 1770/327/1637 1783/336/1469 1771/328/1457
f 1771/328/1457 1783/336/1469 1784/337/1648
f 1771/328/1457 1784/337/1648 1772/329/1638
f 1772/329/1638 1784/337/1648 1785/334/1649
f 1772/329/1638 1785/334/1649 1773/326/1639
f 1773/326/1639 1785/334/1649 1786/333/1650
f 1773/326/1639 1786/333/1650 1774/325/1640
f 1774/325/1640 1786/333/1650 1787/332/1651
f 1774/325/1640 1787/332/1651 1775/324/1641
f 1775/324/1641 1787/332/1651 1788/331/1652
f 1775/324/1641 1788/331/1652 1776/323/1642
f 1776/323/1642 1788/331/1652 1777/330/1475
f 1776/323/1642 1777/330/1475 1765/322/1463
f 1777/330/1475 1789/338/1487 1790/339/1653
f 1777/330/1475 1790/339/1653 1778/331/1643
f 1778/331/1643 1790/339/1653 1791/340/1654
f 1778/331/1643 1791/340/1654 1779/332/1644
f 1779/332/1644 1791/340/1654 1792/341/1655
f 1779/332/1644 1792/341/1655 1780/333/1645
f 1780/333/1645 1792/341/1655 1793/342/1656
f 1780/333/1645 1793/342/1656 1781/334/1646
f 1781/334/1646 1793/342/1656 1794/343/1657
f 1781/334/1646 1794/343/1657 1782/335/1647
f 1782/335/1647 1794/343/1657 1795/344/1481
f 1782/335/1647 1795/344/1481 1783/336/1469
f 1783/336/1469 1795/344/1481 1796/345/1658
f 1783/336/1469 1796/345/1658 1784/337/1648
f 1784/337/1648 1796/345/1658 1797/342/1659
f 1784/337/1648 1797/342/1659 1785/334/1649
f 1785/334/1649 1797/342/1659 1798/341/1660
f 1785/334/1649 1798/341/1660 1786/333/1650
f 1786/333/1650 1798/341/1660 1799/340/1661
f 1786/333/1650 1799/340/1661 1787/332/1651
f 1787/332/1651 1799/340/1661 1800/346/1662
f 1787/332/1651 1800/346/1662 1788/331/1652
f 1788/331/1652 1800/346/1662 1789/338/1487
f 1788/331/1652 1789/338/1487 1777/330/1475
f 1789/338/1487 1801/347/1499 1802/348/1663
f 1789/338/1487 1802/348/1663 1790/339/1653
f 1790/339/1653 1802/348/1663 1803/349/1664
f 1790/339/1653 1803/349/1664 1791/340/1654
f 1791/340/1654 1803/349/1664 1804/350/1665
f 1791/340/1654 1804/350/1665 1792/341/1655
f 1792/341/1655 1804/350/1665 1805/351/1666
f 1792/341/1655 1805/351/1666 1793/342/1656
f 1793/342/1656 1805/351/1666 1806/352/1667
f 1793/342/1656 1806/352/1667 1794/343/1657
f 1794/343/1657 1806/352/1667 1807/353/1493
f 1794/343/1657 1807/353/1493 1795/344/1481
f 1795/344/1481 1807/353/1493 1808/354/1668
f 1795/344/1481 1808/354/1668 1796/345/1658
f 1796/345/1658 1808/354/1668 1809/355/1669
f 1796/345/1658 1809/355/1669 1797/342/1659
f 1797/342/1659 1809/355/1669 1810/350/1670
f 1797/342/1659 1810/350/1670 1798/341/1660
f 1798/341/1660 1810/350/1670 1811/356/1671
f 1798/341/1660 1811/356/1671 1799/340/1661
f 1799/340/1661 1811/356/1671 1812/357/1672
f 1799/340/1661 1812/357/1672 1800/346/1662
f 1800/346/1662 1812/357/1672 1801/347/1499
f 1800/346/1662 1801/347/1499 1789/338/1487
f 1801/347/1499 1813/358/1673 1814/359/1674
f 1801/347/1499 1814/359/1674 1802/348/1663
f 1802/348/1663 1814/359/1674 1815/360/1675
f 1802/348/1663 1815/360/1675 1803/349/1664
f 1803/349/1664 1815/360/1675 1816/361/1676
f 1803/349/1664 1816/361/1676 1804/350/1665
f 1804/350/1665 1816/361/1676 1817/362/1677
f 1804/350/1665 1817/362/1677 1805/351/1666
f 1805/351/1666 1817/362/1677 1818/363/1678
f 1805/351/1666 1818/363/1678 1806/352/1667
f 1806/352/1667 1818/363/1678 1819/364/1679
f 1806/352/1667 1819/364/1679 1807/353/1493
f 1807/353/1493 1819/364/1679 1820/365/1680
f 1807/353/1493 1820/365/1680 1808/354/1668
f 1808/354/1668 1820/365/1680 1821/366/1681
f 1808/354/1668 1821/366/1681 1809/355/1669
f 1809/355/1669 1821/366/1681 1822/361/1682
f 1809/355/1669 1822/361/1682 1810/350/1670
f 1810/350/1670 1822/361/1682 1823/360/1683
f 1810/350/1670 1823/360/1683 1811/356/1671
f 1811/356/1671 1823/360/1683 1824/367/1684
f 1811/356/1671 1824/367/1684 1812/357/1672
f 1812/357/1672 1824/367/1684 1813/358/1673
f 1812/357/1672 1813/358/1673 1801/347/1499
f 1813/358/1673 1825/368/1523 1826/369/1685
f 1813/358/1673 1826/369/1685 1814/359/1674
f 1814/359/1674 1826/369/1685 1827/370/1686
f 1814/359/1674 1827/370/1686 1815/360/1675
f 1815/360/1675 1827/370/1686 1828/371/1687
f 1815/360/1675 1828/371/1687 1816/361/1676
f 1816/361/1676 1828/371/1687 1829/372/1688
f 1816/361/1676 1829/372/1688 1817/362/1677
f 1817/362/1677 1829/372/1688 1830/373/1689
f 1817/362/1677 1830/373/1689 1818/363/1678
f 1818/363/1678 1830/373/1689 1831/374/1517
f 1818/363/1678 1831/374/1517 1819/364/1679
f 1819/364/1679 1831/374/1517 1832/375/1690
f 1819/364/1679 1832/375/1690 1820/365/1680
f 1820/365/1680 1832/375/1690 1833/372/1691
f 1820/365/1680 1833/372/1691 1821/366/1681
f 1821/366/1681 1833/372/1691 1834/371/1692
f 1821/366/1681 1834/371/1692 1822/361/1682
f 1822/361/1682 1834/371/1692 1835/376/1693
f 1822/361/1682 1835/376/1693 1823/360/1683
f 1823/360/1683 1835/376/1693 1836/377/1694
f 1823/360/1683 1836/377/1694 1824/367/1684
f 1824/367/1684 1836/377/1694 1825/368/1523
f 1824/367/1684 1825/368/1523 1813/358/1673
f 1825/368/1523 1837/378/1535 1838/379/1695
f 1825/368/1523 1838/379/1695 1826/369/1685
f 1826/369/1685 1838/379/1695 1839/380/1696
f 1826/369/1685 1839/380/1696 1827/370/1686
f 1827/370/1686 1839/380/1696 1840/381/1697
f 1827/370/1686 1840/381/1697 1828/371/1687
f 1828/371/1687 1840/381/1697 1841/382/1698
f 1828/371/1687 1841/382/1698 1829/372/1688
f 1829/372/1688 1841/382/1698 1842/383/1699
f 1829/372/1688 1842/383/1699 1830/373/1689
f 1830/373/1689 1842/383/1699 1843/384/1529
f 1830/373/1689 1843/384/1529 1831/374/1517
f 1831/374/1517 1843/384/1529 1844/385/1700
f 1831/374/1517 1844/385/1700 1832/375/1690
f 1832/375/1690 1844/385/1700 1845/386/1701
f 1832/375/1690 1845/386/1701 1833/372/1691
f 1833/372/1691 1845/386/1701 1846/387/1702
f 1833/372/1691 1846/387/1702 1834/371/1692
f 1834/371/1692 1846/387/1702 1847/388/1703
f 1834/371/1692 1847/388/1703 1835/376/1693
f 1835/376/1693 1847/388/1703 1848/389/1704
f 1835/376/1693 1848/389/1704 1836/377/1694
f 1836/377/1694 1848/389/1704 1837/378/1535
f 1836/377/1694 1837/378/1535 1825/368/1523
f 1837/378/1535 1465/210/1349 1468/213/1352
f 1837/378/1535 1468/213/1352 1838/379/1695
f 1838/379/1695 1468/213/1352 1470/215/1354
f 1838/379/1695 1470/215/1354 1839/380/1696
f 1839/380/1696 1470/215/1354 1472/217/1356
f 1839/380/1696 1472/217/1356 1840/381/1697
f 1840/381/1697 1472/217/1356 1474/219/1358
f 1840/381/1697 1474/219/1358 1841/382/1698
f 1841/382/1698 1474/219/1358 1476/221/1360
f 1841/382/1698 1476/221/1360 1842/383/1699
f 1842/383/1699 1476/221/1360 1478/223/1362
f 1842/383/1699 1478/223/1362 1843/384/1529
f 1843/384/1529 1478/223/1362 1480/225/1364
f 1843/384/1529 1480/225/1364 1844/385/1700
f 1844/385/1700 1480/225/1364 1482/227/1366
f 1844/385/1700 1482/227/1366 1845/386/1701
f 1845/386/1701 1482/227/1366 1484/229/1368
f 1845/386/1701 1484/229/1368 1846/387/1702
f 1846/387/1702 1484/229/1368 1486/231/1370
f 1846/387/1702 1486/231/1370 1847/388/1703
f 1847/388/1703 1486/231/1370 1488/233/1372
f 1847/388/1703 1488/233/1372 1848/389/1704
f 1848/389/1704 1488/233/1372 1465/210/1349
f 1848/389/1704 1465/210/1349 1837/378/1535
f 1849/210/1705 1850/211/1706 1851/212/1707
f 1849/210/1705 1851/212/1707 1852/213/1708
f 1852/213/1708 1851/212/1707 1853/214/1709
f 1852/213/1708 1853/214/1709 1854/215/1710
f 1854/215/1710 1853/214/1709 1855/216/1711
f 1854/215/1710 1855/216/1711 1856/217/1712
f 1856/217/1712 1855/216/1711 1857/218/1713
f 1856/217/1712 1857/218/1713 1858/219/1714
f 1858/219/1714 1857/218/1713 1859/220/1715
f 1858/219/1714 1859/220/1715 1860/221/1716
f 1860/221/1716 1859/220/1715 1861/222/1717
f 1860/221/1716 1861/222/1717 1862/223/1718
f 1862/223/1718 1861/222/1717 1863/224/1719
f 1862/223/1718 1863/224/1719 1864/225/1720
f 1864/225/1720 1863/224/1719 1865/226/1721
f 1864/225/1720 1865/226/1721 1866/227/1722
f 1866/227/1722 1865/226/1721 1867/228/1723
f 1866/227/1722 1867/228/1723 1868/229/1724
f 1868/229/1724 1867/228/1723 1869/230/1725
f 1868/229/1724 1869/230/1725 1870/231/1726
f 1870/231/1726 1869/230/1725 1871/232/1727
f 1870/231/1726 1871/232/1727 1872/233/1728
f 1872/233/1728 1871/232/1727 1850/211/1706
f 1872/233/1728 1850/211/1706 1849/210/1705
f 1850/211/1706 1873/234/1729 1874/235/1730
f 1850/211/1706 1874/235/1730 1851/212/1707
f 1851/212/1707 1874/235/1730 1875/236/1731
f 1851/212/1707 1875/236/1731 1853/214/1709
f 1853/214/1709 1875/236/1731 1876/237/1732
f 1853/214/1709 1876/237/1732 1855/216/1711
f 1855/216/1711 1876/237/1732 1877/238/1733
f 1855/216/1711 1877/238/1733 1857/218/1713
f 1857/218/1713 1877/238/1733 1878/239/1734
f 1857/218/1713 1878/239/1734 1859/220/1715
f 1859/220/1715 1878/239/1734 1879/240/1735
f 1859/220/1715 1879/240/1735 1861/222/1717
f 1861/222/1717 1879/240/1735 1880/239/1736
f 1861/222/1717 1880/239/1736 1863/224/1719
f 1863/224/1719 1880/239/1736 1881/241/1737
f 1863/224/1719 1881/241/1737 1865/226/1721
f 1865/226/1721 1881/241/1737 1882/242/1738
f 1865/226/1721 1882/242/1738 1867/228/1723
f 1867/228/1723 1882/242/1738 1883/236/1739
f 1867/228/1723 1883/236/1739 1869/230/1725
f 1869/230/1725 1883/236/1739 1884/243/1740
f 1869/230/1725 1884/243/1740 1871/232/1727
f 1871/232/1727 1884/243/1740 1873/234/1729
f 1871/232/1727 1873/234/1729 1850/211/1706
f 1873/234/1729 1885/244/1741 1886/245/1742
f 1873/234/1729 1886/245/1742 1874/235/1730
f 1874/235/1730 1886/245/1742 1887/246/1743
f 1874/235/1730 1887/246/1743 1875/236/1731
f 1875/236/1731 1887/246/1743 1888/247/1744
f 1875/236/1731 1888/247/1744 1876/237/1732
f 1876/237/1732 1888/247/1744 1889/248/1745
f 1876/237/1732 1889/248/1745 1877/238/1733
f 1877/238/1733 1889/248/1745 1890/249/1746
f 1877/238/1733 1890/249/1746 1878/239/1734
f 1878/239/1734 1890/249/1746 1891/250/1747
f 1878/239/1734 1891/250/1747 1879/240/1735
f 1879/240/1735 1891/250/1747 1892/251/1748
f 1879/240/1735 1892/251/1748 1880/239/1736
f 1880/239/1736 1892/251/1748 1893/252/1749
f 1880/239/1736 1893/252/1749 1881/241/1737
f 1881/241/1737 1893/252/1749 1894/247/1750
f 1881/241/1737 1894/247/1750 1882/242/1738
f 1882/242/1738 1894/247/1750 1895/246/1751
f 1882/242/1738 1895/246/1751 1883/236/1739
f 1883/236/1739 1895/246/1751 1896/253/1752
f 1883/236/1739 1896/253/1752 1884/243/1740
f 1884/243/1740 1896/253/1752 1885/244/1741
f 1884/243/1740 1885/244/1741 1873/234/1729
f 1885/244/1741 1897/254/1753 1898/255/1754
f 1885/244/1741 1898/255/1754 1886/245/1742
f 1886/245/1742 1898/255/1754 1899/256/1755
f 1886/245/1742 1899/256/1755 1887/246/1743
f 1887/246/1743 1899/256/1755 1900/257/1756
f 1887/246/1743 1900/257/1756 1888/247/1744
f 1888/247/1744 1900/257/1756 1901/258/1757
f 1888/247/1744 1901/258/1757 1889/248/1745
f 1889/248/1745 1901/258/1757 1902/259/1758
f 1889/248/1745 1902/259/1758 1890/249/1746
f 1890/249/1746 1902/259/1758 1903/260/1759
f 1890/249/1746 1903/260/1759 1891/250/1747
f 1891/250/1747 1903/260/1759 1904/261/1760
f 1891/250/1747 1904/261/1760 1892/251/1748
f 1892/251/1748 1904/261/1760 1905/262/1761
f 1892/251/1748 1905/262/1761 1893/252/1749
f 1893/252/1749 1905/262/1761 1906/257/1762
f 1893/252/1749 1906/257/1762 1894/247/1750
f 1894/247/1750 1906/257/1762 1907/256/1763
f 1894/247/1750 1907/256/1763 1895/246/1751
f 1895/246/1751 1907/256/1763 1908/263/1764
f 1895/246/1751 1908/263/1764 1896/253/1752
f 1896/253/1752 1908/263/1764 1897/254/1753
f 1896/253/1752 1897/254/1753 1885/244/1741
f 1897/254/1753 1909/264/1765 1910/265/1766
f 1897/254/1753 1910/265/1766 1898/255/1754
f 1898/255/1754 1910/265/1766 1911/266/1767
f 1898/255/1754 1911/266/1767 1899/256/1755
f 1899/256/1755 1911/266/1767 1912/267/1768
f 1899/256/1755 1912/267/1768 1900/257/1756
f 1900/257/1756 1912/267/1768 1913/268/1769
f 1900/257/1756 1913/268/1769 1901/258/1757
f 1901/258/1757 1913/268/1769 1914/269/1770
f 1901/258/1757 1914/269/1770 1902/259/1758
f 1902/259/1758 1914/269/1770 1915/270/1771
f 1902/259/1758 1915/270/1771 1903/260/1759
f 1903/260/1759 1915/270/1771 1916/271/1772
f 1903/260/1759 1916/271/1772 1904/261/1760
f 1904/261/1760 1916/271/1772 1917/272/1773
f 1904/261/1760 1917/272/1773 1905/262/1761
f 1905/262/1761 1917/272/1773 1918/267/1774
f 1905/262/1761 1918/267/1774 1906/257/1762
f 1906/257/1762 1918/267/1774 1919/266/1775
f 1906/257/1762 1919/266/1775 1907/256/1763
f 1907/256/1763 1919/266/1775 1920/273/1776
f 1907/256/1763 1920/273/1776 1908/263/1764
f 1908/263/1764 1920/273/1776 1909/264/1765
f 1908/263/1764 1909/264/1765 1897/254/1753
f 1909/264/1765 1921/274/1777 1922/275/1778
f 1909/264/1765 1922/275/1778 1910/265/1766
f 1910/265/1766 1922/275/1778 1923/276/1779
f 1910/265/1766 1923/276/1779 1911/266/1767
f 1911/266/1767 1923/276/1779 1924/277/1780
f 1911/266/1767 1924/277/1780 1912/267/1768
f 1912/267/1768 1924/277/1780 1925/278/1781
f 1912/267/1768 1925/278/1781 1913/268/1769
f 1913/268/1769 1925/278/1781 1926/279/1782
f 1913/268/1769 1926/279/1782 1914/269/1770
f 1914/269/1770 1926/279/1782 1927/280/1783
f 1914/269/1770 1927/280/1783 1915/270/1771
f 1915/270/1771 1927/280/1783 1928/281/1784
f 1915/270/1771 1928/281/1784 1916/271/1772
f 1916/271/1772 1928/281/1784 1929/282/1785
f 1916/271/1772 1929/282/1785 1917/272/1773
f 1917/272/1773 1929/282/1785 1930/277/1786
f 1917/272/1773 1930/277/1786 1918/267/1774
f 1918/267/1774 1930/277/1786 1931/283/1787
f 1918/267/1774 1931/283/1787 1919/266/1775
f 1919/266/1775 1931/283/1787 1932/284/1788
f 1919/266/1775 1932/284/1788 1920/273/1776
f 1920/273/1776 1932/284/1788 1921/274/1777
f 1920/273/1776 1921/274/1777 1909/264/1765
f 1921/274/1777 1933/285/1789 1934/286/1790
f 1921/274/1777 1934/286/1790 1922/275/1778
f 1922/275/1778 1934/286/1790 1935/287/1791
f 1922/275/1778 1935/287/1791 1923/276/1779
f 1923/276/1779 1935/287/1791 1936/288/1792
f 1923/276/1779 1936/288/1792 1924/277/1780
f 1924/277/1780 1936/288/1792 1937/289/1793
f 1924/277/1780 1937/289/1793 1925/278/1781
f 1925/278/1781 1937/289/1793 1938/290/1794
f 1925/278/1781 1938/290/1794 1926/279/1782
f 1926/279/1782 1938/290/1794 1939/291/1795
f 1926/279/1782 1939/291/1795 1927/280/1783
f 1927/280/1783 1939/291/1795 1940/292/1796
f 1927/280/1783 1940/292/1796 1928/281/1784
f 1928/281/1784 1940/292/1796 1941/293/1797
f 1928/281/1784 1941/293/1797 1929/282/1785
f 1929/282/1785 1941/293/1797 1942/288/1798
f 1929/282/1785 1942/288/1798 1930/277/1786
f 1930/277/1786 1942/288/1798 1943/287/1799
f 1930/277/1786 1943/287/1799 1931/283/1787
f 1931/283/1787 1943/287/1799 1944/286/1800
f 1931/283/1787 1944/286/1800 1932/284/1788
f 1932/284/1788 1944/286/1800 1933/285/1789
f 1932/284/1788 1933/285/1789 1921/274/1777
f 1933/285/1789 1945/294/1801 1946/295/1802
f 1933/285/1789 1946/295/1802 1934/286/1790
f 1934/286/1790 1946/295/1802 1947/296/1803
f 1934/286/1790 1947/296/1803 1935/287/1791
f 1935/287/1791 1947/296/1803 1948/297/1804
f 1935/287/1791 1948/297/1804 1936/288/1792
f 1936/288/1792 1948/297/1804 1949/298/1805
f 1936/288/1792 1949/298/1805 1937/289/1793
f 1937/289/1793 1949/298/1805 1950/299/1806
f 1937/289/1793 1950/299/1806 1938/290/1794
f 1938/290/1794 1950/299/1806 1951/300/1807
f 1938/290/1794 1951/300/1807 1939/291/1795
f 1939/291/1795 1951/300/1807 1952/301/1808
f 1939/291/1795 1952/301/1808 1940/292/1796
f 1940/292/1796 1952/301/1808 1953/298/1809
f 1940/292/1796 1953/298/1809 1941/293/1797
f 1941/293/1797 1953/298/1809 1954/297/1810
f 1941/293/1797 1954/297/1810 1942/288/1798
f 1942/288/1798 1954/297/1810 1955/296/1811
f 1942/288/1798 1955/296/1811 1943/287/1799
f 1943/287/1799 1955/296/1811 1956/295/1812
f 1943/287/1799 1956/295/1812 1944/286/1800
f 1944/286/1800 1956/295/1812 1945/294/1801
f 1944/286/1800 1945/294/1801 1933/285/1789
f 1945/294/1801 1957/41/1813 1958/42/1814
f 1945/294/1801 1958/42/1814 1946/295/1802
f 1946/295/1802 1958/42/1814 1959/44/1815
f 1946/295/1802 1959/44/1815 1947/296/1803
f 1947/296/1803 1959/44/1815 1960/46/1816
f 1947/296/1803 1960/46/1816 1948/297/1804
f 1948/297/1804 1960/46/1816 1961/48/1817
f 1948/297/1804 1961/48/1817 1949/298/1805
f 1949/298/1805 1961/48/1817 1962/50/1818
f 1949/298/1805 1962/50/1818 1950/299/1806
f 1950/299/1806 1962/50/1818 1963/52/1819
f 1950/299/1806 1963/52/1819 1951/300/1807
f 1951/300/1807 1963/52/1819 1964/54/1820
f 1951/300/1807 1964/54/1820 1952/301/1808
f 1952/301/1808 1964/54/1820 1965/56/1821
f 1952/301/1808 1965/56/1821 1953/298/1809
f 1953/298/1809 1965/56/1821 1966/46/1822
f 1953/298/1809 1966/46/1822 1954/297/1810
f 1954/297/1810 1966/46/1822 1967/59/1823
f 1954/297/1810 1967/59/1823 1955/296/1811
f 1955/296/1811 1967/59/1823 1968/61/1824
f 1955/296/1811 1968/61/1824 1956/295/1812
f 1956/295/1812 1968/61/1824 1957/41/1813
f 1956/295/1812 1957/41/1813 1945/294/1801
f 1957/41/1813 1969/62/1825 1970/63/1826
f 1957/41/1813 1970/63/1826 1958/42/1814
f 1958/42/1814 1970/63/1826 1971/64/1827
f 1958/42/1814 1971/64/1827 1959/44/1815
f 1959/44/1815 1971/64/1827 1972/65/1828
f 1959/44/1815 1972/65/1828 1960/46/1816
f 1960/46/1816 1972/65/1828 1973/66/1829
f 1960/46/1816 1973/66/1829 1961/48/1817
f 1961/48/1817 1973/66/1829 1974/67/1830
f 1961/48/1817 1974/67/1830 1962/50/1818
f 1962/50/1818 1974/67/1830 1975/68/1831
f 1962/50/1818 1975/68/1831 1963/52/1819
f 1963/52/1819 1975/68/1831 1976/69/1832
f 1963/52/1819 1976/69/1832 1964/54/1820
f 1964/54/1820 1976/69/1832 1977/70/1833
f 1964/54/1820 1977/70/1833 1965/56/1821
f 1965/56/1821 1977/70/1833 1978/65/1834
f 1965/56/1821 1978/65/1834 1966/46/1822
f 1966/46/1822 1978/65/1834 1979/64/1835
f 1966/46/1822 1979/64/1835 1967/59/1823
f 1967/59/1823 1979/64/1835 1980/63/1836
f 1967/59/1823 1980/63/1836 1968/61/1824
f 1968/61/1824 1980/63/1836 1969/62/1825
f 1968/61/1824 1969/62/1825 1957/41/1813
f 1969/62/1825 1981/71/1837 1982/72/1838
f 1969/62/1825 1982/72/1838 1970/63/1826
f 1970/63/1826 1982/72/1838 1983/73/1839
f 1970/63/1826 1983/73/1839 1971/64/1827
f 1971/64/1827 1983/73/1839 1984/74/1840
f 1971/64/1827 1984/74/1840 1972/65/1828
f 1972/65/1828 1984/74/1840 1985/75/1841
f 1972/65/1828 1985/75/1841 1973/66/1829
f 1973/66/1829 1985/75/1841 1986/76/1842
f 1973/66/1829 1986/76/1842 1974/67/1830
f 1974/67/1830 1986/76/1842 1987/77/1843
f 1974/67/1830 1987/77/1843 1975/68/1831
f 1975/68/1831 1987/77/1843 1988/78/1844
f 1975/68/1831 1988/78/1844 1976/69/1832
f 1976/69/1832 1988/78/1844 1989/75/1845
f 1976/69/1832 1989/75/1845 1977/70/1833
f 1977/70/1833 1989/75/1845 1990/74/1846
f 1977/70/1833 1990/74/1846 1978/65/1834
f 1978/65/1834 1990/74/1846 1991/79/1847
f 1978/65/1834 1991/79/1847 1979/64/1835
f 1979/64/1835 1991/79/1847 1992/80/1848
f 1979/64/1835 1992/80/1848 1980/63/1836
f 1980/63/1836 1992/80/1848 1981/71/1837
f 1980/63/1836 1981/71/1837 1969/62/1825
f 1981/71/1837 1993/81/1849 1994/82/1850
f 1981/71/1837 1994/82/1850 1982/72/1838
f 1982/72/1838 1994/82/1850 1995/83/1851
f 1982/72/1838 1995/83/1851 1983/73/1839
f 1983/73/1839 1995/83/1851 1996/84/1852
f 1983/73/1839 1996/84/1852 1984/74/1840
f 1984/74/1840 1996/84/1852 1997/85/1853
f 1984/74/1840 1997/85/1853 1985/75/1841
f 1985/75/1841 1997/85/1853 1998/86/1854
f 1985/75/1841 1998/86/1854 1986/76/1842
f 1986/76/1842 1998/86/1854 1999/87/1855
f 1986/76/1842 1999/87/1855 1987/77/1843
f 1987/77/1843 1999/87/1855 2000/88/1856
f 1987/77/1843 2000/88/1856 1988/78/1844
f 1988/78/1844 2000/88/1856 2001/89/1857
f 1988/78/1844 2001/89/1857 1989/75/1845
f 1989/75/1845 2001/89/1857 2002/84/1858
f 1989/75/1845 2002/84/1858 1990/74/1846
f 1990/74/1846 2002/84/1858 2003/90/1859
f 1990/74/1846 2003/90/1859 1991/79/1847
f 1991/79/1847 2003/90/1859 2004/91/1860
f 1991/79/1847 2004/91/1860 1992/80/1848
f 1992/80/1848 2004/91/1860 1993/81/1849
f 1992/80/1848 1993/81/1849 1981/71/1837
f 1993/81/1849 2005/92/1861 2006/93/1862
f 1993/81/1849 2006/93/1862 1994/82/1850
f 1994/82/1850 2006/93/1862 2007/94/1863
f 1994/82/1850 2007/94/1863 1995/83/1851
f 1995/83/1851 2007/94/1863 2008/95/1864
f 1995/83/1851 2008/95/1864 1996/84/1852
f 1996/84/1852 2008/95/1864 2009/96/1865
f 1996/84/1852 2009/96/1865 1997/85/1853
f 1997/85/1853 2009/96/1865 2010/97/1866
f 1997/85/1853 2010/97/1866 1998/86/1854
f 1998/86/1854 2010/97/1866 2011/98/1867
f 1998/86/1854 2011/98/1867 1999/87/1855
f 1999/87/1855 2011/98/1867 2012/99/1868
f 1999/87/1855 2012/99/1868 2000/88/1856
f 2000/88/1856 2012/99/1868 2013/100/1869
f 2000/88/1856 2013/100/1869 2001/89/1857
f 2001/89/1857 2013/100/1869 2014/95/1870
f 2001/89/1857 2014/95/1870 2002/84/1858
f 2002/84/1858 2014/95/1870 2015/94/1871
f 2002/84/1858 2015/94/1871 2003/90/1859
f 2003/90/1859 2015/94/1871 2016/93/1872
f 2003/90/1859 2016/93/1872 2004/91/1860
f 2004/91/1860 2016/93/1872 2005/92/1861
f 2004/91/1860 2005/92/1861 1993/81/1849
f 2005/92/1861 2017/101/1873 2018/102/1874
f 2005/92/1861 2018/102/1874 2006/93/1862
f 2006/93/1862 2018/102/1874 2019/103/1875
f 2006/93/1862 2019/103/1875 2007/94/1863
f 2007/94/1863 2019/103/1875 2020/104/1876
f 2007/94/1863 2020/104/1876 2008/95/1864
f 2008/95/1864 2020/104/1876 2021/105/1877
f 2008/95/1864 2021/105/1877 2009/96/1865
f 2009/96/1865 2021/105/1877 2022/106/1878
f 2009/96/1865 2022/106/1878 2010/97/1866
f 2010/97/1866 2022/106/1878 2023/107/1879
f 2010/97/1866 2023/107/1879 2011/98/1867
f 2011/98/1867 2023/107/1879 2024/106/1880
f 2011/98/1867 2024/106/1880 2012/99/1868
f 2012/99/1868 2024/106/1880 2025/108/1881
f 2012/99/1868 2025/108/1881 2013/100/1869
f 2013/100/1869 2025/108/1881 2026/104/1882
f 2013/100/1869 2026/104/1882 2014/95/1870
f 2014/95/1870 2026/104/1882 2027/109/1883
f 2014/95/1870 2027/109/1883 2015/94/1871
f 2015/94/1871 2027/109/1883 2028/110/1884
f 2015/94/1871 2028/110/1884 2016/93/1872
f 2016/93/1872 2028/110/1884 2017/101/1873
f 2016/93/1872 2017/101/1873 2005/92/1861
f 2017/101/1873 2029/111/1885 2030/112/1886
f 2017/101/1873 2030/112/1886 2018/102/1874
f 2018/102/1874 2030/112/1886 2031/113/1887
f 2018/102/1874 2031/113/1887 2019/103/1875
f 2019/103/1875 2031/113/1887 2032/114/1888
f 2019/103/1875 2032/114/1888 2020/104/1876
f 2020/104/1876 2032/114/1888 2033/115/1889
f 2020/104/1876 2033/115/1889 2021/105/1877
f 2021/105/1877 2033/115/1889 2034/116/1890
f 2021/105/1877 2034/116/1890 2022/106/1878
f 2022/106/1878 2034/116/1890 2035/117/1891
f 2022/106/1878 2035/117/1891 2023/107/1879
f 2023/107/1879 2035/117/1891 2036/118/1892
f 2023/107/1879 2036/118/1892 2024/106/1880
f 2024/106/1880 2036/118/1892 2037/119/1893
f 2024/106/1880 2037/119/1893 2025/108/1881
f 2025/108/1881 2037/119/1893 2038/120/1894
f 2025/108/1881 2038/120/1894 2026/104/1882
f 2026/104/1882 2038/120/1894 2039/121/1895
f 2026/104/1882 2039/121/1895 2027/109/1883
f 2027/109/1883 2039/121/1895 2040/122/1896
f 2027/109/1883 2040/122/1896 2028/110/1884
f 2028/110/1884 2040/122/1896 2029/111/1885
f 2028/110/1884 2029/111/1885 2017/101/1873
f 2029/111/1885 2041/123/1897 2042/124/1898
f 2029/111/1885 2042/124/1898 2030/112/1886
f 2030/112/1886 2042/124/1898 2043/125/1899
f 2030/112/1886 2043/125/1899 2031/113/1887
f 2031/113/1887 2043/125/1899 2044/126/1900
f 2031/113/1887 2044/126/1900 2032/114/1888
f 2032/114/1888 2044/126/1900 2045/127/1901
f 2032/114/1888 2045/127/1901 2033/115/1889
f 2033/115/1889 2045/127/1901 2046/128/1902
f 2033/115/1889 2046/128/1902 2034/116/1890
f 2034/116/1890 2046/128/1902 2047/129/1903
f 2034/116/1890 2047/129/1903 2035/117/1891
f 2035/117/1891 2047/129/1903 2048/130/1904
f 2035/117/1891 2048/130/1904 2036/118/1892
f 2036/118/1892 2048/130/1904 2049/131/1905
f 2036/118/1892 2049/131/1905 2037/119/1893
f 2037/119/1893 2049/131/1905 2050/132/1906
f 2037/119/1893 2050/132/1906 2038/120/1894
f 2038/120/1894 2050/132/1906 2051/133/1907
f 2038/120/1894 2051/133/1907 2039/121/1895
f 2039/121/1895 2051/133/1907 2052/134/1908
f 2039/121/1895 2052/134/1908 2040/122/1896
f 2040/122/1896 2052/134/1908 2041/123/1897
f 2040/122/1896 2041/123/1897 2029/111/1885
f 2041/123/1897 2053/135/1717 2054/136/1909
f 2041/123/1897 2054/136/1909 2042/124/1898
f 2042/124/1898 2054/136/1909 2055/137/1910
f 2042/124/1898 2055/137/1910 2043/125/1899
f 2043/125/1899 2055/137/1910 2056/138/1911
f 2043/125/1899 2056/138/1911 2044/126/1900
f 2044/126/1900 2056/138/1911 2057/139/1912
f 2044/126/1900 2057/139/1912 2045/127/1901
f 2045/127/1901 2057/139/1912 2058/140/1913
f 2045/127/1901 2058/140/1913 2046/128/1902
f 2046/128/1902 2058/140/1913 2059/141/1706
f 2046/128/1902 2059/141/1706 2047/129/1903
f 2047/129/1903 2059/141/1706 2060/142/1914
f 2047/129/1903 2060/142/1914 2048/130/1904
f 2048/130/1904 2060/142/1914 2061/143/1915
f 2048/130/1904 2061/143/1915 2049/131/1905
f 2049/131/1905 2061/143/1915 2062/144/1916
f 2049/131/1905 2062/144/1916 2050/132/1906
f 2050/132/1906 2062/144/1916 2063/145/1917
f 2050/132/1906 2063/145/1917 2051/133/1907
f 2051/133/1907 2063/145/1917 2064/136/1918
f 2051/133/1907 2064/136/1918 2052/134/1908
f 2052/134/1908 2064/136/1918 2053/135/1717
f 2052/134/1908 2053/135/1717 2041/123/1897
f 2053/135/1717 2065/146/1735 2066/147/1919
f 2053/135/1717 2066/147/1919 2054/136/1909
f 2054/136/1909 2066/147/1919 2067/148/1920
f 2054/136/1909 2067/148/1920 2055/137/1910
f 2055/137/1910 2067/148/1920 2068/149/1921
f 2055/137/1910 2068/149/1921 2056/138/1911
f 2056/138/1911 2068/149/1921 2069/150/1922
f 2056/138/1911 2069/150/1922 2057/139/1912
f 2057/139/1912 2069/150/1922 2070/151/1923
f 2057/139/1912 2070/151/1923 2058/140/1913
f 2058/140/1913 2070/151/1923 2071/152/1729
f 2058/140/1913 2071/152/1729 2059/141/1706
f 2059/141/1706 2071/152/1729 2072/153/1924
f 2059/141/1706 2072/153/1924 2060/142/1914
f 2060/142/1914 2072/153/1924 2073/154/1925
f 2060/142/1914 2073/154/1925 2061/143/1915
f 2061/143/1915 2073/154/1925 2074/155/1926
f 2061/143/1915 2074/155/1926 2062/144/1916
f 2062/144/1916 2074/155/1926 2075/148/1927
f 2062/144/1916 2075/148/1927 2063/145/1917
f 2063/145/1917 2075/148/1927 2076/147/1928
f 2063/145/1917 2076/147/1928 2064/136/1918
f 2064/136/1918 2076/147/1928 2065/146/1735
f 2064/136/1918 2065/146/1735 2053/135/1717
f 2065/146/1735 2077/156/1747 2078/157/1929
f 2065/146/1735 2078/157/1929 2066/147/1919
f 2066/147/1919 2078/157/1929 2079/158/1930
f 2066/147/1919 2079/158/1930 2067/148/1920
f 2067/148/1920 2079/158/1930 2080/159/1931
f 2067/148/1920 2080/159/1931 2068/149/1921
f 2068/149/1921 2080/159/1931 2081/160/1932
f 2068/149/1921 2081/160/1932 2069/150/1922
f 2069/150/1922 2081/160/1932 2082/161/1933
f 2069/150/1922 2082/161/1933 2070/151/1923
f 2070/151/1923 2082/161/1933 2083/162/1741
f 2070/151/1923 2083/162/1741 2071/152/1729
f 2071/152/1729 2083/162/1741 2084/163/1934
f 2071/152/1729 2084/163/1934 2072/153/1924
f 2072/153/1924 2084/163/1934 2085/164/1935
f 2072/153/1924 2085/164/1935 2073/154/1925
f 2073/154/1925 2085/164/1935 2086/159/1936
f 2073/154/1925 2086/159/1936 2074/155/1926
f 2074/155/1926 2086/159/1936 2087/158/1937
f 2074/155/1926 2087/158/1937 2075/148/1927
f 2075/148/1927 2087/158/1937 2088/165/1938
f 2075/148/1927 2088/165/1938 2076/147/1928
f 2076/147/1928 2088/165/1938 2077/156/1747
f 2076/147/1928 2077/156/1747 2065/146/1735
f 2077/156/1747 2089/166/1759 2090/167/1939
f 2077/156/1747 2090/167/1939 2078/157/1929
f 2078/157/1929 2090/167/1939 2091/168/1940
f 2078/157/1929 2091/168/1940 2079/158/1930
f 2079/158/1930 2091/168/1940 2092/169/1941
f 2079/158/1930 2092/169/1941 2080/159/1931
f 2080/159/1931 2092/169/1941 2093/170/1942
f 2080/159/1931 2093/170/1942 2081/160/1932
f 2081/160/1932 2093/170/1942 2094/171/1943
f 2081/160/1932 2094/171/1943 2082/161/1933
f 2082/161/1933 2094/171/1943 2095/172/1753
f 2082/161/1933 2095/172/1753 2083/162/1741
f 2083/162/1741 2095/172/1753 2096/173/1944
f 2083/162/1741 2096/173/1944 2084/163/1934
f 2084/163/1934 2096/173/1944 2097/174/1945
f 2084/163/1934 2097/174/1945 2085/164/1935
f 2085/164/1935 2097/174/1945 2098/169/1946
f 2085/164/1935 2098/169/1946 2086/159/1936
f 2086/159/1936 2098/169/1946 2099/175/1947
f 2086/159/1936 2099/175/1947 2087/158/1937
f 2087/158/1937 2099/175/1947 2100/176/1948
f 2087/158/1937 2100/176/1948 2088/165/1938
f 2088/165/1938 2100/176/1948 2089/166/1759
f 2088/165/1938 2089/166/1759 2077/156/1747
f 2089/166/1759 2101/177/1771 2102/178/1949
f 2089/166/1759 2102/178/1949 2090/167/1939
f 2090/167/1939 2102/178/1949 2103/179/1950
f 2090/167/1939 2103/179/1950 2091/168/1940
f 2091/168/1940 2103/179/1950 2104/180/1951
f 2091/168/1940 2104/180/1951 2092/169/1941
f 2092/169/1941 2104/180/1951 2105/181/1952
f 2092/169/1941 2105/181/1952 2093/170/1942
f 2093/170/1942 2105/181/1952 2106/182/1953
f 2093/170/1942 2106/182/1953 2094/171/1943
f 2094/171/1943 2106/182/1953 2107/183/1765
f 2094/171/1943 2107/183/1765 2095/172/1753
f 2095/172/1753 2107/183/1765 2108/184/1954
f 2095/172/1753 2108/184/1954 2096/173/1944
f 2096/173/1944 2108/184/1954 2109/185/1955
f 2096/173/1944 2109/185/1955 2097/174/1945
f 2097/174/1945 2109/185/1955 2110/180/1956
f 2097/174/1945 2110/180/1956 2098/169/1946
f 2098/169/1946 2110/180/1956 2111/186/1957
f 2098/169/1946 2111/186/1957 2099/175/1947
f 2099/175/1947 2111/186/1957 2112/187/1958
f 2099/175/1947 2112/187/1958 2100/176/1948
f 2100/176/1948 2112/187/1958 2101/177/1771
f 2100/176/1948 2101/177/1771 2089/166/1759
f 2101/177/1771 2113/188/1783 2114/189/1959
f 2101/177/1771 2114/189/1959 2102/178/1949
f 2102/178/1949 2114/189/1959 2115/190/1960
f 2102/178/1949 2115/190/1960 2103/179/1950
f 2103/179/1950 2115/190/1960 2116/191/1961
f 2103/179/1950 2116/191/1961 2104/180/1951
f 2104/180/1951 2116/191/1961 2117/192/1962
f 2104/180/1951 2117/192/1962 2105/181/1952
f 2105/181/1952 2117/192/1962 2118/193/1963
f 2105/181/1952 2118/193/1963 2106/182/1953
f 2106/182/1953 2118/193/1963 2119/194/1777
f 2106/182/1953 2119/194/1777 2107/183/1765
f 2107/183/1765 2119/194/1777 2120/195/1964
f 2107/183/1765 2120/195/1964 2108/184/1954
f 2108/184/1954 2120/195/1964 2121/196/1965
f 2108/184/1954 2121/196/1965 2109/185/1955
f 2109/185/1955 2121/196/1965 2122/191/1966
f 2109/185/1955 2122/191/1966 2110/180/1956
f 2110/180/1956 2122/191/1966 2123/197/1967
f 2110/180/1956 2123/197/1967 2111/186/1957
f 2111/186/1957 2123/197/1967 2124/189/1968
f 2111/186/1957 2124/189/1968 2112/187/1958
f 2112/187/1958 2124/189/1968 2113/188/1783
f 2112/187/1958 2113/188/1783 2101/177/1771
f 2113/188/1783 2125/302/1795 2126/303/1969
f 2113/188/1783 2126/303/1969 2114/189/1959
f 2114/189/1959 2126/303/1969 2127/304/1970
f 2114/189/1959 2127/304/1970 2115/190/1960
f 2115/190/1960 2127/304/1970 2128/305/1971
f 2115/190/1960 2128/305/1971 2116/191/1961
f 2116/191/1961 2128/305/1971 2129/306/1972
f 2116/191/1961 2129/306/1972 2117/192/1962
f 2117/192/1962 2129/306/1972 2130/307/1973
f 2117/192/1962 2130/307/1973 2118/193/1963
f 2118/193/1963 2130/307/1973 2131/308/1789
f 2118/193/1963 2131/308/1789 2119/194/1777
f 2119/194/1777 2131/308/1789 2132/309/1974
f 2119/194/1777 2132/309/1974 2120/195/1964
f 2120/195/1964 2132/309/1974 2133/310/1975
f 2120/195/1964 2133/310/1975 2121/196/1965
f 2121/196/1965 2133/310/1975 2134/305/1976
f 2121/196/1965 2134/305/1976 2122/191/1966
f 2122/191/1966 2134/305/1976 2135/304/1977
f 2122/191/1966 2135/304/1977 2123/197/1967
f 2123/197/1967 2135/304/1977 2136/311/1978
f 2123/197/1967 2136/311/1978 2124/189/1968
f 2124/189/1968 2136/311/1978 2125/302/1795
f 2124/189/1968 2125/302/1795 2113/188/1783
f 2125/302/1795 2137/312/1807 2138/313/1979
f 2125/302/1795 2138/313/1979 2126/303/1969
f 2126/303/1969 2138/313/1979 2139/314/1980
f 2126/303/1969 2139/314/1980 2127/304/1970
f 2127/304/1970 2139/314/1980 2140/315/1981
f 2127/304/1970 2140/315/1981 2128/305/1971
f 2128/305/1971 2140/315/1981 2141/316/1982
f 2128/305/1971 2141/316/1982 2129/306/1972
f 2129/306/1972 2141/316/1982 2142/317/1983
f 2129/306/1972 2142/317/1983 2130/307/1973
f 2130/307/1973 2142/317/1983 2143/318/1801
f 2130/307/1973 2143/318/1801 2131/308/1789
f 2131/308/1789 2143/318/1801 2144/319/1984
f 2131/308/1789 2144/319/1984 2132/309/1974
f 2132/309/1974 2144/319/1984 2145/320/1985
f 2132/309/1974 2145/320/1985 2133/310/1975
f 2133/310/1975 2145/320/1985 2146/315/1986
f 2133/310/1975 2146/315/1986 2134/305/1976
f 2134/305/1976 2146/315/1986 2147/321/1987
f 2134/305/1976 2147/321/1987 2135/304/1977
f 2135/304/1977 2147/321/1987 2148/313/1988
f 2135/304/1977 2148/313/1988 2136/311/1978
f 2136/311/1978 2148/313/1988 2137/312/1807
f 2136/311/1978 2137/312/1807 2125/302/1795
f 2137/312/1807 2149/322/1819 2150/323/1989
f 2137/312/1807 2150/323/1989 2138/313/1979
f 2138/313/1979 2150/323/1989 2151/324/1990
f 2138/313/1979 2151/324/1990 2139/314/1980
f 2139/314/1980 2151/324/1990 2152/325/1991
f 2139/314/1980 2152/325/1991 2140/315/1981
f 2140/315/1981 2152/325/1991 2153/326/1992
f 2140/315/1981 2153/326/1992 2141/316/1982
f 2141/316/1982 2153/326/1992 2154/327/1993
f 2141/316/1982 2154/327/1993 2142/317/1983
f 2142/317/1983 2154/327/1993 2155/328/1813
f 2142/317/1983 2155/328/1813 2143/318/1801
f 2143/318/1801 2155/328/1813 2156/329/1994
f 2143/318/1801 2156/329/1994 2144/319/1984
f 2144/319/1984 2156/329/1994 2157/326/1995
f 2144/319/1984 2157/326/1995 2145/320/1985
f 2145/320/1985 2157/326/1995 2158/325/1996
f 2145/320/1985 2158/325/1996 2146/315/1986
f 2146/315/1986 2158/325/1996 2159/324/1997
f 2146/315/1986 2159/324/1997 2147/321/1987
f 2147/321/1987 2159/324/1997 2160/323/1998
f 2147/321/1987 2160/323/1998 2148/313/1988
f 2148/313/1988 2160/323/1998 2149/322/1819
f 2148/313/1988 2149/322/1819 2137/312/1807
f 2149/322/1819 2161/330/1831 2162/331/1999
f 2149/322/1819 2162/331/1999 2150/323/1989
f 2150/323/1989 2162/331/1999 2163/332/2000
f 2150/323/1989 2163/332/2000 2151/324/1990
f 2151/324/1990 2163/332/2000 2164/333/2001
f 2151/324/1990 2164/333/2001 2152/325/1991
f 2152/325/1991 2164/333/2001 2165/334/2002
f 2152/325/1991 2165/334/2002 2153/326/1992
f 2153/326/1992 2165/334/2002 2166/335/2003
f 2153/326/1992 2166/335/2003 2154/327/1993
f 2154/327/1993 2166/335/2003 2167/336/1825
f 2154/327/1993 2167/336/1825 2155/328/1813
f 2155/328/1813 2167/336/1825 2168/337/2004
f 2155/328/1813 2168/337/2004 2156/329/1994
f 2156/329/1994 2168/337/2004 2169/334/2005
f 2156/329/1994 2169/334/2005 2157/326/1995
f 2157/326/1995 2169/334/2005 2170/333/2006
f 2157/326/1995 2170/333/2006 2158/325/1996
f 2158/325/1996 2170/333/2006 2171/332/2007
f 2158/325/1996 2171/332/2007 2159/324/1997
f 2159/324/1997 2171/332/2007 2172/331/2008
f 2159/324/1997 2172/331/2008 2160/323/1998
f 2160/323/1998 2172/331/2008 2161/330/1831
f 2160/323/1998 2161/330/1831 2149/322/1819
f 2161/330/1831 2173/338/1843 2174/339/2009
f 2161/330/1831 2174/339/2009 2162/331/1999
f 2162/331/1999 2174/339/2009 2175/340/2010
f 2162/331/1999 2175/340/2010 2163/332/2000
f 2163/332/2000 2175/340/2010 2176/341/2011
f 2163/332/2000 2176/341/2011 2164/333/2001
f 2164/333/2001 2176/341/2011 2177/342/2012
f 2164/333/2001 2177/342/2012 2165/334/2002
f 2165/334/2002 2177/342/2012 2178/343/2013
f 2165/334/2002 2178/343/2013 2166/335/2003
f 2166/335/2003 2178/343/2013 2179/344/1837
f 2166/335/2003 2179/344/1837 2167/336/1825
f 2167/336/1825 2179/344/1837 2180/345/2014
f 2167/336/1825 2180/345/2014 2168/337/2004
f 2168/337/2004 2180/345/2014 2181/342/2015
f 2168/337/2004 2181/342/2015 2169/334/2005
f 2169/334/2005 2181/342/2015 2182/341/2016
f 2169/334/2005 2182/341/2016 2170/333/2006
f 2170/333/2006 2182/341/2016 2183/340/2017
f 2170/333/2006 2183/340/2017 2171/332/2007
f 2171/332/2007 2183/340/2017 2184/346/2018
f 2171/332/2007 2184/346/2018 2172/331/2008
f 2172/331/2008 2184/346/2018 2173/338/1843
f 2172/331/2008 2173/338/1843 2161/330/1831
f 2173/338/1843 2185/347/1855 2186/348/2019
f 2173/338/1843 2186/348/2019 2174/339/2009
f 2174/339/2009 2186/348/2019 2187/349/2020
f 2174/339/2009 2187/349/2020 2175/340/2010
f 2175/340/2010 2187/349/2020 2188/350/2021
f 2175/340/2010 2188/350/2021 2176/341/2011
f 2176/341/2011 2188/350/2021 2189/351/2022
f 2176/341/2011 2189/351/2022 2177/342/2012
f 2177/342/2012 2189/351/2022 2190/352/2023
f 2177/342/2012 2190/352/2023 2178/343/2013
f 2178/343/2013 2190/352/2023 2191/353/1849
f 2178/343/2013 2191/353/1849 2179/344/1837
f 2179/344/1837 2191/353/1849 2192/354/2024
f 2179/344/1837 2192/354/2024 2180/345/2014
f 2180/345/2014 2192/354/2024 2193/355/2025
f 2180/345/2014 2193/355/2025 2181/342/2015
f 2181/342/2015 2193/355/2025 2194/350/2026
f 2181/342/2015 2194/350/2026 2182/341/2016
f 2182/341/2016 2194/350/2026 2195/356/2027
f 2182/341/2016 2195/356/2027 2183/340/2017
f 2183/340/2017 2195/356/2027 2196/357/2028
f 2183/340/2017 2196/357/2028 2184/346/2018
f 2184/346/2018 2196/357/2028 2185/347/1855
f 2184/346/2018 2185/347/1855 2173/338/1843
f 2185/347/1855 2197/358/1867 2198/359/2029
f 2185/347/1855 2198/359/2029 2186/348/2019
f 2186/348/2019 2198/359/2029 2199/360/2030
f 2186/348/2019 2199/360/2030 2187/349/2020
f 2187/349/2020 2199/360/2030 2200/361/2031
f 2187/349/2020 2200/361/2031 2188/350/2021
f 2188/350/2021 2200/361/2031 2201/362/2032
f 2188/350/2021 2201/362/2032 2189/351/2022
f 2189/351/2022 2201/362/2032 2202/363/2033
f 2189/351/2022 2202/363/2033 2190/352/2023
f 2190/352/2023 2202/363/2033 2203/364/1861
f 2190/352/2023 2203/364/1861 2191/353/1849
f 2191/353/1849 2203/364/1861 2204/365/2034
f 2191/353/1849 2204/365/2034 2192/354/2024
f 2192/354/2024 2204/365/2034 2205/366/2035
f 2192/354/2024 2205/366/2035 2193/355/2025
f 2193/355/2025 2205/366/2035 2206/361/2036
f 2193/355/2025 2206/361/2036 2194/350/2026
f 2194/350/2026 2206/361/2036 2207/360/2037
f 2194/350/2026 2207/360/2037 2195/356/2027
f 2195/356/2027 2207/360/2037 2208/367/2038
f 2195/356/2027 2208/367/2038 2196/357/2028
f 2196/357/2028 2208/367/2038 2197/358/1867
f 2196/357/2028 2197/358/1867 2185/347/1855
f 2197/358/1867 2209/368/2039 2210/369/2040
f 2197/358/1867 2210/369/2040 2198/359/2029
f 2198/359/2029 2210/369/2040 2211/370/2041
f 2198/359/2029 2211/370/2041 2199/360/2030
f 2199/360/2030 2211/370/2041 2212/371/2042
f 2199/360/2030 2212/371/2042 2200/361/2031
f 2200/361/2031 2212/371/2042 2213/372/2043
f 2200/361/2031 2213/372/2043 2201/362/2032
f 2201/362/2032 2213/372/2043 2214/373/2044
f 2201/362/2032 2214/373/2044 2202/363/2033
f 2202/363/2033 2214/373/2044 2215/374/2045
f 2202/363/2033 2215/374/2045 2203/364/1861
f 2203/364/1861 2215/374/2045 2216/375/2046
f 2203/364/1861 2216/375/2046 2204/365/2034
f 2204/365/2034 2216/375/2046 2217/372/2047
f 2204/365/2034 2217/372/2047 2205/366/2035
f 2205/366/2035 2217/372/2047 2218/371/2048
f 2205/366/2035 2218/371/2048 2206/361/2036
f 2206/361/2036 2218/371/2048 2219/376/2049
f 2206/361/2036 2219/376/2049 2207/360/2037
f 2207/360/2037 2219/376/2049 2220/377/2050
f 2207/360/2037 2220/377/2050 2208/367/2038
f 2208/367/2038 2220/377/2050 2209/368/2039
f 2208/367/2038 2209/368/2039 2197/358/1867
f 2209/368/2039 2221/378/1891 2222/379/2051
f 2209/368/2039 2222/379/2051 2210/369/2040
f 2210/369/2040 2222/379/2051 2223/380/2052
f 2210/369/2040 2223/380/2052 2211/370/2041
f 2211/370/2041 2223/380/2052 2224/381/2053
f 2211/370/2041 2224/381/2053 2212/371/2042
f 2212/371/2042 2224/381/2053 2225/382/2054
f 2212/371/2042 2225/382/2054 2213/372/2043
f 2213/372/2043 2225/382/2054 2226/383/2055
f 2213/372/2043 2226/383/2055 2214/373/2044
f 2214/373/2044 2226/383/2055 2227/384/1885
f 2214/373/2044 2227/384/1885 2215/374/2045
f 2215/374/2045 2227/384/1885 2228/385/2056
f 2215/374/2045 2228/385/2056 2216/375/2046
f 2216/375/2046 2228/385/2056 2229/386/2057
f 2216/375/2046 2229/386/2057 2217/372/2047
f 2217/372/2047 2229/386/2057 2230/387/2058
f 2217/372/2047 2230/387/2058 2218/371/2048
f 2218/371/2048 2230/387/2058 2231/388/2059
f 2218/371/2048 2231/388/2059 2219/376/2049
f 2219/376/2049 2231/388/2059 2232/389/2060
f 2219/376/2049 2232/389/2060 2220/377/2050
f 2220/377/2050 2232/389/2060 2221/378/1891
f 2220/377/2050 2221/378/1891 2209/368/2039
f 2221/378/1891 1849/210/1705 1852/213/1708
f 2221/378/1891 1852/213/1708 2222/379/2051
f 2222/379/2051 1852/213/1708 1854/215/1710
f 2222/379/2051 1854/215/1710 2223/380/2052
f 2223/380/2052 1854/215/1710 1856/217/1712
f 2223/380/2052 1856/217/1712 2224/381/2053
f 2224/381/2053 1856/217/1712 1858/219/1714
f 2224/381/2053 1858/219/1714 2225/382/2054
f 2225/382/2054 1858/219/1714 1860/221/1716
f 2225/382/2054 1860/221/1716 2226/383/2055
f 2226/383/2055 1860/221/1716 1862/223/1718
f 2226/383/2055 1862/223/1718 2227/384/1885
f 2227/384/1885 1862/223/1718 1864/225/1720
f 2227/384/1885 1864/225/1720 2228/385/2056
f 2228/385/2056 1864/225/1720 1866/227/1722
f 2228/385/2056 1866/227/1722 2229/386/2057
f 2229/386/2057 1866/227/1722 1868/229/1724
f 2229/386/2057 1868/229/1724 2230/387/2058
f 2230/387/2058 1868/229/1724 1870/231/1726
f 2230/387/2058 1870/231/1726 2231/388/2059
f 2231/388/2059 1870/231/1726 1872/233/1728
f 2231/388/2059 1872/233/1728 2232/389/2060
f 2232/389/2060 1872/233/1728 1849/210/1705
f 2232/389/2060 1849/210/1705 2221/378/1891
f 2233/210/1349 2234/211/1350 2235/212/1351
f 2233/210/1349 2235/212/1351 2236/213/1352
f 2236/213/1352 2235/212/1351 2237/214/1353
f 2236/213/1352 2237/214/1353 2238/215/1354
f 2238/215/1354 2237/214/1353 2239/216/1355
f 2238/215/1354 2239/216/1355 2240/217/1356
f 2240/217/1356 2239/216/1355 2241/218/1357
f 2240/217/1356 2241/218/1357 2242/219/1358
f 2242/219/1358 2241/218/1357 2243/220/1359
f 2242/219/1358 2243/220/1359 2244/221/2061
f 2244/221/2061 2243/220/1359 2245/222/1361
f 2244/221/2061 2245/222/1361 2246/223/1362
f 2246/223/1362 2245/222/1361 2247/224/1363
f 2246/223/1362 2247/224/1363 2248/225/1364
f 2248/225/1364 2247/224/1363 2249/226/1365
f 2248/225/1364 2249/226/1365 2250/227/1366
f 2250/227/1366 2249/226/1365 2251/228/1367
f 2250/227/1366 2251/228/1367 2252/229/1368
f 2252/229/1368 2251/228/1367 2253/230/2062
f 2252/229/1368 2253/230/2062 2254/231/1370
f 2254/231/1370 2253/230/2062 2255/232/1371
f 2254/231/1370 2255/232/1371 2256/233/1372
f 2256/233/1372 2255/232/1371 2234/211/1350
f 2256/233/1372 2234/211/1350 2233/210/1349
f 2234/211/1350 2257/234/1373 2258/235/1374
f 2234/211/1350 2258/235/1374 2235/212/1351
f 2235/212/1351 2258/235/1374 2259/236/1375
f 2235/212/1351 2259/236/1375 2237/214/1353
f 2237/214/1353 2259/236/1375 2260/237/1376
f 2237/214/1353 2260/237/1376 2239/216/1355
f 2239/216/1355 2260/237/1376 2261/238/1377
f 2239/216/1355 2261/238/1377 2241/218/1357
f 2241/218/1357 2261/238/1377 2262/239/1378
f 2241/218/1357 2262/239/1378 2243/220/1359
f 2243/220/1359 2262/239/1378 2263/240/1379
f 2243/220/1359 2263/240/1379 2245/222/1361
f 2245/222/1361 2263/240/1379 2264/239/1380
f 2245/222/1361 2264/239/1380 2247/224/1363
f 2247/224/1363 2264/239/1380 2265/241/1381
f 2247/224/1363 2265/241/1381 2249/226/1365
f 2249/226/1365 2265/241/1381 2266/242/1382
f 2249/226/1365 2266/242/1382 2251/228/1367
f 2251/228/1367 2266/242/1382 2267/236/1383
f 2251/228/1367 2267/236/1383 2253/230/2062
f 2253/230/2062 2267/236/1383 2268/243/1384
f 2253/230/2062 2268/243/1384 2255/232/1371
f 2255/232/1371 2268/243/1384 2257/234/1373
f 2255/232/1371 2257/234/1373 2234/211/1350
f 2257/234/1373 2269/244/1385 2270/245/1386
f 2257/234/1373 2270/245/1386 2258/235/1374
f 2258/235/1374 2270/245/1386 2271/246/1387
f 2258/235/1374 2271/246/1387 2259/236/1375
f 2259/236/1375 2271/246/1387 2272/247/1388
f 2259/236/1375 2272/247/1388 2260/237/1376
f 2260/237/1376 2272/247/1388 2273/248/1389
f 2260/237/1376 2273/248/1389 2261/238/1377
f 2261/238/1377 2273/248/1389 2274/249/1390
f 2261/238/1377 2274/249/1390 2262/239/1378
f 2262/239/1378 2274/249/1390 2275/250/1391
f 2262/239/1378 2275/250/1391 2263/240/1379
f 2263/240/1379 2275/250/1391 2276/251/1392
f 2263/240/1379 2276/251/1392 2264/239/1380
f 2264/239/1380 2276/251/1392 2277/252/1393
f 2264/239/1380 2277/252/1393 2265/241/1381
f 2265/241/1381 2277/252/1393 2278/247/1394
f 2265/241/1381 2278/247/1394 2266/242/1382
f 2266/242/1382 2278/247/1394 2279/246/1395
f 2266/242/1382 2279/246/1395 2267/236/1383
f 2267/236/1383 2279/246/1395 2280/253/1396
f 2267/236/1383 2280/253/1396 2268/243/1384
f 2268/243/1384 2280/253/1396 2269/244/1385
f 2268/243/1384 2269/244/1385 2257/234/1373
f 2269/244/1385 2281/254/1397 2282/255/1398
f 2269/244/1385 2282/255/1398 2270/245/1386
f 2270/245/1386 2282/255/1398 2283/256/1399
f 2270/245/1386 2283/256/1399 2271/246/1387
f 2271/246/1387 2283/256/1399 2284/257/1400
f 2271/246/1387 2284/257/1400 2272/247/1388
f 2272/247/1388 2284/257/1400 2285/258/1401
f 2272/247/1388 2285/258/1401 2273/248/1389
f 2273/248/1389 2285/258/1401 2286/259/1402
f 2273/248/1389 2286/259/1402 2274/249/1390
f 2274/249/1390 2286/259/1402 2287/260/1403
f 2274/249/1390 2287/260/1403 2275/250/1391
f 2275/250/1391 2287/260/1403 2288/261/1404
f 2275/250/1391 2288/261/1404 2276/251/1392
f 2276/251/1392 2288/261/1404 2289/262/1405
f 2276/251/1392 2289/262/1405 2277/252/1393
f 2277/252/1393 2289/262/1405 2290/257/1406
f 2277/252/1393 2290/257/1406 2278/247/1394
f 2278/247/1394 2290/257/1406 2291/256/1407
f 2278/247/1394 2291/256/1407 2279/246/1395
f 2279/246/1395 2291/256/1407 2292/263/1408
f 2279/246/1395 2292/263/1408 2280/253/1396
f 2280/253/1396 2292/263/1408 2281/254/1397
f 2280/253/1396 2281/254/1397 2269/244/1385
f 2281/254/1397 2293/264/1409 2294/265/1410
f 2281/254/1397 2294/265/1410 2282/255/1398
f 2282/255/1398 2294/265/1410 2295/266/1411
f 2282/255/1398 2295/266/1411 2283/256/1399
f 2283/256/1399 2295/266/1411 2296/267/1412
f 2283/256/1399 2296/267/1412 2284/257/1400
f 2284/257/1400 2296/267/1412 2297/268/1413
f 2284/257/1400 2297/268/1413 2285/258/1401
f 2285/258/1401 2297/268/1413 2298/269/1414
f 2285/258/1401 2298/269/1414 2286/259/1402
f 2286/259/1402 2298/269/1414 2299/270/1415
f 2286/259/1402 2299/270/1415 2287/260/1403
f 2287/260/1403 2299/270/1415 2300/271/1416
f 2287/260/1403 2300/271/1416 2288/261/1404
f 2288/261/1404 2300/271/1416 2301/272/1417
f 2288/261/1404 2301/272/1417 2289/262/1405
f 2289/262/1405 2301/272/1417 2302/267/1418
f 2289/262/1405 2302/267/1418 2290/257/1406
f 2290/257/1406 2302/267/1418 2303/266/1419
f 2290/257/1406 2303/266/1419 2291/256/1407
f 2291/256/1407 2303/266/1419 2304/273/1420
f 2291/256/1407 2304/273/1420 2292/263/1408
f 2292/263/1408 2304/273/1420 2293/264/1409
f 2292/263/1408 2293/264/1409 2281/254/1397
f 2293/264/1409 2305/274/1421 2306/275/1422
f 2293/264/1409 2306/275/1422 2294/265/1410
f 2294/265/1410 2306/275/1422 2307/276/1423
f 2294/265/1410 2307/276/1423 2295/266/1411
f 2295/266/1411 2307/276/1423 2308/277/1424
f 2295/266/1411 2308/277/1424 2296/267/1412
f 2296/267/1412 2308/277/1424 2309/278/1425
f 2296/267/1412 2309/278/1425 2297/268/1413
f 2297/268/1413 2309/278/1425 2310/279/2063
f 2297/268/1413 2310/279/2063 2298/269/1414
f 2298/269/1414 2310/279/2063 2311/280/1427
f 2298/269/1414 2311/280/1427 2299/270/1415
f 2299/270/1415 2311/280/1427 2312/281/2064
f 2299/270/1415 2312/281/2064 2300/271/1416
f 2300/271/1416 2312/281/2064 2313/282/1429
f 2300/271/1416 2313/282/1429 2301/272/1417
f 2301/272/1417 2313/282/1429 2314/277/1430
f 2301/272/1417 2314/277/1430 2302/267/1418
f 2302/267/1418 2314/277/1430 2315/283/1431
f 2302/267/1418 2315/283/1431 2303/266/1419
f 2303/266/1419 2315/283/1431 2316/284/1432
f 2303/266/1419 2316/284/1432 2304/273/1420
f 2304/273/1420 2316/284/1432 2305/274/1421
f 2304/273/1420 2305/274/1421 2293/264/1409
f 2305/274/1421 2317/285/1433 2318/286/1434
f 2305/274/1421 2318/286/1434 2306/275/1422
f 2306/275/1422 2318/286/1434 2319/287/1435
f 2306/275/1422 2319/287/1435 2307/276/1423
f 2307/276/1423 2319/287/1435 2320/288/1436
f 2307/276/1423 2320/288/1436 2308/277/1424
f 2308/277/1424 2320/288/1436 2321/289/1437
f 2308/277/1424 2321/289/1437 2309/278/1425
f 2309/278/1425 2321/289/1437 2322/290/1438
f 2309/278/1425 2322/290/1438 2310/279/2063
f 2310/279/2063 2322/290/1438 2323/291/1439
f 2310/279/2063 2323/291/1439 2311/280/1427
f 2311/280/1427 2323/291/1439 2324/292/1440
f 2311/280/1427 2324/292/1440 2312/281/2064
f 2312/281/2064 2324/292/1440 2325/293/1441
f 2312/281/2064 2325/293/1441 2313/282/1429
f 2313/282/1429 2325/293/1441 2326/288/1442
f 2313/282/1429 2326/288/1442 2314/277/1430
f 2314/277/1430 2326/288/1442 2327/287/1443
f 2314/277/1430 2327/287/1443 2315/283/1431
f 2315/283/1431 2327/287/1443 2328/286/1444
f 2315/283/1431 2328/286/1444 2316/284/1432
f 2316/284/1432 2328/286/1444 2317/285/1433
f 2316/284/1432 2317/285/1433 2305/274/1421
f 2317/285/1433 2329/294/1445 2330/295/1446
f 2317/285/1433 2330/295/1446 2318/286/1434
f 2318/286/1434 2330/295/1446 2331/296/1447
f 2318/286/1434 2331/296/1447 2319/287/1435
f 2319/287/1435 2331/296/1447 2332/297/1448
f 2319/287/1435 2332/297/1448 2320/288/1436
f 2320/288/1436 2332/297/1448 2333/298/1449
f 2320/288/1436 2333/298/1449 2321/289/1437
f 2321/289/1437 2333/298/1449 2334/299/1450
f 2321/289/1437 2334/299/1450 2322/290/1438
f 2322/290/1438 2334/299/1450 2335/300/1451
f 2322/290/1438 2335/300/1451 2323/291/1439
f 2323/291/1439 2335/300/1451 2336/301/2065
f 2323/291/1439 2336/301/2065 2324/292/1440
f 2324/292/1440 2336/301/2065 2337/298/1453
f 2324/292/1440 2337/298/1453 2325/293/1441
f 2325/293/1441 2337/298/1453 2338/297/2066
f 2325/293/1441 2338/297/2066 2326/288/1442
f 2326/288/1442 2338/297/2066 2339/296/1455
f 2326/288/1442 2339/296/1455 2327/287/1443
f 2327/287/1443 2339/296/1455 2340/295/1456
f 2327/287/1443 2340/295/1456 2328/286/1444
f 2328/286/1444 2340/295/1456 2329/294/1445
f 2328/286/1444 2329/294/1445 2317/285/1433
f 2329/294/1445 2341/41/1457 2342/42/1458
f 2329/294/1445 2342/42/1458 2330/295/1446
f 2330/295/1446 2342/42/1458 2343/44/1459
f 2330/295/1446 2343/44/1459 2331/296/1447
f 2331/296/1447 2343/44/1459 2344/46/1460
f 2331/296/1447 2344/46/1460 2332/297/1448
f 2332/297/1448 2344/46/1460 2345/48/1461
f 2332/297/1448 2345/48/1461 2333/298/1449
f 2333/298/1449 2345/48/1461 2346/50/1462
f 2333/298/1449 2346/50/1462 2334/299/1450
f 2334/299/1450 2346/50/1462 2347/52/1463
f 2334/299/1450 2347/52/1463 2335/300/1451
f 2335/300/1451 2347/52/1463 2348/54/1464
f 2335/300/1451 2348/54/1464 2336/301/2065
f 2336/301/2065 2348/54/1464 2349/56/1465
f 2336/301/2065 2349/56/1465 2337/298/1453
f 2337/298/1453 2349/56/1465 2350/46/1466
f 2337/298/1453 2350/46/1466 2338/297/2066
f 2338/297/2066 2350/46/1466 2351/59/1467
f 2338/297/2066 2351/59/1467 2339/296/1455
f 2339/296/1455 2351/59/1467 2352/61/1468
f 2339/296/1455 2352/61/1468 2340/295/1456
f 2340/295/1456 2352/61/1468 2341/41/1457
f 2340/295/1456 2341/41/1457 2329/294/1445
f 2341/41/1457 2353/62/1469 2354/63/1470
f 2341/41/1457 2354/63/1470 2342/42/1458
f 2342/42/1458 2354/63/1470 2355/64/1471
f 2342/42/1458 2355/64/1471 2343/44/1459
f 2343/44/1459 2355/64/1471 2356/65/1472
f 2343/44/1459 2356/65/1472 2344/46/1460
f 2344/46/1460 2356/65/1472 2357/66/1473
f 2344/46/1460 2357/66/1473 2345/48/1461
f 2345/48/1461 2357/66/1473 2358/67/1474
f 2345/48/1461 2358/67/1474 2346/50/1462
f 2346/50/1462 2358/67/1474 2359/68/1475
f 2346/50/1462 2359/68/1475 2347/52/1463
f 2347/52/1463 2359/68/1475 2360/69/1476
f 2347/52/1463 2360/69/1476 2348/54/1464
f 2348/54/1464 2360/69/1476 2361/70/1477
f 2348/54/1464 2361/70/1477 2349/56/1465
f 2349/56/1465 2361/70/1477 2362/65/1478
f 2349/56/1465 2362/65/1478 2350/46/1466
f 2350/46/1466 2362/65/1478 2363/64/1479
f 2350/46/1466 2363/64/1479 2351/59/1467
f 2351/59/1467 2363/64/1479 2364/63/1480
f 2351/59/1467 2364/63/1480 2352/61/1468
f 2352/61/1468 2364/63/1480 2353/62/1469
f 2352/61/1468 2353/62/1469 2341/41/1457
f 2353/62/1469 2365/71/1481 2366/72/1482
f 2353/62/1469 2366/72/1482 2354/63/1470
f 2354/63/1470 2366/72/1482 2367/73/1483
f 2354/63/1470 2367/73/1483 2355/64/1471
f 2355/64/1471 2367/73/1483 2368/74/1484
f 2355/64/1471 2368/74/1484 2356/65/1472
f 2356/65/1472 2368/74/1484 2369/75/1485
f 2356/65/1472 2369/75/1485 2357/66/1473
f 2357/66/1473 2369/75/1485 2370/76/1486
f 2357/66/1473 2370/76/1486 2358/67/1474
f 2358/67/1474 2370/76/1486 2371/77/1487
f 2358/67/1474 2371/77/1487 2359/68/1475
f 2359/68/1475 2371/77/1487 2372/78/1488
f 2359/68/1475 2372/78/1488 2360/69/1476
f 2360/69/1476 2372/78/1488 2373/75/1489
f 2360/69/1476 2373/75/1489 2361/70/1477
f 2361/70/1477 2373/75/1489 2374/74/1490
f 2361/70/1477 2374/74/1490 2362/65/1478
f 2362/65/1478 2374/74/1490 2375/79/1491
f 2362/65/1478 2375/79/1491 2363/64/1479
f 2363/64/1479 2375/79/1491 2376/80/1492
f 2363/64/1479 2376/80/1492 2364/63/1480
f 2364/63/1480 2376/80/1492 2365/71/1481
f 2364/63/1480 2365/71/1481 2353/62/1469
f 2365/71/1481 2377/81/1493 2378/82/1494
f 2365/71/1481 2378/82/1494 2366/72/1482
f 2366/72/1482 2378/82/1494 2379/83/1495
f 2366/72/1482 2379/83/1495 2367/73/1483
f 2367/73/1483 2379/83/1495 2380/84/1496
f 2367/73/1483 2380/84/1496 2368/74/1484
f 2368/74/1484 2380/84/1496 2381/85/1497
f 2368/74/1484 2381/85/1497 2369/75/1485
f 2369/75/1485 2381/85/1497 2382/86/1498
f 2369/75/1485 2382/86/1498 2370/76/1486
f 2370/76/1486 2382/86/1498 2383/87/2067
f 2370/76/1486 2383/87/2067 2371/77/1487
f 2371/77/1487 2383/87/2067 2384/88/1500
f 2371/77/1487 2384/88/1500 2372/78/1488
f 2372/78/1488 2384/88/1500 2385/89/1501
f 2372/78/1488 2385/89/1501 2373/75/1489
f 2373/75/1489 2385/89/1501 2386/84/1502
f 2373/75/1489 2386/84/1502 2374/74/1490
f 2374/74/1490 2386/84/1502 2387/90/1503
f 2374/74/1490 2387/90/1503 2375/79/1491
f 2375/79/1491 2387/90/1503 2388/91/1504
f 2375/79/1491 2388/91/1504 2376/80/1492
f 2376/80/1492 2388/91/1504 2377/81/1493
f 2376/80/1492 2377/81/1493 2365/71/1481
f 2377/81/1493 2389/92/1505 2390/93/1506
f 2377/81/1493 2390/93/1506 2378/82/1494
f 2378/82/1494 2390/93/1506 2391/94/1507
f 2378/82/1494 2391/94/1507 2379/83/1495
f 2379/83/1495 2391/94/1507 2392/95/1508
f 2379/83/1495 2392/95/1508 2380/84/1496
f 2380/84/1496 2392/95/1508 2393/96/1509
f 2380/84/1496 2393/96/1509 2381/85/1497
f 2381/85/1497 2393/96/1509 2394/97/1510
f 2381/85/1497 2394/97/1510 2382/86/1498
f 2382/86/1498 2394/97/1510 2395/98/1511
f 2382/86/1498 2395/98/1511 2383/87/2067
f 2383/87/2067 2395/98/1511 2396/99/1512
f 2383/87/2067 2396/99/1512 2384/88/1500
f 2384/88/1500 2396/99/1512 2397/100/1513
f 2384/88/1500 2397/100/1513 2385/89/1501
f 2385/89/1501 2397/100/1513 2398/95/1514
f 2385/89/1501 2398/95/1514 2386/84/1502
f 2386/84/1502 2398/95/1514 2399/94/1515
f 2386/84/1502 2399/94/1515 2387/90/1503
f 2387/90/1503 2399/94/1515 2400/93/1516
f 2387/90/1503 2400/93/1516 2388/91/1504
f 2388/91/1504 2400/93/1516 2389/92/1505
f 2388/91/1504 2389/92/1505 2377/81/1493
f 2389/92/1505 2401/101/1517 2402/102/1518
f 2389/92/1505 2402/102/1518 2390/93/1506
f 2390/93/1506 2402/102/1518 2403/103/1519
f 2390/93/1506 2403/103/1519 2391/94/1507
f 2391/94/1507 2403/103/1519 2404/104/1520
f 2391/94/1507 2404/104/1520 2392/95/1508
f 2392/95/1508 2404/104/1520 2405/105/1521
f 2392/95/1508 2405/105/1521 2393/96/1509
f 2393/96/1509 2405/105/1521 2406/106/1522
f 2393/96/1509 2406/106/1522 2394/97/1510
f 2394/97/1510 2406/106/1522 2407/107/1523
f 2394/97/1510 2407/107/1523 2395/98/1511
f 2395/98/1511 2407/107/1523 2408/106/1524
f 2395/98/1511 2408/106/1524 2396/99/1512
f 2396/99/1512 2408/106/1524 2409/108/1525
f 2396/99/1512 2409/108/1525 2397/100/1513
f 2397/100/1513 2409/108/1525 2410/104/1526
f 2397/100/1513 2410/104/1526 2398/95/1514
f 2398/95/1514 2410/104/1526 2411/109/1527
f 2398/95/1514 2411/109/1527 2399/94/1515
f 2399/94/1515 2411/109/1527 2412/110/1528
f 2399/94/1515 2412/110/1528 2400/93/1516
f 2400/93/1516 2412/110/1528 2401/101/1517
f 2400/93/1516 2401/101/1517 2389/92/1505
f 2401/101/1517 2413/111/1529 2414/112/1530
f 2401/101/1517 2414/112/1530 2402/102/1518
f 2402/102/1518 2414/112/1530 2415/113/1531
f 2402/102/1518 2415/113/1531 2403/103/1519
f 2403/103/1519 2415/113/1531 2416/114/1532
f 2403/103/1519 2416/114/1532 2404/104/1520
f 2404/104/1520 2416/114/1532 2417/115/1533
f 2404/104/1520 2417/115/1533 2405/105/1521
f 2405/105/1521 2417/115/1533 2418/116/1534
f 2405/105/1521 2418/116/1534 2406/106/1522
f 2406/106/1522 2418/116/1534 2419/117/1535
f 2406/106/1522 2419/117/1535 2407/107/1523
f 2407/107/1523 2419/117/1535 2420/118/1536
f 2407/107/1523 2420/118/1536 2408/106/1524
f 2408/106/1524 2420/118/1536 2421/119/1537
f 2408/106/1524 2421/119/1537 2409/108/1525
f 2409/108/1525 2421/119/1537 2422/120/1538
f 2409/108/1525 2422/120/1538 2410/104/1526
f 2410/104/1526 2422/120/1538 2423/121/1539
f 2410/104/1526 2423/121/1539 2411/109/1527
f 2411/109/1527 2423/121/1539 2424/122/1540
f 2411/109/1527 2424/122/1540 2412/110/1528
f 2412/110/1528 2424/122/1540 2413/111/1529
f 2412/110/1528 2413/111/1529 2401/101/1517
f 2413/111/1529 2425/123/1362 2426/124/1541
f 2413/111/1529 2426/124/1541 2414/112/1530
f 2414/112/1530 2426/124/1541 2427/125/1542
f 2414/112/1530 2427/125/1542 2415/113/1531
f 2415/113/1531 2427/125/1542 2428/126/1543
f 2415/113/1531 2428/126/1543 2416/114/1532
f 2416/114/1532 2428/126/1543 2429/127/1544
f 2416/114/1532 2429/127/1544 2417/115/1533
f 2417/115/1533 2429/127/1544 2430/128/2068
f 2417/115/1533 2430/128/2068 2418/116/1534
f 2418/116/1534 2430/128/2068 2431/129/1349
f 2418/116/1534 2431/129/1349 2419/117/1535
f 2419/117/1535 2431/129/1349 2432/130/2069
f 2419/117/1535 2432/130/2069 2420/118/1536
f 2420/118/1536 2432/130/2069 2433/131/1547
f 2420/118/1536 2433/131/1547 2421/119/1537
f 2421/119/1537 2433/131/1547 2434/132/1548
f 2421/119/1537 2434/132/1548 2422/120/1538
f 2422/120/1538 2434/132/1548 2435/133/1549
f 2422/120/1538 2435/133/1549 2423/121/1539
f 2423/121/1539 2435/133/1549 2436/134/1550
f 2423/121/1539 2436/134/1550 2424/122/1540
f 2424/122/1540 2436/134/1550 2425/123/1362
f 2424/122/1540 2425/123/1362 2413/111/1529
f 2425/123/1362 2437/135/1361 2438/136/1551
f 2425/123/1362 2438/136/1551 2426/124/1541
f 2426/124/1541 2438/136/1551 2439/137/2070
f 2426/124/1541 2439/137/2070 2427/125/1542
f 2427/125/1542 2439/137/2070 2440/138/1553
f 2427/125/1542 2440/138/1553 2428/126/1543
f 2428/126/1543 2440/138/1553 2441/139/1554
f 2428/126/1543 2441/139/1554 2429/127/1544
f 2429/127/1544 2441/139/1554 2442/140/1555
f 2429/127/1544 2442/140/1555 2430/128/2068
f 2430/128/2068 2442/140/1555 2443/141/1350
f 2430/128/2068 2443/141/1350 2431/129/1349
f 2431/129/1349 2443/141/1350 2444/142/1556
f 2431/129/1349 2444/142/1556 2432/130/2069
f 2432/130/2069 2444/142/1556 2445/143/1557
f 2432/130/2069 2445/143/1557 2433/131/1547
f 2433/131/1547 2445/143/1557 2446/144/1558
f 2433/131/1547 2446/144/1558 2434/132/1548
f 2434/132/1548 2446/144/1558 2447/145/2071
f 2434/132/1548 2447/145/2071 2435/133/1549
f 2435/133/1549 2447/145/2071 2448/136/1560
f 2435/133/1549 2448/136/1560 2436/134/1550
f 2436/134/1550 2448/136/1560 2437/135/1361
f 2436/134/1550 2437/135/1361 2425/123/1362
f 2437/135/1361 2449/146/1561 2450/147/1562
f 2437/135/1361 2450/147/1562 2438/136/1551
f 2438/136/1551 2450/147/1562 2451/148/1563
f 2438/136/1551 2451/148/1563 2439/137/2070
f 2439/137/2070 2451/148/1563 2452/149/1564
f 2439/137/2070 2452/149/1564 2440/138/1553
f 2440/138/1553 2452/149/1564 2453/150/1565
f 2440/138/1553 2453/150/1565 2441/139/1554
f 2441/139/1554 2453/150/1565 2454/151/1566
f 2441/139/1554 2454/151/1566 2442/140/1555
f 2442/140/1555 2454/151/1566 2455/152/1373
f 2442/140/1555 2455/152/1373 2443/141/1350
f 2443/141/1350 2455/152/1373 2456/153/1567
f 2443/141/1350 2456/153/1567 2444/142/1556
f 2444/142/1556 2456/153/1567 2457/154/1568
f 2444/142/1556 2457/154/1568 2445/143/1557
f 2445/143/1557 2457/154/1568 2458/155/1569
f 2445/143/1557 2458/155/1569 2446/144/1558
f 2446/144/1558 2458/155/1569 2459/148/1570
f 2446/144/1558 2459/148/1570 2447/145/2071
f 2447/145/2071 2459/148/1570 2460/147/1571
f 2447/145/2071 2460/147/1571 2448/136/1560
f 2448/136/1560 2460/147/1571 2449/146/1561
f 2448/136/1560 2449/146/1561 2437/135/1361
f 2449/146/1561 2461/156/1391 2462/157/1572
f 2449/146/1561 2462/157/1572 2450/147/1562
f 2450/147/1562 2462/157/1572 2463/158/1573
f 2450/147/1562 2463/158/1573 2451/148/1563
f 2451/148/1563 2463/158/1573 2464/159/1574
f 2451/148/1563 2464/159/1574 2452/149/1564
f 2452/149/1564 2464/159/1574 2465/160/1575
f 2452/149/1564 2465/160/1575 2453/150/1565
f 2453/150/1565 2465/160/1575 2466/161/1576
f 2453/150/1565 2466/161/1576 2454/151/1566
f 2454/151/1566 2466/161/1576 2467/162/1385
f 2454/151/1566 2467/162/1385 2455/152/1373
f 2455/152/1373 2467/162/1385 2468/163/1577
f 2455/152/1373 2468/163/1577 2456/153/1567
f 2456/153/1567 2468/163/1577 2469/164/1578
f 2456/153/1567 2469/164/1578 2457/154/1568
f 2457/154/1568 2469/164/1578 2470/159/1579
f 2457/154/1568 2470/159/1579 2458/155/1569
f 2458/155/1569 2470/159/1579 2471/158/1580
f 2458/155/1569 2471/158/1580 2459/148/1570
f 2459/148/1570 2471/158/1580 2472/165/1581
f 2459/148/1570 2472/165/1581 2460/147/1571
f 2460/147/1571 2472/165/1581 2461/156/1391
f 2460/147/1571 2461/156/1391 2449/146/1561
f 2461/156/1391 2473/166/1403 2474/167/1582
f 2461/156/1391 2474/167/1582 2462/157/1572
f 2462/157/1572 2474/167/1582 2475/168/1583
f 2462/157/1572 2475/168/1583 2463/158/1573
f 2463/158/1573 2475/168/1583 2476/169/2072
f 2463/158/1573 2476/169/2072 2464/159/1574
f 2464/159/1574 2476/169/2072 2477/170/1585
f 2464/159/1574 2477/170/1585 2465/160/1575
f 2465/160/1575 2477/170/1585 2478/171/1586
f 2465/160/1575 2478/171/1586 2466/161/1576
f 2466/161/1576 2478/171/1586 2479/172/1587
f 2466/161/1576 2479/172/1587 2467/162/1385
f 2467/162/1385 2479/172/1587 2480/173/1588
f 2467/162/1385 2480/173/1588 2468/163/1577
f 2468/163/1577 2480/173/1588 2481/174/1589
f 2468/163/1577 2481/174/1589 2469/164/1578
f 2469/164/1578 2481/174/1589 2482/169/2073
f 2469/164/1578 2482/169/2073 2470/159/1579
f 2470/159/1579 2482/169/2073 2483/175/1591
f 2470/159/1579 2483/175/1591 2471/158/1580
f 2471/158/1580 2483/175/1591 2484/176/1592
f 2471/158/1580 2484/176/1592 2472/165/1581
f 2472/165/1581 2484/176/1592 2473/166/1403
f 2472/165/1581 2473/166/1403 2461/156/1391
f 2473/166/1403 2485/177/1415 2486/178/1593
f 2473/166/1403 2486/178/1593 2474/167/1582
f 2474/167/1582 2486/178/1593 2487/179/1594
f 2474/167/1582 2487/179/1594 2475/168/1583
f 2475/168/1583 2487/179/1594 2488/180/1595
f 2475/168/1583 2488/180/1595 2476/169/2072
f 2476/169/2072 2488/180/1595 2489/181/1596
f 2476/169/2072 2489/181/1596 2477/170/1585
f 2477/170/1585 2489/181/1596 2490/182/1597
f 2477/170/1585 2490/182/1597 2478/171/1586
f 2478/171/1586 2490/182/1597 2491/183/1409
f 2478/171/1586 2491/183/1409 2479/172/1587
f 2479/172/1587 2491/183/1409 2492/184/1598
f 2479/172/1587 2492/184/1598 2480/173/1588
f 2480/173/1588 2492/184/1598 2493/185/1599
f 2480/173/1588 2493/185/1599 2481/174/1589
f 2481/174/1589 2493/185/1599 2494/180/1600
f 2481/174/1589 2494/180/1600 2482/169/2073
f 2482/169/2073 2494/180/1600 2495/186/1601
f 2482/169/2073 2495/186/1601 2483/175/1591
f 2483/175/1591 2495/186/1601 2496/187/1602
f 2483/175/1591 2496/187/1602 2484/176/1592
f 2484/176/1592 2496/187/1602 2485/177/1415
f 2484/176/1592 2485/177/1415 2473/166/1403
f 2485/177/1415 2497/188/1427 2498/189/1603
f 2485/177/1415 2498/189/1603 2486/178/1593
f 2486/178/1593 2498/189/1603 2499/190/1604
f 2486/178/1593 2499/190/1604 2487/179/1594
f 2487/179/1594 2499/190/1604 2500/191/1605
f 2487/179/1594 2500/191/1605 2488/180/1595
f 2488/180/1595 2500/191/1605 2501/192/1606
f 2488/180/1595 2501/192/1606 2489/181/1596
f 2489/181/1596 2501/192/1606 2502/193/2074
f 2489/181/1596 2502/193/2074 2490/182/1597
f 2490/182/1597 2502/193/2074 2503/194/1421
f 2490/182/1597 2503/194/1421 2491/183/1409
f 2491/183/1409 2503/194/1421 2504/195/1608
f 2491/183/1409 2504/195/1608 2492/184/1598
f 2492/184/1598 2504/195/1608 2505/196/1609
f 2492/184/1598 2505/196/1609 2493/185/1599
f 2493/185/1599 2505/196/1609 2506/191/1610
f 2493/185/1599 2506/191/1610 2494/180/1600
f 2494/180/1600 2506/191/1610 2507/197/1611
f 2494/180/1600 2507/197/1611 2495/186/1601
f 2495/186/1601 2507/197/1611 2508/189/1612
f 2495/186/1601 2508/189/1612 2496/187/1602
f 2496/187/1602 2508/189/1612 2497/188/1427
f 2496/187/1602 2497/188/1427 2485/177/1415
f 2497/188/1427 2509/302/1439 2510/303/1613
f 2497/188/1427 2510/303/1613 2498/189/1603
f 2498/189/1603 2510/303/1613 2511/304/1614
f 2498/189/1603 2511/304/1614 2499/190/1604
f 2499/190/1604 2511/304/1614 2512/305/1615
f 2499/190/1604 2512/305/1615 2500/191/1605
f 2500/191/1605 2512/305/1615 2513/306/1616
f 2500/191/1605 2513/306/1616 2501/192/1606
f 2501/192/1606 2513/306/1616 2514/307/1617
f 2501/192/1606 2514/307/1617 2502/193/2074
f 2502/193/2074 2514/307/1617 2515/308/1433
f 2502/193/2074 2515/308/1433 2503/194/1421
f 2503/194/1421 2515/308/1433 2516/309/1618
f 2503/194/1421 2516/309/1618 2504/195/1608
f 2504/195/1608 2516/309/1618 2517/310/1619
f 2504/195/1608 2517/310/1619 2505/196/1609
f 2505/196/1609 2517/310/1619 2518/305/1620
f 2505/196/1609 2518/305/1620 2506/191/1610
f 2506/191/1610 2518/305/1620 2519/304/1621
f 2506/191/1610 2519/304/1621 2507/197/1611
f 2507/197/1611 2519/304/1621 2520/311/1622
f 2507/197/1611 2520/311/1622 2508/189/1612
f 2508/189/1612 2520/311/1622 2509/302/1439
f 2508/189/1612 2509/302/1439 2497/188/1427
f 2509/302/1439 2521/312/1451 2522/313/1623
f 2509/302/1439 2522/313/1623 2510/303/1613
f 2510/303/1613 2522/313/1623 2523/314/1624
f 2510/303/1613 2523/314/1624 2511/304/1614
f 2511/304/1614 2523/314/1624 2524/315/1625
f 2511/304/1614 2524/315/1625 2512/305/1615
f 2512/305/1615 2524/315/1625 2525/316/1626
f 2512/305/1615 2525/316/1626 2513/306/1616
f 2513/306/1616 2525/316/1626 2526/317/1627
f 2513/306/1616 2526/317/1627 2514/307/1617
f 2514/307/1617 2526/317/1627 2527/318/1445
f 2514/307/1617 2527/318/1445 2515/308/1433
f 2515/308/1433 2527/318/1445 2528/319/2075
f 2515/308/1433 2528/319/2075 2516/309/1618
f 2516/309/1618 2528/319/2075 2529/320/1629
f 2516/309/1618 2529/320/1629 2517/310/1619
f 2517/310/1619 2529/320/1629 2530/315/1630
f 2517/310/1619 2530/315/1630 2518/305/1620
f 2518/305/1620 2530/315/1630 2531/321/1631
f 2518/305/1620 2531/321/1631 2519/304/1621
f 2519/304/1621 2531/321/1631 2532/313/2076
f 2519/304/1621 2532/313/2076 2520/311/1622
f 2520/311/1622 2532/313/2076 2521/312/1451
f 2520/311/1622 2521/312/1451 2509/302/1439
f 2521/312/1451 2533/322/1463 2534/323/1633
f 2521/312/1451 2534/323/1633 2522/313/1623
f 2522/313/1623 2534/323/1633 2535/324/1634
f 2522/313/1623 2535/324/1634 2523/314/1624
f 2523/314/1624 2535/324/1634 2536/325/1635
f 2523/314/1624 2536/325/1635 2524/315/1625
f 2524/315/1625 2536/325/1635 2537/326/1636
f 2524/315/1625 2537/326/1636 2525/316/1626
f 2525/316/1626 2537/326/1636 2538/327/1637
f 2525/316/1626 2538/327/1637 2526/317/1627
f 2526/317/1627 2538/327/1637 2539/328/1457
f 2526/317/1627 2539/328/1457 2527/318/1445
f 2527/318/1445 2539/328/1457 2540/329/1638
f 2527/318/1445 2540/329/1638 2528/319/2075
f 2528/319/2075 2540/329/1638 2541/326/1639
f 2528/319/2075 2541/326/1639 2529/320/1629
f 2529/320/1629 2541/326/1639 2542/325/1640
f 2529/320/1629 2542/325/1640 2530/315/1630
f 2530/315/1630 2542/325/1640 2543/324/1641
f 2530/315/1630 2543/324/1641 2531/321/1631
f 2531/321/1631 2543/324/1641 2544/323/1642
f 2531/321/1631 2544/323/1642 2532/313/2076
f 2532/313/2076 2544/323/1642 2533/322/1463
f 2532/313/2076 2533/322/1463 2521/312/1451
f 2533/322/1463 2545/330/1475 2546/331/1643
f 2533/322/1463 2546/331/1643 2534/323/1633
f 2534/323/1633 2546/331/1643 2547/332/1644
f 2534/323/1633 2547/332/1644 2535/324/1634
f 2535/324/1634 2547/332/1644 2548/333/1645
f 2535/324/1634 2548/333/1645 2536/325/1635
f 2536/325/1635 2548/333/1645 2549/334/1646
f 2536/325/1635 2549/334/1646 2537/326/1636
f 2537/326/1636 2549/334/1646 2550/335/1647
f 2537/326/1636 2550/335/1647 2538/327/1637
f 2538/327/1637 2550/335/1647 2551/336/1469
f 2538/327/1637 2551/336/1469 2539/328/1457
f 2539/328/1457 2551/336/1469 2552/337/1648
f 2539/328/1457 2552/337/1648 2540/329/1638
f 2540/329/1638 2552/337/1648 2553/334/1649
f 2540/329/1638 2553/334/1649 2541/326/1639
f 2541/326/1639 2553/334/1649 2554/333/1650
f 2541/326/1639 2554/333/1650 2542/325/1640
f 2542/325/1640 2554/333/1650 2555/332/1651
f 2542/325/1640 2555/332/1651 2543/324/1641
f 2543/324/1641 2555/332/1651 2556/331/1652
f 2543/324/1641 2556/331/1652 2544/323/1642
f 2544/323/1642 2556/331/1652 2545/330/1475
f 2544/323/1642 2545/330/1475 2533/322/1463
f 2545/330/1475 2557/338/1487 2558/339/1653
f 2545/330/1475 2558/339/1653 2546/331/1643
f 2546/331/1643 2558/339/1653 2559/340/1654
f 2546/331/1643 2559/340/1654 2547/332/1644
f 2547/332/1644 2559/340/1654 2560/341/1655
f 2547/332/1644 2560/341/1655 2548/333/1645
f 2548/333/1645 2560/341/1655 2561/342/1656
f 2548/333/1645 2561/342/1656 2549/334/1646
f 2549/334/1646 2561/342/1656 2562/343/1657
f 2549/334/1646 2562/343/1657 2550/335/1647
f 2550/335/1647 2562/343/1657 2563/344/1481
f 2550/335/1647 2563/344/1481 2551/336/1469
f 2551/336/1469 2563/344/1481 2564/345/1658
f 2551/336/1469 2564/345/1658 2552/337/1648
f 2552/337/1648 2564/345/1658 2565/342/1659
f 2552/337/1648 2565/342/1659 2553/334/1649
f 2553/334/1649 2565/342/1659 2566/341/1660
f 2553/334/1649 2566/341/1660 2554/333/1650
f 2554/333/1650 2566/341/1660 2567/340/1661
f 2554/333/1650 2567/340/1661 2555/332/1651
f 2555/332/1651 2567/340/1661 2568/346/1662
f 2555/332/1651 2568/346/1662 2556/331/1652
f 2556/331/1652 2568/346/1662 2557/338/1487
f 2556/331/1652 2557/338/1487 2545/330/1475
f 2557/338/1487 2569/347/1499 2570/348/1663
f 2557/338/1487 2570/348/1663 2558/339/1653
f 2558/339/1653 2570/348/1663 2571/349/1664
f 2558/339/1653 2571/349/1664 2559/340/1654
f 2559/340/1654 2571/349/1664 2572/350/1665
f 2559/340/1654 2572/350/1665 2560/341/1655
f 2560/341/1655 2572/350/1665 2573/351/1666
f 2560/341/1655 2573/351/1666 2561/342/1656
f 2561/342/1656 2573/351/1666 2574/352/1667
f 2561/342/1656 2574/352/1667 2562/343/1657
f 2562/343/1657 2574/352/1667 2575/353/2077
f 2562/343/1657 2575/353/2077 2563/344/1481
f 2563/344/1481 2575/353/2077 2576/354/1668
f 2563/344/1481 2576/354/1668 2564/345/1658
f 2564/345/1658 2576/354/1668 2577/355/1669
f 2564/345/1658 2577/355/1669 2565/342/1659
f 2565/342/1659 2577/355/1669 2578/350/1670
f 2565/342/1659 2578/350/1670 2566/341/1660
f 2566/341/1660 2578/350/1670 2579/356/1671
f 2566/341/1660 2579/356/1671 2567/340/1661
f 2567/340/1661 2579/356/1671 2580/357/1672
f 2567/340/1661 2580/357/1672 2568/346/1662
f 2568/346/1662 2580/357/1672 2569/347/1499
f 2568/346/1662 2569/347/1499 2557/338/1487
f 2569/347/1499 2581/358/1673 2582/359/1674
f 2569/347/1499 2582/359/1674 2570/348/1663
f 2570/348/1663 2582/359/1674 2583/360/1675
f 2570/348/1663 2583/360/1675 2571/349/1664
f 2571/349/1664 2583/360/1675 2584/361/1676
f 2571/349/1664 2584/361/1676 2572/350/1665
f 2572/350/1665 2584/361/1676 2585/362/1677
f 2572/350/1665 2585/362/1677 2573/351/1666
f 2573/351/1666 2585/362/1677 2586/363/1678
f 2573/351/1666 2586/363/1678 2574/352/1667
f 2574/352/1667 2586/363/1678 2587/364/1679
f 2574/352/1667 2587/364/1679 2575/353/2077
f 2575/353/2077 2587/364/1679 2588/365/1680
f 2575/353/2077 2588/365/1680 2576/354/1668
f 2576/354/1668 2588/365/1680 2589/366/1681
f 2576/354/1668 2589/366/1681 2577/355/1669
f 2577/355/1669 2589/366/1681 2590/361/1682
f 2577/355/1669 2590/361/1682 2578/350/1670
f 2578/350/1670 2590/361/1682 2591/360/1683
f 2578/350/1670 2591/360/1683 2579/356/1671
f 2579/356/1671 2591/360/1683 2592/367/1684
f 2579/356/1671 2592/367/1684 2580/357/1672
f 2580/357/1672 2592/367/1684 2581/358/1673
f 2580/357/1672 2581/358/1673 2569/347/1499
f 2581/358/1673 2593/368/1523 2594/369/1685
f 2581/358/1673 2594/369/1685 2582/359/1674
f 2582/359/1674 2594/369/1685 2595/370/1686
f 2582/359/1674 2595/370/1686 2583/360/1675
f 2583/360/1675 2595/370/1686 2596/371/1687
f 2583/360/1675 2596/371/1687 2584/361/1676
f 2584/361/1676 2596/371/1687 2597/372/1688
f 2584/361/1676 2597/372/1688 2585/362/1677
f 2585/362/1677 2597/372/1688 2598/373/1689
f 2585/362/1677 2598/373/1689 2586/363/1678
f 2586/363/1678 2598/373/1689 2599/374/1517
f 2586/363/1678 2599/374/1517 2587/364/1679
f 2587/364/1679 2599/374/1517 2600/375/1690
f 2587/364/1679 2600/375/1690 2588/365/1680
f 2588/365/1680 2600/375/1690 2601/372/1691
f 2588/365/1680 2601/372/1691 2589/366/1681
f 2589/366/1681 2601/372/1691 2602/371/1692
f 2589/366/1681 2602/371/1692 2590/361/1682
f 2590/361/1682 2602/371/1692 2603/376/1693
f 2590/361/1682 2603/376/1693 2591/360/1683
f 2591/360/1683 2603/376/1693 2604/377/2078
f 2591/360/1683 2604/377/2078 2592/367/1684
f 2592/367/1684 2604/377/2078 2593/368/1523
f 2592/367/1684 2593/368/1523 2581/358/1673
f 2593/368/1523 2605/378/1535 2606/379/1695
f 2593/368/1523 2606/379/1695 2594/369/1685
f 2594/369/1685 2606/379/1695 2607/380/1696
f 2594/369/1685 2607/380/1696 2595/370/1686
f 2595/370/1686 2607/380/1696 2608/381/1697
f 2595/370/1686 2608/381/1697 2596/371/1687
f 2596/371/1687 2608/381/1697 2609/382/1698
f 2596/371/1687 2609/382/1698 2597/372/1688
f 2597/372/1688 2609/382/1698 2610/383/1699
f 2597/372/1688 2610/383/1699 2598/373/1689
f 2598/373/1689 2610/383/1699 2611/384/1529
f 2598/373/1689 2611/384/1529 2599/374/1517
f 2599/374/1517 2611/384/1529 2612/385/1700
f 2599/374/1517 2612/385/1700 2600/375/1690
f 2600/375/1690 2612/385/1700 2613/386/1701
f 2600/375/1690 2613/386/1701 2601/372/1691
f 2601/372/1691 2613/386/1701 2614/387/1702
f 2601/372/1691 2614/387/1702 2602/371/1692
f 2602/371/1692 2614/387/1702 2615/388/1703
f 2602/371/1692 2615/388/1703 2603/376/1693
f 2603/376/1693 2615/388/1703 2616/389/1704
f 2603/376/1693 2616/389/1704 2604/377/2078
f 2604/377/2078 2616/389/1704 2605/378/1535
f 2604/377/2078 2605/378/1535 2593/368/1523
f 2605/378/1535 2233/210/1349 2236/213/1352
f 2605/378/1535 2236/213/1352 2606/379/1695
f 2606/379/1695 2236/213/1352 2238/215/1354
f 2606/379/1695 2238/215/1354 2607/380/1696
f 2607/380/1696 2238/215/1354 2240/217/1356
f 2607/380/1696 2240/217/1356 2608/381/1697
f 2608/381/1697 2240/217/1356 2242/219/1358
f 2608/381/1697 2242/219/1358 2609/382/1698
f 2609/382/1698 2242/219/1358 2244/221/2061
f 2609/382/1698 2244/221/2061 2610/383/1699
f 2610/383/1699 2244/221/2061 2246/223/1362
f 2610/383/1699 2246/223/1362 2611/384/1529
f 2611/384/1529 2246/223/1362 2248/225/1364
f 2611/384/1529 2248/225/1364 2612/385/1700
f 2612/385/1700 2248/225/1364 2250/227/1366
f 2612/385/1700 2250/227/1366 2613/386/1701
f 2613/386/1701 2250/227/1366 2252/229/1368
f 2613/386/1701 2252/229/1368 2614/387/1702
f 2614/387/1702 2252/229/1368 2254/231/1370
f 2614/387/1702 2254/231/1370 2615/388/1703
f 2615/388/1703 2254/231/1370 2256/233/1372
f 2615/388/1703 2256/233/1372 2616/389/1704
f 2616/389/1704 2256/233/1372 2233/210/1349
f 2616/389/1704 2233/210/1349 2605/378/1535
f 2617/210/2079 2618/211/2080 2619/212/2081
f 2617/210/2079 2619/212/2081 2620/213/2082
f 2620/213/2082 2619/212/2081 2621/214/2083
f 2620/213/2082 2621/214/2083 2622/215/2084
f 2622/215/2084 2621/214/2083 2623/216/2085
f 2622/215/2084 2623/216/2085 2624/217/2086
f 2624/217/2086 2623/216/2085 2625/218/2087
f 2624/217/2086 2625/218/2087 2626/219/2088
f 2626/219/2088 2625/218/2087 2627/220/2089
f 2626/219/2088 2627/220/2089 2628/221/2090
f 2628/221/2090 2627/220/2089 2629/222/2091
f 2628/221/2090 2629/222/2091 2630/223/2092
f 2630/223/2092 2629/222/2091 2631/224/2093
f 2630/223/2092 2631/224/2093 2632/225/2094
f 2632/225/2094 2631/224/2093 2633/226/2095
f 2632/225/2094 2633/226/2095 2634/227/2096
f 2634/227/2096 2633/226/2095 2635/228/2097
f 2634/227/2096 2635/228/2097 2636/229/2098
f 2636/229/2098 2635/228/2097 2637/230/2099
f 2636/229/2098 2637/230/2099 2638/231/2100
f 2638/231/2100 2637/230/2099 2639/232/2101
f 2638/231/2100 2639/232/2101 2640/233/2102
f 2640/233/2102 2639/232/2101 2618/211/2080
f 2640/233/2102 2618/211/2080 2617/210/2079
f 2618/211/2080 2641/234/2103 2642/235/2104
f 2618/211/2080 2642/235/2104 2619/212/2081
f 2619/212/2081 2642/235/2104 2643/236/2105
f 2619/212/2081 2643/236/2105 2621/214/2083
f 2621/214/2083 2643/236/2105 2644/237/2106
f 2621/214/2083 2644/237/2106 2623/216/2085
f 2623/216/2085 2644/237/2106 2645/238/2107
f 2623/216/2085 2645/238/2107 2625/218/2087
f 2625/218/2087 2645/238/2107 2646/239/2108
f 2625/218/2087 2646/239/2108 2627/220/2089
f 2627/220/2089 2646/239/2108 2647/240/2109
f 2627/220/2089 2647/240/2109 2629/222/2091
f 2629/222/2091 2647/240/2109 2648/239/2110
f 2629/222/2091 2648/239/2110 2631/224/2093
f 2631/224/2093 2648/239/2110 2649/241/2111
f 2631/224/2093 2649/241/2111 2633/226/2095
f 2633/226/2095 2649/241/2111 2650/242/2112
f 2633/226/2095 2650/242/2112 2635/228/2097
f 2635/228/2097 2650/242/2112 2651/236/2113
f 2635/228/2097 2651/236/2113 2637/230/2099
f 2637/230/2099 2651/236/2113 2652/243/2114
f 2637/230/2099 2652/243/2114 2639/232/2101
f 2639/232/2101 2652/243/2114 2641/234/2103
f 2639/232/2101 2641/234/2103 2618/211/2080
f 2641/234/2103 2653/244/2115 2654/245/2116
f 2641/234/2103 2654/245/2116 2642/235/2104
f 2642/235/2104 2654/245/2116 2655/246/2117
f 2642/235/2104 2655/246/2117 2643/236/2105
f 2643/236/2105 2655/246/2117 2656/247/2118
f 2643/236/2105 2656/247/2118 2644/237/2106
f 2644/237/2106 2656/247/2118 2657/248/2119
f 2644/237/2106 2657/248/2119 2645/238/2107
f 2645/238/2107 2657/248/2119 2658/249/2120
f 2645/238/2107 2658/249/2120 2646/239/2108
f 2646/239/2108 2658/249/2120 2659/250/2121
f 2646/239/2108 2659/250/2121 2647/240/2109
f 2647/240/2109 2659/250/2121 2660/251/2122
f 2647/240/2109 2660/251/2122 2648/239/2110
f 2648/239/2110 2660/251/2122 2661/252/2123
f 2648/239/2110 2661/252/2123 2649/241/2111
f 2649/241/2111 2661/252/2123 2662/247/2124
f 2649/241/2111 2662/247/2124 2650/242/2112
f 2650/242/2112 2662/247/2124 2663/246/2125
f 2650/242/2112 2663/246/2125 2651/236/2113
f 2651/236/2113 2663/246/2125 2664/253/2126
f 2651/236/2113 2664/253/2126 2652/243/2114
f 2652/243/2114 2664/253/2126 2653/244/2115
f 2652/243/2114 2653/244/2115 2641/234/2103
f 2653/244/2115 2665/254/2127 2666/255/2128
f 2653/244/2115 2666/255/2128 2654/245/2116
f 2654/245/2116 2666/255/2128 2667/256/2129
f 2654/245/2116 2667/256/2129 2655/246/2117
f 2655/246/2117 2667/256/2129 2668/257/2130
f 2655/246/2117 2668/257/2130 2656/247/2118
f 2656/247/2118 2668/257/2130 2669/258/2131
f 2656/247/2118 2669/258/2131 2657/248/2119
f 2657/248/2119 2669/258/2131 2670/259/2132
f 2657/248/2119 2670/259/2132 2658/249/2120
f 2658/249/2120 2670/259/2132 2671/260/2133
f 2658/249/2120 2671/260/2133 2659/250/2121
f 2659/250/2121 2671/260/2133 2672/261/2134
f 2659/250/2121 2672/261/2134 2660/251/2122
f 2660/251/2122 2672/261/2134 2673/262/2135
f 2660/251/2122 2673/262/2135 2661/252/2123
f 2661/252/2123 2673/262/2135 2674/257/2136
f 2661/252/2123 2674/257/2136 2662/247/2124
f 2662/247/2124 2674/257/2136 2675/256/2137
f 2662/247/2124 2675/256/2137 2663/246/2125
f 2663/246/2125 2675/256/2137 2676/263/2138
f 2663/246/2125 2676/263/2138 2664/253/2126
f 2664/253/2126 2676/263/2138 2665/254/2127
f 2664/253/2126 2665/254/2127 2653/244/2115
f 2665/254/2127 2677/264/2139 2678/265/2140
f 2665/254/2127 2678/265/2140 2666/255/2128
f 2666/255/2128 2678/265/2140 2679/266/2141
f 2666/255/2128 2679/266/2141 2667/256/2129
f 2667/256/2129 2679/266/2141 2680/267/2142
f 2667/256/2129 2680/267/2142 2668/257/2130
f 2668/257/2130 2680/267/2142 2681/268/2143
f 2668/257/2130 2681/268/2143 2669/258/2131
f 2669/258/2131 2681/268/2143 2682/269/2144
f 2669/258/2131 2682/269/2144 2670/259/2132
f 2670/259/2132 2682/269/2144 2683/270/2145
f 2670/259/2132 2683/270/2145 2671/260/2133
f 2671/260/2133 2683/270/2145 2684/271/2146
f 2671/260/2133 2684/271/2146 2672/261/2134
f 2672/261/2134 2684/271/2146 2685/272/2147
f 2672/261/2134 2685/272/2147 2673/262/2135
f 2673/262/2135 2685/272/2147 2686/267/2148
f 2673/262/2135 2686/267/2148 2674/257/2136
f 2674/257/2136 2686/267/2148 2687/266/2149
f 2674/257/2136 2687/266/2149 2675/256/2137
f 2675/256/2137 2687/266/2149 2688/273/2150
f 2675/256/2137 2688/273/2150 2676/263/2138
f 2676/263/2138 2688/273/2150 2677/264/2139
f 2676/263/2138 2677/264/2139 2665/254/2127
f 2677/264/2139 2689/274/2151 2690/275/2152
f 2677/264/2139 2690/275/2152 2678/265/2140
f 2678/265/2140 2690/275/2152 2691/276/2153
f 2678/265/2140 2691/276/2153 2679/266/2141
f 2679/266/2141 2691/276/2153 2692/277/2154
f 2679/266/2141 2692/277/2154 2680/267/2142
f 2680/267/2142 2692/277/2154 2693/278/2155
f 2680/267/2142 2693/278/2155 2681/268/2143
f 2681/268/2143 2693/278/2155 2694/279/2156
f 2681/268/2143 2694/279/2156 2682/269/2144
f 2682/269/2144 2694/279/2156 2695/280/2157
f 2682/269/2144 2695/280/2157 2683/270/2145
f 2683/270/2145 2695/280/2157 2696/281/2158
f 2683/270/2145 2696/281/2158 2684/271/2146
f 2684/271/2146 2696/281/2158 2697/282/2159
f 2684/271/2146 2697/282/2159 2685/272/2147
f 2685/272/2147 2697/282/2159 2698/277/2160
f 2685/272/2147 2698/277/2160 2686/267/2148
f 2686/267/2148 2698/277/2160 2699/283/2161
f 2686/267/2148 2699/283/2161 2687/266/2149
f 2687/266/2149 2699/283/2161 2700/284/2162
f 2687/266/2149 2700/284/2162 2688/273/2150
f 2688/273/2150 2700/284/2162 2689/274/2151
f 2688/273/2150 2689/274/2151 2677/264/2139
f 2689/274/2151 2701/285/2163 2702/286/2164
f 2689/274/2151 2702/286/2164 2690/275/2152
f 2690/275/2152 2702/286/2164 2703/287/2165
f 2690/275/2152 2703/287/2165 2691/276/2153
f 2691/276/2153 2703/287/2165 2704/288/2166
f 2691/276/2153 2704/288/2166 2692/277/2154
f 2692/277/2154 2704/288/2166 2705/289/2167
f 2692/277/2154 2705/289/2167 2693/278/2155
f 2693/278/2155 2705/289/2167 2706/290/2168
f 2693/278/2155 2706/290/2168 2694/279/2156
f 2694/279/2156 2706/290/2168 2707/291/2169
f 2694/279/2156 2707/291/2169 2695/280/2157
f 2695/280/2157 2707/291/2169 2708/292/2170
f 2695/280/2157 2708/292/2170 2696/281/2158
f 2696/281/2158 2708/292/2170 2709/293/2171
f 2696/281/2158 2709/293/2171 2697/282/2159
f 2697/282/2159 2709/293/2171 2710/288/2172
f 2697/282/2159 2710/288/2172 2698/277/2160
f 2698/277/2160 2710/288/2172 2711/287/2173
f 2698/277/2160 2711/287/2173 2699/283/2161
f 2699/283/2161 2711/287/2173 2712/286/2174
f 2699/283/2161 2712/286/2174 2700/284/2162
f 2700/284/2162 2712/286/2174 2701/285/2163
f 2700/284/2162 2701/285/2163 2689/274/2151
f 2701/285/2163 2713/294/2175 2714/295/2176
f 2701/285/2163 2714/295/2176 2702/286/2164
f 2702/286/2164 2714/295/2176 2715/296/2177
f 2702/286/2164 2715/296/2177 2703/287/2165
f 2703/287/2165 2715/296/2177 2716/297/2178
f 2703/287/2165 2716/297/2178 2704/288/2166
f 2704/288/2166 2716/297/2178 2717/298/2179
f 2704/288/2166 2717/298/2179 2705/289/2167
f 2705/289/2167 2717/298/2179 2718/299/2180
f 2705/289/2167 2718/299/2180 2706/290/2168
f 2706/290/2168 2718/299/2180 2719/300/2181
f 2706/290/2168 2719/300/2181 2707/291/2169
f 2707/291/2169 2719/300/2181 2720/301/2182
f 2707/291/2169 2720/301/2182 2708/292/2170
f 2708/292/2170 2720/301/2182 2721/298/2183
f 2708/292/2170 2721/298/2183 2709/293/2171
f 2709/293/2171 2721/298/2183 2722/297/2184
f 2709/293/2171 2722/297/2184 2710/288/2172
f 2710/288/2172 2722/297/2184 2723/296/2185
f 2710/288/2172 2723/296/2185 2711/287/2173
f 2711/287/2173 2723/296/2185 2724/295/2186
f 2711/287/2173 2724/295/2186 2712/286/2174
f 2712/286/2174 2724/295/2186 2713/294/2175
f 2712/286/2174 2713/294/2175 2701/285/2163
f 2713/294/2175 2725/41/2187 2726/42/2188
f 2713/294/2175 2726/42/2188 2714/295/2176
f 2714/295/2176 2726/42/2188 2727/44/2189
f 2714/295/2176 2727/44/2189 2715/296/2177
f 2715/296/2177 2727/44/2189 2728/46/2190
f 2715/296/2177 2728/46/2190 2716/297/2178
f 2716/297/2178 2728/46/2190 2729/48/2191
f 2716/297/2178 2729/48/2191 2717/298/2179
f 2717/298/2179 2729/48/2191 2730/50/2192
f 2717/298/2179 2730/50/2192 2718/299/2180
f 2718/299/2180 2730/50/2192 2731/52/2193
f 2718/299/2180 2731/52/2193 2719/300/2181
f 2719/300/2181 2731/52/2193 2732/54/2194
f 2719/300/2181 2732/54/2194 2720/301/2182
f 2720/301/2182 2732/54/2194 2733/56/2195
f 2720/301/2182 2733/56/2195 2721/298/2183
f 2721/298/2183 2733/56/2195 2734/46/2196
f 2721/298/2183 2734/46/2196 2722/297/2184
f 2722/297/2184 2734/46/2196 2735/59/2197
f 2722/297/2184 2735/59/2197 2723/296/2185
f 2723/296/2185 2735/59/2197 2736/61/2198
f 2723/296/2185 2736/61/2198 2724/295/2186
f 2724/295/2186 2736/61/2198 2725/41/2187
f 2724/295/2186 2725/41/2187 2713/294/2175
f 2725/41/2187 2737/62/2199 2738/63/2200
f 2725/41/2187 2738/63/2200 2726/42/2188
f 2726/42/2188 2738/63/2200 2739/64/2201
f 2726/42/2188 2739/64/2201 2727/44/2189
f 2727/44/2189 2739/64/2201 2740/65/2202
f 2727/44/2189 2740/65/2202 2728/46/2190
f 2728/46/2190 2740/65/2202 2741/66/2203
f 2728/46/2190 2741/66/2203 2729/48/2191
f 2729/48/2191 2741/66/2203 2742/67/2204
f 2729/48/2191 2742/67/2204 2730/50/2192
f 2730/50/2192 2742/67/2204 2743/68/2205
f 2730/50/2192 2743/68/2205 2731/52/2193
f 2731/52/2193 2743/68/2205 2744/69/2206
f 2731/52/2193 2744/69/2206 2732/54/2194
f 2732/54/2194 2744/69/2206 2745/70/2207
f 2732/54/2194 2745/70/2207 2733/56/2195
f 2733/56/2195 2745/70/2207 2746/65/2208
f 2733/56/2195 2746/65/2208 2734/46/2196
f 2734/46/2196 2746/65/2208 2747/64/2209
f 2734/46/2196 2747/64/2209 2735/59/2197
f 2735/59/2197 2747/64/2209 2748/63/2210
f 2735/59/2197 2748/63/2210 2736/61/2198
f 2736/61/2198 2748/63/2210 2737/62/2199
f 2736/61/2198 2737/62/2199 2725/41/2187
f 2737/62/2199 2749/71/2211 2750/72/2212
f 2737/62/2199 2750/72/2212 2738/63/2200
f 2738/63/2200 2750/72/2212 2751/73/2213
f 2738/63/2200 2751/73/2213 2739/64/2201
f 2739/64/2201 2751/73/2213 2752/74/2214
f 2739/64/2201 2752/74/2214 2740/65/2202
f 2740/65/2202 2752/74/2214 2753/75/2215
f 2740/65/2202 2753/75/2215 2741/66/2203
f 2741/66/2203 2753/75/2215 2754/76/2216
f 2741/66/2203 2754/76/2216 2742/67/2204
f 2742/67/2204 2754/76/2216 2755/77/2217
f 2742/67/2204 2755/77/2217 2743/68/2205
f 2743/68/2205 2755/77/2217 2756/78/2218
f 2743/68/2205 2756/78/2218 2744/69/2206
f 2744/69/2206 2756/78/2218 2757/75/2219
f 2744/69/2206 2757/75/2219 2745/70/2207
f 2745/70/2207 2757/75/2219 2758/74/2220
f 2745/70/2207 2758/74/2220 2746/65/2208
f 2746/65/2208 2758/74/2220 2759/79/2221
f 2746/65/2208 2759/79/2221 2747/64/2209
f 2747/64/2209 2759/79/2221 2760/80/2222
f 2747/64/2209 2760/80/2222 2748/63/2210
f 2748/63/2210 2760/80/2222 2749/71/2211
f 2748/63/2210 2749/71/2211 2737/62/2199
f 2749/71/2211 2761/81/2223 2762/82/2224
f 2749/71/2211 2762/82/2224 2750/72/2212
f 2750/72/2212 2762/82/2224 2763/83/2225
f 2750/72/2212 2763/83/2225 2751/73/2213
f 2751/73/2213 2763/83/2225 2764/84/2226
f 2751/73/2213 2764/84/2226 2752/74/2214
f 2752/74/2214 2764/84/2226 2765/85/2227
f 2752/74/2214 2765/85/2227 2753/75/2215
f 2753/75/2215 2765/85/2227 2766/86/2228
f 2753/75/2215 2766/86/2228 2754/76/2216
f 2754/76/2216 2766/86/2228 2767/87/2229
f 2754/76/2216 2767/87/2229 2755/77/2217
f 2755/77/2217 2767/87/2229 2768/88/2230
f 2755/77/2217 2768/88/2230 2756/78/2218
f 2756/78/2218 2768/88/2230 2769/89/2231
f 2756/78/2218 2769/89/2231 2757/75/2219
f 2757/75/2219 2769/89/2231 2770/84/2232
f 2757/75/2219 2770/84/2232 2758/74/2220
f 2758/74/2220 2770/84/2232 2771/90/2233
f 2758/74/2220 2771/90/2233 2759/79/2221
f 2759/79/2221 2771/90/2233 2772/91/2234
f 2759/79/2221 2772/91/2234 2760/80/2222
f 2760/80/2222 2772/91/2234 2761/81/2223
f 2760/80/2222 2761/81/2223 2749/71/2211
f 2761/81/2223 2773/92/2235 2774/93/2236
f 2761/81/2223 2774/93/2236 2762/82/2224
f 2762/82/2224 2774/93/2236 2775/94/2237
f 2762/82/2224 2775/94/2237 2763/83/2225
f 2763/83/2225 2775/94/2237 2776/95/2238
f 2763/83/2225 2776/95/2238 2764/84/2226
f 2764/84/2226 2776/95/2238 2777/96/2239
f 2764/84/2226 2777/96/2239 2765/85/2227
f 2765/85/2227 2777/96/2239 2778/97/2240
f 2765/85/2227 2778/97/2240 2766/86/2228
f 2766/86/2228 2778/97/2240 2779/98/2241
f 2766/86/2228 2779/98/2241 2767/87/2229
f 2767/87/2229 2779/98/2241 2780/99/2242
f 2767/87/2229 2780/99/2242 2768/88/2230
f 2768/88/2230 2780/99/2242 2781/100/2243
f 2768/88/2230 2781/100/2243 2769/89/2231
f 2769/89/2231 2781/100/2243 2782/95/2244
f 2769/89/2231 2782/95/2244 2770/84/2232
f 2770/84/2232 2782/95/2244 2783/94/2245
f 2770/84/2232 2783/94/2245 2771/90/2233
f 2771/90/2233 2783/94/2245 2784/93/2246
f 2771/90/2233 2784/93/2246 2772/91/2234
f 2772/91/2234 2784/93/2246 2773/92/2235
f 2772/91/2234 2773/92/2235 2761/81/2223
f 2773/92/2235 2785/101/2247 2786/102/2248
f 2773/92/2235 2786/102/2248 2774/93/2236
f 2774/93/2236 2786/102/2248 2787/103/2249
f 2774/93/2236 2787/103/2249 2775/94/2237
f 2775/94/2237 2787/103/2249 2788/104/2250
f 2775/94/2237 2788/104/2250 2776/95/2238
f 2776/95/2238 2788/104/2250 2789/105/2251
f 2776/95/2238 2789/105/2251 2777/96/2239
f 2777/96/2239 2789/105/2251 2790/106/2252
f 2777/96/2239 2790/106/2252 2778/97/2240
f 2778/97/2240 2790/106/2252 2791/107/2253
f 2778/97/2240 2791/107/2253 2779/98/2241
f 2779/98/2241 2791/107/2253 2792/106/2254
f 2779/98/2241 2792/106/2254 2780/99/2242
f 2780/99/2242 2792/106/2254 2793/108/2255
f 2780/99/2242 2793/108/2255 2781/100/2243
f 2781/100/2243 2793/108/2255 2794/104/2256
f 2781/100/2243 2794/104/2256 2782/95/2244
f 2782/95/2244 2794/104/2256 2795/109/2257
f 2782/95/2244 2795/109/2257 2783/94/2245
f 2783/94/2245 2795/109/2257 2796/110/2258
f 2783/94/2245 2796/110/2258 2784/93/2246
f 2784/93/2246 2796/110/2258 2785/101/2247
f 2784/93/2246 2785/101/2247 2773/92/2235
f 2785/101/2247 2797/111/2259 2798/112/2260
f 2785/101/2247 2798/112/2260 2786/102/2248
f 2786/102/2248 2798/112/2260 2799/113/2261
f 2786/102/2248 2799/113/2261 2787/103/2249
f 2787/103/2249 2799/113/2261 2800/114/2262
f 2787/103/2249 2800/114/2262 2788/104/2250
f 2788/104/2250 2800/114/2262 2801/115/2263
f 2788/104/2250 2801/115/2263 2789/105/2251
f 2789/105/2251 2801/115/2263 2802/116/2264
f 2789/105/2251 2802/116/2264 2790/106/2252
f 2790/106/2252 2802/116/2264 2803/117/2265
f 2790/106/2252 2803/117/2265 2791/107/2253
f 2791/107/2253 2803/117/2265 2804/118/2266
f 2791/107/2253 2804/118/2266 2792/106/2254
f 2792/106/2254 2804/118/2266 2805/119/2267
f 2792/106/2254 2805/119/2267 2793/108/2255
f 2793/108/2255 2805/119/2267 2806/120/2268
f 2793/108/2255 2806/120/2268 2794/104/2256
f 2794/104/2256 2806/120/2268 2807/121/2269
f 2794/104/2256 2807/121/2269 2795/109/2257
f 2795/109/2257 2807/121/2269 2808/122/2270
f 2795/109/2257 2808/122/2270 2796/110/2258
f 2796/110/2258 2808/122/2270 2797/111/2259
f 2796/110/2258 2797/111/2259 2785/101/2247
f 2797/111/2259 2809/123/2092 2810/124/2271
f 2797/111/2259 2810/124/2271 2798/112/2260
f 2798/112/2260 2810/124/2271 2811/125/2272
f 2798/112/2260 2811/125/2272 2799/113/2261
f 2799/113/2261 2811/125/2272 2812/126/2273
f 2799/113/2261 2812/126/2273 2800/114/2262
f 2800/114/2262 2812/126/2273 2813/127/2274
f 2800/114/2262 2813/127/2274 2801/115/2263
f 2801/115/2263 2813/127/2274 2814/128/2275
f 2801/115/2263 2814/128/2275 2802/116/2264
f 2802/116/2264 2814/128/2275 2815/129/2079
f 2802/116/2264 2815/129/2079 2803/117/2265
f 2803/117/2265 2815/129/2079 2816/130/2276
f 2803/117/2265 2816/130/2276 2804/118/2266
f 2804/118/2266 2816/130/2276 2817/131/2277
f 2804/118/2266 2817/131/2277 2805/119/2267
f 2805/119/2267 2817/131/2277 2818/132/2278
f 2805/119/2267 2818/132/2278 2806/120/2268
f 2806/120/2268 2818/132/2278 2819/133/2279
f 2806/120/2268 2819/133/2279 2807/121/2269
f 2807/121/2269 2819/133/2279 2820/134/2280
f 2807/121/2269 2820/134/2280 2808/122/2270
f 2808/122/2270 2820/134/2280 2809/123/2092
f 2808/122/2270 2809/123/2092 2797/111/2259
f 2809/123/2092 2821/135/2091 2822/136/2281
f 2809/123/2092 2822/136/2281 2810/124/2271
f 2810/124/2271 2822/136/2281 2823/137/2282
f 2810/124/2271 2823/137/2282 2811/125/2272
f 2811/125/2272 2823/137/2282 2824/138/2283
f 2811/125/2272 2824/138/2283 2812/126/2273
f 2812/126/2273 2824/138/2283 2825/139/2284
f 2812/126/2273 2825/139/2284 2813/127/2274
f 2813/127/2274 2825/139/2284 2826/140/2285
f 2813/127/2274 2826/140/2285 2814/128/2275
f 2814/128/2275 2826/140/2285 2827/141/2080
f 2814/128/2275 2827/141/2080 2815/129/2079
f 2815/129/2079 2827/141/2080 2828/142/2286
f 2815/129/2079 2828/142/2286 2816/130/2276
f 2816/130/2276 2828/142/2286 2829/143/2287
f 2816/130/2276 2829/143/2287 2817/131/2277
f 2817/131/2277 2829/143/2287 2830/144/2288
f 2817/131/2277 2830/144/2288 2818/132/2278
f 2818/132/2278 2830/144/2288 2831/145/2289
f 2818/132/2278 2831/145/2289 2819/133/2279
f 2819/133/2279 2831/145/2289 2832/136/2290
f 2819/133/2279 2832/136/2290 2820/134/2280
f 2820/134/2280 2832/136/2290 2821/135/2091
f 2820/134/2280 2821/135/2091 2809/123/2092
f 2821/135/2091 2833/146/2291 2834/147/2292
f 2821/135/2091 2834/147/2292 2822/136/2281
f 2822/136/2281 2834/147/2292 2835/148/2293
f 2822/136/2281 2835/148/2293 2823/137/2282
f 2823/137/2282 2835/148/2293 2836/149/2294
f 2823/137/2282 2836/149/2294 2824/138/2283
f 2824/138/2283 2836/149/2294 2837/150/2295
f 2824/138/2283 2837/150/2295 2825/139/2284
f 2825/139/2284 2837/150/2295 2838/151/2296
f 2825/139/2284 2838/151/2296 2826/140/2285
f 2826/140/2285 2838/151/2296 2839/152/2297
f 2826/140/2285 2839/152/2297 2827/141/2080
f 2827/141/2080 2839/152/2297 2840/153/2298
f 2827/141/2080 2840/153/2298 2828/142/2286
f 2828/142/2286 2840/153/2298 2841/154/2299
f 2828/142/2286 2841/154/2299 2829/143/2287
f 2829/143/2287 2841/154/2299 2842/155/2300
f 2829/143/2287 2842/155/2300 2830/144/2288
f 2830/144/2288 2842/155/2300 2843/148/2301
f 2830/144/2288 2843/148/2301 2831/145/2289
f 2831/145/2289 2843/148/2301 2844/147/2302
f 2831/145/2289 2844/147/2302 2832/136/2290
f 2832/136/2290 2844/147/2302 2833/146/2291
f 2832/136/2290 2833/146/2291 2821/135/2091
f 2833/146/2291 2845/156/2121 2846/157/2303
f 2833/146/2291 2846/157/2303 2834/147/2292
f 2834/147/2292 2846/157/2303 2847/158/2304
f 2834/147/2292 2847/158/2304 2835/148/2293
f 2835/148/2293 2847/158/2304 2848/159/2305
f 2835/148/2293 2848/159/2305 2836/149/2294
f 2836/149/2294 2848/159/2305 2849/160/2306
f 2836/149/2294 2849/160/2306 2837/150/2295
f 2837/150/2295 2849/160/2306 2850/161/2307
f 2837/150/2295 2850/161/2307 2838/151/2296
f 2838/151/2296 2850/161/2307 2851/162/2115
f 2838/151/2296 2851/162/2115 2839/152/2297
f 2839/152/2297 2851/162/2115 2852/163/2308
f 2839/152/2297 2852/163/2308 2840/153/2298
f 2840/153/2298 2852/163/2308 2853/164/2309
f 2840/153/2298 2853/164/2309 2841/154/2299
f 2841/154/2299 2853/164/2309 2854/159/2310
f 2841/154/2299 2854/159/2310 2842/155/2300
f 2842/155/2300 2854/159/2310 2855/158/2311
f 2842/155/2300 2855/158/2311 2843/148/2301
f 2843/148/2301 2855/158/2311 2856/165/2312
f 2843/148/2301 2856/165/2312 2844/147/2302
f 2844/147/2302 2856/165/2312 2845/156/2121
f 2844/147/2302 2845/156/2121 2833/146/2291
f 2845/156/2121 2857/166/2313 2858/167/2314
f 2845/156/2121 2858/167/2314 2846/157/2303
f 2846/157/2303 2858/167/2314 2859/168/2315
f 2846/157/2303 2859/168/2315 2847/158/2304
f 2847/158/2304 2859/168/2315 2860/169/2316
f 2847/158/2304 2860/169/2316 2848/159/2305
f 2848/159/2305 2860/169/2316 2861/170/2317
f 2848/159/2305 2861/170/2317 2849/160/2306
f 2849/160/2306 2861/170/2317 2862/171/2318
f 2849/160/2306 2862/171/2318 2850/161/2307
f 2850/161/2307 2862/171/2318 2863/172/2319
f 2850/161/2307 2863/172/2319 2851/162/2115
f 2851/162/2115 2863/172/2319 2864/173/2320
f 2851/162/2115 2864/173/2320 2852/163/2308
f 2852/163/2308 2864/173/2320 2865/174/2321
f 2852/163/2308 2865/174/2321 2853/164/2309
f 2853/164/2309 2865/174/2321 2866/169/2322
f 2853/164/2309 2866/169/2322 2854/159/2310
f 2854/159/2310 2866/169/2322 2867/175/2323
f 2854/159/2310 2867/175/2323 2855/158/2311
f 2855/158/2311 2867/175/2323 2868/176/2324
f 2855/158/2311 2868/176/2324 2856/165/2312
f 2856/165/2312 2868/176/2324 2857/166/2313
f 2856/165/2312 2857/166/2313 2845/156/2121
f 2857/166/2313 2869/177/2325 2870/178/2326
f 2857/166/2313 2870/178/2326 2858/167/2314
f 2858/167/2314 2870/178/2326 2871/179/2327
f 2858/167/2314 2871/179/2327 2859/168/2315
f 2859/168/2315 2871/179/2327 2872/180/2328
f 2859/168/2315 2872/180/2328 2860/169/2316
f 2860/169/2316 2872/180/2328 2873/181/2329
f 2860/169/2316 2873/181/2329 2861/170/2317
f 2861/170/2317 2873/181/2329 2874/182/2330
f 2861/170/2317 2874/182/2330 2862/171/2318
f 2862/171/2318 2874/182/2330 2875/183/2331
f 2862/171/2318 2875/183/2331 2863/172/2319
f 2863/172/2319 2875/183/2331 2876/184/2332
f 2863/172/2319 2876/184/2332 2864/173/2320
f 2864/173/2320 2876/184/2332 2877/185/2333
f 2864/173/2320 2877/185/2333 2865/174/2321
f 2865/174/2321 2877/185/2333 2878/180/2334
f 2865/174/2321 2878/180/2334 2866/169/2322
f 2866/169/2322 2878/180/2334 2879/186/2335
f 2866/169/2322 2879/186/2335 2867/175/2323
f 2867/175/2323 2879/186/2335 2880/187/2336
f 2867/175/2323 2880/187/2336 2868/176/2324
f 2868/176/2324 2880/187/2336 2869/177/2325
f 2868/176/2324 2869/177/2325 2857/166/2313
f 2869/177/2325 2881/188/2157 2882/189/2337
f 2869/177/2325 2882/189/2337 2870/178/2326
f 2870/178/2326 2882/189/2337 2883/190/2338
f 2870/178/2326 2883/190/2338 2871/179/2327
f 2871/179/2327 2883/190/2338 2884/191/2339
f 2871/179/2327 2884/191/2339 2872/180/2328
f 2872/180/2328 2884/191/2339 2885/192/2340
f 2872/180/2328 2885/192/2340 2873/181/2329
f 2873/181/2329 2885/192/2340 2886/193/2341
f 2873/181/2329 2886/193/2341 2874/182/2330
f 2874/182/2330 2886/193/2341 2887/194/2151
f 2874/182/2330 2887/194/2151 2875/183/2331
f 2875/183/2331 2887/194/2151 2888/195/2342
f 2875/183/2331 2888/195/2342 2876/184/2332
f 2876/184/2332 2888/195/2342 2889/196/2343
f 2876/184/2332 2889/196/2343 2877/185/2333
f 2877/185/2333 2889/196/2343 2890/191/2344
f 2877/185/2333 2890/191/2344 2878/180/2334
f 2878/180/2334 2890/191/2344 2891/197/2345
f 2878/180/2334 2891/197/2345 2879/186/2335
f 2879/186/2335 2891/197/2345 2892/189/2346
f 2879/186/2335 2892/189/2346 2880/187/2336
f 2880/187/2336 2892/189/2346 2881/188/2157
f 2880/187/2336 2881/188/2157 2869/177/2325
f 2881/188/2157 2893/302/2169 2894/303/2347
f 2881/188/2157 2894/303/2347 2882/189/2337
f 2882/189/2337 2894/303/2347 2895/304/2348
f 2882/189/2337 2895/304/2348 2883/190/2338
f 2883/190/2338 2895/304/2348 2896/305/2349
f 2883/190/2338 2896/305/2349 2884/191/2339
f 2884/191/2339 2896/305/2349 2897/306/2350
f 2884/191/2339 2897/306/2350 2885/192/2340
f 2885/192/2340 2897/306/2350 2898/307/2351
f 2885/192/2340 2898/307/2351 2886/193/2341
f 2886/193/2341 2898/307/2351 2899/308/2163
f 2886/193/2341 2899/308/2163 2887/194/2151
f 2887/194/2151 2899/308/2163 2900/309/2352
f 2887/194/2151 2900/309/2352 2888/195/2342
f 2888/195/2342 2900/309/2352 2901/310/2353
f 2888/195/2342 2901/310/2353 2889/196/2343
f 2889/196/2343 2901/310/2353 2902/305/2354
f 2889/196/2343 2902/305/2354 2890/191/2344
f 2890/191/2344 2902/305/2354 2903/304/2355
f 2890/191/2344 2903/304/2355 2891/197/2345
f 2891/197/2345 2903/304/2355 2904/311/2356
f 2891/197/2345 2904/311/2356 2892/189/2346
f 2892/189/2346 2904/311/2356 2893/302/2169
f 2892/189/2346 2893/302/2169 2881/188/2157
f 2893/302/2169 2905/312/2181 2906/313/2357
f 2893/302/2169 2906/313/2357 2894/303/2347
f 2894/303/2347 2906/313/2357 2907/314/2358
f 2894/303/2347 2907/314/2358 2895/304/2348
f 2895/304/2348 2907/314/2358 2908/315/2359
f 2895/304/2348 2908/315/2359 2896/305/2349
f 2896/305/2349 2908/315/2359 2909/316/2360
f 2896/305/2349 2909/316/2360 2897/306/2350
f 2897/306/2350 2909/316/2360 2910/317/2361
f 2897/306/2350 2910/317/2361 2898/307/2351
f 2898/307/2351 2910/317/2361 2911/318/2175
f 2898/307/2351 2911/318/2175 2899/308/2163
f 2899/308/2163 2911/318/2175 2912/319/2362
f 2899/308/2163 2912/319/2362 2900/309/2352
f 2900/309/2352 2912/319/2362 2913/320/2363
f 2900/309/2352 2913/320/2363 2901/310/2353
f 2901/310/2353 2913/320/2363 2914/315/2364
f 2901/310/2353 2914/315/2364 2902/305/2354
f 2902/305/2354 2914/315/2364 2915/321/2365
f 2902/305/2354 2915/321/2365 2903/304/2355
f 2903/304/2355 2915/321/2365 2916/313/2366
f 2903/304/2355 2916/313/2366 2904/311/2356
f 2904/311/2356 2916/313/2366 2905/312/2181
f 2904/311/2356 2905/312/2181 2893/302/2169
f 2905/312/2181 2917/322/2193 2918/323/2367
f 2905/312/2181 2918/323/2367 2906/313/2357
f 2906/313/2357 2918/323/2367 2919/324/2368
f 2906/313/2357 2919/324/2368 2907/314/2358
f 2907/314/2358 2919/324/2368 2920/325/2369
f 2907/314/2358 2920/325/2369 2908/315/2359
f 2908/315/2359 2920/325/2369 2921/326/2370
f 2908/315/2359 2921/326/2370 2909/316/2360
f 2909/316/2360 2921/326/2370 2922/327/2371
f 2909/316/2360 2922/327/2371 2910/317/2361
f 2910/317/2361 2922/327/2371 2923/328/2187
f 2910/317/2361 2923/328/2187 2911/318/2175
f 2911/318/2175 2923/328/2187 2924/329/2372
f 2911/318/2175 2924/329/2372 2912/319/2362
f 2912/319/2362 2924/329/2372 2925/326/2373
f 2912/319/2362 2925/326/2373 2913/320/2363
f 2913/320/2363 2925/326/2373 2926/325/2374
f 2913/320/2363 2926/325/2374 2914/315/2364
f 2914/315/2364 2926/325/2374 2927/324/2375
f 2914/315/2364 2927/324/2375 2915/321/2365
f 2915/321/2365 2927/324/2375 2928/323/2376
f 2915/321/2365 2928/323/2376 2916/313/2366
f 2916/313/2366 2928/323/2376 2917/322/2193
f 2916/313/2366 2917/322/2193 2905/312/2181
f 2917/322/2193 2929/330/2377 2930/331/2378
f 2917/322/2193 2930/331/2378 2918/323/2367
f 2918/323/2367 2930/331/2378 2931/332/2379
f 2918/323/2367 2931/332/2379 2919/324/2368
f 2919/324/2368 2931/332/2379 2932/333/2380
f 2919/324/2368 2932/333/2380 2920/325/2369
f 2920/325/2369 2932/333/2380 2933/334/2381
f 2920/325/2369 2933/334/2381 2921/326/2370
f 2921/326/2370 2933/334/2381 2934/335/2382
f 2921/326/2370 2934/335/2382 2922/327/2371
f 2922/327/2371 2934/335/2382 2935/336/2199
f 2922/327/2371 2935/336/2199 2923/328/2187
f 2923/328/2187 2935/336/2199 2936/337/2383
f 2923/328/2187 2936/337/2383 2924/329/2372
f 2924/329/2372 2936/337/2383 2937/334/2384
f 2924/329/2372 2937/334/2384 2925/326/2373
f 2925/326/2373 2937/334/2384 2938/333/2385
f 2925/326/2373 2938/333/2385 2926/325/2374
f 2926/325/2374 2938/333/2385 2939/332/2386
f 2926/325/2374 2939/332/2386 2927/324/2375
f 2927/324/2375 2939/332/2386 2940/331/2387
f 2927/324/2375 2940/331/2387 2928/323/2376
f 2928/323/2376 2940/331/2387 2929/330/2377
f 2928/323/2376 2929/330/2377 2917/322/2193
f 2929/330/2377 2941/338/2217 2942/339/2388
f 2929/330/2377 2942/339/2388 2930/331/2378
f 2930/331/2378 2942/339/2388 2943/340/2389
f 2930/331/2378 2943/340/2389 2931/332/2379
f 2931/332/2379 2943/340/2389 2944/341/2390
f 2931/332/2379 2944/341/2390 2932/333/2380
f 2932/333/2380 2944/341/2390 2945/342/2391
f 2932/333/2380 2945/342/2391 2933/334/2381
f 2933/334/2381 2945/342/2391 2946/343/2392
f 2933/334/2381 2946/343/2392 2934/335/2382
f 2934/335/2382 2946/343/2392 2947/344/2211
f 2934/335/2382 2947/344/2211 2935/336/2199
f 2935/336/2199 2947/344/2211 2948/345/2393
f 2935/336/2199 2948/345/2393 2936/337/2383
f 2936/337/2383 2948/345/2393 2949/342/2394
f 2936/337/2383 2949/342/2394 2937/334/2384
f 2937/334/2384 2949/342/2394 2950/341/2395
f 2937/334/2384 2950/341/2395 2938/333/2385
f 2938/333/2385 2950/341/2395 2951/340/2396
f 2938/333/2385 2951/340/2396 2939/332/2386
f 2939/332/2386 2951/340/2396 2952/346/2397
f 2939/332/2386 2952/346/2397 2940/331/2387
f 2940/331/2387 2952/346/2397 2941/338/2217
f 2940/331/2387 2941/338/2217 2929/330/2377
f 2941/338/2217 2953/347/2398 2954/348/2399
f 2941/338/2217 2954/348/2399 2942/339/2388
f 2942/339/2388 2954/348/2399 2955/349/2400
f 2942/339/2388 2955/349/2400 2943/340/2389
f 2943/340/2389 2955/349/2400 2956/350/2401
f 2943/340/2389 2956/350/2401 2944/341/2390
f 2944/341/2390 2956/350/2401 2957/351/2402
f 2944/341/2390 2957/351/2402 2945/342/2391
f 2945/342/2391 2957/351/2402 2958/352/2403
f 2945/342/2391 2958/352/2403 2946/343/2392
f 2946/343/2392 2958/352/2403 2959/353/2404
f 2946/343/2392 2959/353/2404 2947/344/2211
f 2947/344/2211 2959/353/2404 2960/354/2405
f 2947/344/2211 2960/354/2405 2948/345/2393
f 2948/345/2393 2960/354/2405 2961/355/2406
f 2948/345/2393 2961/355/2406 2949/342/2394
f 2949/342/2394 2961/355/2406 2962/350/2407
f 2949/342/2394 2962/350/2407 2950/341/2395
f 2950/341/2395 2962/350/2407 2963/356/2408
f 2950/341/2395 2963/356/2408 2951/340/2396
f 2951/340/2396 2963/356/2408 2964/357/2409
f 2951/340/2396 2964/357/2409 2952/346/2397
f 2952/346/2397 2964/357/2409 2953/347/2398
f 2952/346/2397 2953/347/2398 2941/338/2217
f 2953/347/2398 2965/358/2410 2966/359/2411
f 2953/347/2398 2966/359/2411 2954/348/2399
f 2954/348/2399 2966/359/2411 2967/360/2412
f 2954/348/2399 2967/360/2412 2955/349/2400
f 2955/349/2400 2967/360/2412 2968/361/2413
f 2955/349/2400 2968/361/2413 2956/350/2401
f 2956/350/2401 2968/361/2413 2969/362/2414
f 2956/350/2401 2969/362/2414 2957/351/2402
f 2957/351/2402 2969/362/2414 2970/363/2415
f 2957/351/2402 2970/363/2415 2958/352/2403
f 2958/352/2403 2970/363/2415 2971/364/2416
f 2958/352/2403 2971/364/2416 2959/353/2404
f 2959/353/2404 2971/364/2416 2972/365/2417
f 2959/353/2404 2972/365/2417 2960/354/2405
f 2960/354/2405 2972/365/2417 2973/366/2418
f 2960/354/2405 2973/366/2418 2961/355/2406
f 2961/355/2406 2973/366/2418 2974/361/2419
f 2961/355/2406 2974/361/2419 2962/350/2407
f 2962/350/2407 2974/361/2419 2975/360/2420
f 2962/350/2407 2975/360/2420 2963/356/2408
f 2963/356/2408 2975/360/2420 2976/367/2421
f 2963/356/2408 2976/367/2421 2964/357/2409
f 2964/357/2409 2976/367/2421 2965/358/2410
f 2964/357/2409 2965/358/2410 2953/347/2398
f 2965/358/2410 2977/368/2253 2978/369/2422
f 2965/358/2410 2978/369/2422 2966/359/2411
f 2966/359/2411 2978/369/2422 2979/370/2423
f 2966/359/2411 2979/370/2423 2967/360/2412
f 2967/360/2412 2979/370/2423 2980/371/2424
f 2967/360/2412 2980/371/2424 2968/361/2413
f 2968/361/2413 2980/371/2424 2981/372/2425
f 2968/361/2413 2981/372/2425 2969/362/2414
f 2969/362/2414 2981/372/2425 2982/373/2426
f 2969/362/2414 2982/373/2426 2970/363/2415
f 2970/363/2415 2982/373/2426 2983/374/2247
f 2970/363/2415 2983/374/2247 2971/364/2416
f 2971/364/2416 2983/374/2247 2984/375/2427
f 2971/364/2416 2984/375/2427 2972/365/2417
f 2972/365/2417 2984/375/2427 2985/372/2428
f 2972/365/2417 2985/372/2428 2973/366/2418
f 2973/366/2418 2985/372/2428 2986/371/2429
f 2973/366/2418 2986/371/2429 2974/361/2419
f 2974/361/2419 2986/371/2429 2987/376/2430
f 2974/361/2419 2987/376/2430 2975/360/2420
f 2975/360/2420 2987/376/2430 2988/377/2431
f 2975/360/2420 2988/377/2431 2976/367/2421
f 2976/367/2421 2988/377/2431 2977/368/2253
f 2976/367/2421 2977/368/2253 2965/358/2410
f 2977/368/2253 2989/378/2432 2990/379/2433
f 2977/368/2253 2990/379/2433 2978/369/2422
f 2978/369/2422 2990/379/2433 2991/380/2434
f 2978/369/2422 2991/380/2434 2979/370/2423
f 2979/370/2423 2991/380/2434 2992/381/2435
f 2979/370/2423 2992/381/2435 2980/371/2424
f 2980/371/2424 2992/381/2435 2993/382/2436
f 2980/371/2424 2993/382/2436 2981/372/2425
f 2981/372/2425 2993/382/2436 2994/383/2437
f 2981/372/2425 2994/383/2437 2982/373/2426
f 2982/373/2426 2994/383/2437 2995/384/2438
f 2982/373/2426 2995/384/2438 2983/374/2247
f 2983/374/2247 2995/384/2438 2996/385/2439
f 2983/374/2247 2996/385/2439 2984/375/2427
f 2984/375/2427 2996/385/2439 2997/386/2440
f 2984/375/2427 2997/386/2440 2985/372/2428
f 2985/372/2428 2997/386/2440 2998/387/2441
f 2985/372/2428 2998/387/2441 2986/371/2429
f 2986/371/2429 2998/387/2441 2999/388/2442
f 2986/371/2429 2999/388/2442 2987/376/2430
f 2987/376/2430 2999/388/2442 3000/389/2443
f 2987/376/2430 3000/389/2443 2988/377/2431
f 2988/377/2431 3000/389/2443 2989/378/2432
f 2988/377/2431 2989/378/2432 2977/368/2253
f 2989/378/2432 2617/210/2079 2620/213/2082
f 2989/378/2432 2620/213/2082 2990/379/2433
f 2990/379/2433 2620/213/2082 2622/215/2084
f 2990/379/2433 2622/215/2084 2991/380/2434
f 2991/380/2434 2622/215/2084 2624/217/2086
f 2991/380/2434 2624/217/2086 2992/381/2435
f 2992/381/2435 2624/217/2086 2626/219/2088
f 2992/381/2435 2626/219/2088 2993/382/2436
f 2993/382/2436 2626/219/2088 2628/221/2090
f 2993/382/2436 2628/221/2090 2994/383/2437
f 2994/383/2437 2628/221/2090 2630/223/2092
f 2994/383/2437 2630/223/2092 2995/384/2438
f 2995/384/2438 2630/223/2092 2632/225/2094
f 2995/384/2438 2632/225/2094 2996/385/2439
f 2996/385/2439 2632/225/2094 2634/227/2096
f 2996/385/2439 2634/227/2096 2997/386/2440
f 2997/386/2440 2634/227/2096 2636/229/2098
f 2997/386/2440 2636/229/2098 2998/387/2441
f 2998/387/2441 2636/229/2098 2638/231/2100
f 2998/387/2441 2638/231/2100 2999/388/2442
f 2999/388/2442 2638/231/2100 2640/233/2102
f 2999/388/2442 2640/233/2102 3000/389/2443
f 3000/389/2443 2640/233/2102 2617/210/2079
f 3000/389/2443 2617/210/2079 2989/378/2432
o Sphere001_02_-_Default_0
v -0.686186 2.772195 0.613094
v -0.734403 2.844853 0.490710
v -0.763147 2.780177 0.509917
v -0.537574 2.616087 0.804533
v -0.686186 2.772195 0.613094
v -0.688979 2.593812 0.688976
v -0.047066 2.206188 0.969726
v -0.192196 2.315774 0.966225
v -0.190090 2.206188 0.955639
v 0.190087 2.206188 0.955639
v 0.191137 2.272617 0.960919
v 0.145859 2.217958 0.966100
v 0.541325 2.593813 0.810152
v 0.510451 2.776305 0.765271
v 0.419655 2.593813 0.875186
v 0.571562 3.238021 0.202626
v 0.576055 3.102475 0.440147
v 0.649002 3.102475 0.268826
v -0.686187 2.772195 -0.613093
v -0.763147 2.780177 -0.509916
v -0.734403 2.844853 -0.490710
v -0.537574 2.616087 -0.804533
v -0.688979 2.593812 -0.688976
v -0.686187 2.772195 -0.613093
v -0.047066 2.206187 -0.969726
v -0.190090 2.206187 -0.955639
v -0.192196 2.315774 -0.966225
v 0.190087 2.206187 -0.955639
v 0.145859 2.217958 -0.966100
v 0.191137 2.272616 -0.960919
v 0.541325 2.593812 -0.810153
v 0.419655 2.593812 -0.875186
v 0.510451 2.776305 -0.765272
v 0.571562 3.238021 -0.202626
v 0.649002 3.102475 -0.268827
v 0.576055 3.102475 -0.440147
v 0.234227 1.427116 0.046591
v 0.238816 1.427116 0.000000
v 0.380177 1.482172 0.000000
v 0.372872 1.482172 0.074169
v 0.351238 1.482172 0.145488
v 0.220637 1.427116 0.091391
v 0.234227 1.427116 0.046591
v 0.198568 1.427116 0.132679
v 0.220637 1.427116 0.091391
v 0.316105 1.482172 0.211215
v 0.268825 1.482172 0.268826
v 0.168868 1.427116 0.168869
v 0.198568 1.427116 0.132679
v 0.132679 1.427116 0.198568
v 0.168868 1.427116 0.168869
v 0.211215 1.482172 0.316106
v 0.145487 1.482172 0.351238
v 0.091391 1.427116 0.220637
v 0.132679 1.427116 0.198568
v 0.074168 1.482172 0.372872
v 0.046590 1.427116 0.234227
v 0.091391 1.427116 0.220637
v -0.000000 1.427116 0.238816
v 0.046590 1.427116 0.234227
v -0.000001 1.482172 0.380177
v -0.046591 1.427116 0.234227
v -0.000000 1.427116 0.238816
v -0.074169 1.482172 0.372872
v -0.091391 1.427116 0.220637
v -0.046591 1.427116 0.234227
v -0.145488 1.482172 0.351238
v -0.132679 1.427116 0.198568
v -0.091391 1.427116 0.220637
v -0.211216 1.482172 0.316105
v -0.268826 1.482172 0.268825
v -0.168869 1.427116 0.168868
v -0.132679 1.427116 0.198568
v -0.198568 1.427116 0.132679
v -0.168869 1.427116 0.168868
v -0.316106 1.482172 0.211215
v -0.220637 1.427116 0.091391
v -0.198568 1.427116 0.132679
v -0.351238 1.482172 0.145487
v -0.372872 1.482172 0.074168
v -0.234227 1.427116 0.046590
v -0.220637 1.427116 0.091391
v -0.238816 1.427116 0.000000
v -0.234227 1.427116 0.046590
v -0.380177 1.482172 0.000000
v 0.541326 1.573977 0.107677
v 0.372872 1.482172 0.074169
v 0.551931 1.573977 0.000000
v 0.351238 1.482172 0.145488
v 0.509918 1.573977 0.211216
v 0.316105 1.482172 0.211215
v 0.458914 1.573977 0.306637
v 0.390274 1.573977 0.390275
v 0.268825 1.482172 0.268826
v 0.306636 1.573977 0.458915
v 0.211215 1.482172 0.316106
v 0.145487 1.482172 0.351238
v 0.211214 1.573977 0.509919
v 0.107676 1.573977 0.541326
v 0.074168 1.482172 0.372872
v -0.000001 1.482172 0.380177
v -0.000001 1.573977 0.551931
v -0.074169 1.482172 0.372872
v -0.107677 1.573977 0.541326
v -0.211216 1.573977 0.509918
v -0.145488 1.482172 0.351238
v -0.211216 1.482172 0.316105
v -0.306637 1.573977 0.458914
v -0.390275 1.573977 0.390274
v -0.268826 1.482172 0.268825
v -0.316106 1.482172 0.211215
v -0.458915 1.573977 0.306636
v -0.351238 1.482172 0.145487
v -0.509918 1.573977 0.211214
v -0.372872 1.482172 0.074168
v -0.541326 1.573977 0.107676
v -0.551931 1.573977 0.000000
v -0.380177 1.482172 0.000000
v 0.688977 1.697525 0.137047
v 0.541326 1.573977 0.107677
v 0.702475 1.697525 0.000000
v 0.649002 1.697525 0.268826
v 0.509918 1.573977 0.211216
v 0.458914 1.573977 0.306637
v 0.584086 1.697525 0.390275
v 0.496725 1.697525 0.496726
v 0.390274 1.573977 0.390275
v 0.306636 1.573977 0.458915
v 0.390274 1.697525 0.584087
v 0.268825 1.697525 0.649003
v 0.211214 1.573977 0.509919
v 0.137045 1.697525 0.688978
v 0.107676 1.573977 0.541326
v -0.000001 1.573977 0.551931
v -0.000001 1.697525 0.702475
v -0.107677 1.573977 0.541326
v -0.137047 1.697525 0.688977
v -0.268827 1.697525 0.649002
v -0.211216 1.573977 0.509918
v -0.306637 1.573977 0.458914
v -0.390275 1.697525 0.584086
v -0.496726 1.697525 0.496724
v -0.390275 1.573977 0.390274
v -0.458915 1.573977 0.306636
v -0.584088 1.697525 0.390273
v -0.509918 1.573977 0.211214
v -0.649003 1.697525 0.268825
v -0.541326 1.573977 0.107676
v -0.688978 1.697525 0.137045
v -0.702475 1.697525 0.000000
v -0.551931 1.573977 0.000000
v 0.688977 1.697525 0.137047
v 0.826024 1.848069 0.000000
v 0.810152 1.848069 0.161150
v 0.763146 1.848069 0.316106
v 0.649002 1.697525 0.268826
v 0.686813 1.848069 0.458915
v 0.584086 1.697525 0.390275
v 0.584086 1.848069 0.584088
v 0.496725 1.697525 0.496726
v 0.390274 1.697525 0.584087
v 0.458913 1.848069 0.686814
v 0.316105 1.848069 0.763147
v 0.268825 1.697525 0.649003
v 0.161148 1.848069 0.810152
v 0.137045 1.697525 0.688978
v -0.000001 1.848069 0.826024
v -0.000001 1.697525 0.702475
v -0.161150 1.848069 0.810152
v -0.137047 1.697525 0.688977
v -0.268827 1.697525 0.649002
v -0.316107 1.848069 0.763146
v -0.390275 1.697525 0.584086
v -0.458915 1.848069 0.686813
v -0.584088 1.848069 0.584086
v -0.496726 1.697525 0.496724
v -0.686814 1.848069 0.458913
v -0.584088 1.697525 0.390273
v -0.763147 1.848069 0.316104
v -0.649003 1.697525 0.268825
v -0.688978 1.697525 0.137045
v -0.810152 1.848069 0.161148
v -0.826024 1.848069 0.000000
v -0.702475 1.697525 0.000000
v 0.810152 1.848069 0.161150
v 0.917828 2.019823 -0.000000
v 0.900192 2.019823 0.179060
v 0.847962 2.019823 0.351239
v 0.763146 1.848069 0.316106
v 0.686813 1.848069 0.458915
v 0.763146 2.019823 0.509919
v 0.584086 1.848069 0.584088
v 0.649002 2.019823 0.649003
v 0.509917 2.019824 0.763147
v 0.458913 1.848069 0.686814
v 0.351237 2.019824 0.847963
v 0.316105 1.848069 0.763147
v 0.161148 1.848069 0.810152
v 0.179058 2.019824 0.900193
v -0.000001 1.848069 0.826024
v -0.000001 2.019824 0.917828
v -0.161150 1.848069 0.810152
v -0.179061 2.019824 0.900192
v -0.351239 2.019823 0.847962
v -0.316107 1.848069 0.763146
v -0.458915 1.848069 0.686813
v -0.509919 2.019823 0.763145
v -0.649004 2.019823 0.649001
v -0.584088 1.848069 0.584086
v -0.686814 1.848069 0.458913
v -0.763147 2.019823 0.509917
v -0.763147 1.848069 0.316104
v -0.847963 2.019823 0.351236
v -0.900193 2.019823 0.179058
v -0.810152 1.848069 0.161148
v -0.917828 2.019823 0.000000
v -0.826024 1.848069 0.000000
v 0.955639 2.206188 0.190089
v 0.900192 2.019823 0.179060
v 0.974361 2.206188 -0.000000
v 0.847962 2.019823 0.351239
v 0.900192 2.206188 0.372873
v 0.810151 2.206188 0.541327
v 0.763146 2.019823 0.509919
v 0.688977 2.206188 0.688978
v 0.649002 2.019823 0.649003
v 0.541325 2.206188 0.810152
v 0.509917 2.019824 0.763147
v 0.351237 2.019824 0.847963
v 0.372871 2.206188 0.900193
v 0.179058 2.019824 0.900193
v -0.372873 2.206188 0.900192
v -0.351239 2.019823 0.847962
v -0.541327 2.206188 0.810151
v -0.509919 2.019823 0.763145
v -0.688979 2.206188 0.688976
v -0.649004 2.019823 0.649001
v -0.763147 2.019823 0.509917
v -0.810153 2.206188 0.541325
v -0.847963 2.019823 0.351236
v -0.900193 2.206188 0.372870
v -0.900193 2.019823 0.179058
v -0.955640 2.206187 0.190087
v -0.974361 2.206187 0.000000
v -0.917828 2.019823 0.000000
v 0.974361 2.400000 0.193813
v 0.955639 2.206188 0.190089
v 0.993450 2.400000 -0.000000
v 0.900192 2.206188 0.372873
v 0.917828 2.400000 0.380178
v 0.810151 2.206188 0.541327
v 0.826023 2.400000 0.551932
v 0.688977 2.206188 0.688978
v 0.702475 2.400000 0.702476
v 0.551930 2.400000 0.826024
v 0.541325 2.206188 0.810152
v 0.380176 2.400000 0.917829
v 0.372871 2.206188 0.900193
v -0.551933 2.400000 0.826023
v -0.541327 2.206188 0.810151
v -0.380178 2.400000 0.917828
v -0.702477 2.400000 0.702474
v -0.688979 2.206188 0.688976
v -0.810153 2.206188 0.541325
v -0.826025 2.400000 0.551930
v -0.900193 2.206188 0.372870
v -0.917829 2.400000 0.380175
v -0.974362 2.400000 0.193811
v -0.955640 2.206187 0.190087
v -0.974361 2.206187 0.000000
v -0.993450 2.400000 0.000000
v 0.974361 2.593812 -0.000000
v 0.955639 2.593812 0.190089
v 0.900192 2.593812 0.372873
v 0.955639 2.593812 0.190089
v 0.810151 2.593812 0.541327
v 0.900192 2.593812 0.372873
v 0.688977 2.593813 0.688978
v 0.810151 2.593812 0.541327
v 0.688977 2.593813 0.688978
v -0.537574 2.616087 0.804533
v -0.810153 2.593812 0.541325
v -0.688979 2.593812 0.688976
v -0.900193 2.593812 0.372870
v -0.810153 2.593812 0.541325
v -0.900193 2.593812 0.372870
v -0.955640 2.593812 0.190086
v -0.955640 2.593812 0.190086
v -0.974361 2.593812 0.000000
v 0.974361 2.593812 -0.000000
v 0.917828 2.780177 -0.000000
v 0.900192 2.780177 0.179060
v 0.847962 2.780177 0.351238
v 0.900192 2.780177 0.179060
v 0.847962 2.780177 0.351238
v 0.763146 2.780177 0.509919
v 0.763146 2.780177 0.509919
v 0.649002 2.780177 0.649003
v -0.847963 2.780177 0.351236
v -0.763147 2.780177 0.509917
v -0.900193 2.780177 0.179057
v -0.847963 2.780177 0.351236
v -0.917828 2.780177 0.000000
v -0.900193 2.780177 0.179057
v 0.810152 2.951931 0.161150
v 0.917828 2.780177 -0.000000
v 0.826024 2.951931 -0.000000
v 0.763146 2.951931 0.316106
v 0.810152 2.951931 0.161150
v 0.686813 2.951931 0.458915
v 0.763146 2.951931 0.316106
v 0.584086 2.951931 0.584087
v 0.686813 2.951931 0.458915
v -0.801614 2.962539 0.159449
v -0.808058 2.973823 -0.000000
v 0.688977 3.102475 0.137047
v 0.826024 2.951931 -0.000000
v 0.702475 3.102475 -0.000000
v 0.688977 3.102475 0.137047
v 0.649002 3.102475 0.268826
v 0.576055 3.102475 0.440147
v 0.702475 3.102475 -0.000000
v 0.550219 3.271997 -0.000000
v 0.561191 3.264215 0.093737
v 0.561191 3.264215 0.093737
v 0.571562 3.238021 0.202626
v -0.734403 2.844853 0.490710
v -0.778176 2.921498 0.322329
v 0.376025 2.521904 0.907807
v 0.339305 2.451478 0.926160
v 0.306412 2.411771 0.940205
v 0.560592 2.963702 0.603369
v 0.510451 2.776305 0.765271
v 0.649002 2.780177 0.649003
v 0.510451 2.776305 0.765271
v -0.354723 2.450268 0.921606
v -0.537574 2.616087 0.804533
v -0.686186 2.772195 0.613094
v -0.778176 2.921498 0.322329
v -0.801614 2.962539 0.159449
v 0.560592 2.963702 0.603369
v 0.584086 2.951931 0.584087
v 0.576055 3.102475 0.440147
v 0.234227 1.427116 -0.046591
v 0.372872 1.482172 -0.074169
v 0.351238 1.482172 -0.145488
v 0.234227 1.427116 -0.046591
v 0.220637 1.427116 -0.091391
v 0.198568 1.427116 -0.132679
v 0.316105 1.482172 -0.211215
v 0.220637 1.427116 -0.091391
v 0.268825 1.482172 -0.268826
v 0.198568 1.427116 -0.132679
v 0.168868 1.427116 -0.168868
v 0.132679 1.427116 -0.198568
v 0.211215 1.482172 -0.316106
v 0.168868 1.427116 -0.168868
v 0.145487 1.482172 -0.351238
v 0.132679 1.427116 -0.198568
v 0.091391 1.427116 -0.220637
v 0.074168 1.482172 -0.372872
v 0.091391 1.427116 -0.220637
v 0.046590 1.427116 -0.234227
v -0.000000 1.427116 -0.238816
v -0.000001 1.482172 -0.380177
v 0.046590 1.427116 -0.234227
v -0.046591 1.427116 -0.234227
v -0.074169 1.482172 -0.372872
v -0.000000 1.427116 -0.238816
v -0.091391 1.427116 -0.220637
v -0.145488 1.482172 -0.351237
v -0.046591 1.427116 -0.234227
v -0.132679 1.427116 -0.198568
v -0.211216 1.482172 -0.316105
v -0.091391 1.427116 -0.220637
v -0.268826 1.482172 -0.268825
v -0.132679 1.427116 -0.198568
v -0.168869 1.427116 -0.168868
v -0.198568 1.427116 -0.132678
v -0.316106 1.482172 -0.211214
v -0.168869 1.427116 -0.168868
v -0.220637 1.427116 -0.091390
v -0.351238 1.482172 -0.145486
v -0.198568 1.427116 -0.132678
v -0.372872 1.482172 -0.074168
v -0.220637 1.427116 -0.091390
v -0.234227 1.427116 -0.046590
v -0.234227 1.427116 -0.046590
v 0.541326 1.573977 -0.107677
v 0.372872 1.482172 -0.074169
v 0.351238 1.482172 -0.145488
v 0.509918 1.573977 -0.211215
v 0.316105 1.482172 -0.211215
v 0.458914 1.573977 -0.306637
v 0.390274 1.573977 -0.390275
v 0.268825 1.482172 -0.268826
v 0.306636 1.573977 -0.458914
v 0.211215 1.482172 -0.316106
v 0.145487 1.482172 -0.351238
v 0.211214 1.573977 -0.509918
v 0.107676 1.573977 -0.541326
v 0.074168 1.482172 -0.372872
v -0.000001 1.482172 -0.380177
v -0.000001 1.573977 -0.551931
v -0.074169 1.482172 -0.372872
v -0.107677 1.573977 -0.541326
v -0.211216 1.573977 -0.509917
v -0.145488 1.482172 -0.351237
v -0.211216 1.482172 -0.316105
v -0.306638 1.573977 -0.458913
v -0.390275 1.573977 -0.390273
v -0.268826 1.482172 -0.268825
v -0.316106 1.482172 -0.211214
v -0.458915 1.573977 -0.306635
v -0.351238 1.482172 -0.145486
v -0.509919 1.573977 -0.211214
v -0.372872 1.482172 -0.074168
v -0.541326 1.573977 -0.107675
v 0.688977 1.697525 -0.137047
v 0.541326 1.573977 -0.107677
v 0.649002 1.697525 -0.268826
v 0.509918 1.573977 -0.211215
v 0.458914 1.573977 -0.306637
v 0.584086 1.697525 -0.390275
v 0.496724 1.697525 -0.496725
v 0.390274 1.573977 -0.390275
v 0.306636 1.573977 -0.458914
v 0.390274 1.697525 -0.584087
v 0.268825 1.697525 -0.649003
v 0.211214 1.573977 -0.509918
v 0.137045 1.697525 -0.688977
v 0.107676 1.573977 -0.541326
v -0.000001 1.573977 -0.551931
v -0.000001 1.697525 -0.702475
v -0.107677 1.573977 -0.541326
v -0.137047 1.697525 -0.688977
v -0.268827 1.697525 -0.649002
v -0.211216 1.573977 -0.509917
v -0.306638 1.573977 -0.458913
v -0.390276 1.697525 -0.584086
v -0.496726 1.697525 -0.496724
v -0.390275 1.573977 -0.390273
v -0.458915 1.573977 -0.306635
v -0.584088 1.697525 -0.390273
v -0.509919 1.573977 -0.211214
v -0.649003 1.697525 -0.268824
v -0.541326 1.573977 -0.107675
v -0.688978 1.697525 -0.137044
v 0.688977 1.697525 -0.137047
v 0.810152 1.848069 -0.161150
v 0.763146 1.848069 -0.316106
v 0.649002 1.697525 -0.268826
v 0.686813 1.848069 -0.458915
v 0.584086 1.697525 -0.390275
v 0.584086 1.848069 -0.584087
v 0.496724 1.697525 -0.496725
v 0.390274 1.697525 -0.584087
v 0.458913 1.848069 -0.686814
v 0.316104 1.848069 -0.763147
v 0.268825 1.697525 -0.649003
v 0.161148 1.848069 -0.810152
v 0.137045 1.697525 -0.688977
v -0.000001 1.848069 -0.826023
v -0.000001 1.697525 -0.702475
v -0.161151 1.848069 -0.810151
v -0.137047 1.697525 -0.688977
v -0.268827 1.697525 -0.649002
v -0.316107 1.848069 -0.763145
v -0.390276 1.697525 -0.584086
v -0.458916 1.848069 -0.686812
v -0.584088 1.848069 -0.584086
v -0.496726 1.697525 -0.496724
v -0.686814 1.848069 -0.458912
v -0.584088 1.697525 -0.390273
v -0.763147 1.848069 -0.316104
v -0.649003 1.697525 -0.268824
v -0.688978 1.697525 -0.137044
v -0.810152 1.848069 -0.161147
v 0.810152 1.848069 -0.161150
v 0.900192 2.019823 -0.179060
v 0.847962 2.019823 -0.351239
v 0.763146 1.848069 -0.316106
v 0.686813 1.848069 -0.458915
v 0.763146 2.019823 -0.509919
v 0.584086 1.848069 -0.584087
v 0.649002 2.019823 -0.649003
v 0.509917 2.019823 -0.763147
v 0.458913 1.848069 -0.686814
v 0.351236 2.019823 -0.847963
v 0.316104 1.848069 -0.763147
v 0.161148 1.848069 -0.810152
v 0.179058 2.019823 -0.900192
v -0.000001 1.848069 -0.826023
v -0.000002 2.019823 -0.917828
v -0.161151 1.848069 -0.810151
v -0.179061 2.019823 -0.900192
v -0.351239 2.019823 -0.847962
v -0.316107 1.848069 -0.763145
v -0.458916 1.848069 -0.686812
v -0.509920 2.019823 -0.763145
v -0.649004 2.019823 -0.649001
v -0.584088 1.848069 -0.584086
v -0.686814 1.848069 -0.458912
v -0.763147 2.019823 -0.509916
v -0.763147 1.848069 -0.316104
v -0.847964 2.019823 -0.351236
v -0.900193 2.019823 -0.179057
v -0.810152 1.848069 -0.161147
v 0.955639 2.206187 -0.190090
v 0.900192 2.019823 -0.179060
v 0.847962 2.019823 -0.351239
v 0.900192 2.206187 -0.372873
v 0.810151 2.206187 -0.541327
v 0.763146 2.019823 -0.509919
v 0.688977 2.206187 -0.688978
v 0.649002 2.019823 -0.649003
v 0.541325 2.206187 -0.810152
v 0.509917 2.019823 -0.763147
v 0.351236 2.019823 -0.847963
v 0.372870 2.206187 -0.900193
v 0.179058 2.019823 -0.900192
v -0.372874 2.206187 -0.900191
v -0.351239 2.019823 -0.847962
v -0.541328 2.206187 -0.810151
v -0.509920 2.019823 -0.763145
v -0.688979 2.206187 -0.688976
v -0.649004 2.019823 -0.649001
v -0.763147 2.019823 -0.509916
v -0.810153 2.206187 -0.541324
v -0.847964 2.019823 -0.351236
v -0.900193 2.206187 -0.372870
v -0.900193 2.019823 -0.179057
v -0.955640 2.206187 -0.190086
v 0.974361 2.400000 -0.193814
v 0.955639 2.206187 -0.190090
v 0.900192 2.206187 -0.372873
v 0.917828 2.400000 -0.380178
v 0.810151 2.206187 -0.541327
v 0.826023 2.400000 -0.551932
v 0.688977 2.206187 -0.688978
v 0.702474 2.400000 -0.702476
v 0.551930 2.400000 -0.826024
v 0.541325 2.206187 -0.810152
v 0.380175 2.400000 -0.917829
v 0.372870 2.206187 -0.900193
v -0.551933 2.400000 -0.826022
v -0.380179 2.400000 -0.917827
v -0.541328 2.206187 -0.810151
v -0.702477 2.400000 -0.702474
v -0.688979 2.206187 -0.688976
v -0.810153 2.206187 -0.541324
v -0.826025 2.400000 -0.551929
v -0.900193 2.206187 -0.372870
v -0.917829 2.400000 -0.380175
v -0.974362 2.400000 -0.193810
v -0.955640 2.206187 -0.190086
v 0.955639 2.593812 -0.190090
v 0.900192 2.593812 -0.372873
v 0.955639 2.593812 -0.190090
v 0.810151 2.593812 -0.541327
v 0.900192 2.593812 -0.372873
v 0.688977 2.593812 -0.688978
v 0.810151 2.593812 -0.541327
v 0.688977 2.593812 -0.688978
v -0.537574 2.616087 -0.804533
v -0.810153 2.593812 -0.541324
v -0.688979 2.593812 -0.688976
v -0.900193 2.593812 -0.372870
v -0.810153 2.593812 -0.541324
v -0.955640 2.593812 -0.190086
v -0.900193 2.593812 -0.372870
v -0.955640 2.593812 -0.190086
v 0.900192 2.780177 -0.179061
v 0.847962 2.780177 -0.351239
v 0.900192 2.780177 -0.179061
v 0.763146 2.780177 -0.509919
v 0.847962 2.780177 -0.351239
v 0.649002 2.780177 -0.649003
v 0.763146 2.780177 -0.509919
v -0.847964 2.780177 -0.351236
v -0.763147 2.780177 -0.509916
v -0.900193 2.780177 -0.179057
v -0.847964 2.780177 -0.351236
v -0.900193 2.780177 -0.179057
v 0.810152 2.951931 -0.161150
v 0.763146 2.951931 -0.316107
v 0.810152 2.951931 -0.161150
v 0.686813 2.951931 -0.458915
v 0.763146 2.951931 -0.316107
v 0.584086 2.951931 -0.584088
v 0.686813 2.951931 -0.458915
v -0.801614 2.962539 -0.159449
v 0.688977 3.102475 -0.137047
v 0.688977 3.102475 -0.137047
v 0.576055 3.102475 -0.440147
v 0.649002 3.102475 -0.268827
v 0.561191 3.264215 -0.093738
v 0.571562 3.238021 -0.202626
v 0.561191 3.264215 -0.093738
v -0.734403 2.844853 -0.490710
v -0.778176 2.921498 -0.322329
v 0.306412 2.411771 -0.940205
v 0.339304 2.451477 -0.926160
v 0.376024 2.521904 -0.907807
v 0.510451 2.776305 -0.765272
v 0.560592 2.963702 -0.603369
v 0.510451 2.776305 -0.765272
v 0.649002 2.780177 -0.649003
v -0.354723 2.450267 -0.921606
v -0.537574 2.616087 -0.804533
v -0.686187 2.772195 -0.613093
v -0.778176 2.921498 -0.322329
v -0.801614 2.962539 -0.159449
v 0.560592 2.963702 -0.603369
v 0.576055 3.102475 -0.440147
v 0.584086 2.951931 -0.584088
v 0.071620 2.128340 0.968458
v -0.047066 2.206188 0.969726
v -0.192196 2.315774 0.966225
v -0.354723 2.450268 0.921606
v 0.419655 2.593813 0.875186
v 0.376025 2.521904 0.907807
v 0.380176 2.400000 0.917829
v 0.306412 2.411771 0.940205
v 0.191137 2.272617 0.960919
v 0.190087 2.206188 0.955639
v 0.190087 2.206188 0.955639
v 0.145859 2.217958 0.966100
v 0.071620 2.128340 0.968458
v -0.047066 2.206187 -0.969726
v 0.071619 2.128340 -0.968458
v -0.354723 2.450267 -0.921606
v -0.192196 2.315774 -0.966225
v 0.380175 2.400000 -0.917829
v 0.376024 2.521904 -0.907807
v 0.419655 2.593812 -0.875186
v 0.190087 2.206187 -0.955639
v 0.191137 2.272616 -0.960919
v 0.306412 2.411771 -0.940205
v 0.071619 2.128340 -0.968458
v 0.145859 2.217958 -0.966100
v 0.190087 2.206187 -0.955639
vn -0.7109 0.3210 0.6258
vn -0.7514 0.4711 0.4620
vn -0.7721 0.3803 0.5091
vn -0.5740 0.1649 0.8021
vn -0.7109 0.3209 0.6258
vn -0.6875 0.1998 0.6982
vn -0.1138 -0.2548 0.9603
vn -0.2276 -0.0810 0.9704
vn -0.1948 -0.1891 0.9624
vn 0.2420 -0.2169 0.9457
vn 0.2669 -0.0895 0.9596
vn 0.2005 -0.2586 0.9449
vn 0.5464 0.1921 0.8152
vn 0.5747 0.3370 0.7458
vn 0.4677 0.1544 0.8703
vn 0.7763 0.5974 0.2011
vn 0.7070 0.5846 0.3981
vn 0.7477 0.6078 0.2673
vn -0.7109 0.3210 -0.6258
vn -0.7721 0.3803 -0.5091
vn -0.7514 0.4711 -0.4620
vn -0.5740 0.1649 -0.8021
vn -0.6875 0.1998 -0.6982
vn -0.7109 0.3209 -0.6258
vn -0.1138 -0.2548 -0.9603
vn -0.1949 -0.1890 -0.9624
vn -0.2276 -0.0810 -0.9704
vn 0.2420 -0.2169 -0.9457
vn 0.2005 -0.2586 -0.9449
vn 0.2669 -0.0895 -0.9596
vn 0.5464 0.1921 -0.8152
vn 0.4677 0.1544 -0.8703
vn 0.5747 0.3370 -0.7458
vn 0.7763 0.5974 -0.2011
vn 0.7477 0.6078 -0.2673
vn 0.7070 0.5846 -0.3981
vn 0.3559 -0.9318 0.0708
vn 0.3629 -0.9318 -0.0000
vn 0.4209 -0.9071 -0.0000
vn 0.4129 -0.9071 0.0821
vn 0.3889 -0.9071 0.1611
vn 0.3353 -0.9318 0.1389
vn 0.3018 -0.9318 0.2016
vn 0.3500 -0.9071 0.2338
vn 0.2977 -0.9071 0.2976
vn 0.2566 -0.9318 0.2566
vn 0.3017 -0.9318 0.2016
vn 0.3500 -0.9071 0.2339
vn 0.2016 -0.9318 0.3017
vn 0.2976 -0.9071 0.2977
vn 0.2339 -0.9071 0.3500
vn 0.1611 -0.9071 0.3889
vn 0.1389 -0.9318 0.3353
vn 0.2016 -0.9318 0.3018
vn 0.2338 -0.9071 0.3500
vn 0.0821 -0.9071 0.4128
vn 0.0708 -0.9318 0.3559
vn -0.0000 -0.9318 0.3629
vn 0.0821 -0.9071 0.4129
vn -0.0000 -0.9071 0.4209
vn -0.0708 -0.9318 0.3559
vn -0.0821 -0.9071 0.4129
vn -0.1389 -0.9318 0.3353
vn -0.1611 -0.9071 0.3889
vn -0.2016 -0.9318 0.3018
vn -0.2338 -0.9071 0.3500
vn -0.2976 -0.9071 0.2977
vn -0.2566 -0.9318 0.2566
vn -0.2016 -0.9318 0.3017
vn -0.2339 -0.9071 0.3500
vn -0.3017 -0.9318 0.2016
vn -0.2977 -0.9071 0.2976
vn -0.3500 -0.9071 0.2339
vn -0.3353 -0.9318 0.1389
vn -0.3018 -0.9318 0.2016
vn -0.3500 -0.9071 0.2338
vn -0.3889 -0.9071 0.1611
vn -0.4129 -0.9071 0.0821
vn -0.3559 -0.9318 0.0708
vn -0.3629 -0.9318 -0.0000
vn -0.4210 -0.9071 -0.0000
vn 0.5490 -0.8287 0.1092
vn 0.4210 -0.9071 -0.0000
vn 0.5598 -0.8287 -0.0000
vn 0.5172 -0.8287 0.2142
vn 0.5171 -0.8287 0.2142
vn 0.4654 -0.8287 0.3110
vn 0.3958 -0.8287 0.3958
vn 0.2977 -0.9071 0.2977
vn 0.3110 -0.8287 0.4654
vn 0.2142 -0.8287 0.5171
vn 0.1092 -0.8287 0.5490
vn 0.2142 -0.8287 0.5172
vn -0.0000 -0.9071 0.4210
vn -0.0000 -0.8287 0.5598
vn -0.1092 -0.8287 0.5490
vn -0.2142 -0.8287 0.5172
vn -0.2142 -0.8287 0.5171
vn -0.3110 -0.8287 0.4654
vn -0.3958 -0.8287 0.3958
vn -0.2977 -0.9071 0.2977
vn -0.4654 -0.8287 0.3110
vn -0.5172 -0.8287 0.2142
vn -0.5490 -0.8287 0.1092
vn -0.5597 -0.8287 -0.0000
vn 0.6965 -0.7041 0.1385
vn 0.5491 -0.8286 0.1092
vn 0.5598 -0.8286 -0.0000
vn 0.7101 -0.7041 -0.0000
vn 0.6561 -0.7041 0.2717
vn 0.5172 -0.8286 0.2142
vn 0.5490 -0.8286 0.1092
vn 0.6965 -0.7041 0.1386
vn 0.4654 -0.8286 0.3110
vn 0.5172 -0.8286 0.2143
vn 0.6561 -0.7041 0.2718
vn 0.5904 -0.7041 0.3945
vn 0.5021 -0.7041 0.5021
vn 0.3958 -0.8286 0.3958
vn 0.3110 -0.8286 0.4655
vn 0.3945 -0.7041 0.5904
vn 0.2718 -0.7041 0.6561
vn 0.2142 -0.8286 0.5172
vn 0.3110 -0.8286 0.4654
vn 0.3945 -0.7041 0.5905
vn 0.1385 -0.7041 0.6965
vn 0.1092 -0.8286 0.5490
vn 0.2717 -0.7041 0.6561
vn -0.0000 -0.8286 0.5598
vn -0.0000 -0.7041 0.7101
vn -0.1092 -0.8286 0.5490
vn -0.1385 -0.7041 0.6965
vn -0.2717 -0.7041 0.6561
vn -0.2142 -0.8286 0.5172
vn -0.1386 -0.7041 0.6965
vn -0.3110 -0.8286 0.4654
vn -0.2143 -0.8286 0.5172
vn -0.2718 -0.7041 0.6561
vn -0.3945 -0.7041 0.5904
vn -0.5021 -0.7041 0.5021
vn -0.3958 -0.8286 0.3958
vn -0.4654 -0.8286 0.3110
vn -0.3959 -0.8286 0.3958
vn -0.5904 -0.7041 0.3945
vn -0.5172 -0.8286 0.2142
vn -0.4655 -0.8286 0.3110
vn -0.5905 -0.7041 0.3945
vn -0.6561 -0.7041 0.2718
vn -0.5490 -0.8286 0.1092
vn -0.6561 -0.7041 0.2717
vn -0.6965 -0.7041 0.1385
vn -0.7101 -0.7041 -0.0000
vn -0.5598 -0.8286 -0.0000
vn 0.6965 -0.7040 0.1385
vn 0.8333 -0.5528 -0.0000
vn 0.8173 -0.5528 0.1625
vn 0.7699 -0.5528 0.3189
vn 0.6561 -0.7040 0.2717
vn 0.6965 -0.7040 0.1386
vn 0.8173 -0.5528 0.1626
vn 0.6929 -0.5528 0.4629
vn 0.5905 -0.7040 0.3945
vn 0.6561 -0.7040 0.2718
vn 0.5893 -0.5528 0.5892
vn 0.5022 -0.7040 0.5021
vn 0.5905 -0.7040 0.3946
vn 0.6929 -0.5528 0.4630
vn 0.3946 -0.7040 0.5905
vn 0.5021 -0.7040 0.5022
vn 0.5892 -0.5528 0.5893
vn 0.4630 -0.5528 0.6929
vn 0.3189 -0.5528 0.7699
vn 0.2718 -0.7040 0.6561
vn 0.3945 -0.7040 0.5905
vn 0.4629 -0.5528 0.6929
vn 0.1626 -0.5528 0.8173
vn 0.1386 -0.7040 0.6965
vn 0.2717 -0.7040 0.6561
vn -0.0000 -0.5528 0.8333
vn -0.0000 -0.7040 0.7102
vn 0.1385 -0.7040 0.6965
vn 0.1625 -0.5528 0.8173
vn -0.1625 -0.5528 0.8173
vn -0.1385 -0.7040 0.6965
vn -0.2717 -0.7040 0.6561
vn -0.1386 -0.7040 0.6965
vn -0.1626 -0.5528 0.8173
vn -0.3189 -0.5528 0.7699
vn -0.3945 -0.7040 0.5905
vn -0.2718 -0.7040 0.6561
vn -0.4629 -0.5528 0.6929
vn -0.5892 -0.5528 0.5893
vn -0.5021 -0.7040 0.5022
vn -0.3946 -0.7040 0.5905
vn -0.4630 -0.5528 0.6929
vn -0.6929 -0.5528 0.4630
vn -0.5905 -0.7040 0.3946
vn -0.5022 -0.7040 0.5021
vn -0.5893 -0.5528 0.5892
vn -0.7699 -0.5528 0.3189
vn -0.6561 -0.7040 0.2718
vn -0.5905 -0.7040 0.3945
vn -0.6929 -0.5528 0.4629
vn -0.6965 -0.7040 0.1386
vn -0.6561 -0.7040 0.2717
vn -0.8173 -0.5528 0.1626
vn -0.8333 -0.5528 -0.0000
vn -0.6965 -0.7040 0.1385
vn -0.8173 -0.5528 0.1625
vn 0.8334 -0.5527 -0.0000
vn 0.9247 -0.3806 -0.0000
vn 0.9070 -0.3806 0.1804
vn 0.8544 -0.3806 0.3539
vn 0.8543 -0.3806 0.3539
vn 0.7689 -0.3806 0.5137
vn 0.5893 -0.5528 0.5893
vn 0.7689 -0.3806 0.5138
vn 0.6539 -0.3806 0.6539
vn 0.5138 -0.3806 0.7689
vn 0.3539 -0.3806 0.8543
vn 0.5137 -0.3806 0.7689
vn 0.3539 -0.3806 0.8544
vn 0.2054 -0.3968 0.8946
vn 0.2054 -0.3968 0.8947
vn -0.0073 -0.3943 0.9189
vn -0.0073 -0.3943 0.9190
vn -0.1864 -0.3815 0.9054
vn -0.3539 -0.3806 0.8544
vn -0.1864 -0.3816 0.9054
vn -0.3539 -0.3806 0.8543
vn -0.5137 -0.3806 0.7689
vn -0.6539 -0.3806 0.6539
vn -0.5893 -0.5528 0.5893
vn -0.5138 -0.3806 0.7689
vn -0.7689 -0.3806 0.5138
vn -0.7689 -0.3806 0.5137
vn -0.8543 -0.3806 0.3539
vn -0.9070 -0.3806 0.1804
vn -0.8544 -0.3806 0.3539
vn -0.9247 -0.3806 -0.0000
vn -0.8334 -0.5527 -0.0000
vn 0.9622 -0.1940 0.1914
vn 0.9070 -0.3805 0.1804
vn 0.9248 -0.3805 -0.0000
vn 0.9810 -0.1939 -0.0000
vn 0.8544 -0.3805 0.3539
vn 0.9622 -0.1939 0.1914
vn 0.9063 -0.1940 0.3754
vn 0.8157 -0.1940 0.5450
vn 0.7689 -0.3805 0.5137
vn 0.9063 -0.1939 0.3754
vn 0.6937 -0.1940 0.6937
vn 0.6539 -0.3805 0.6539
vn 0.7689 -0.3805 0.5138
vn 0.8157 -0.1939 0.5450
vn 0.5450 -0.1940 0.8157
vn 0.5138 -0.3805 0.7689
vn 0.6937 -0.1939 0.6937
vn 0.3539 -0.3805 0.8544
vn 0.5450 -0.1939 0.8157
vn 0.3741 -0.1926 0.9072
vn 0.3740 -0.1926 0.9072
vn -0.3734 -0.1880 0.9084
vn -0.3539 -0.3805 0.8544
vn -0.1949 -0.1891 0.9624
vn -0.5450 -0.1940 0.8157
vn -0.5137 -0.3805 0.7689
vn -0.3734 -0.1881 0.9084
vn -0.6937 -0.1940 0.6937
vn -0.6539 -0.3805 0.6539
vn -0.5138 -0.3805 0.7689
vn -0.5450 -0.1939 0.8157
vn -0.7689 -0.3805 0.5138
vn -0.6937 -0.1939 0.6937
vn -0.8157 -0.1940 0.5450
vn -0.8544 -0.3805 0.3539
vn -0.8157 -0.1939 0.5450
vn -0.9063 -0.1940 0.3754
vn -0.9070 -0.3805 0.1805
vn -0.9063 -0.1939 0.3754
vn -0.9622 -0.1940 0.1914
vn -0.9810 -0.1939 -0.0000
vn -0.9248 -0.3805 -0.0000
vn -0.9070 -0.3805 0.1804
vn -0.9622 -0.1939 0.1914
vn 0.9808 -0.0000 0.1951
vn 1.0000 -0.0000 -0.0000
vn 0.9064 -0.1939 0.3754
vn 0.9239 -0.0000 0.3827
vn 0.8315 -0.0000 0.5556
vn 0.7071 -0.0000 0.7071
vn 0.5562 -0.0002 0.8310
vn 0.3850 -0.0058 0.9229
vn 0.3741 -0.1925 0.9072
vn -0.5511 0.0101 0.8344
vn -0.3890 -0.0148 0.9211
vn -0.7051 0.0027 0.7091
vn -0.5512 0.0101 0.8343
vn -0.7052 0.0028 0.7090
vn -0.8315 -0.0000 0.5556
vn -0.9239 -0.0000 0.3827
vn -0.9808 -0.0000 0.1951
vn -0.9064 -0.1939 0.3754
vn -1.0000 -0.0000 -0.0000
vn 0.9810 0.1939 -0.0000
vn 0.9622 0.1939 0.1914
vn 0.9064 0.1939 0.3754
vn 0.8157 0.1939 0.5450
vn 0.9063 0.1939 0.3754
vn 0.6941 0.1934 0.6934
vn 0.5464 0.1920 0.8152
vn -0.6875 0.1997 0.6982
vn -0.8176 0.1913 0.5431
vn -0.9063 0.1939 0.3754
vn -0.9064 0.1939 0.3754
vn -0.9622 0.1939 0.1914
vn -0.9810 0.1939 -0.0000
vn 0.9248 0.3805 -0.0000
vn 0.9070 0.3805 0.1804
vn 0.8544 0.3805 0.3539
vn 0.9622 0.1940 0.1914
vn 0.9070 0.3805 0.1805
vn 0.9063 0.1940 0.3754
vn 0.7689 0.3805 0.5138
vn 0.6941 0.1935 0.6934
vn 0.8157 0.1940 0.5450
vn 0.6600 0.3754 0.6507
vn -0.8543 0.3822 0.3522
vn -0.8176 0.1914 0.5431
vn -0.7722 0.3802 0.5091
vn -0.9052 0.3864 0.1767
vn -0.9063 0.1940 0.3754
vn -0.8543 0.3822 0.3521
vn -0.9213 0.3889 -0.0000
vn -0.9622 0.1940 0.1914
vn -0.9052 0.3864 0.1766
vn 0.8173 0.5528 0.1626
vn 0.9070 0.3806 0.1804
vn 0.9247 0.3806 -0.0000
vn 0.8334 0.5527 -0.0000
vn 0.7770 0.5465 0.3125
vn 0.8544 0.3806 0.3539
vn 0.7161 0.5269 0.4579
vn 0.7689 0.3806 0.5137
vn 0.8543 0.3806 0.3539
vn 0.6430 0.4959 0.5836
vn 0.7689 0.3806 0.5138
vn -0.9052 0.3865 0.1766
vn -0.8617 0.4836 0.1534
vn -0.8730 0.4878 -0.0000
vn 0.7665 0.6297 0.1264
vn 0.8173 0.5528 0.1625
vn 0.8333 0.5528 -0.0000
vn 0.7676 0.6409 -0.0000
vn 0.7161 0.5269 0.4578
vn 0.7665 0.6297 0.1263
vn 0.7617 0.6479 -0.0000
vn 0.7713 0.6316 0.0789
vn 0.7477 0.6078 0.2672
vn 0.7713 0.6316 0.0790
vn 0.7764 0.5974 0.2011
vn -0.7514 0.4711 0.4619
vn -0.8223 0.4754 0.3128
vn -0.8543 0.3823 0.3522
vn 0.3849 -0.0057 0.9229
vn 0.4437 0.0953 0.8911
vn 0.3034 0.0873 0.9489
vn 0.2907 -0.0347 0.9562
vn 0.6172 0.4894 0.6161
vn 0.5747 0.3370 0.7457
vn 0.6600 0.3754 0.6508
vn -0.3846 0.0403 0.9222
vn -0.5739 0.1649 0.8021
vn -0.7721 0.3802 0.5091
vn -0.6875 0.1998 0.6981
vn -0.8617 0.4836 0.1535
vn 0.7069 0.5846 0.3981
vn 0.3559 -0.9318 -0.0708
vn 0.4129 -0.9071 -0.0821
vn 0.3889 -0.9071 -0.1611
vn 0.3353 -0.9318 -0.1389
vn 0.3018 -0.9318 -0.2016
vn 0.3500 -0.9071 -0.2338
vn 0.2977 -0.9071 -0.2976
vn 0.3500 -0.9071 -0.2339
vn 0.3017 -0.9318 -0.2016
vn 0.2566 -0.9318 -0.2566
vn 0.2016 -0.9318 -0.3017
vn 0.2339 -0.9071 -0.3500
vn 0.2976 -0.9071 -0.2977
vn 0.1611 -0.9071 -0.3889
vn 0.2338 -0.9071 -0.3500
vn 0.2016 -0.9318 -0.3018
vn 0.1389 -0.9318 -0.3353
vn 0.0821 -0.9071 -0.4129
vn 0.0708 -0.9318 -0.3559
vn -0.0000 -0.9318 -0.3629
vn -0.0000 -0.9071 -0.4209
vn -0.0708 -0.9318 -0.3559
vn -0.0821 -0.9071 -0.4129
vn -0.1389 -0.9318 -0.3353
vn -0.1611 -0.9071 -0.3889
vn -0.0821 -0.9071 -0.4128
vn -0.2016 -0.9318 -0.3018
vn -0.2338 -0.9071 -0.3500
vn -0.2976 -0.9071 -0.2977
vn -0.2339 -0.9071 -0.3500
vn -0.2016 -0.9318 -0.3017
vn -0.2566 -0.9318 -0.2566
vn -0.3017 -0.9318 -0.2016
vn -0.3500 -0.9071 -0.2339
vn -0.2977 -0.9071 -0.2976
vn -0.3353 -0.9318 -0.1389
vn -0.3889 -0.9071 -0.1611
vn -0.3500 -0.9071 -0.2338
vn -0.3018 -0.9318 -0.2016
vn -0.4129 -0.9071 -0.0821
vn -0.3559 -0.9318 -0.0708
vn 0.5490 -0.8287 -0.1092
vn 0.5172 -0.8287 -0.2142
vn 0.4654 -0.8287 -0.3110
vn 0.5171 -0.8287 -0.2142
vn 0.3958 -0.8287 -0.3958
vn 0.2977 -0.9071 -0.2977
vn 0.3110 -0.8287 -0.4654
vn 0.2142 -0.8287 -0.5171
vn 0.1092 -0.8287 -0.5490
vn 0.2142 -0.8287 -0.5172
vn -0.0000 -0.9071 -0.4210
vn -0.0000 -0.8287 -0.5598
vn -0.1092 -0.8287 -0.5490
vn -0.2142 -0.8287 -0.5172
vn -0.3110 -0.8287 -0.4654
vn -0.2142 -0.8287 -0.5171
vn -0.3958 -0.8287 -0.3958
vn -0.2977 -0.9071 -0.2977
vn -0.4654 -0.8287 -0.3110
vn -0.5172 -0.8287 -0.2142
vn -0.5490 -0.8287 -0.1092
vn 0.6965 -0.7041 -0.1385
vn 0.5491 -0.8286 -0.1092
vn 0.6561 -0.7041 -0.2717
vn 0.5490 -0.8286 -0.1092
vn 0.5172 -0.8286 -0.2142
vn 0.4654 -0.8286 -0.3110
vn 0.5905 -0.7041 -0.3945
vn 0.6561 -0.7041 -0.2718
vn 0.5172 -0.8286 -0.2143
vn 0.5021 -0.7041 -0.5021
vn 0.5904 -0.7041 -0.3945
vn 0.3958 -0.8286 -0.3958
vn 0.3110 -0.8286 -0.4654
vn 0.3945 -0.7041 -0.5904
vn 0.2718 -0.7041 -0.6561
vn 0.2142 -0.8286 -0.5172
vn 0.1385 -0.7041 -0.6965
vn 0.2717 -0.7041 -0.6561
vn 0.1092 -0.8286 -0.5490
vn -0.0000 -0.8286 -0.5598
vn -0.0000 -0.7041 -0.7101
vn -0.1092 -0.8286 -0.5490
vn -0.1385 -0.7041 -0.6965
vn -0.2717 -0.7041 -0.6561
vn -0.2142 -0.8286 -0.5172
vn -0.3110 -0.8286 -0.4655
vn -0.3945 -0.7041 -0.5905
vn -0.2718 -0.7041 -0.6561
vn -0.2143 -0.8286 -0.5172
vn -0.5021 -0.7041 -0.5021
vn -0.3945 -0.7041 -0.5904
vn -0.3110 -0.8286 -0.4654
vn -0.3958 -0.8286 -0.3958
vn -0.4654 -0.8286 -0.3110
vn -0.5904 -0.7041 -0.3945
vn -0.3959 -0.8286 -0.3958
vn -0.5172 -0.8286 -0.2142
vn -0.6561 -0.7041 -0.2718
vn -0.5905 -0.7041 -0.3945
vn -0.4655 -0.8286 -0.3110
vn -0.5490 -0.8286 -0.1092
vn -0.6965 -0.7041 -0.1385
vn -0.6561 -0.7041 -0.2717
vn -0.5491 -0.8286 -0.1092
vn 0.6965 -0.7040 -0.1385
vn 0.8173 -0.5528 -0.1625
vn 0.7699 -0.5528 -0.3189
vn 0.8173 -0.5528 -0.1626
vn 0.6965 -0.7040 -0.1386
vn 0.6561 -0.7040 -0.2717
vn 0.6929 -0.5528 -0.4629
vn 0.6561 -0.7040 -0.2718
vn 0.5905 -0.7040 -0.3945
vn 0.5893 -0.5528 -0.5892
vn 0.6929 -0.5528 -0.4630
vn 0.5905 -0.7040 -0.3946
vn 0.5022 -0.7040 -0.5021
vn 0.3946 -0.7040 -0.5905
vn 0.4630 -0.5528 -0.6929
vn 0.5892 -0.5528 -0.5893
vn 0.5021 -0.7040 -0.5022
vn 0.3189 -0.5528 -0.7699
vn 0.4629 -0.5528 -0.6929
vn 0.3945 -0.7040 -0.5905
vn 0.2718 -0.7040 -0.6561
vn 0.1626 -0.5528 -0.8173
vn 0.2717 -0.7040 -0.6561
vn 0.1386 -0.7040 -0.6965
vn -0.0000 -0.5528 -0.8333
vn 0.1625 -0.5528 -0.8173
vn 0.1385 -0.7040 -0.6965
vn -0.0000 -0.7040 -0.7102
vn -0.1625 -0.5528 -0.8173
vn -0.1385 -0.7040 -0.6965
vn -0.2717 -0.7040 -0.6561
vn -0.3189 -0.5528 -0.7699
vn -0.1626 -0.5528 -0.8173
vn -0.1386 -0.7040 -0.6965
vn -0.3945 -0.7040 -0.5905
vn -0.4629 -0.5528 -0.6929
vn -0.2718 -0.7040 -0.6561
vn -0.5892 -0.5528 -0.5893
vn -0.4630 -0.5528 -0.6929
vn -0.3946 -0.7040 -0.5905
vn -0.5021 -0.7040 -0.5022
vn -0.6929 -0.5528 -0.4630
vn -0.5893 -0.5528 -0.5892
vn -0.5022 -0.7040 -0.5021
vn -0.5905 -0.7040 -0.3946
vn -0.7699 -0.5528 -0.3189
vn -0.6929 -0.5528 -0.4629
vn -0.5905 -0.7040 -0.3945
vn -0.6561 -0.7040 -0.2718
vn -0.6965 -0.7040 -0.1386
vn -0.8173 -0.5528 -0.1626
vn -0.6561 -0.7040 -0.2717
vn -0.8173 -0.5528 -0.1625
vn -0.6965 -0.7040 -0.1385
vn 0.9070 -0.3806 -0.1804
vn 0.8544 -0.3806 -0.3539
vn 0.7689 -0.3806 -0.5137
vn 0.8543 -0.3806 -0.3539
vn 0.5893 -0.5528 -0.5893
vn 0.6539 -0.3806 -0.6539
vn 0.7689 -0.3806 -0.5138
vn 0.5138 -0.3806 -0.7689
vn 0.3539 -0.3806 -0.8543
vn 0.5137 -0.3806 -0.7689
vn 0.2054 -0.3968 -0.8946
vn 0.3539 -0.3806 -0.8544
vn -0.0073 -0.3943 -0.9189
vn 0.2054 -0.3968 -0.8947
vn -0.1864 -0.3815 -0.9054
vn -0.3539 -0.3806 -0.8544
vn -0.1864 -0.3816 -0.9054
vn -0.5137 -0.3806 -0.7689
vn -0.3539 -0.3806 -0.8543
vn -0.6539 -0.3806 -0.6539
vn -0.5138 -0.3806 -0.7689
vn -0.5893 -0.5528 -0.5893
vn -0.7689 -0.3806 -0.5138
vn -0.8543 -0.3806 -0.3539
vn -0.7689 -0.3806 -0.5137
vn -0.9070 -0.3806 -0.1804
vn -0.8544 -0.3806 -0.3539
vn 0.9622 -0.1939 -0.1914
vn 0.9070 -0.3805 -0.1804
vn 0.8544 -0.3805 -0.3539
vn 0.9063 -0.1939 -0.3754
vn 0.9622 -0.1940 -0.1914
vn 0.9070 -0.3805 -0.1805
vn 0.8157 -0.1939 -0.5450
vn 0.9063 -0.1940 -0.3754
vn 0.7689 -0.3805 -0.5138
vn 0.6937 -0.1939 -0.6937
vn 0.8157 -0.1940 -0.5450
vn 0.6539 -0.3805 -0.6539
vn 0.5450 -0.1939 -0.8157
vn 0.6937 -0.1940 -0.6937
vn 0.5138 -0.3805 -0.7689
vn 0.3539 -0.3805 -0.8544
vn 0.3741 -0.1926 -0.9072
vn 0.5450 -0.1940 -0.8157
vn 0.5137 -0.3805 -0.7689
vn 0.3740 -0.1926 -0.9072
vn -0.3734 -0.1880 -0.9084
vn -0.1949 -0.1891 -0.9624
vn -0.3539 -0.3805 -0.8544
vn -0.5450 -0.1940 -0.8157
vn -0.3734 -0.1881 -0.9084
vn -0.5138 -0.3805 -0.7689
vn -0.6937 -0.1939 -0.6937
vn -0.6539 -0.3805 -0.6539
vn -0.7689 -0.3805 -0.5138
vn -0.8157 -0.1939 -0.5450
vn -0.6937 -0.1940 -0.6937
vn -0.8544 -0.3805 -0.3539
vn -0.9063 -0.1939 -0.3754
vn -0.8157 -0.1940 -0.5450
vn -0.7689 -0.3805 -0.5137
vn -0.9070 -0.3805 -0.1804
vn -0.9622 -0.1939 -0.1914
vn -0.9063 -0.1940 -0.3754
vn -0.9622 -0.1940 -0.1914
vn 0.9808 -0.0000 -0.1951
vn 0.9064 -0.1939 -0.3754
vn 0.9239 -0.0000 -0.3827
vn 0.8315 -0.0000 -0.5556
vn 0.7071 -0.0000 -0.7071
vn 0.5562 -0.0002 -0.8310
vn 0.3850 -0.0057 -0.9229
vn 0.3741 -0.1925 -0.9072
vn -0.5511 0.0101 -0.8344
vn -0.3890 -0.0148 -0.9211
vn -0.5450 -0.1939 -0.8157
vn -0.7051 0.0027 -0.7091
vn -0.5512 0.0101 -0.8343
vn -0.8315 -0.0000 -0.5556
vn -0.7052 0.0028 -0.7090
vn -0.9239 -0.0000 -0.3827
vn -0.9808 -0.0000 -0.1951
vn -0.9064 -0.1939 -0.3754
vn 0.9622 0.1939 -0.1914
vn 0.9064 0.1939 -0.3754
vn 0.8157 0.1939 -0.5450
vn 0.9063 0.1939 -0.3754
vn 0.6941 0.1934 -0.6934
vn 0.5464 0.1920 -0.8152
vn -0.6875 0.1997 -0.6982
vn -0.8176 0.1913 -0.5431
vn -0.9063 0.1939 -0.3754
vn -0.9622 0.1939 -0.1914
vn -0.9064 0.1939 -0.3754
vn 0.9622 0.1940 -0.1914
vn 0.9070 0.3805 -0.1804
vn 0.8544 0.3805 -0.3539
vn 0.9063 0.1940 -0.3754
vn 0.8157 0.1940 -0.5450
vn 0.7689 0.3805 -0.5137
vn 0.6941 0.1935 -0.6934
vn 0.6600 0.3754 -0.6507
vn 0.7689 0.3805 -0.5138
vn -0.8543 0.3822 -0.3522
vn -0.7722 0.3802 -0.5091
vn -0.9063 0.1940 -0.3754
vn -0.9052 0.3864 -0.1767
vn -0.8543 0.3822 -0.3521
vn -0.9622 0.1940 -0.1914
vn -0.9052 0.3864 -0.1766
vn 0.8173 0.5528 -0.1626
vn 0.9070 0.3806 -0.1804
vn 0.7770 0.5465 -0.3125
vn 0.8544 0.3806 -0.3539
vn 0.7161 0.5269 -0.4578
vn 0.8543 0.3806 -0.3539
vn 0.7689 0.3806 -0.5137
vn 0.6430 0.4959 -0.5836
vn 0.7161 0.5269 -0.4579
vn 0.7689 0.3806 -0.5138
vn -0.8617 0.4836 -0.1534
vn -0.9052 0.3865 -0.1766
vn 0.7665 0.6297 -0.1264
vn 0.8173 0.5528 -0.1625
vn 0.7665 0.6297 -0.1263
vn 0.7713 0.6316 -0.0789
vn 0.7477 0.6078 -0.2672
vn 0.7764 0.5974 -0.2010
vn 0.7713 0.6316 -0.0790
vn -0.7514 0.4711 -0.4619
vn -0.8543 0.3823 -0.3522
vn -0.8223 0.4754 -0.3128
vn 0.3849 -0.0057 -0.9229
vn 0.2907 -0.0347 -0.9562
vn 0.3034 0.0873 -0.9489
vn 0.4437 0.0953 -0.8911
vn 0.5747 0.3370 -0.7457
vn 0.6172 0.4894 -0.6161
vn 0.6600 0.3754 -0.6508
vn -0.3846 0.0403 -0.9222
vn -0.5739 0.1649 -0.8021
vn -0.6875 0.1998 -0.6981
vn -0.8176 0.1914 -0.5431
vn -0.7721 0.3802 -0.5091
vn -0.8617 0.4836 -0.1535
vn 0.7069 0.5846 -0.3981
vn 0.0805 -0.3373 0.9380
vn -0.3846 0.0402 0.9222
vn 0.3850 -0.0057 0.9229
vn 0.4677 0.1543 0.8703
vn 0.3740 -0.1925 0.9072
vn 0.2004 -0.2587 0.9449
vn 0.0805 -0.3373 0.9379
vn 0.0805 -0.3373 -0.9380
vn -0.2277 -0.0810 -0.9704
vn -0.3846 0.0402 -0.9222
vn 0.4677 0.1543 -0.8703
vn 0.3740 -0.1925 -0.9072
vn 0.2004 -0.2587 -0.9449
vn 0.0805 -0.3373 -0.9379
vt 0.888268 0.625000
vt 0.906250 0.648535
vt 0.906250 0.625000
vt 0.843967 0.569970
vt 0.875000 0.609495
vt 0.875000 0.562500
vt 0.757737 0.437500
vt 0.781250 0.472839
vt 0.781250 0.437500
vt 0.718750 0.437500
vt 0.718750 0.455126
vt 0.725881 0.437500
vt 0.656250 0.562500
vt 0.656747 0.621078
vt 0.680211 0.562500
vt 0.563771 0.820668
vt 0.602052 0.751625
vt 0.562500 0.750000
vt 0.519630 0.062500
vt 0.500000 0.062500
vt 0.500000 0.125000
vt 0.531250 0.125000
vt 0.562500 0.125000
vt 0.550880 0.062500
vt 0.531250 0.062500
vt 0.582130 0.062500
vt 0.562500 0.062500
vt 0.593750 0.125000
vt 0.625000 0.125000
vt 0.613380 0.062500
vt 0.593750 0.062500
vt 0.644630 0.062500
vt 0.625000 0.062500
vt 0.656250 0.125000
vt 0.687500 0.125000
vt 0.675880 0.062500
vt 0.656250 0.062500
vt 0.718750 0.125000
vt 0.707130 0.062500
vt 0.687500 0.062500
vt 0.738380 0.062500
vt 0.718750 0.062500
vt 0.750000 0.125000
vt 0.769630 0.062500
vt 0.750000 0.062500
vt 0.781250 0.125000
vt 0.800880 0.062500
vt 0.781250 0.062500
vt 0.812500 0.125000
vt 0.832130 0.062500
vt 0.812500 0.062500
vt 0.843750 0.125000
vt 0.875000 0.125000
vt 0.863381 0.062500
vt 0.843750 0.062500
vt 0.894630 0.062500
vt 0.875000 0.062500
vt 0.906250 0.125000
vt 0.925880 0.062500
vt 0.906250 0.062500
vt 0.937500 0.125000
vt 0.968750 0.125000
vt 0.957131 0.062500
vt 0.937500 0.062500
vt 0.988381 0.062500
vt 0.968750 0.062500
vt 1.000000 0.125000
vt 0.531250 0.187500
vt 0.521525 0.125000
vt 0.500000 0.187500
vt 0.552775 0.125000
vt 0.562500 0.187500
vt 0.584025 0.125000
vt 0.593750 0.187500
vt 0.625000 0.187500
vt 0.615275 0.125000
vt 0.656250 0.187500
vt 0.646526 0.125000
vt 0.677775 0.125000
vt 0.687500 0.187500
vt 0.718750 0.187500
vt 0.709026 0.125000
vt 0.740276 0.125000
vt 0.750000 0.187500
vt 0.771526 0.125000
vt 0.781250 0.187500
vt 0.812500 0.187500
vt 0.802776 0.125000
vt 0.834026 0.125000
vt 0.843750 0.187500
vt 0.875000 0.187500
vt 0.865276 0.125000
vt 0.896526 0.125000
vt 0.906250 0.187500
vt 0.927776 0.125000
vt 0.937500 0.187500
vt 0.959026 0.125000
vt 0.968750 0.187500
vt 1.000000 0.187500
vt 0.990276 0.125000
vt 0.531250 0.250000
vt 0.524553 0.187500
vt 0.500000 0.250000
vt 0.562500 0.250000
vt 0.555803 0.187500
vt 0.587053 0.187500
vt 0.593750 0.250000
vt 0.625000 0.250000
vt 0.618303 0.187500
vt 0.649553 0.187500
vt 0.656250 0.250000
vt 0.687500 0.250000
vt 0.680803 0.187500
vt 0.718750 0.250000
vt 0.712053 0.187500
vt 0.743303 0.187500
vt 0.750000 0.250000
vt 0.774553 0.187500
vt 0.781250 0.250000
vt 0.812500 0.250000
vt 0.805803 0.187500
vt 0.837053 0.187500
vt 0.843750 0.250000
vt 0.875000 0.250000
vt 0.868303 0.187500
vt 0.899553 0.187500
vt 0.906250 0.250000
vt 0.930803 0.187500
vt 0.937500 0.250000
vt 0.962053 0.187500
vt 0.968750 0.250000
vt 1.000000 0.250000
vt 0.993303 0.187500
vt 0.526576 0.250000
vt 0.500000 0.312500
vt 0.531250 0.312500
vt 0.562500 0.312500
vt 0.557826 0.250000
vt 0.593750 0.312500
vt 0.589076 0.250000
vt 0.625000 0.312500
vt 0.620326 0.250000
vt 0.651576 0.250000
vt 0.656250 0.312500
vt 0.687500 0.312500
vt 0.682826 0.250000
vt 0.718750 0.312500
vt 0.714076 0.250000
vt 0.750000 0.312500
vt 0.745326 0.250000
vt 0.781250 0.312500
vt 0.776576 0.250000
vt 0.807826 0.250000
vt 0.812500 0.312500
vt 0.839076 0.250000
vt 0.843750 0.312500
vt 0.875000 0.312500
vt 0.870326 0.250000
vt 0.906250 0.312500
vt 0.901576 0.250000
vt 0.937500 0.312500
vt 0.932826 0.250000
vt 0.964076 0.250000
vt 0.968750 0.312500
vt 1.000000 0.312500
vt 0.995326 0.250000
vt 0.528124 0.312500
vt 0.500000 0.375000
vt 0.531250 0.375000
vt 0.562500 0.375000
vt 0.559374 0.312500
vt 0.590624 0.312500
vt 0.593750 0.375000
vt 0.621874 0.312500
vt 0.625000 0.375000
vt 0.656250 0.375000
vt 0.653124 0.312500
vt 0.687500 0.375000
vt 0.684374 0.312500
vt 0.715624 0.312500
vt 0.718750 0.375000
vt 0.746874 0.312500
vt 0.750000 0.375000
vt 0.778124 0.312500
vt 0.781250 0.375000
vt 0.812500 0.375000
vt 0.809374 0.312500
vt 0.840624 0.312500
vt 0.843750 0.375000
vt 0.875000 0.375000
vt 0.871874 0.312500
vt 0.903124 0.312500
vt 0.906250 0.375000
vt 0.934374 0.312500
vt 0.937500 0.375000
vt 0.968750 0.375000
vt 0.965624 0.312500
vt 1.000000 0.375000
vt 0.996875 0.312500
vt 0.531250 0.437500
vt 0.529437 0.375000
vt 0.500000 0.437500
vt 0.560687 0.375000
vt 0.562500 0.437500
vt 0.593750 0.437500
vt 0.591937 0.375000
vt 0.625000 0.437500
vt 0.623187 0.375000
vt 0.656250 0.437500
vt 0.654437 0.375000
vt 0.685687 0.375000
vt 0.687500 0.437500
vt 0.716937 0.375000
vt 0.812500 0.437500
vt 0.810687 0.375000
vt 0.843750 0.437500
vt 0.841937 0.375000
vt 0.875000 0.437500
vt 0.873187 0.375000
vt 0.904437 0.375000
vt 0.906250 0.437500
vt 0.935687 0.375000
vt 0.937500 0.437500
vt 0.966937 0.375000
vt 0.968750 0.437500
vt 1.000000 0.437500
vt 0.998187 0.375000
vt 0.531250 0.500000
vt 0.530650 0.437500
vt 0.500000 0.500000
vt 0.561900 0.437500
vt 0.562500 0.500000
vt 0.593150 0.437500
vt 0.593750 0.500000
vt 0.624400 0.437500
vt 0.625000 0.500000
vt 0.656250 0.500000
vt 0.655650 0.437500
vt 0.687500 0.500000
vt 0.686900 0.437500
vt 0.843750 0.500000
vt 0.843150 0.437500
vt 0.812500 0.500000
vt 0.875000 0.500000
vt 0.874400 0.437500
vt 0.905650 0.437500
vt 0.906250 0.500000
vt 0.936900 0.437500
vt 0.937500 0.500000
vt 0.968750 0.500000
vt 0.968150 0.437500
vt 0.999400 0.437500
vt 1.000000 0.500000
vt 0.500600 0.562500
vt 0.531250 0.562500
vt 0.562500 0.562500
vt 0.531851 0.562500
vt 0.593750 0.562500
vt 0.563100 0.562500
vt 0.625000 0.562500
vt 0.594350 0.562500
vt 0.625601 0.562500
vt 0.844351 0.562500
vt 0.906250 0.562500
vt 0.875601 0.562500
vt 0.937500 0.562500
vt 0.906851 0.562500
vt 0.938101 0.562500
vt 0.968750 0.562500
vt 0.969351 0.562500
vt 1.000000 0.562500
vt 0.500000 0.562500
vt 0.501813 0.625000
vt 0.531250 0.625000
vt 0.562500 0.625000
vt 0.533063 0.625000
vt 0.564313 0.625000
vt 0.593750 0.625000
vt 0.595563 0.625000
vt 0.625000 0.625000
vt 0.937500 0.625000
vt 0.908063 0.625000
vt 0.968750 0.625000
vt 0.939313 0.625000
vt 1.000000 0.625000
vt 0.970563 0.625000
vt 0.531250 0.687500
vt 0.500000 0.625000
vt 0.503126 0.687500
vt 0.562500 0.687500
vt 0.534376 0.687500
vt 0.593750 0.687500
vt 0.565626 0.687500
vt 0.625000 0.687500
vt 0.596876 0.687500
vt 0.972132 0.691816
vt 0.999917 0.696407
vt 0.531250 0.750000
vt 0.500000 0.687500
vt 0.504674 0.750000
vt 0.535924 0.750000
vt 0.567174 0.750000
vt 0.593750 0.750000
vt 0.500000 0.750000
vt 0.510253 0.843168
vt 0.531026 0.837976
vt 0.540901 0.837976
vt 0.562430 0.820503
vt 0.907427 0.648535
vt 0.937500 0.676426
vt 0.687500 0.535515
vt 0.694232 0.512804
vt 0.700111 0.500000
vt 0.630866 0.687500
vt 0.659047 0.625000
vt 0.626813 0.625000
vt 0.655963 0.623985
vt 0.812689 0.519667
vt 0.838894 0.562500
vt 0.876363 0.609495
vt 0.940072 0.676426
vt 0.968710 0.691816
vt 0.629498 0.698848
vt 0.630496 0.687500
vt 0.594128 0.750000
vt 0.756289 0.437500
vt 0.748442 0.425582
vt 0.780904 0.472839
vt 0.799432 0.500000
vt 0.688112 0.500000
vt 0.678821 0.562500
vt 0.687764 0.535515
vt 0.699869 0.500000
vt 0.718150 0.437500
vt 0.718319 0.455126
vt 0.724544 0.437500
vt 0.716825 0.437500
vt 0.750000 0.425582
s 1
usemtl 02_-_Default
f 3001/390/2444 3002/391/2445 3003/392/2446
f 3004/393/2447 3005/394/2448 3006/395/2449
f 3007/396/2450 3008/397/2451 3009/398/2452
f 3010/399/2453 3011/400/2454 3012/401/2455
f 3013/402/2456 3014/403/2457 3015/404/2458
f 3016/405/2459 3017/406/2460 3018/407/2461
f 3019/390/2462 3020/392/2463 3021/391/2464
f 3022/393/2465 3023/395/2466 3024/394/2467
f 3025/396/2468 3026/398/2469 3027/397/2470
f 3028/399/2471 3029/401/2472 3030/400/2473
f 3031/402/2474 3032/404/2475 3033/403/2476
f 3034/405/2477 3035/407/2478 3036/406/2479
f 3037/408/2480 3038/409/2481 3039/410/2482
f 3037/408/2480 3039/410/2482 3040/411/2483
f 3041/412/2484 3042/413/2485 3043/414/2480
f 3041/412/2484 3043/414/2480 3040/411/2483
f 3044/415/2486 3045/416/2485 3041/412/2484
f 3044/415/2486 3041/412/2484 3046/417/2487
f 3047/418/2488 3048/419/2489 3049/420/2490
f 3047/418/2488 3049/420/2490 3046/417/2491
f 3050/421/2492 3051/422/2489 3047/418/2493
f 3050/421/2492 3047/418/2493 3052/423/2494
f 3053/424/2495 3054/425/2496 3055/426/2497
f 3053/424/2495 3055/426/2497 3052/423/2498
f 3056/427/2499 3057/428/2500 3058/429/2496
f 3056/427/2499 3058/429/2496 3053/424/2495
f 3059/430/2501 3060/431/2500 3056/427/2502
f 3059/430/2501 3056/427/2502 3061/432/2503
f 3062/433/2504 3063/434/2501 3061/432/2503
f 3062/433/2504 3061/432/2503 3064/435/2505
f 3065/436/2506 3066/437/2504 3064/435/2505
f 3065/436/2506 3064/435/2505 3067/438/2507
f 3068/439/2508 3069/440/2506 3067/438/2507
f 3068/439/2508 3067/438/2507 3070/441/2509
f 3071/442/2510 3072/443/2511 3073/444/2512
f 3071/442/2510 3073/444/2512 3070/441/2513
f 3074/445/2514 3075/446/2511 3071/442/2515
f 3074/445/2514 3071/442/2515 3076/447/2516
f 3077/448/2517 3078/449/2518 3076/447/2519
f 3077/448/2517 3076/447/2519 3079/450/2520
f 3080/451/2521 3081/452/2522 3082/453/2517
f 3080/451/2521 3082/453/2517 3079/450/2520
f 3083/454/2523 3084/455/2522 3080/451/2521
f 3083/454/2523 3080/451/2521 3085/456/2524
f 3086/457/2525 3087/458/2483 3039/410/2526
f 3086/457/2525 3039/410/2526 3088/459/2527
f 3089/460/2484 3040/411/2483 3086/457/2525
f 3089/460/2484 3086/457/2525 3090/461/2528
f 3091/462/2491 3041/412/2484 3090/461/2529
f 3091/462/2491 3090/461/2529 3092/463/2530
f 3093/464/2531 3094/465/2532 3046/417/2491
f 3093/464/2531 3046/417/2491 3092/463/2530
f 3095/466/2533 3096/467/2494 3047/418/2532
f 3095/466/2533 3047/418/2532 3093/464/2531
f 3097/468/2495 3052/423/2494 3095/466/2533
f 3097/468/2495 3095/466/2533 3098/469/2534
f 3099/470/2535 3100/471/2502 3053/424/2495
f 3099/470/2535 3053/424/2495 3098/469/2536
f 3101/472/2537 3056/427/2502 3099/470/2535
f 3101/472/2537 3099/470/2535 3102/473/2538
f 3103/474/2505 3061/432/2537 3102/473/2538
f 3103/474/2505 3102/473/2538 3104/475/2539
f 3105/476/2540 3106/477/2507 3064/435/2505
f 3105/476/2540 3064/435/2505 3104/475/2539
f 3107/478/2513 3067/438/2507 3105/476/2541
f 3107/478/2513 3105/476/2541 3108/479/2542
f 3109/480/2543 3110/481/2544 3070/441/2513
f 3109/480/2543 3070/441/2513 3108/479/2542
f 3111/482/2516 3071/442/2544 3109/480/2543
f 3111/482/2516 3109/480/2543 3112/483/2545
f 3113/484/2520 3076/447/2516 3112/483/2545
f 3113/484/2520 3112/483/2545 3114/485/2546
f 3115/486/2521 3079/450/2520 3114/485/2546
f 3115/486/2521 3114/485/2546 3116/487/2547
f 3117/488/2548 3118/489/2524 3080/451/2521
f 3117/488/2548 3080/451/2521 3116/487/2547
f 3119/490/2549 3120/491/2550 3088/459/2551
f 3119/490/2549 3088/459/2551 3121/492/2552
f 3122/493/2553 3123/494/2554 3086/457/2555
f 3122/493/2553 3086/457/2555 3119/490/2556
f 3124/495/2557 3090/461/2558 3122/493/2559
f 3124/495/2557 3122/493/2559 3125/496/2560
f 3126/497/2561 3127/498/2562 3092/463/2557
f 3126/497/2561 3092/463/2557 3125/496/2560
f 3128/499/2563 3093/464/2562 3126/497/2561
f 3128/499/2563 3126/497/2561 3129/500/2564
f 3130/501/2565 3131/502/2566 3095/466/2567
f 3130/501/2565 3095/466/2567 3129/500/2568
f 3132/503/2569 3133/504/2570 3098/469/2566
f 3132/503/2569 3098/469/2566 3130/501/2571
f 3134/505/2572 3099/470/2570 3132/503/2569
f 3134/505/2572 3132/503/2569 3135/506/2573
f 3136/507/2574 3102/473/2572 3135/506/2573
f 3136/507/2574 3135/506/2573 3137/508/2575
f 3138/509/2576 3139/510/2577 3104/475/2574
f 3138/509/2576 3104/475/2574 3137/508/2578
f 3140/511/2579 3105/476/2580 3138/509/2581
f 3140/511/2579 3138/509/2581 3141/512/2582
f 3142/513/2583 3143/514/2584 3108/479/2579
f 3142/513/2583 3108/479/2579 3141/512/2582
f 3144/515/2585 3109/480/2586 3142/513/2583
f 3144/515/2585 3142/513/2583 3145/516/2587
f 3146/517/2588 3112/483/2589 3145/516/2590
f 3146/517/2588 3145/516/2590 3147/518/2591
f 3148/519/2592 3114/485/2588 3147/518/2593
f 3148/519/2592 3147/518/2593 3149/520/2594
f 3150/521/2595 3151/522/2596 3116/487/2592
f 3150/521/2595 3116/487/2592 3149/520/2594
f 3152/523/2597 3121/492/2552 3153/524/2598
f 3152/523/2597 3153/524/2598 3154/525/2599
f 3155/526/2600 3156/527/2601 3119/490/2602
f 3155/526/2600 3119/490/2602 3154/525/2603
f 3157/528/2604 3158/529/2605 3122/493/2606
f 3157/528/2604 3122/493/2606 3155/526/2600
f 3159/530/2607 3160/531/2608 3125/496/2609
f 3159/530/2607 3125/496/2609 3157/528/2610
f 3161/532/2611 3126/497/2612 3159/530/2613
f 3161/532/2611 3159/530/2613 3162/533/2614
f 3163/534/2615 3164/535/2616 3129/500/2617
f 3163/534/2615 3129/500/2617 3162/533/2618
f 3165/536/2619 3166/537/2620 3130/501/2621
f 3165/536/2619 3130/501/2621 3163/534/2615
f 3167/538/2622 3168/539/2623 3132/503/2624
f 3167/538/2622 3132/503/2624 3165/536/2625
f 3169/540/2626 3170/541/2627 3135/506/2623
f 3169/540/2626 3135/506/2623 3167/538/2622
f 3171/542/2628 3137/508/2629 3169/540/2630
f 3171/542/2628 3169/540/2630 3172/543/2631
f 3173/544/2632 3138/509/2633 3172/543/2631
f 3173/544/2632 3172/543/2631 3174/545/2634
f 3175/546/2635 3176/547/2636 3141/512/2637
f 3175/546/2635 3141/512/2637 3174/545/2638
f 3177/548/2639 3178/549/2640 3142/513/2641
f 3177/548/2639 3142/513/2641 3175/546/2642
f 3179/550/2643 3180/551/2644 3145/516/2645
f 3179/550/2643 3145/516/2645 3177/548/2646
f 3181/552/2647 3147/518/2648 3179/550/2643
f 3181/552/2647 3179/550/2643 3182/553/2649
f 3183/554/2650 3184/555/2595 3149/520/2651
f 3183/554/2650 3149/520/2651 3182/553/2652
f 3185/556/2603 3153/524/2653 3186/557/2654
f 3185/556/2603 3186/557/2654 3187/558/2655
f 3188/559/2656 3189/560/2600 3154/525/2603
f 3188/559/2656 3154/525/2603 3187/558/2655
f 3190/561/2610 3155/526/2600 3188/559/2657
f 3190/561/2610 3188/559/2657 3191/562/2658
f 3192/563/2659 3157/528/2610 3191/562/2660
f 3192/563/2659 3191/562/2660 3193/564/2661
f 3194/565/2662 3195/566/2614 3159/530/2659
f 3194/565/2662 3159/530/2659 3193/564/2661
f 3196/567/2663 3197/568/2615 3162/533/2614
f 3196/567/2663 3162/533/2614 3194/565/2664
f 3198/569/2619 3163/534/2615 3196/567/2665
f 3198/569/2619 3196/567/2665 3199/570/2666
f 3200/571/2622 3165/536/2619 3199/570/2667
f 3200/571/2622 3199/570/2667 3201/572/2668
f 3202/573/2630 3167/538/2622 3201/572/2669
f 3202/573/2630 3201/572/2669 3203/574/2670
f 3204/575/2671 3205/576/2631 3169/540/2630
f 3204/575/2671 3169/540/2630 3203/574/2672
f 3206/577/2638 3172/543/2631 3204/575/2673
f 3206/577/2638 3204/575/2673 3207/578/2674
f 3208/579/2675 3209/580/2676 3174/545/2638
f 3208/579/2675 3174/545/2638 3207/578/2677
f 3210/581/2639 3175/546/2676 3208/579/2675
f 3210/581/2639 3208/579/2675 3211/582/2678
f 3212/583/2643 3177/548/2639 3211/582/2679
f 3212/583/2643 3211/582/2679 3213/584/2680
f 3214/585/2681 3215/586/2649 3179/550/2643
f 3214/585/2681 3179/550/2643 3213/584/2682
f 3216/587/2683 3217/588/2684 3182/553/2649
f 3216/587/2683 3182/553/2649 3214/585/2681
f 3218/589/2685 3219/590/2686 3186/557/2687
f 3218/589/2685 3186/557/2687 3220/591/2688
f 3221/592/2689 3187/558/2686 3218/589/2690
f 3221/592/2689 3218/589/2690 3222/593/2691
f 3223/594/2692 3224/595/2693 3188/559/2689
f 3223/594/2692 3188/559/2689 3222/593/2694
f 3225/596/2695 3226/597/2696 3191/562/2697
f 3225/596/2695 3191/562/2697 3223/594/2698
f 3227/598/2699 3228/599/2700 3193/564/2696
f 3227/598/2699 3193/564/2696 3225/596/2701
f 3229/600/2702 3194/565/2700 3227/598/2703
f 3229/600/2702 3227/598/2703 3230/601/2704
f 3010/399/2453 3231/602/2667 3196/567/2702
f 3010/399/2453 3196/567/2702 3230/601/2705
f 3232/603/2706 3233/604/2707 3203/574/2670
f 3232/603/2706 3203/574/2670 3009/398/2708
f 3234/605/2709 3235/606/2710 3204/575/2707
f 3234/605/2709 3204/575/2707 3232/603/2711
f 3236/607/2712 3237/608/2713 3207/578/2714
f 3236/607/2712 3207/578/2714 3234/605/2715
f 3238/609/2716 3208/579/2713 3236/607/2717
f 3238/609/2716 3236/607/2717 3239/610/2718
f 3240/611/2719 3211/582/2716 3239/610/2720
f 3240/611/2719 3239/610/2720 3241/612/2721
f 3242/613/2722 3213/584/2719 3241/612/2723
f 3242/613/2722 3241/612/2723 3243/614/2724
f 3244/615/2725 3245/616/2726 3214/585/2727
f 3244/615/2725 3214/585/2727 3243/614/2728
f 3246/617/2729 3247/618/2690 3220/591/2688
f 3246/617/2729 3220/591/2688 3248/619/2730
f 3249/620/2731 3218/589/2690 3246/617/2729
f 3249/620/2731 3246/617/2729 3250/621/2732
f 3251/622/2698 3222/593/2694 3250/621/2732
f 3251/622/2698 3250/621/2732 3252/623/2733
f 3253/624/2701 3223/594/2698 3252/623/2733
f 3253/624/2701 3252/623/2733 3254/625/2734
f 3255/626/2735 3256/627/2703 3225/596/2701
f 3255/626/2735 3225/596/2701 3254/625/2734
f 3257/628/2736 3258/629/2737 3227/598/2703
f 3257/628/2736 3227/598/2703 3255/626/2735
f 3259/630/2738 3260/631/2715 3232/603/2706
f 3259/630/2738 3232/603/2706 3261/632/2739
f 3262/633/2740 3263/634/2717 3234/605/2715
f 3262/633/2740 3234/605/2715 3259/630/2741
f 3264/635/2720 3236/607/2717 3262/633/2742
f 3264/635/2720 3262/633/2742 3265/636/2743
f 3266/637/2723 3239/610/2720 3265/636/2743
f 3266/637/2723 3265/636/2743 3267/638/2744
f 3268/639/2745 3269/640/2728 3241/612/2746
f 3268/639/2745 3241/612/2746 3267/638/2744
f 3270/641/2725 3243/614/2728 3268/639/2745
f 3270/641/2725 3268/639/2745 3271/642/2747
f 3246/617/2729 3248/619/2730 3272/643/2748
f 3246/617/2729 3272/643/2748 3273/644/2749
f 3274/645/2750 3250/621/2732 3246/617/2729
f 3274/645/2750 3246/617/2729 3275/646/2749
f 3276/647/2751 3252/623/2733 3250/621/2732
f 3276/647/2751 3250/621/2732 3277/648/2752
f 3278/649/2753 3254/625/2734 3252/623/2733
f 3278/649/2753 3252/623/2733 3279/650/2751
f 3255/626/2735 3254/625/2734 3280/651/2753
f 3255/626/2735 3280/651/2753 3013/402/2754
f 3006/395/2755 3262/633/2740 3259/630/2741
f 3006/395/2755 3259/630/2741 3281/652/2447
f 3282/653/2756 3265/636/2743 3262/633/2742
f 3282/653/2756 3262/633/2742 3283/654/2755
f 3284/655/2757 3267/638/2744 3265/636/2743
f 3284/655/2757 3265/636/2743 3285/656/2756
f 3268/639/2745 3267/638/2744 3286/657/2758
f 3268/639/2745 3286/657/2758 3287/658/2759
f 3271/642/2747 3268/639/2745 3288/659/2759
f 3271/642/2747 3288/659/2759 3289/660/2760
f 3273/644/2749 3290/661/2748 3291/662/2761
f 3273/644/2749 3291/662/2761 3292/663/2762
f 3293/664/2763 3274/645/2752 3273/644/2764
f 3293/664/2763 3273/644/2764 3294/665/2765
f 3276/647/2751 3274/645/2766 3295/666/2763
f 3276/647/2751 3295/666/2763 3296/667/2767
f 3278/649/2768 3276/647/2769 3297/668/2767
f 3278/649/2768 3297/668/2767 3298/669/2770
f 3299/670/2771 3284/655/2757 3282/653/2772
f 3299/670/2771 3282/653/2772 3300/671/2773
f 3301/672/2774 3287/658/2759 3284/655/2775
f 3301/672/2774 3284/655/2775 3302/673/2776
f 3303/674/2777 3289/660/2760 3287/658/2778
f 3303/674/2777 3287/658/2778 3304/675/2779
f 3305/676/2780 3292/663/2781 3306/677/2782
f 3305/676/2780 3306/677/2782 3307/678/2783
f 3308/679/2784 3293/664/2785 3292/663/2781
f 3308/679/2784 3292/663/2781 3309/680/2780
f 3310/681/2786 3296/667/2787 3293/664/2788
f 3310/681/2786 3293/664/2788 3311/682/2784
f 3312/683/2789 3298/669/2770 3296/667/2790
f 3312/683/2789 3296/667/2790 3313/684/2786
f 3303/674/2777 3301/672/2791 3314/685/2792
f 3303/674/2777 3314/685/2792 3315/686/2793
f 3316/687/2794 3305/676/2795 3317/688/2796
f 3316/687/2794 3317/688/2796 3318/689/2797
f 3308/679/2784 3305/676/2780 3319/690/2794
f 3308/679/2784 3319/690/2794 3018/407/2461
f 3310/681/2798 3308/679/2784 3320/691/2461
f 3310/681/2798 3320/691/2461 3321/692/2460
f 3316/687/2799 3322/693/2797 3323/694/2800
f 3316/687/2799 3323/694/2800 3324/695/2801
f 3018/407/2802 3316/687/2794 3325/696/2803
f 3018/407/2802 3325/696/2803 3326/697/2804
f 3327/698/2805 3328/699/2806 3299/670/2807
f 3327/698/2805 3299/670/2807 3003/392/2446
f 3257/628/2808 3329/700/2809 3330/701/2810
f 3257/628/2808 3330/701/2810 3331/702/2811
f 3298/669/2770 3312/683/2789 3332/703/2812
f 3298/669/2770 3332/703/2812 3333/704/2813
f 3278/649/2753 3334/705/2814 3335/706/2813
f 3278/649/2753 3335/706/2813 3013/402/2456
f 3336/707/2815 3337/708/2816 3259/630/2738
f 3336/707/2815 3259/630/2738 3261/632/2739
f 3338/709/2448 3003/392/2817 3282/653/2756
f 3338/709/2448 3282/653/2756 3006/395/2818
f 3339/710/2806 3340/711/2819 3301/672/2791
f 3339/710/2806 3301/672/2791 3299/670/2807
f 3341/712/2812 3342/713/2789 3310/681/2786
f 3341/712/2812 3310/681/2786 3343/714/2820
f 3344/408/2821 3345/411/2822 3039/410/2482
f 3344/408/2821 3039/410/2482 3038/409/2481
f 3346/412/2823 3345/411/2822 3347/414/2821
f 3346/412/2823 3347/414/2821 3348/413/2824
f 3349/415/2825 3350/417/2826 3346/412/2823
f 3349/415/2825 3346/412/2823 3351/416/2824
f 3352/418/2827 3350/417/2828 3353/420/2829
f 3352/418/2827 3353/420/2829 3354/419/2830
f 3355/421/2831 3356/423/2832 3352/418/2833
f 3355/421/2831 3352/418/2833 3357/422/2830
f 3358/424/2834 3356/423/2835 3359/426/2836
f 3358/424/2834 3359/426/2836 3360/425/2837
f 3361/427/2838 3358/424/2834 3362/429/2837
f 3361/427/2838 3362/429/2837 3363/428/2839
f 3364/430/2840 3365/432/2841 3361/427/2838
f 3364/430/2840 3361/427/2838 3366/431/2839
f 3367/433/2842 3368/435/2843 3365/432/2841
f 3367/433/2842 3365/432/2841 3369/434/2840
f 3370/436/2844 3371/438/2845 3368/435/2846
f 3370/436/2844 3368/435/2846 3372/437/2842
f 3373/439/2847 3374/441/2848 3371/438/2845
f 3373/439/2847 3371/438/2845 3375/440/2844
f 3376/442/2849 3374/441/2850 3377/444/2851
f 3376/442/2849 3377/444/2851 3378/443/2852
f 3379/445/2853 3380/447/2854 3376/442/2855
f 3379/445/2853 3376/442/2855 3381/446/2852
f 3382/448/2856 3383/450/2857 3380/447/2858
f 3382/448/2856 3380/447/2858 3384/449/2859
f 3385/451/2860 3383/450/2857 3386/453/2856
f 3385/451/2860 3386/453/2856 3387/452/2861
f 3083/454/2523 3085/456/2524 3385/451/2860
f 3083/454/2523 3385/451/2860 3388/455/2861
f 3389/457/2862 3088/459/2527 3039/410/2526
f 3389/457/2862 3039/410/2526 3390/458/2822
f 3391/460/2823 3392/461/2863 3389/457/2862
f 3391/460/2823 3389/457/2862 3345/411/2822
f 3393/462/2828 3394/463/2864 3392/461/2865
f 3393/462/2828 3392/461/2865 3346/412/2823
f 3395/464/2866 3394/463/2864 3350/417/2828
f 3395/464/2866 3350/417/2828 3396/465/2867
f 3397/466/2868 3395/464/2866 3352/418/2867
f 3397/466/2868 3352/418/2867 3398/467/2832
f 3399/468/2834 3400/469/2869 3397/466/2868
f 3399/468/2834 3397/466/2868 3356/423/2832
f 3401/470/2870 3400/469/2871 3358/424/2834
f 3401/470/2870 3358/424/2834 3402/471/2838
f 3403/472/2872 3404/473/2873 3401/470/2870
f 3403/472/2872 3401/470/2870 3361/427/2838
f 3405/474/2843 3406/475/2874 3404/473/2873
f 3405/474/2843 3404/473/2873 3365/432/2872
f 3407/476/2875 3406/475/2874 3368/435/2843
f 3407/476/2875 3368/435/2843 3408/477/2845
f 3409/478/2850 3410/479/2876 3407/476/2877
f 3409/478/2850 3407/476/2877 3371/438/2845
f 3411/480/2878 3410/479/2876 3374/441/2850
f 3411/480/2878 3374/441/2850 3412/481/2879
f 3413/482/2854 3414/483/2880 3411/480/2878
f 3413/482/2854 3411/480/2878 3376/442/2879
f 3415/484/2857 3416/485/2881 3414/483/2880
f 3415/484/2857 3414/483/2880 3380/447/2854
f 3417/486/2860 3418/487/2882 3416/485/2881
f 3417/486/2860 3416/485/2881 3383/450/2857
f 3117/488/2548 3418/487/2882 3385/451/2860
f 3117/488/2548 3385/451/2860 3118/489/2524
f 3419/490/2883 3121/492/2552 3088/459/2551
f 3419/490/2883 3088/459/2551 3420/491/2884
f 3421/493/2885 3419/490/2883 3389/457/2886
f 3421/493/2885 3389/457/2886 3422/494/2887
f 3423/495/2888 3424/496/2889 3421/493/2890
f 3423/495/2888 3421/493/2890 3392/461/2891
f 3425/497/2892 3424/496/2893 3394/463/2888
f 3425/497/2892 3394/463/2888 3426/498/2894
f 3427/499/2895 3428/500/2896 3425/497/2892
f 3427/499/2895 3425/497/2892 3395/464/2894
f 3429/501/2897 3428/500/2896 3397/466/2895
f 3429/501/2897 3397/466/2895 3430/502/2898
f 3431/503/2899 3429/501/2900 3400/469/2898
f 3431/503/2899 3400/469/2898 3432/504/2901
f 3433/505/2902 3434/506/2903 3431/503/2899
f 3433/505/2902 3431/503/2899 3401/470/2901
f 3435/507/2904 3436/508/2905 3434/506/2903
f 3435/507/2904 3434/506/2903 3404/473/2902
f 3437/509/2906 3436/508/2905 3406/475/2904
f 3437/509/2906 3406/475/2904 3438/510/2907
f 3439/511/2908 3440/512/2909 3437/509/2910
f 3439/511/2908 3437/509/2910 3407/476/2911
f 3441/513/2912 3440/512/2913 3410/479/2914
f 3441/513/2912 3410/479/2914 3442/514/2915
f 3443/515/2916 3444/516/2917 3441/513/2912
f 3443/515/2916 3441/513/2912 3411/480/2918
f 3445/517/2919 3446/518/2920 3444/516/2921
f 3445/517/2919 3444/516/2921 3414/483/2922
f 3447/519/2923 3448/520/2924 3446/518/2925
f 3447/519/2923 3446/518/2925 3416/485/2919
f 3150/521/2595 3448/520/2924 3418/487/2926
f 3150/521/2595 3418/487/2926 3151/522/2596
f 3449/523/2927 3450/525/2928 3153/524/2598
f 3449/523/2927 3153/524/2598 3121/492/2552
f 3451/526/2929 3450/525/2930 3419/490/2931
f 3451/526/2929 3419/490/2931 3452/527/2932
f 3453/528/2933 3451/526/2929 3421/493/2934
f 3453/528/2933 3421/493/2934 3454/529/2935
f 3455/530/2936 3453/528/2937 3424/496/2938
f 3455/530/2936 3424/496/2938 3456/531/2939
f 3457/532/2940 3458/533/2941 3455/530/2942
f 3457/532/2940 3455/530/2942 3425/497/2943
f 3459/534/2944 3458/533/2945 3428/500/2946
f 3459/534/2944 3428/500/2946 3460/535/2947
f 3461/536/2948 3459/534/2944 3429/501/2949
f 3461/536/2948 3429/501/2949 3462/537/2950
f 3463/538/2951 3461/536/2952 3431/503/2953
f 3463/538/2951 3431/503/2953 3464/539/2954
f 3465/540/2955 3463/538/2951 3434/506/2954
f 3465/540/2955 3434/506/2954 3466/541/2956
f 3467/542/2957 3468/543/2958 3465/540/2959
f 3467/542/2957 3465/540/2959 3436/508/2960
f 3469/544/2961 3470/545/2962 3468/543/2958
f 3469/544/2961 3468/543/2958 3437/509/2963
f 3471/546/2964 3470/545/2965 3440/512/2966
f 3471/546/2964 3440/512/2966 3472/547/2967
f 3473/548/2968 3471/546/2969 3441/513/2970
f 3473/548/2968 3441/513/2970 3474/549/2971
f 3475/550/2972 3473/548/2973 3444/516/2974
f 3475/550/2972 3444/516/2974 3476/551/2975
f 3477/552/2976 3478/553/2977 3475/550/2972
f 3477/552/2976 3475/550/2972 3446/518/2978
f 3183/554/2650 3478/553/2979 3448/520/2980
f 3183/554/2650 3448/520/2980 3184/555/2595
f 3479/556/2930 3480/558/2981 3186/557/2654
f 3479/556/2930 3186/557/2654 3153/524/2653
f 3481/559/2982 3480/558/2981 3450/525/2930
f 3481/559/2982 3450/525/2930 3482/560/2929
f 3483/561/2937 3484/562/2983 3481/559/2984
f 3483/561/2937 3481/559/2984 3451/526/2929
f 3485/563/2985 3486/564/2986 3484/562/2987
f 3485/563/2985 3484/562/2987 3453/528/2937
f 3487/565/2988 3486/564/2986 3455/530/2985
f 3487/565/2988 3455/530/2985 3488/566/2941
f 3489/567/2989 3487/565/2990 3458/533/2941
f 3489/567/2989 3458/533/2941 3490/568/2944
f 3491/569/2948 3492/570/2991 3489/567/2992
f 3491/569/2948 3489/567/2992 3459/534/2944
f 3493/571/2951 3494/572/2993 3492/570/2994
f 3493/571/2951 3492/570/2994 3461/536/2948
f 3495/573/2959 3496/574/2995 3494/572/2993
f 3495/573/2959 3494/572/2993 3463/538/2951
f 3497/575/2996 3496/574/2997 3465/540/2959
f 3497/575/2996 3465/540/2959 3498/576/2958
f 3499/577/2965 3500/578/2998 3497/575/2999
f 3499/577/2965 3497/575/2999 3468/543/2958
f 3501/579/3000 3500/578/3001 3470/545/2965
f 3501/579/3000 3470/545/2965 3502/580/3002
f 3503/581/2968 3504/582/3003 3501/579/3000
f 3503/581/2968 3501/579/3000 3471/546/3002
f 3505/583/2972 3506/584/3004 3504/582/3005
f 3505/583/2972 3504/582/3005 3473/548/2968
f 3507/585/3006 3506/584/3007 3475/550/2972
f 3507/585/3006 3475/550/2972 3508/586/2977
f 3216/587/2683 3507/585/3006 3478/553/2977
f 3216/587/2683 3478/553/2977 3217/588/2684
f 3509/589/3008 3220/591/2688 3186/557/2687
f 3509/589/3008 3186/557/2687 3510/590/3009
f 3511/592/3010 3512/593/3011 3509/589/3012
f 3511/592/3010 3509/589/3012 3480/558/3013
f 3513/594/3014 3512/593/3015 3481/559/3010
f 3513/594/3014 3481/559/3010 3514/595/3016
f 3515/596/3017 3513/594/3018 3484/562/3016
f 3515/596/3017 3484/562/3016 3516/597/3019
f 3517/598/3020 3515/596/3021 3486/564/3019
f 3517/598/3020 3486/564/3019 3518/599/3022
f 3519/600/3023 3520/601/3024 3517/598/3025
f 3519/600/3023 3517/598/3025 3487/565/3026
f 3028/399/2471 3520/601/3027 3489/567/3023
f 3028/399/2471 3489/567/3023 3521/602/2994
f 3522/603/3028 3026/398/3029 3496/574/2995
f 3522/603/3028 3496/574/2995 3523/604/3030
f 3524/605/3031 3522/603/3032 3497/575/3030
f 3524/605/3031 3497/575/3030 3525/606/3033
f 3526/607/3034 3524/605/3031 3500/578/3033
f 3526/607/3034 3500/578/3033 3527/608/3035
f 3528/609/3036 3529/610/3037 3526/607/3038
f 3528/609/3036 3526/607/3038 3501/579/3035
f 3530/611/3039 3531/612/3040 3529/610/3041
f 3530/611/3039 3529/610/3041 3504/582/3042
f 3532/613/3043 3533/614/3044 3531/612/3045
f 3532/613/3043 3531/612/3045 3506/584/3039
f 3244/615/2725 3533/614/3046 3507/585/3043
f 3244/615/2725 3507/585/3043 3245/616/2726
f 3534/617/3047 3248/619/2730 3220/591/2688
f 3534/617/3047 3220/591/2688 3535/618/3008
f 3536/620/3048 3537/621/3049 3534/617/3047
f 3536/620/3048 3534/617/3047 3509/589/3008
f 3538/622/3014 3539/623/3050 3537/621/3049
f 3538/622/3014 3537/621/3049 3512/593/3011
f 3540/624/3017 3541/625/3051 3539/623/3050
f 3540/624/3017 3539/623/3050 3513/594/3014
f 3542/626/3052 3541/625/3051 3515/596/3017
f 3542/626/3052 3515/596/3017 3543/627/3020
f 3544/628/3053 3542/626/3052 3517/598/3020
f 3544/628/3053 3517/598/3020 3545/629/3054
f 3546/630/3055 3547/632/3056 3522/603/3028
f 3546/630/3055 3522/603/3028 3548/631/3057
f 3549/633/3058 3546/630/3059 3524/605/3057
f 3549/633/3058 3524/605/3057 3550/634/3034
f 3551/635/3037 3552/636/3060 3549/633/3061
f 3551/635/3037 3549/633/3061 3526/607/3034
f 3553/637/3040 3554/638/3062 3552/636/3060
f 3553/637/3040 3552/636/3060 3529/610/3037
f 3555/639/3063 3554/638/3062 3531/612/3064
f 3555/639/3063 3531/612/3064 3556/640/3044
f 3270/641/2725 3271/642/2747 3555/639/3063
f 3270/641/2725 3555/639/3063 3533/614/3044
f 3534/617/3047 3557/644/3065 3272/643/2748
f 3534/617/3047 3272/643/2748 3248/619/2730
f 3558/645/3066 3559/646/3065 3534/617/3047
f 3558/645/3066 3534/617/3047 3537/621/3049
f 3560/647/3067 3561/648/3068 3537/621/3049
f 3560/647/3067 3537/621/3049 3539/623/3050
f 3562/649/3069 3563/650/3067 3539/623/3050
f 3562/649/3069 3539/623/3050 3541/625/3051
f 3542/626/3052 3031/402/3070 3564/651/3069
f 3542/626/3052 3564/651/3069 3541/625/3051
f 3023/395/3071 3565/652/2465 3546/630/3059
f 3023/395/3071 3546/630/3059 3549/633/3058
f 3566/653/3072 3567/654/3071 3549/633/3061
f 3566/653/3072 3549/633/3061 3552/636/3060
f 3568/655/3073 3569/656/3072 3552/636/3060
f 3568/655/3073 3552/636/3060 3554/638/3062
f 3555/639/3063 3570/658/3074 3571/657/3075
f 3555/639/3063 3571/657/3075 3554/638/3062
f 3271/642/2747 3289/660/2760 3572/659/3074
f 3271/642/2747 3572/659/3074 3555/639/3063
f 3557/644/3076 3573/663/3077 3291/662/2761
f 3557/644/3076 3291/662/2761 3290/661/2748
f 3574/664/3078 3575/665/3077 3557/644/3065
f 3574/664/3078 3557/644/3065 3558/645/3079
f 3560/647/3080 3576/667/3081 3577/666/3078
f 3560/647/3080 3577/666/3078 3558/645/3068
f 3562/649/3082 3578/669/3083 3579/668/3084
f 3562/649/3082 3579/668/3084 3560/647/3067
f 3580/670/3085 3581/671/3086 3566/653/3072
f 3580/670/3085 3566/653/3072 3568/655/3087
f 3582/672/3088 3583/673/3089 3568/655/3073
f 3582/672/3088 3568/655/3073 3570/658/3090
f 3303/674/2777 3584/675/3091 3570/658/3074
f 3303/674/2777 3570/658/3074 3289/660/2760
f 3585/676/3092 3307/678/2783 3306/677/2782
f 3585/676/3092 3306/677/2782 3573/663/3093
f 3586/679/3094 3587/680/3092 3573/663/3093
f 3586/679/3094 3573/663/3093 3574/664/3095
f 3588/681/3096 3589/682/3094 3574/664/3097
f 3588/681/3096 3574/664/3097 3576/667/3098
f 3590/683/3099 3591/684/3100 3576/667/3101
f 3590/683/3099 3576/667/3101 3578/669/3083
f 3303/674/2777 3315/686/2793 3592/685/3102
f 3303/674/2777 3592/685/3102 3582/672/3103
f 3593/687/3104 3318/689/2797 3317/688/2796
f 3593/687/3104 3317/688/2796 3585/676/3105
f 3586/679/3094 3035/407/2478 3594/690/3104
f 3586/679/3094 3594/690/3104 3585/676/3092
f 3588/681/3096 3595/692/2479 3596/691/2478
f 3588/681/3096 3596/691/2478 3586/679/3094
f 3593/687/3106 3597/695/3107 3323/694/2800
f 3593/687/3106 3323/694/2800 3322/693/2797
f 3035/407/3108 3598/697/3109 3599/696/3110
f 3035/407/3108 3599/696/3110 3593/687/3104
f 3600/698/3111 3020/392/2463 3580/670/3112
f 3600/698/3111 3580/670/3112 3601/699/3113
f 3544/628/3114 3602/702/3115 3603/701/3116
f 3544/628/3114 3603/701/3116 3604/700/3117
f 3578/669/3083 3605/704/3118 3606/703/3119
f 3578/669/3083 3606/703/3119 3590/683/3099
f 3562/649/3069 3031/402/2474 3607/706/3118
f 3562/649/3069 3607/706/3118 3608/705/3120
f 3609/707/3121 3547/632/3056 3546/630/3055
f 3609/707/3121 3546/630/3055 3610/708/3122
f 3611/709/2467 3023/395/3123 3566/653/3124
f 3611/709/2467 3566/653/3124 3020/392/3125
f 3612/710/3113 3580/670/3112 3582/672/3103
f 3612/710/3113 3582/672/3103 3613/711/3126
f 3614/712/3119 3615/714/3127 3588/681/3100
f 3614/712/3119 3588/681/3100 3616/713/3099
f 3618/715/2450 3201/572/2669 3617/716/3128
f 3201/572/2669 3618/715/2450 3203/574/2670
f 3203/574/2670 3618/715/2450 3009/398/2708
f 3619/717/2451 3232/603/2706 3009/398/2708
f 3232/603/2706 3619/717/2451 3620/718/3129
f 3232/603/2706 3620/718/3129 3261/632/2739
f 3013/402/2754 3623/719/3130 3255/626/2735
f 3623/719/3130 3013/402/2754 3621/720/3131
f 3623/719/3130 3621/720/3131 3622/721/2809
f 3624/722/2811 3230/601/3132 3257/628/2808
f 3230/601/3132 3624/722/2811 3626/723/2453
f 3626/723/2453 3624/722/2811 3625/724/2454
f 3628/725/3133 3199/570/2667 3627/726/2453
f 3199/570/2667 3628/725/3133 3201/572/2668
f 3201/572/2668 3628/725/3133 3629/727/3134
f 3494/572/2993 3630/715/2468 3631/716/3135
f 3630/715/2468 3494/572/2993 3496/574/2995
f 3630/715/2468 3496/574/2995 3026/398/3029
f 3522/603/3028 3633/717/3136 3026/398/3029
f 3633/717/3136 3522/603/3028 3632/718/3137
f 3632/718/3137 3522/603/3028 3547/632/3056
f 3634/719/3114 3031/402/3070 3542/626/3052
f 3031/402/3070 3634/719/3114 3636/720/3138
f 3636/720/3138 3634/719/3114 3635/721/3117
f 3520/601/3139 3639/722/3115 3544/628/3114
f 3639/722/3115 3520/601/3139 3637/723/2471
f 3639/722/3115 3637/723/2471 3638/724/2473
f 3492/570/2994 3641/725/3140 3642/726/2471
f 3641/725/3140 3492/570/2994 3494/572/2993
f 3641/725/3140 3494/572/2993 3640/727/3141
o Sphere001_07_-_Default_0
v 0.584942 3.138873 0.233573
v 0.577110 3.093817 0.367929
v 0.580115 3.199075 0.189773
v 0.584942 3.138873 -0.233574
v 0.580115 3.199075 -0.189774
v 0.577110 3.093817 -0.367930
v -0.655772 2.672534 0.459585
v -0.610614 2.604485 0.574206
v -0.610614 2.604485 0.246894
v -0.696768 2.744318 0.301884
v 0.099125 2.001469 0.880491
v 0.168656 2.085403 0.899104
v 0.161650 2.076947 0.386592
v 0.099125 2.001469 0.378589
v 0.384222 2.370070 0.850226
v 0.384417 2.370444 0.365576
v 0.349831 2.304110 0.372966
v 0.349831 2.304111 0.867414
v 0.510122 2.608335 0.716731
v 0.557082 2.885211 0.550060
v 0.555594 2.921351 0.242978
v 0.507627 2.606751 0.310168
v -0.300175 2.291953 0.000000
v -0.300175 2.302977 0.211472
v -0.135299 2.178481 0.213226
v -0.131314 2.164448 0.000000
v -0.610614 2.604485 0.140681
v -0.449996 2.448488 0.177307
v -0.443568 2.431221 0.000000
v -0.610614 2.593461 0.000000
v 0.310564 2.256709 0.378622
v 0.319025 2.266922 0.880568
v 0.219229 2.146454 0.386964
v 0.211062 2.136595 0.899969
v 0.577110 3.093817 0.367929
v 0.584942 3.138873 0.233573
v 0.590851 3.148942 -0.000000
v 0.587484 3.145632 0.090142
v 0.575198 3.234598 0.087792
v 0.563946 3.250496 -0.000000
v 0.156366 2.059544 0.000000
v 0.099125 1.990445 0.000000
v 0.099125 2.001469 0.215720
v 0.159377 2.074203 0.220280
v 0.384481 2.370566 0.208305
v 0.384564 2.359702 -0.000000
v 0.349831 2.293086 -0.000000
v 0.349831 2.304110 0.212517
v 0.555111 2.919622 0.138449
v 0.554471 2.906307 -0.000000
v 0.507627 2.595727 -0.000000
v 0.507627 2.606751 0.176734
v -0.300175 2.302977 0.371133
v -0.138259 2.180716 0.374156
v -0.454874 2.453225 0.309222
v 0.304182 2.237981 -0.000000
v 0.307819 2.253395 0.215739
v 0.225390 2.142866 0.000000
v 0.221880 2.149653 0.220492
v 0.587484 3.145632 0.090142
v 0.590851 3.148942 -0.000000
v -0.300174 2.302977 0.863150
v -0.147956 2.177015 0.904938
v -0.471427 2.458279 0.753502
v -0.718720 2.782756 0.149335
v -0.724755 2.793324 0.000000
v -0.012032 2.074379 0.908217
v -0.018564 2.090335 0.376391
v -0.020418 2.091735 0.214448
v -0.022430 2.082230 0.000000
v -0.047066 2.206188 0.969726
v 0.071620 2.128340 0.968458
v 0.145859 2.217958 0.966100
v 0.191137 2.272617 0.960919
v 0.306412 2.411771 0.940205
v 0.339305 2.451478 0.926160
v 0.376025 2.521904 0.907807
v 0.419655 2.593813 0.875186
v 0.425085 2.437417 0.819674
v 0.510451 2.776305 0.765271
v 0.560592 2.963702 0.603369
v 0.576055 3.102475 0.440147
v 0.576055 3.102475 0.440147
v 0.571562 3.238021 0.202626
v 0.561191 3.264215 0.093737
v 0.550219 3.271997 -0.000000
v -0.808058 2.973823 -0.000000
v -0.801614 2.962539 0.159449
v -0.778176 2.921498 0.322329
v -0.734403 2.844853 0.490710
v -0.686186 2.772195 0.613094
v -0.537574 2.616087 0.804533
v -0.354723 2.450268 0.921606
v -0.192196 2.315774 0.966225
v -0.610614 2.604485 -0.246894
v -0.610614 2.604485 -0.574206
v -0.655773 2.672534 -0.459585
v -0.696768 2.744318 -0.301884
v 0.099125 2.001469 -0.880491
v 0.099125 2.001469 -0.378589
v 0.161650 2.076946 -0.386592
v 0.168655 2.085403 -0.899104
v 0.349831 2.304110 -0.372966
v 0.384417 2.370444 -0.365576
v 0.384222 2.370070 -0.850226
v 0.349831 2.304110 -0.867414
v 0.510122 2.608334 -0.716731
v 0.507627 2.606751 -0.310169
v 0.555594 2.921351 -0.242978
v 0.557082 2.885211 -0.550060
v -0.135299 2.178481 -0.213226
v -0.300175 2.302977 -0.211472
v -0.449996 2.448488 -0.177307
v -0.610614 2.604485 -0.140680
v 0.310564 2.256709 -0.378622
v 0.319025 2.266922 -0.880568
v 0.219229 2.146453 -0.386964
v 0.211062 2.136594 -0.899969
v 0.584942 3.138873 -0.233574
v 0.577110 3.093817 -0.367930
v 0.575198 3.234598 -0.087792
v 0.587484 3.145632 -0.090143
v 0.099125 2.001469 -0.215720
v 0.159377 2.074203 -0.220280
v 0.384480 2.370565 -0.208305
v 0.349831 2.304110 -0.212517
v 0.555111 2.919622 -0.138449
v 0.507627 2.606751 -0.176734
v -0.138259 2.180716 -0.374156
v -0.300175 2.302977 -0.371133
v -0.454874 2.453225 -0.309222
v 0.307819 2.253395 -0.215739
v 0.221879 2.149653 -0.220492
v 0.587484 3.145632 -0.090143
v -0.147957 2.177014 -0.904938
v -0.300175 2.302977 -0.863150
v -0.471428 2.458279 -0.753502
v -0.718720 2.782756 -0.149335
v -0.018564 2.090335 -0.376391
v -0.012032 2.074379 -0.908217
v -0.020418 2.091735 -0.214448
v -0.047066 2.206187 -0.969726
v 0.071619 2.128340 -0.968458
v 0.145859 2.217958 -0.966100
v 0.191137 2.272616 -0.960919
v 0.306412 2.411771 -0.940205
v 0.339304 2.451477 -0.926160
v 0.376024 2.521904 -0.907807
v 0.425085 2.437417 -0.819674
v 0.419655 2.593812 -0.875186
v 0.510451 2.776305 -0.765272
v 0.560592 2.963702 -0.603369
v 0.576055 3.102475 -0.440147
v 0.576055 3.102475 -0.440147
v 0.571562 3.238021 -0.202626
v 0.561191 3.264215 -0.093738
v -0.801614 2.962539 -0.159449
v -0.778176 2.921498 -0.322329
v -0.734403 2.844853 -0.490710
v -0.686187 2.772195 -0.613093
v -0.537574 2.616087 -0.804533
v -0.354723 2.450267 -0.921606
v -0.192196 2.315774 -0.966225
vn -0.9987 -0.0218 -0.0463
vn -0.9995 0.0148 -0.0274
vn -0.9861 -0.1630 -0.0326
vn -0.9987 -0.0218 0.0463
vn -0.9861 -0.1630 0.0326
vn -0.9995 0.0148 0.0274
vn 0.8767 0.4796 -0.0372
vn 0.8202 0.5600 -0.1168
vn 0.7809 0.6246 0.0052
vn 0.8816 0.4718 -0.0161
vn -0.1335 0.9152 -0.3803
vn -0.6614 0.5738 -0.4830
vn -0.7701 0.6379 -0.0000
vn -0.1236 0.9923 0.0031
vn -0.8655 0.3508 -0.3576
vn -0.8859 0.4639 0.0020
vn -0.8330 0.5532 -0.0000
vn -0.8095 0.4472 -0.3804
vn -0.9454 0.2563 -0.2013
vn -0.9919 0.1145 -0.0551
vn -0.9900 0.1410 0.0037
vn -0.9489 0.3157 0.0055
vn 0.6512 0.7589 -0.0000
vn 0.6520 0.7580 -0.0195
vn 0.6026 0.7978 -0.0207
vn 0.6027 0.7980 -0.0000
vn 0.7862 0.6177 -0.0171
vn 0.6978 0.7159 -0.0224
vn 0.6993 0.7148 -0.0000
vn 0.7844 0.6202 -0.0000
vn -0.7279 0.5067 -0.4620
vn -0.6902 0.5363 -0.4857
vn -0.9987 -0.0217 -0.0463
vn -0.9994 -0.0332 -0.0000
vn -1.0000 -0.0090 -0.0040
vn -0.9583 -0.2855 0.0095
vn -0.9315 -0.3637 -0.0000
vn -0.7700 0.6381 -0.0000
vn -0.1134 0.9936 -0.0000
vn -0.1168 0.9928 -0.0258
vn -0.7698 0.6381 -0.0157
vn -0.8869 0.4618 -0.0123
vn -0.8873 0.4613 -0.0000
vn -0.8318 0.5551 -0.0000
vn -0.8339 0.5517 -0.0143
vn -0.9894 0.1447 -0.0079
vn -0.9893 0.1458 -0.0000
vn -0.9491 0.3151 -0.0000
vn -0.9517 0.3069 -0.0088
vn 0.6502 0.7598 0.0045
vn 0.6067 0.7949 0.0063
vn 0.6962 0.7178 0.0047
vn -0.7704 0.6376 -0.0000
vn -0.7704 0.6374 -0.0161
vn -0.7702 0.6378 -0.0000
vn -0.7702 0.6377 -0.0157
vn -0.9995 -0.0331 -0.0000
vn 0.6753 0.6519 -0.3450
vn 0.5714 0.6948 -0.4367
vn 0.7611 0.6046 -0.2350
vn 0.8858 0.4639 -0.0126
vn 0.8872 0.4613 -0.0000
vn 0.4815 0.7389 -0.4713
vn 0.5966 0.8025 0.0064
vn 0.6026 0.7978 -0.0205
vn 0.3425 0.4876 -0.8030
vn -0.0749 0.4990 -0.8634
vn -0.4277 0.3543 -0.8316
vn -0.4810 0.3036 -0.8225
vn -0.5858 0.2644 -0.7661
vn -0.6970 0.2220 -0.6818
vn -0.7584 0.1949 -0.6220
vn -0.8394 0.1557 -0.5207
vn -0.8899 0.3355 -0.3090
vn -0.9588 0.1029 -0.2647
vn -0.9928 0.0779 -0.0914
vn -0.9988 0.0344 -0.0358
vn -0.9988 0.0343 -0.0358
vn -0.9769 -0.2105 -0.0375
vn -0.9180 -0.3964 0.0121
vn -0.8768 -0.4809 -0.0000
vn 0.9080 0.4190 -0.0000
vn 0.9077 0.4194 -0.0151
vn 0.9068 0.4204 -0.0325
vn 0.9034 0.4239 -0.0647
vn 0.8845 0.4366 -0.1641
vn 0.8181 0.4561 -0.3501
vn 0.6994 0.4720 -0.5367
vn 0.5314 0.4782 -0.6992
vn 0.7809 0.6246 -0.0052
vn 0.8202 0.5600 0.1168
vn 0.8767 0.4796 0.0372
vn 0.8816 0.4717 0.0161
vn -0.1335 0.9152 0.3803
vn -0.1236 0.9923 -0.0031
vn -0.6614 0.5738 0.4830
vn -0.8859 0.4639 -0.0020
vn -0.8655 0.3508 0.3576
vn -0.8095 0.4472 0.3804
vn -0.9454 0.2563 0.2013
vn -0.9489 0.3157 -0.0055
vn -0.9900 0.1410 -0.0037
vn -0.9919 0.1145 0.0551
vn 0.6026 0.7978 0.0207
vn 0.6519 0.7580 0.0195
vn 0.6979 0.7159 0.0223
vn 0.7862 0.6177 0.0172
vn -0.7279 0.5067 0.4620
vn -0.6902 0.5363 0.4857
vn -0.9987 -0.0217 0.0463
vn -0.9583 -0.2855 -0.0095
vn -1.0000 -0.0090 0.0040
vn -0.1168 0.9928 0.0258
vn -0.7700 0.6379 0.0159
vn -0.8869 0.4618 0.0124
vn -0.8341 0.5514 0.0142
vn -0.9894 0.1447 0.0079
vn -0.9517 0.3069 0.0088
vn 0.6067 0.7949 -0.0063
vn 0.6502 0.7598 -0.0045
vn 0.6962 0.7178 -0.0047
vn -0.7704 0.6374 0.0161
vn -0.7702 0.6377 0.0157
vn 0.5714 0.6948 0.4367
vn 0.6753 0.6519 0.3450
vn 0.7614 0.6042 0.2349
vn 0.8858 0.4639 0.0126
vn 0.5966 0.8025 -0.0064
vn 0.4816 0.7389 0.4713
vn 0.6026 0.7978 0.0205
vn 0.3425 0.4876 0.8030
vn -0.0749 0.4990 0.8634
vn -0.4277 0.3543 0.8316
vn -0.4810 0.3036 0.8225
vn -0.5858 0.2644 0.7661
vn -0.6970 0.2220 0.6818
vn -0.7584 0.1949 0.6220
vn -0.8899 0.3356 0.3090
vn -0.8394 0.1557 0.5207
vn -0.9588 0.1029 0.2647
vn -0.9928 0.0779 0.0914
vn -0.9988 0.0344 0.0358
vn -0.9988 0.0343 0.0358
vn -0.9769 -0.2105 0.0375
vn -0.9180 -0.3964 -0.0121
vn 0.9077 0.4194 0.0151
vn 0.9068 0.4204 0.0325
vn 0.9034 0.4239 0.0647
vn 0.8845 0.4366 0.1641
vn 0.8181 0.4561 0.3501
vn 0.6994 0.4720 0.5367
vn 0.5314 0.4782 0.6992
vt 0.629377 0.312500
vt 0.593750 0.312500
vt 0.610625 0.312500
vt 1.000000 0.000000
vt 0.656250 0.312500
vt 0.640938 0.312500
vt 0.625000 0.312500
vt 0.593750 0.250000
s 1
usemtl 07_-_Default
f 3643/728/3142 3644/729/3143 3645/730/3144
f 3646/728/3145 3647/730/3146 3648/729/3147
f 3649/731/3148 3650/731/3149 3651/731/3150
f 3649/731/3148 3651/731/3150 3652/731/3151
f 3653/731/3152 3654/731/3153 3655/731/3154
f 3653/731/3152 3655/731/3154 3656/731/3155
f 3657/731/3156 3658/731/3157 3659/731/3158
f 3657/731/3156 3659/731/3158 3660/731/3159
f 3661/731/3160 3662/731/3161 3663/731/3162
f 3661/731/3160 3663/731/3162 3664/731/3163
f 3665/731/3164 3666/731/3165 3667/731/3166
f 3665/731/3164 3667/731/3166 3668/731/3167
f 3669/731/3168 3670/731/3169 3671/731/3170
f 3669/731/3168 3671/731/3170 3672/731/3171
f 3660/731/3159 3659/731/3158 3673/731/3154
f 3660/731/3159 3673/731/3154 3674/731/3172
f 3674/731/3172 3673/731/3154 3675/731/3154
f 3674/731/3172 3675/731/3154 3676/731/3173
f 3676/731/3173 3675/731/3154 3655/731/3154
f 3676/731/3173 3655/731/3154 3654/731/3153
f 3677/731/3143 3678/731/3174 3663/731/3162
f 3677/731/3143 3663/731/3162 3662/731/3161
f 3679/732/3175 3680/733/3176 3681/734/3177
f 3679/732/3175 3681/734/3177 3682/735/3178
f 3683/731/3179 3684/731/3180 3685/731/3181
f 3683/731/3179 3685/731/3181 3686/731/3182
f 3687/731/3183 3688/731/3184 3689/731/3185
f 3687/731/3183 3689/731/3185 3690/731/3186
f 3691/731/3187 3692/731/3188 3693/731/3189
f 3691/731/3187 3693/731/3189 3694/731/3190
f 3695/731/3191 3696/731/3192 3667/731/3166
f 3695/731/3191 3667/731/3166 3666/731/3165
f 3651/731/3150 3697/731/3193 3670/731/3169
f 3651/731/3150 3670/731/3169 3669/731/3168
f 3694/731/3190 3693/731/3189 3688/731/3184
f 3694/731/3190 3688/731/3184 3687/731/3183
f 3690/731/3186 3689/731/3185 3698/731/3194
f 3690/731/3186 3698/731/3194 3699/731/3195
f 3699/731/3195 3698/731/3194 3700/731/3196
f 3699/731/3195 3700/731/3196 3701/731/3197
f 3700/731/3196 3683/731/3179 3686/731/3182
f 3700/731/3196 3686/731/3182 3701/731/3197
f 3702/731/3176 3703/731/3198 3692/731/3188
f 3702/731/3176 3692/731/3188 3691/731/3187
f 3686/731/3182 3685/731/3181 3656/731/3155
f 3686/731/3182 3656/731/3155 3655/731/3154
f 3658/731/3157 3687/731/3183 3690/731/3186
f 3658/731/3157 3690/731/3186 3659/731/3158
f 3663/731/3162 3691/731/3187 3694/731/3190
f 3663/731/3162 3694/731/3190 3664/731/3163
f 3664/731/3163 3694/731/3190 3687/731/3183
f 3664/731/3163 3687/731/3183 3658/731/3157
f 3659/731/3158 3690/731/3186 3699/731/3195
f 3659/731/3158 3699/731/3195 3673/731/3154
f 3673/731/3154 3699/731/3195 3701/731/3197
f 3673/731/3154 3701/731/3197 3675/731/3154
f 3701/731/3197 3686/731/3182 3655/731/3154
f 3701/731/3197 3655/731/3154 3675/731/3154
f 3678/731/3174 3702/731/3176 3691/731/3187
f 3678/731/3174 3691/731/3187 3663/731/3162
f 3704/731/3199 3705/731/3200 3696/731/3192
f 3704/731/3199 3696/731/3192 3695/731/3191
f 3650/731/3149 3706/731/3201 3697/731/3193
f 3650/731/3149 3697/731/3193 3651/731/3150
f 3680/733/3176 3643/728/3142 3645/730/3144
f 3680/733/3176 3645/730/3144 3681/734/3177
f 3669/731/3168 3707/731/3202 3652/731/3151
f 3669/731/3168 3652/731/3151 3651/731/3150
f 3669/731/3168 3672/731/3171 3708/731/3203
f 3669/731/3168 3708/731/3203 3707/731/3202
f 3706/731/3201 3704/731/3199 3695/731/3191
f 3706/731/3201 3695/731/3191 3697/731/3193
f 3697/731/3193 3695/731/3191 3666/731/3165
f 3697/731/3193 3666/731/3165 3670/731/3169
f 3670/731/3169 3666/731/3165 3665/731/3164
f 3670/731/3169 3665/731/3164 3671/731/3170
f 3709/731/3204 3710/731/3205 3696/731/3192
f 3709/731/3204 3696/731/3192 3705/731/3200
f 3696/731/3192 3710/731/3205 3711/731/3206
f 3696/731/3192 3711/731/3206 3667/731/3166
f 3711/731/3206 3712/731/3167 3668/731/3167
f 3711/731/3206 3668/731/3167 3667/731/3166
f 3709/731/3204 3653/731/3152 3656/731/3155
f 3709/731/3204 3656/731/3155 3710/731/3205
f 3710/731/3205 3656/731/3155 3685/731/3181
f 3710/731/3205 3685/731/3181 3711/731/3206
f 3685/731/3181 3684/731/3180 3712/731/3167
f 3685/731/3181 3712/731/3167 3711/731/3206
f 3713/731/3207 3714/731/3208 3653/731/3152
f 3713/731/3207 3653/731/3152 3709/731/3204
f 3714/731/3208 3715/731/3209 3654/731/3153
f 3714/731/3208 3654/731/3153 3653/731/3152
f 3715/731/3209 3716/731/3210 3676/731/3173
f 3715/731/3209 3676/731/3173 3654/731/3153
f 3716/731/3210 3717/731/3211 3674/731/3172
f 3716/731/3210 3674/731/3172 3676/731/3173
f 3717/731/3211 3718/731/3212 3660/731/3159
f 3717/731/3211 3660/731/3159 3674/731/3172
f 3718/731/3212 3719/731/3213 3657/731/3156
f 3718/731/3212 3657/731/3156 3660/731/3159
f 3719/731/3213 3720/731/3214 3721/731/3215
f 3719/731/3213 3721/731/3215 3657/731/3156
f 3720/731/3214 3722/731/3216 3661/731/3160
f 3720/731/3214 3661/731/3160 3721/731/3215
f 3722/731/3216 3723/731/3217 3662/731/3161
f 3722/731/3216 3662/731/3161 3661/731/3160
f 3723/731/3217 3724/731/3218 3677/731/3143
f 3723/731/3217 3677/731/3143 3662/731/3161
f 3725/729/3219 3726/730/3220 3645/730/3144
f 3725/729/3219 3645/730/3144 3644/729/3143
f 3726/730/3220 3727/734/3221 3681/734/3177
f 3726/730/3220 3681/734/3177 3645/730/3144
f 3727/734/3221 3728/735/3222 3682/735/3178
f 3727/734/3221 3682/735/3178 3681/734/3177
f 3729/731/3223 3730/731/3224 3707/731/3202
f 3729/731/3223 3707/731/3202 3708/731/3203
f 3730/731/3224 3731/731/3225 3652/731/3151
f 3730/731/3224 3652/731/3151 3707/731/3202
f 3731/731/3225 3732/731/3226 3649/731/3148
f 3731/731/3225 3649/731/3148 3652/731/3151
f 3732/731/3226 3733/731/3227 3650/731/3149
f 3732/731/3226 3650/731/3149 3649/731/3148
f 3733/731/3227 3734/731/3228 3706/731/3201
f 3733/731/3227 3706/731/3201 3650/731/3149
f 3734/731/3228 3735/731/3229 3704/731/3199
f 3734/731/3228 3704/731/3199 3706/731/3201
f 3735/731/3229 3736/731/3230 3705/731/3200
f 3735/731/3229 3705/731/3200 3704/731/3199
f 3736/731/3230 3713/731/3207 3709/731/3204
f 3736/731/3230 3709/731/3204 3705/731/3200
f 3737/731/3231 3738/731/3232 3739/731/3233
f 3737/731/3231 3739/731/3233 3740/731/3234
f 3741/731/3235 3742/731/3236 3743/731/3154
f 3741/731/3235 3743/731/3154 3744/731/3237
f 3745/731/3158 3746/731/3238 3747/731/3239
f 3745/731/3158 3747/731/3239 3748/731/3240
f 3749/731/3241 3750/731/3242 3751/731/3243
f 3749/731/3241 3751/731/3243 3752/731/3244
f 3665/731/3164 3668/731/3167 3753/731/3245
f 3665/731/3164 3753/731/3245 3754/731/3246
f 3671/731/3170 3755/731/3247 3756/731/3248
f 3671/731/3170 3756/731/3248 3672/731/3171
f 3757/731/3154 3745/731/3158 3748/731/3240
f 3757/731/3154 3748/731/3240 3758/731/3249
f 3759/731/3154 3757/731/3154 3758/731/3249
f 3759/731/3154 3758/731/3249 3760/731/3250
f 3743/731/3154 3759/731/3154 3760/731/3250
f 3743/731/3154 3760/731/3250 3744/731/3237
f 3751/731/3243 3761/731/3251 3762/731/3147
f 3751/731/3243 3762/731/3147 3752/731/3244
f 3679/732/3175 3682/735/3178 3763/734/3252
f 3679/732/3175 3763/734/3252 3764/733/3253
f 3765/731/3254 3684/731/3180 3683/731/3179
f 3765/731/3254 3683/731/3179 3766/731/3255
f 3767/731/3256 3768/731/3257 3689/731/3185
f 3767/731/3256 3689/731/3185 3688/731/3184
f 3769/731/3258 3770/731/3259 3693/731/3189
f 3769/731/3258 3693/731/3189 3692/731/3188
f 3753/731/3245 3771/731/3260 3772/731/3261
f 3753/731/3245 3772/731/3261 3754/731/3246
f 3755/731/3247 3773/731/3262 3737/731/3231
f 3755/731/3247 3737/731/3231 3756/731/3248
f 3770/731/3259 3767/731/3256 3688/731/3184
f 3770/731/3259 3688/731/3184 3693/731/3189
f 3768/731/3257 3774/731/3263 3698/731/3194
f 3768/731/3257 3698/731/3194 3689/731/3185
f 3774/731/3263 3775/731/3264 3700/731/3196
f 3774/731/3263 3700/731/3196 3698/731/3194
f 3766/731/3255 3683/731/3179 3700/731/3196
f 3766/731/3255 3700/731/3196 3775/731/3264
f 3776/731/3253 3769/731/3258 3692/731/3188
f 3776/731/3253 3692/731/3188 3703/731/3198
f 3742/731/3236 3765/731/3254 3766/731/3255
f 3742/731/3236 3766/731/3255 3743/731/3154
f 3746/731/3238 3745/731/3158 3768/731/3257
f 3746/731/3238 3768/731/3257 3767/731/3256
f 3751/731/3243 3750/731/3242 3770/731/3259
f 3751/731/3243 3770/731/3259 3769/731/3258
f 3750/731/3242 3746/731/3238 3767/731/3256
f 3750/731/3242 3767/731/3256 3770/731/3259
f 3745/731/3158 3757/731/3154 3774/731/3263
f 3745/731/3158 3774/731/3263 3768/731/3257
f 3757/731/3154 3759/731/3154 3775/731/3264
f 3757/731/3154 3775/731/3264 3774/731/3263
f 3743/731/3154 3766/731/3255 3775/731/3264
f 3743/731/3154 3775/731/3264 3759/731/3154
f 3761/731/3251 3751/731/3243 3769/731/3258
f 3761/731/3251 3769/731/3258 3776/731/3253
f 3771/731/3260 3777/731/3265 3778/731/3266
f 3771/731/3260 3778/731/3266 3772/731/3261
f 3773/731/3262 3779/731/3267 3738/731/3232
f 3773/731/3262 3738/731/3232 3737/731/3231
f 3764/733/3253 3763/734/3252 3647/730/3146
f 3764/733/3253 3647/730/3146 3646/728/3145
f 3740/731/3234 3780/731/3268 3756/731/3248
f 3740/731/3234 3756/731/3248 3737/731/3231
f 3756/731/3248 3780/731/3268 3708/731/3203
f 3756/731/3248 3708/731/3203 3672/731/3171
f 3779/731/3267 3773/731/3262 3772/731/3261
f 3779/731/3267 3772/731/3261 3778/731/3266
f 3773/731/3262 3755/731/3247 3754/731/3246
f 3773/731/3262 3754/731/3246 3772/731/3261
f 3755/731/3247 3671/731/3170 3665/731/3164
f 3755/731/3247 3665/731/3164 3754/731/3246
f 3771/731/3260 3781/731/3269 3782/731/3270
f 3771/731/3260 3782/731/3270 3777/731/3265
f 3771/731/3260 3753/731/3245 3783/731/3271
f 3771/731/3260 3783/731/3271 3781/731/3269
f 3668/731/3167 3712/731/3167 3783/731/3271
f 3668/731/3167 3783/731/3271 3753/731/3245
f 3782/731/3270 3781/731/3269 3742/731/3236
f 3782/731/3270 3742/731/3236 3741/731/3235
f 3781/731/3269 3783/731/3271 3765/731/3254
f 3781/731/3269 3765/731/3254 3742/731/3236
f 3712/731/3167 3684/731/3180 3765/731/3254
f 3712/731/3167 3765/731/3254 3783/731/3271
f 3784/731/3272 3782/731/3270 3741/731/3235
f 3784/731/3272 3741/731/3235 3785/731/3273
f 3785/731/3273 3741/731/3235 3744/731/3237
f 3785/731/3273 3744/731/3237 3786/731/3274
f 3786/731/3274 3744/731/3237 3760/731/3250
f 3786/731/3274 3760/731/3250 3787/731/3275
f 3787/731/3275 3760/731/3250 3758/731/3249
f 3787/731/3275 3758/731/3249 3788/731/3276
f 3788/731/3276 3758/731/3249 3748/731/3240
f 3788/731/3276 3748/731/3240 3789/731/3277
f 3789/731/3277 3748/731/3240 3747/731/3239
f 3789/731/3277 3747/731/3239 3790/731/3278
f 3790/731/3278 3747/731/3239 3791/731/3279
f 3790/731/3278 3791/731/3279 3792/731/3280
f 3792/731/3280 3791/731/3279 3749/731/3241
f 3792/731/3280 3749/731/3241 3793/731/3281
f 3793/731/3281 3749/731/3241 3752/731/3244
f 3793/731/3281 3752/731/3244 3794/731/3282
f 3794/731/3282 3752/731/3244 3762/731/3147
f 3794/731/3282 3762/731/3147 3795/731/3283
f 3796/729/3284 3648/729/3147 3647/730/3146
f 3796/729/3284 3647/730/3146 3797/730/3285
f 3797/730/3285 3647/730/3146 3763/734/3252
f 3797/730/3285 3763/734/3252 3798/734/3286
f 3798/734/3286 3763/734/3252 3682/735/3178
f 3798/734/3286 3682/735/3178 3728/735/3222
f 3729/731/3223 3708/731/3203 3780/731/3268
f 3729/731/3223 3780/731/3268 3799/731/3287
f 3799/731/3287 3780/731/3268 3740/731/3234
f 3799/731/3287 3740/731/3234 3800/731/3288
f 3800/731/3288 3740/731/3234 3739/731/3233
f 3800/731/3288 3739/731/3233 3801/731/3289
f 3801/731/3289 3739/731/3233 3738/731/3232
f 3801/731/3289 3738/731/3232 3802/731/3290
f 3802/731/3290 3738/731/3232 3779/731/3267
f 3802/731/3290 3779/731/3267 3803/731/3291
f 3803/731/3291 3779/731/3267 3778/731/3266
f 3803/731/3291 3778/731/3266 3804/731/3292
f 3804/731/3292 3778/731/3266 3777/731/3265
f 3804/731/3292 3777/731/3265 3805/731/3293
f 3805/731/3293 3777/731/3265 3782/731/3270
f 3805/731/3293 3782/731/3270 3784/731/3272
f 3664/731/3163 3721/731/3215 3661/731/3160
f 3721/731/3215 3664/731/3163 3658/731/3157
f 3721/731/3215 3658/731/3157 3657/731/3156
f 3791/731/3279 3750/731/3242 3749/731/3241
f 3750/731/3242 3791/731/3279 3746/731/3238
f 3746/731/3238 3791/731/3279 3747/731/3239
o Sphere001_08_-_Default_0
v -0.492569 2.491613 0.774100
v -0.759213 2.814102 0.305100
v -0.262853 3.076692 0.400498
v -0.531890 2.561037 0.793504
v -0.302175 3.146115 0.419902
v -0.798534 2.883525 0.324504
v -0.082650 2.145267 0.830965
v -0.531898 2.565038 0.699258
v -0.074818 2.590416 0.798726
v -0.086340 2.161957 0.911277
v -0.078508 2.607106 0.879038
v -0.535589 2.581729 0.779570
v 0.065847 1.988920 0.839123
v 0.119170 2.332910 0.778979
v 0.387907 2.409366 0.782090
v 0.105168 2.039340 0.890639
v 0.427228 2.459786 0.833606
v 0.106178 2.383330 0.830495
v 0.360637 2.400925 0.822240
v 0.102382 2.860276 0.629681
v 0.583996 2.843544 0.534283
v 0.399958 2.470348 0.841644
v 0.623317 2.912967 0.553687
v 0.141703 2.929699 0.649086
v 0.519287 2.830169 0.527489
v 0.042083 3.233373 0.327215
v 0.576594 3.034364 0.011364
v 0.625469 3.113913 0.040318
v 0.090959 3.312922 0.356169
v 0.568162 2.909719 0.556442
v -0.492569 2.491613 -0.774100
v -0.262853 3.076692 -0.400498
v -0.759213 2.814102 -0.305100
v -0.531890 2.561036 -0.793504
v -0.798535 2.883525 -0.324504
v -0.302175 3.146115 -0.419903
v -0.082650 2.145266 -0.830965
v -0.074818 2.590415 -0.798726
v -0.531898 2.565038 -0.699258
v -0.086340 2.161957 -0.911277
v -0.535589 2.581728 -0.779570
v -0.078508 2.607106 -0.879038
v 0.065847 1.988920 -0.839123
v 0.387907 2.409365 -0.782090
v 0.119169 2.332909 -0.778979
v 0.105168 2.039340 -0.890639
v 0.106178 2.383329 -0.830495
v 0.427228 2.459785 -0.833606
v 0.360636 2.400924 -0.822240
v 0.583995 2.843543 -0.534283
v 0.102382 2.860276 -0.629682
v 0.399958 2.470348 -0.841644
v 0.141703 2.929699 -0.649086
v 0.623317 2.912966 -0.553687
v 0.519287 2.830169 -0.527489
v 0.576594 3.034364 -0.011364
v 0.042083 3.233372 -0.327215
v 0.625469 3.113913 -0.040318
v 0.568162 2.909718 -0.556443
v 0.090959 3.312922 -0.356169
v -0.770353 2.916689 0.326473
v -0.701233 2.847569 0.326473
v -0.320624 3.270891 0.000373
v -0.389745 3.340012 0.000373
v -0.492569 2.491613 0.774100
v -0.262853 3.076692 0.400498
v -0.302175 3.146115 0.419902
v -0.531890 2.561037 0.793504
v -0.262853 3.076692 0.400498
v -0.759213 2.814102 0.305100
v -0.798534 2.883525 0.324504
v -0.302175 3.146115 0.419902
v -0.759213 2.814102 0.305100
v -0.492569 2.491613 0.774100
v -0.531890 2.561037 0.793504
v -0.798534 2.883525 0.324504
v -0.082650 2.145267 0.830965
v -0.074818 2.590416 0.798726
v -0.078508 2.607106 0.879038
v -0.086340 2.161957 0.911277
v -0.074818 2.590416 0.798726
v -0.531898 2.565038 0.699258
v -0.535589 2.581729 0.779570
v -0.078508 2.607106 0.879038
v -0.531898 2.565038 0.699258
v -0.082650 2.145267 0.830965
v -0.086340 2.161957 0.911277
v -0.535589 2.581729 0.779570
v 0.065847 1.988920 0.839123
v 0.105168 2.039340 0.890639
v 0.106178 2.383330 0.830495
v 0.119170 2.332910 0.778979
v 0.119170 2.332910 0.778979
v 0.106178 2.383330 0.830495
v 0.427228 2.459786 0.833606
v 0.387907 2.409366 0.782090
v 0.387907 2.409366 0.782090
v 0.427228 2.459786 0.833606
v 0.105168 2.039340 0.890639
v 0.065847 1.988920 0.839123
v 0.360637 2.400925 0.822240
v 0.399958 2.470348 0.841644
v 0.141703 2.929699 0.649086
v 0.102382 2.860276 0.629681
v 0.102382 2.860276 0.629681
v 0.141703 2.929699 0.649086
v 0.623317 2.912967 0.553687
v 0.583996 2.843544 0.534283
v 0.583996 2.843544 0.534283
v 0.623317 2.912967 0.553687
v 0.399958 2.470348 0.841644
v 0.360637 2.400925 0.822240
v 0.519287 2.830169 0.527489
v 0.576594 3.034364 0.011364
v 0.625469 3.113913 0.040318
v 0.568162 2.909719 0.556442
v 0.576594 3.034364 0.011364
v 0.042083 3.233373 0.327215
v 0.090959 3.312922 0.356169
v 0.625469 3.113913 0.040318
v 0.568162 2.909719 0.556442
v 0.090959 3.312922 0.356169
v 0.042083 3.233373 0.327215
v 0.519287 2.830169 0.527489
v -0.320624 3.270891 0.000373
v -0.320624 3.270891 -0.000000
v -0.389745 3.340012 -0.000000
v -0.389745 3.340012 0.000373
v -0.641992 2.140064 0.760696
v -0.658521 2.165737 0.741167
v -0.666788 2.144683 0.725926
v -0.648488 2.123522 0.748721
v -0.670364 2.120423 0.713171
v -0.651298 2.104461 0.738700
v -0.669113 2.093889 0.703392
v -0.650315 2.083613 0.731017
v -0.663083 2.066100 0.696966
v -0.645577 2.061780 0.725967
v -0.652504 2.038126 0.694138
v -0.637265 2.039801 0.723745
v -0.637784 2.011040 0.695018
v -0.625700 2.018520 0.724437
v -0.619489 1.985884 0.699572
v -0.611325 1.998755 0.728015
v -0.598321 1.963624 0.707624
v -0.594694 1.981265 0.734341
v -0.575094 1.945116 0.718866
v -0.576444 1.966724 0.743174
v -0.550700 1.931071 0.732866
v -0.557278 1.955689 0.754174
v -0.526077 1.922029 0.749085
v -0.537932 1.948584 0.766917
v -0.502172 1.918337 0.766900
v -0.519150 1.945684 0.780914
v -0.479902 1.920138 0.785626
v -0.501653 1.947098 0.795627
v -0.460124 1.927361 0.804545
v -0.486113 1.952773 0.810491
v -0.443598 1.939730 0.822928
v -0.473129 1.962492 0.824935
v -0.430959 1.956768 0.840069
v -0.463198 1.975879 0.838403
v -0.422692 1.977822 0.855310
v -0.456703 1.992421 0.850378
v -0.419115 2.002083 0.868065
v -0.453893 2.011482 0.860399
v -0.420366 2.028617 0.877844
v -0.454876 2.032330 0.868082
v -0.426397 2.056405 0.884271
v -0.459614 2.054163 0.873132
v -0.436975 2.084379 0.887098
v -0.467925 2.076142 0.875353
v -0.451695 2.111465 0.886219
v -0.479491 2.097423 0.874662
v -0.469991 2.136621 0.881665
v -0.493865 2.117188 0.871084
v -0.491159 2.158881 0.873612
v -0.510497 2.134678 0.864757
v -0.514386 2.177389 0.862370
v -0.528746 2.149219 0.855924
v -0.538780 2.191434 0.848370
v -0.547912 2.160254 0.844925
v -0.563402 2.200476 0.832151
v -0.567258 2.167359 0.832182
v -0.587308 2.204168 0.814337
v -0.586041 2.170259 0.818185
v -0.609577 2.202367 0.795610
v -0.603538 2.168845 0.803472
v -0.629355 2.195144 0.776692
v -0.619077 2.163169 0.788608
v -0.645881 2.182775 0.758309
v -0.632062 2.153451 0.774164
v -0.658521 2.165737 0.741167
v -0.641992 2.140064 0.760696
v -0.668960 2.188111 0.721587
v -0.678681 2.163354 0.703666
v -0.682887 2.134827 0.688667
v -0.681416 2.103626 0.677169
v -0.674324 2.070951 0.669612
v -0.661885 2.038056 0.666287
v -0.644577 2.006207 0.667321
v -0.623064 1.976626 0.672676
v -0.598173 1.950452 0.682145
v -0.570860 1.928689 0.695364
v -0.542177 1.912174 0.711826
v -0.513223 1.901541 0.730897
v -0.485113 1.897200 0.751845
v -0.458927 1.899317 0.773866
v -0.435671 1.907811 0.796111
v -0.416238 1.922355 0.817727
v -0.401376 1.942390 0.837884
v -0.391655 1.967147 0.855805
v -0.387449 1.995674 0.870804
v -0.388920 2.026875 0.882302
v -0.396011 2.059550 0.889859
v -0.408450 2.092445 0.893184
v -0.425759 2.124295 0.892150
v -0.447272 2.153875 0.886795
v -0.472163 2.180050 0.877326
v -0.499475 2.201813 0.864107
v -0.528159 2.218328 0.847645
v -0.557113 2.228960 0.828574
v -0.585222 2.233301 0.807625
v -0.611409 2.231184 0.785605
v -0.634665 2.222690 0.763360
v -0.654098 2.208146 0.741744
v -0.668960 2.188111 0.721587
v -0.672909 2.206327 0.702709
v -0.683711 2.178819 0.682795
v -0.688384 2.147121 0.666130
v -0.686749 2.112453 0.653354
v -0.678870 2.076146 0.644957
v -0.665048 2.039595 0.641262
v -0.645816 2.004206 0.642412
v -0.621912 1.971338 0.648361
v -0.594254 1.942254 0.658883
v -0.563907 1.918072 0.673571
v -0.532035 1.899722 0.691862
v -0.499864 1.887908 0.713053
v -0.468630 1.883084 0.736330
v -0.439533 1.885437 0.760797
v -0.413692 1.894874 0.785515
v -0.392099 1.911035 0.809534
v -0.375585 1.933297 0.831930
v -0.364784 1.960805 0.851844
v -0.360111 1.992503 0.868509
v -0.361745 2.027171 0.881285
v -0.369625 2.063478 0.889683
v -0.383446 2.100029 0.893377
v -0.402679 2.135418 0.892227
v -0.426583 2.168286 0.886277
v -0.454240 2.197370 0.875756
v -0.484588 2.221552 0.861068
v -0.516460 2.239902 0.842776
v -0.548631 2.251716 0.821585
v -0.579865 2.256540 0.798309
v -0.608962 2.254187 0.773842
v -0.634803 2.244750 0.749124
v -0.656395 2.228589 0.725105
v -0.672909 2.206327 0.702709
v -0.609839 2.219685 0.603636
v -0.621306 2.190482 0.582496
v -0.626267 2.156832 0.564804
v -0.624531 2.120029 0.551240
v -0.616167 2.081485 0.542326
v -0.601494 2.042684 0.538404
v -0.581077 2.005115 0.539624
v -0.555700 1.970222 0.545941
v -0.526339 1.939347 0.557110
v -0.494123 1.913675 0.572703
v -0.460288 1.894195 0.592121
v -0.426135 1.881653 0.614617
v -0.392977 1.876532 0.639327
v -0.362088 1.879029 0.665302
v -0.334655 1.889048 0.691542
v -0.311733 1.906204 0.717040
v -0.294201 1.929838 0.740816
v -0.282735 1.959040 0.761956
v -0.277774 1.992690 0.779648
v -0.279509 2.029494 0.793212
v -0.287874 2.068038 0.802126
v -0.302547 2.106839 0.806048
v -0.322964 2.144408 0.804827
v -0.348340 2.179301 0.798511
v -0.377701 2.210176 0.787342
v -0.409918 2.235847 0.771748
v -0.443753 2.255328 0.752331
v -0.477906 2.267870 0.729834
v -0.511064 2.272990 0.705124
v -0.541952 2.270493 0.679150
v -0.569385 2.260474 0.652909
v -0.592308 2.243318 0.627411
v -0.609839 2.219685 0.603636
v -0.701233 2.847569 0.326473
v -0.770353 2.916689 0.326473
v -0.770353 2.916689 -0.000000
v -0.701233 2.847569 0.000000
v -0.770353 2.916689 -0.326473
v -0.389745 3.340012 -0.000373
v -0.320624 3.270891 -0.000373
v -0.701233 2.847569 -0.326473
v -0.492569 2.491613 -0.774100
v -0.531890 2.561036 -0.793504
v -0.302175 3.146115 -0.419903
v -0.262853 3.076692 -0.400498
v -0.262853 3.076692 -0.400498
v -0.302175 3.146115 -0.419903
v -0.798535 2.883525 -0.324504
v -0.759213 2.814102 -0.305100
v -0.759213 2.814102 -0.305100
v -0.798535 2.883525 -0.324504
v -0.531890 2.561036 -0.793504
v -0.492569 2.491613 -0.774100
v -0.082650 2.145266 -0.830965
v -0.086340 2.161957 -0.911277
v -0.078508 2.607106 -0.879038
v -0.074818 2.590415 -0.798726
v -0.074818 2.590415 -0.798726
v -0.078508 2.607106 -0.879038
v -0.535589 2.581728 -0.779570
v -0.531898 2.565038 -0.699258
v -0.531898 2.565038 -0.699258
v -0.535589 2.581728 -0.779570
v -0.086340 2.161957 -0.911277
v -0.082650 2.145266 -0.830965
v 0.065847 1.988920 -0.839123
v 0.119169 2.332909 -0.778979
v 0.106178 2.383329 -0.830495
v 0.105168 2.039340 -0.890639
v 0.119169 2.332909 -0.778979
v 0.387907 2.409365 -0.782090
v 0.427228 2.459785 -0.833606
v 0.106178 2.383329 -0.830495
v 0.387907 2.409365 -0.782090
v 0.065847 1.988920 -0.839123
v 0.105168 2.039340 -0.890639
v 0.427228 2.459785 -0.833606
v 0.360636 2.400924 -0.822240
v 0.102382 2.860276 -0.629682
v 0.141703 2.929699 -0.649086
v 0.399958 2.470348 -0.841644
v 0.102382 2.860276 -0.629682
v 0.583995 2.843543 -0.534283
v 0.623317 2.912966 -0.553687
v 0.141703 2.929699 -0.649086
v 0.583995 2.843543 -0.534283
v 0.360636 2.400924 -0.822240
v 0.399958 2.470348 -0.841644
v 0.623317 2.912966 -0.553687
v 0.519287 2.830169 -0.527489
v 0.568162 2.909718 -0.556443
v 0.625469 3.113913 -0.040318
v 0.576594 3.034364 -0.011364
v 0.576594 3.034364 -0.011364
v 0.625469 3.113913 -0.040318
v 0.090959 3.312922 -0.356169
v 0.042083 3.233372 -0.327215
v 0.568162 2.909718 -0.556443
v 0.519287 2.830169 -0.527489
v 0.042083 3.233372 -0.327215
v 0.090959 3.312922 -0.356169
v -0.320624 3.270891 -0.000373
v -0.389745 3.340012 -0.000373
v -0.641993 2.140064 -0.760696
v -0.648488 2.123522 -0.748721
v -0.666788 2.144682 -0.725926
v -0.658521 2.165736 -0.741167
v -0.651298 2.104461 -0.738699
v -0.670364 2.120422 -0.713171
v -0.650315 2.083613 -0.731016
v -0.669114 2.093888 -0.703392
v -0.645577 2.061780 -0.725967
v -0.663083 2.066100 -0.696965
v -0.637265 2.039800 -0.723745
v -0.652504 2.038126 -0.694138
v -0.625700 2.018519 -0.724436
v -0.637785 2.011040 -0.695018
v -0.611325 1.998754 -0.728014
v -0.619489 1.985883 -0.699571
v -0.594694 1.981265 -0.734341
v -0.598321 1.963624 -0.707624
v -0.576444 1.966723 -0.743174
v -0.575094 1.945116 -0.718866
v -0.557278 1.955688 -0.754173
v -0.550700 1.931071 -0.732866
v -0.537933 1.948584 -0.766916
v -0.526078 1.922029 -0.749084
v -0.519150 1.945683 -0.780914
v -0.502172 1.918337 -0.766899
v -0.501653 1.947098 -0.795627
v -0.479903 1.920137 -0.785626
v -0.486114 1.952773 -0.810491
v -0.460125 1.927361 -0.804544
v -0.473129 1.962491 -0.824934
v -0.443598 1.939729 -0.822927
v -0.463198 1.975878 -0.838402
v -0.430959 1.956768 -0.840069
v -0.456703 1.992420 -0.850377
v -0.422692 1.977822 -0.855310
v -0.453893 2.011482 -0.860399
v -0.419115 2.002082 -0.868065
v -0.454876 2.032329 -0.868082
v -0.420366 2.028616 -0.877844
v -0.459614 2.054162 -0.873132
v -0.426397 2.056405 -0.884270
v -0.467925 2.076142 -0.875353
v -0.436976 2.084379 -0.887098
v -0.479491 2.097423 -0.874662
v -0.451695 2.111465 -0.886218
v -0.493866 2.117188 -0.871084
v -0.469991 2.136621 -0.881664
v -0.510497 2.134677 -0.864757
v -0.491159 2.158881 -0.873612
v -0.528747 2.149219 -0.855924
v -0.514386 2.177389 -0.862370
v -0.547913 2.160254 -0.844925
v -0.538780 2.191434 -0.848370
v -0.567258 2.167358 -0.832182
v -0.563402 2.200476 -0.832151
v -0.586041 2.170259 -0.818185
v -0.587308 2.204167 -0.814336
v -0.603538 2.168844 -0.803471
v -0.609578 2.202367 -0.795610
v -0.619078 2.163169 -0.788607
v -0.629355 2.195144 -0.776692
v -0.632062 2.153451 -0.774164
v -0.645882 2.182775 -0.758308
v -0.641993 2.140064 -0.760696
v -0.658521 2.165736 -0.741167
v -0.678681 2.163354 -0.703665
v -0.668960 2.188111 -0.721587
v -0.682887 2.134827 -0.688667
v -0.681416 2.103626 -0.677168
v -0.674325 2.070951 -0.669611
v -0.661886 2.038056 -0.666286
v -0.644577 2.006207 -0.667321
v -0.623064 1.976626 -0.672676
v -0.598173 1.950451 -0.682145
v -0.570861 1.928688 -0.695364
v -0.542177 1.912173 -0.711826
v -0.513223 1.901541 -0.730897
v -0.485114 1.897200 -0.751845
v -0.458927 1.899317 -0.773865
v -0.435671 1.907810 -0.796111
v -0.416238 1.922354 -0.817727
v -0.401376 1.942390 -0.837883
v -0.391655 1.967147 -0.855805
v -0.387449 1.995674 -0.870803
v -0.388920 2.026875 -0.882302
v -0.396012 2.059550 -0.889859
v -0.408451 2.092445 -0.893184
v -0.425759 2.124294 -0.892149
v -0.447273 2.153875 -0.886795
v -0.472163 2.180049 -0.877326
v -0.499476 2.201813 -0.864106
v -0.528160 2.218328 -0.847645
v -0.557113 2.228960 -0.828573
v -0.585223 2.233301 -0.807625
v -0.611409 2.231184 -0.785605
v -0.634665 2.222690 -0.763360
v -0.654098 2.208146 -0.741743
v -0.668960 2.188111 -0.721587
v -0.683711 2.178818 -0.682795
v -0.672910 2.206327 -0.702709
v -0.688384 2.147121 -0.666130
v -0.686749 2.112453 -0.653353
v -0.678870 2.076146 -0.644956
v -0.665049 2.039595 -0.641262
v -0.645816 2.004206 -0.642411
v -0.621912 1.971338 -0.648361
v -0.594255 1.942254 -0.658882
v -0.563907 1.918072 -0.673571
v -0.532035 1.899722 -0.691862
v -0.499864 1.887908 -0.713053
v -0.468630 1.883084 -0.736329
v -0.439533 1.885436 -0.760797
v -0.413692 1.894874 -0.785515
v -0.392100 1.911034 -0.809533
v -0.375585 1.933296 -0.831930
v -0.364784 1.960805 -0.851843
v -0.360111 1.992502 -0.868509
v -0.361746 2.027171 -0.881285
v -0.369625 2.063478 -0.889682
v -0.383447 2.100029 -0.893377
v -0.402679 2.135418 -0.892227
v -0.426583 2.168286 -0.886277
v -0.454241 2.197370 -0.875756
v -0.484588 2.221551 -0.861067
v -0.516460 2.239902 -0.842776
v -0.548631 2.251716 -0.821585
v -0.579865 2.256539 -0.798309
v -0.608962 2.254187 -0.773842
v -0.634803 2.244749 -0.749124
v -0.656396 2.228589 -0.725105
v -0.672910 2.206327 -0.702709
v -0.621306 2.190482 -0.582495
v -0.609839 2.219685 -0.603635
v -0.626267 2.156832 -0.564804
v -0.624532 2.120028 -0.551240
v -0.616167 2.081485 -0.542326
v -0.601494 2.042683 -0.538404
v -0.581077 2.005114 -0.539624
v -0.555701 1.970222 -0.545940
v -0.526340 1.939347 -0.557110
v -0.494123 1.913675 -0.572703
v -0.460288 1.894194 -0.592121
v -0.426135 1.881653 -0.614617
v -0.392977 1.876532 -0.639327
v -0.362088 1.879029 -0.665301
v -0.334655 1.889048 -0.691542
v -0.311733 1.906204 -0.717040
v -0.294202 1.929837 -0.740816
v -0.282735 1.959040 -0.761956
v -0.277774 1.992690 -0.779648
v -0.279509 2.029494 -0.793211
v -0.287874 2.068037 -0.802126
v -0.302547 2.106839 -0.806048
v -0.322964 2.144408 -0.804827
v -0.348340 2.179301 -0.798511
v -0.377701 2.210176 -0.787341
v -0.409918 2.235847 -0.771748
v -0.443753 2.255328 -0.752330
v -0.477906 2.267869 -0.729834
v -0.511064 2.272990 -0.705124
v -0.541953 2.270493 -0.679150
v -0.569385 2.260474 -0.652909
v -0.592308 2.243318 -0.627411
v -0.609839 2.219685 -0.603635
v -0.770353 2.916689 -0.326473
v -0.701233 2.847569 -0.326473
v -0.701233 2.847569 0.326473
v -0.320624 3.270891 -0.000000
v -0.320624 3.270891 0.000373
v -0.320624 3.270891 -0.000373
v -0.701233 2.847569 -0.326473
v -0.770353 2.916689 -0.326473
v -0.389745 3.340012 -0.000000
v -0.389745 3.340012 -0.000373
v -0.389745 3.340012 0.000373
v -0.770353 2.916689 0.326473
vn 0.4450 -0.5995 -0.6652
vn -0.4450 0.5995 0.6652
vn 0.2160 -0.0743 -0.9736
vn -0.2160 0.0743 0.9736
vn 0.0630 -0.1814 -0.9814
vn -0.0505 0.1722 0.9838
vn -0.1874 -0.4675 -0.8639
vn 0.1874 0.4675 0.8639
vn -0.5066 -0.7810 -0.3652
vn 0.5066 0.7810 0.3652
vn 0.4450 -0.5995 0.6652
vn -0.4450 0.5995 -0.6652
vn 0.2160 -0.0743 0.9736
vn -0.2160 0.0743 -0.9736
vn 0.0630 -0.1814 0.9814
vn -0.0505 0.1722 -0.9838
vn -0.1874 -0.4675 0.8639
vn 0.1874 0.4675 -0.8639
vn -0.5066 -0.7810 0.3652
vn 0.5066 0.7810 -0.3652
vn 0.3518 0.3518 0.8674
vn 0.6794 0.1864 0.7097
vn 0.0327 0.2862 -0.9576
vn -0.8474 -0.5155 0.1273
vn 0.9987 -0.0140 0.0488
vn -0.0100 0.9789 -0.2039
vn -0.6960 -0.7087 0.1153
vn -0.9833 0.1038 0.1497
vn -0.9833 0.1038 0.1496
vn -0.1811 0.7256 -0.6639
vn -0.1811 0.7256 -0.6638
vn 0.7932 -0.6089 -0.0095
vn -0.5254 0.0604 0.8487
vn -0.1699 0.3534 -0.9199
vn 0.8755 -0.4796 -0.0581
vn 0.8636 -0.4943 -0.0997
vn -0.3039 0.4851 -0.8199
vn -0.4309 -0.0629 0.9002
vn 0.7071 0.7071 -0.0000
vn -0.8020 -0.0646 0.5938
vn -0.8358 -0.0080 0.5489
vn -0.8655 -0.0795 0.4946
vn -0.8269 -0.1242 0.5485
vn -0.8805 -0.1581 0.4468
vn -0.8398 -0.1895 0.5087
vn -0.8809 -0.2400 0.4080
vn -0.8407 -0.2575 0.4763
vn -0.8674 -0.3215 0.3797
vn -0.8302 -0.3252 0.4527
vn -0.8417 -0.3996 0.3631
vn -0.8096 -0.3900 0.4387
vn -0.8055 -0.4717 0.3586
vn -0.7802 -0.4497 0.4348
vn -0.7609 -0.5357 0.3662
vn -0.7437 -0.5025 0.4409
vn -0.7095 -0.5897 0.3857
vn -0.7015 -0.5472 0.4565
vn -0.6534 -0.6324 0.4161
vn -0.6552 -0.5824 0.4813
vn -0.5940 -0.6624 0.4565
vn -0.6059 -0.6070 0.5142
vn -0.5331 -0.6785 0.5054
vn -0.5552 -0.6201 0.5543
vn -0.4725 -0.6797 0.5611
vn -0.5045 -0.6208 0.6002
vn -0.4140 -0.6654 0.6212
vn -0.4554 -0.6085 0.6499
vn -0.3596 -0.6355 0.6832
vn -0.4097 -0.5831 0.7015
vn -0.3114 -0.5908 0.7444
vn -0.3692 -0.5453 0.7525
vn -0.2714 -0.5326 0.8017
vn -0.3356 -0.4964 0.8006
vn -0.2415 -0.4634 0.8526
vn -0.3105 -0.4384 0.8434
vn -0.2229 -0.3864 0.8950
vn -0.2949 -0.3740 0.8793
vn -0.2163 -0.3052 0.9274
vn -0.2895 -0.3062 0.9069
vn -0.2219 -0.2231 0.9492
vn -0.2943 -0.2379 0.9256
vn -0.2395 -0.1435 0.9602
vn -0.3092 -0.1719 0.9353
vn -0.2684 -0.0692 0.9608
vn -0.3334 -0.1105 0.9363
vn -0.3077 -0.0027 0.9515
vn -0.3662 -0.0558 0.9289
vn -0.3563 0.0539 0.9328
vn -0.4065 -0.0095 0.9136
vn -0.4127 0.0987 0.9055
vn -0.4530 0.0271 0.8911
vn -0.4752 0.1301 0.8702
vn -0.5046 0.0526 0.8618
vn -0.5418 0.1468 0.8276
vn -0.5594 0.0659 0.8263
vn -0.6099 0.1477 0.7786
vn -0.6154 0.0661 0.7854
vn -0.6766 0.1322 0.7243
vn -0.6704 0.0528 0.7401
vn -0.7387 0.1003 0.6665
vn -0.7216 0.0259 0.6918
vn -0.7928 0.0529 0.6072
vn -0.7663 -0.0138 0.6423
vn -0.8358 -0.0079 0.5490
vn -0.8919 0.1186 0.4364
vn -0.9320 0.0201 0.3619
vn -0.9508 -0.0880 0.2969
vn -0.9487 -0.1999 0.2448
vn -0.9276 -0.3104 0.2077
vn -0.8903 -0.4152 0.1868
vn -0.8398 -0.5113 0.1824
vn -0.7790 -0.5962 0.1941
vn -0.7103 -0.6682 0.2212
vn -0.6358 -0.7257 0.2627
vn -0.5575 -0.7671 0.3174
vn -0.4770 -0.7908 0.3836
vn -0.3964 -0.7950 0.4592
vn -0.3180 -0.7784 0.5413
vn -0.2445 -0.7401 0.6264
vn -0.1791 -0.6807 0.7103
vn -0.1247 -0.6020 0.7887
vn -0.0841 -0.5076 0.8575
vn -0.0592 -0.4023 0.9136
vn -0.0508 -0.2915 0.9552
vn -0.0590 -0.1802 0.9819
vn -0.0830 -0.0729 0.9939
vn -0.1218 0.0267 0.9922
vn -0.1741 0.1156 0.9779
vn -0.2384 0.1916 0.9521
vn -0.3133 0.2524 0.9155
vn -0.3967 0.2962 0.8689
vn -0.4862 0.3210 0.8127
vn -0.5789 0.3249 0.7478
vn -0.6708 0.3066 0.6753
vn -0.7570 0.2652 0.5972
vn -0.8324 0.2017 0.5162
vn -0.8751 0.4838 0.0109
vn -0.9459 0.3133 -0.0848
vn -0.9792 0.1282 -0.1572
vn -0.9773 -0.0573 -0.2038
vn -0.9461 -0.2325 -0.2257
vn -0.8921 -0.3914 -0.2255
vn -0.8215 -0.5316 -0.2063
vn -0.7384 -0.6525 -0.1704
vn -0.6457 -0.7542 -0.1196
vn -0.5449 -0.8367 -0.0549
vn -0.4371 -0.8991 0.0227
vn -0.3228 -0.9398 0.1126
vn -0.2030 -0.9556 0.2135
vn -0.0797 -0.9429 0.3235
vn 0.0437 -0.8973 0.4392
vn 0.1614 -0.8159 0.5552
vn 0.2655 -0.6987 0.6643
vn 0.3480 -0.5502 0.7590
vn 0.4026 -0.3799 0.8328
vn 0.4265 -0.1994 0.8822
vn 0.4206 -0.0196 0.9070
vn 0.3879 0.1512 0.9092
vn 0.3320 0.3076 0.8917
vn 0.2563 0.4466 0.8572
vn 0.1632 0.5663 0.8079
vn 0.0545 0.6650 0.7449
vn -0.0683 0.7404 0.6687
vn -0.2033 0.7892 0.5795
vn -0.3475 0.8069 0.4776
vn -0.4958 0.7882 0.3647
vn -0.6402 0.7282 0.2445
vn -0.7704 0.6255 0.1236
vn -0.6808 0.6455 -0.3463
vn -0.7802 0.4516 -0.4329
vn -0.8379 0.2387 -0.4908
vn -0.8545 0.0249 -0.5188
vn -0.8358 -0.1764 -0.5198
vn -0.7896 -0.3577 -0.4986
vn -0.7226 -0.5163 -0.4597
vn -0.6398 -0.6522 -0.4065
vn -0.5444 -0.7662 -0.3414
vn -0.4380 -0.8589 -0.2656
vn -0.3211 -0.9299 -0.1794
vn -0.1940 -0.9775 -0.0832
vn -0.0574 -0.9981 0.0226
vn 0.0868 -0.9868 0.1366
vn 0.2347 -0.9379 0.2556
vn 0.3793 -0.8464 0.3738
vn 0.5106 -0.7113 0.4831
vn 0.6176 -0.5375 0.5743
vn 0.6911 -0.3367 0.6396
vn 0.7269 -0.1246 0.6754
vn 0.7262 0.0837 0.6824
vn 0.6939 0.2775 0.6645
vn 0.6360 0.4507 0.6264
vn 0.5574 0.6013 0.5724
vn 0.4618 0.7289 0.5054
vn 0.3510 0.8334 0.4268
vn 0.2259 0.9138 0.3375
vn 0.0870 0.9675 0.2374
vn -0.0647 0.9898 0.1269
vn -0.2261 0.9741 0.0078
vn -0.3904 0.9133 -0.1161
vn -0.5466 0.8030 -0.2375
vn -0.6807 0.6455 -0.3463
vn -0.7071 -0.7071 -0.0000
vn 0.3518 0.3518 -0.8674
vn 0.6794 0.1864 -0.7097
vn 0.0327 0.2862 0.9576
vn -0.8474 -0.5155 -0.1273
vn 0.9987 -0.0140 -0.0488
vn -0.0100 0.9789 0.2039
vn -0.6960 -0.7087 -0.1153
vn -0.9833 0.1038 -0.1497
vn -0.9833 0.1038 -0.1496
vn -0.1811 0.7256 0.6639
vn -0.1811 0.7256 0.6638
vn 0.7932 -0.6089 0.0095
vn -0.5254 0.0604 -0.8487
vn -0.1699 0.3534 0.9199
vn 0.8755 -0.4796 0.0581
vn 0.8636 -0.4943 0.0997
vn -0.3039 0.4851 0.8199
vn -0.4309 -0.0629 -0.9002
vn -0.8020 -0.0646 -0.5938
vn -0.8269 -0.1242 -0.5485
vn -0.8655 -0.0795 -0.4946
vn -0.8358 -0.0080 -0.5489
vn -0.8398 -0.1895 -0.5087
vn -0.8805 -0.1581 -0.4468
vn -0.8407 -0.2575 -0.4763
vn -0.8809 -0.2400 -0.4080
vn -0.8302 -0.3252 -0.4527
vn -0.8674 -0.3215 -0.3797
vn -0.8096 -0.3900 -0.4387
vn -0.8417 -0.3996 -0.3631
vn -0.7802 -0.4497 -0.4348
vn -0.8055 -0.4717 -0.3586
vn -0.7437 -0.5025 -0.4409
vn -0.7609 -0.5357 -0.3662
vn -0.7015 -0.5472 -0.4565
vn -0.7095 -0.5897 -0.3857
vn -0.6552 -0.5824 -0.4813
vn -0.6534 -0.6324 -0.4161
vn -0.6059 -0.6070 -0.5142
vn -0.5940 -0.6624 -0.4565
vn -0.5552 -0.6201 -0.5543
vn -0.5331 -0.6785 -0.5054
vn -0.5045 -0.6208 -0.6002
vn -0.4725 -0.6797 -0.5611
vn -0.4554 -0.6085 -0.6499
vn -0.4140 -0.6654 -0.6212
vn -0.4097 -0.5831 -0.7015
vn -0.3596 -0.6355 -0.6832
vn -0.3692 -0.5453 -0.7525
vn -0.3114 -0.5908 -0.7444
vn -0.3356 -0.4964 -0.8006
vn -0.2714 -0.5326 -0.8017
vn -0.3105 -0.4384 -0.8434
vn -0.2415 -0.4634 -0.8526
vn -0.2949 -0.3740 -0.8793
vn -0.2229 -0.3864 -0.8950
vn -0.2895 -0.3062 -0.9069
vn -0.2163 -0.3052 -0.9274
vn -0.2943 -0.2379 -0.9256
vn -0.2219 -0.2231 -0.9492
vn -0.3092 -0.1719 -0.9353
vn -0.2395 -0.1435 -0.9602
vn -0.3334 -0.1105 -0.9363
vn -0.2684 -0.0692 -0.9608
vn -0.3662 -0.0558 -0.9289
vn -0.3077 -0.0027 -0.9515
vn -0.4065 -0.0095 -0.9136
vn -0.3563 0.0539 -0.9328
vn -0.4530 0.0271 -0.8911
vn -0.4127 0.0987 -0.9055
vn -0.5046 0.0526 -0.8618
vn -0.4752 0.1301 -0.8702
vn -0.5594 0.0659 -0.8263
vn -0.5418 0.1468 -0.8276
vn -0.6154 0.0661 -0.7854
vn -0.6099 0.1477 -0.7786
vn -0.6704 0.0528 -0.7401
vn -0.6766 0.1322 -0.7243
vn -0.7216 0.0259 -0.6918
vn -0.7387 0.1003 -0.6665
vn -0.7663 -0.0138 -0.6423
vn -0.7928 0.0529 -0.6072
vn -0.8358 -0.0079 -0.5490
vn -0.9320 0.0201 -0.3619
vn -0.8919 0.1186 -0.4364
vn -0.9508 -0.0880 -0.2969
vn -0.9487 -0.1999 -0.2448
vn -0.9276 -0.3104 -0.2077
vn -0.8903 -0.4152 -0.1868
vn -0.8398 -0.5113 -0.1824
vn -0.7790 -0.5962 -0.1941
vn -0.7103 -0.6682 -0.2212
vn -0.6358 -0.7257 -0.2627
vn -0.5575 -0.7671 -0.3174
vn -0.4770 -0.7908 -0.3836
vn -0.3964 -0.7950 -0.4592
vn -0.3180 -0.7784 -0.5413
vn -0.2445 -0.7401 -0.6264
vn -0.1791 -0.6807 -0.7103
vn -0.1247 -0.6020 -0.7887
vn -0.0841 -0.5076 -0.8575
vn -0.0592 -0.4023 -0.9136
vn -0.0508 -0.2915 -0.9552
vn -0.0590 -0.1802 -0.9819
vn -0.0830 -0.0729 -0.9939
vn -0.1218 0.0267 -0.9922
vn -0.1741 0.1156 -0.9779
vn -0.2384 0.1916 -0.9521
vn -0.3133 0.2524 -0.9155
vn -0.3967 0.2962 -0.8689
vn -0.4862 0.3210 -0.8127
vn -0.5789 0.3249 -0.7478
vn -0.6708 0.3066 -0.6753
vn -0.7570 0.2652 -0.5972
vn -0.8324 0.2017 -0.5162
vn -0.9459 0.3133 0.0848
vn -0.8751 0.4838 -0.0109
vn -0.9792 0.1282 0.1572
vn -0.9773 -0.0573 0.2038
vn -0.9461 -0.2325 0.2257
vn -0.8921 -0.3914 0.2255
vn -0.8215 -0.5316 0.2063
vn -0.7384 -0.6525 0.1704
vn -0.6457 -0.7542 0.1196
vn -0.5449 -0.8367 0.0549
vn -0.4371 -0.8991 -0.0227
vn -0.3228 -0.9398 -0.1126
vn -0.2030 -0.9556 -0.2135
vn -0.0797 -0.9429 -0.3235
vn 0.0437 -0.8973 -0.4392
vn 0.1614 -0.8159 -0.5552
vn 0.2655 -0.6987 -0.6643
vn 0.3480 -0.5502 -0.7590
vn 0.4026 -0.3799 -0.8328
vn 0.4265 -0.1994 -0.8822
vn 0.4206 -0.0196 -0.9070
vn 0.3879 0.1512 -0.9092
vn 0.3320 0.3076 -0.8917
vn 0.2563 0.4466 -0.8572
vn 0.1632 0.5663 -0.8079
vn 0.0545 0.6650 -0.7449
vn -0.0683 0.7404 -0.6687
vn -0.2033 0.7892 -0.5795
vn -0.3475 0.8069 -0.4776
vn -0.4958 0.7882 -0.3647
vn -0.6402 0.7282 -0.2445
vn -0.7704 0.6255 -0.1236
vn -0.7802 0.4516 0.4329
vn -0.6808 0.6455 0.3463
vn -0.8379 0.2387 0.4908
vn -0.8545 0.0249 0.5188
vn -0.8358 -0.1764 0.5198
vn -0.7896 -0.3577 0.4986
vn -0.7226 -0.5163 0.4597
vn -0.6398 -0.6522 0.4065
vn -0.5444 -0.7662 0.3414
vn -0.4380 -0.8589 0.2656
vn -0.3211 -0.9299 0.1794
vn -0.1940 -0.9775 0.0832
vn -0.0574 -0.9981 -0.0226
vn 0.0868 -0.9868 -0.1366
vn 0.2347 -0.9379 -0.2556
vn 0.3793 -0.8464 -0.3738
vn 0.5106 -0.7113 -0.4831
vn 0.6176 -0.5375 -0.5743
vn 0.6911 -0.3367 -0.6396
vn 0.7269 -0.1246 -0.6754
vn 0.7262 0.0837 -0.6824
vn 0.6939 0.2775 -0.6645
vn 0.6360 0.4507 -0.6264
vn 0.5574 0.6013 -0.5724
vn 0.4618 0.7289 -0.5054
vn 0.3510 0.8334 -0.4268
vn 0.2259 0.9138 -0.3375
vn 0.0870 0.9675 -0.2374
vn -0.0647 0.9898 -0.1269
vn -0.2261 0.9741 -0.0078
vn -0.3904 0.9133 0.1161
vn -0.5466 0.8030 0.2375
vn -0.6807 0.6455 0.3463
vn 0.7437 -0.6685 -0.0000
vn 0.7436 -0.6686 -0.0000
vn -0.7437 0.6685 -0.0000
vn -0.7436 0.6686 -0.0000
vt 1.000000 1.000000
vt 1.000000 0.000000
vt 0.000000 0.000000
vt 0.000000 1.000000
vt 0.500000 0.000000
vt 0.000000 0.187500
vt 0.000000 0.250000
vt 0.031250 0.250000
vt 0.031250 0.187500
vt 0.062500 0.250000
vt 0.062500 0.187500
vt 0.093750 0.250000
vt 0.093750 0.187500
vt 0.125000 0.250000
vt 0.125000 0.187500
vt 0.156250 0.250000
vt 0.156250 0.187500
vt 0.187500 0.250000
vt 0.187500 0.187500
vt 0.218750 0.250000
vt 0.218750 0.187500
vt 0.250000 0.250000
vt 0.250000 0.187500
vt 0.281250 0.250000
vt 0.281250 0.187500
vt 0.312500 0.250000
vt 0.312500 0.187500
vt 0.343750 0.250000
vt 0.343750 0.187500
vt 0.375000 0.250000
vt 0.375000 0.187500
vt 0.406250 0.250000
vt 0.406250 0.187500
vt 0.437500 0.250000
vt 0.437500 0.187500
vt 0.468750 0.250000
vt 0.468750 0.187500
vt 0.500000 0.250000
vt 0.500000 0.187500
vt 0.531250 0.250000
vt 0.531250 0.187500
vt 0.562500 0.250000
vt 0.562500 0.187500
vt 0.593750 0.250000
vt 0.593750 0.187500
vt 0.625000 0.250000
vt 0.625000 0.187500
vt 0.656250 0.250000
vt 0.656250 0.187500
vt 0.687500 0.250000
vt 0.687500 0.187500
vt 0.718750 0.250000
vt 0.718750 0.187500
vt 0.750000 0.250000
vt 0.750000 0.187500
vt 0.781250 0.250000
vt 0.781250 0.187500
vt 0.812500 0.250000
vt 0.812500 0.187500
vt 0.843750 0.250000
vt 0.843750 0.187500
vt 0.875000 0.250000
vt 0.875000 0.187500
vt 0.906250 0.250000
vt 0.906250 0.187500
vt 0.937500 0.250000
vt 0.937500 0.187500
vt 0.968750 0.250000
vt 0.968750 0.187500
vt 1.000000 0.250000
vt 1.000000 0.187500
vt 0.000000 0.312500
vt 0.031250 0.312500
vt 0.062500 0.312500
vt 0.093750 0.312500
vt 0.125000 0.312500
vt 0.156250 0.312500
vt 0.187500 0.312500
vt 0.218750 0.312500
vt 0.250000 0.312500
vt 0.281250 0.312500
vt 0.312500 0.312500
vt 0.343750 0.312500
vt 0.375000 0.312500
vt 0.406250 0.312500
vt 0.437500 0.312500
vt 0.468750 0.312500
vt 0.500000 0.312500
vt 0.531250 0.312500
vt 0.562500 0.312500
vt 0.593750 0.312500
vt 0.625000 0.312500
vt 0.656250 0.312500
vt 0.687500 0.312500
vt 0.718750 0.312500
vt 0.750000 0.312500
vt 0.781250 0.312500
vt 0.812500 0.312500
vt 0.843750 0.312500
vt 0.875000 0.312500
vt 0.906250 0.312500
vt 0.937500 0.312500
vt 0.968750 0.312500
vt 1.000000 0.312500
vt 0.000000 0.375000
vt 0.031250 0.375000
vt 0.062500 0.375000
vt 0.093750 0.375000
vt 0.125000 0.375000
vt 0.156250 0.375000
vt 0.187500 0.375000
vt 0.218750 0.375000
vt 0.250000 0.375000
vt 0.281250 0.375000
vt 0.312500 0.375000
vt 0.343750 0.375000
vt 0.375000 0.375000
vt 0.406250 0.375000
vt 0.437500 0.375000
vt 0.468750 0.375000
vt 0.500000 0.375000
vt 0.531250 0.375000
vt 0.562500 0.375000
vt 0.593750 0.375000
vt 0.625000 0.375000
vt 0.656250 0.375000
vt 0.687500 0.375000
vt 0.718750 0.375000
vt 0.750000 0.375000
vt 0.781250 0.375000
vt 0.812500 0.375000
vt 0.843750 0.375000
vt 0.875000 0.375000
vt 0.906250 0.375000
vt 0.937500 0.375000
vt 0.968750 0.375000
vt 1.000000 0.375000
vt 0.000000 0.437500
vt 0.031250 0.437500
vt 0.062500 0.437500
vt 0.093750 0.437500
vt 0.125000 0.437500
vt 0.156250 0.437500
vt 0.187500 0.437500
vt 0.218750 0.437500
vt 0.250000 0.437500
vt 0.281250 0.437500
vt 0.312500 0.437500
vt 0.343750 0.437500
vt 0.375000 0.437500
vt 0.406250 0.437500
vt 0.437500 0.437500
vt 0.468750 0.437500
vt 0.500000 0.437500
vt 0.531250 0.437500
vt 0.562500 0.437500
vt 0.593750 0.437500
vt 0.625000 0.437500
vt 0.656250 0.437500
vt 0.687500 0.437500
vt 0.718750 0.437500
vt 0.750000 0.437500
vt 0.781250 0.437500
vt 0.812500 0.437500
vt 0.843750 0.437500
vt 0.875000 0.437500
vt 0.906250 0.437500
vt 0.937500 0.437500
vt 0.968750 0.437500
vt 1.000000 0.437500
s 0
usemtl 08_-_Default
f 3806/736/3294 3807/737/3294 3808/738/3294
f 3809/739/3295 3810/736/3295 3811/738/3295
f 3812/736/3296 3813/737/3296 3814/738/3296
f 3815/739/3297 3816/736/3297 3817/738/3297
f 3818/736/3298 3819/738/3298 3820/737/3298
f 3821/739/3299 3822/738/3299 3823/736/3299
s 1
f 3824/736/3300 3825/738/3300 3826/737/3300
s 0
f 3827/739/3301 3828/738/3301 3829/736/3301
f 3830/739/3302 3831/740/3302 3832/736/3302
f 3833/739/3303 3834/740/3303 3835/736/3303
f 3836/736/3304 3837/738/3304 3838/737/3304
f 3839/739/3305 3840/738/3305 3841/736/3305
f 3842/736/3306 3843/738/3306 3844/737/3306
f 3845/739/3307 3846/738/3307 3847/736/3307
f 3848/736/3308 3849/737/3308 3850/738/3308
f 3851/739/3309 3852/736/3309 3853/738/3309
s 1
f 3854/736/3310 3855/737/3310 3856/738/3310
s 0
f 3857/739/3311 3858/736/3311 3859/738/3311
f 3860/739/3312 3861/736/3312 3862/740/3312
f 3863/739/3313 3864/736/3313 3865/740/3313
f 3866/739/3314 3867/736/3314 3868/737/3314
f 3866/739/3314 3868/737/3314 3869/738/3314
f 3870/739/3315 3871/736/3315 3872/737/3315
f 3870/739/3315 3872/737/3315 3873/738/3315
f 3874/739/3316 3875/736/3316 3876/737/3316
f 3874/739/3316 3876/737/3316 3877/738/3316
f 3878/739/3317 3879/736/3317 3880/737/3317
f 3878/739/3317 3880/737/3317 3881/738/3317
f 3882/739/3318 3883/736/3318 3884/737/3318
f 3882/739/3318 3884/737/3318 3885/738/3318
f 3886/739/3319 3887/736/3319 3888/737/3319
f 3886/739/3319 3888/737/3319 3889/738/3319
f 3890/739/3320 3891/736/3320 3892/737/3320
s 1
f 3890/739/3320 3892/737/3320 3893/738/3320
f 3894/739/3321 3895/738/3321 3896/737/3322
f 3894/739/3321 3896/737/3322 3897/736/3322
f 3898/739/3323 3899/738/3323 3900/737/3324
f 3898/739/3323 3900/737/3324 3901/736/3323
s 0
f 3902/739/3325 3903/738/3325 3904/737/3325
f 3902/739/3325 3904/737/3325 3905/736/3325
f 3906/739/3326 3907/738/3326 3908/737/3326
f 3906/739/3326 3908/737/3326 3909/736/3326
f 3910/739/3327 3911/738/3327 3912/737/3327
f 3910/739/3327 3912/737/3327 3913/736/3327
f 3914/739/3328 3915/738/3328 3916/737/3328
f 3914/739/3328 3916/737/3328 3917/736/3328
f 3918/736/3329 3919/739/3329 3920/738/3329
f 3918/736/3329 3920/738/3329 3921/737/3329
f 3922/739/3330 3923/738/3330 3924/737/3330
f 3922/739/3330 3924/737/3330 3925/736/3330
f 3926/739/3331 3927/738/3331 3928/737/3331
f 3926/739/3331 3928/737/3331 3929/736/3331
f 3930/738/3332 3931/738/3332 3932/737/3332
f 3930/738/3332 3932/737/3332 3933/737/3332
s 1
f 3934/741/3333 3935/742/3334 3936/743/3335
f 3934/741/3333 3936/743/3335 3937/744/3336
f 3937/744/3336 3936/743/3335 3938/745/3337
f 3937/744/3336 3938/745/3337 3939/746/3338
f 3939/746/3338 3938/745/3337 3940/747/3339
f 3939/746/3338 3940/747/3339 3941/748/3340
f 3941/748/3340 3940/747/3339 3942/749/3341
f 3941/748/3340 3942/749/3341 3943/750/3342
f 3943/750/3342 3942/749/3341 3944/751/3343
f 3943/750/3342 3944/751/3343 3945/752/3344
f 3945/752/3344 3944/751/3343 3946/753/3345
f 3945/752/3344 3946/753/3345 3947/754/3346
f 3947/754/3346 3946/753/3345 3948/755/3347
f 3947/754/3346 3948/755/3347 3949/756/3348
f 3949/756/3348 3948/755/3347 3950/757/3349
f 3949/756/3348 3950/757/3349 3951/758/3350
f 3951/758/3350 3950/757/3349 3952/759/3351
f 3951/758/3350 3952/759/3351 3953/760/3352
f 3953/760/3352 3952/759/3351 3954/761/3353
f 3953/760/3352 3954/761/3353 3955/762/3354
f 3955/762/3354 3954/761/3353 3956/763/3355
f 3955/762/3354 3956/763/3355 3957/764/3356
f 3957/764/3356 3956/763/3355 3958/765/3357
f 3957/764/3356 3958/765/3357 3959/766/3358
f 3959/766/3358 3958/765/3357 3960/767/3359
f 3959/766/3358 3960/767/3359 3961/768/3360
f 3961/768/3360 3960/767/3359 3962/769/3361
f 3961/768/3360 3962/769/3361 3963/770/3362
f 3963/770/3362 3962/769/3361 3964/771/3363
f 3963/770/3362 3964/771/3363 3965/772/3364
f 3965/772/3364 3964/771/3363 3966/773/3365
f 3965/772/3364 3966/773/3365 3967/774/3366
f 3967/774/3366 3966/773/3365 3968/775/3367
f 3967/774/3366 3968/775/3367 3969/776/3368
f 3969/776/3368 3968/775/3367 3970/777/3369
f 3969/776/3368 3970/777/3369 3971/778/3370
f 3971/778/3370 3970/777/3369 3972/779/3371
f 3971/778/3370 3972/779/3371 3973/780/3372
f 3973/780/3372 3972/779/3371 3974/781/3373
f 3973/780/3372 3974/781/3373 3975/782/3374
f 3975/782/3374 3974/781/3373 3976/783/3375
f 3975/782/3374 3976/783/3375 3977/784/3376
f 3977/784/3376 3976/783/3375 3978/785/3377
f 3977/784/3376 3978/785/3377 3979/786/3378
f 3979/786/3378 3978/785/3377 3980/787/3379
f 3979/786/3378 3980/787/3379 3981/788/3380
f 3981/788/3380 3980/787/3379 3982/789/3381
f 3981/788/3380 3982/789/3381 3983/790/3382
f 3983/790/3382 3982/789/3381 3984/791/3383
f 3983/790/3382 3984/791/3383 3985/792/3384
f 3985/792/3384 3984/791/3383 3986/793/3385
f 3985/792/3384 3986/793/3385 3987/794/3386
f 3987/794/3386 3986/793/3385 3988/795/3387
f 3987/794/3386 3988/795/3387 3989/796/3388
f 3989/796/3388 3988/795/3387 3990/797/3389
f 3989/796/3388 3990/797/3389 3991/798/3390
f 3991/798/3390 3990/797/3389 3992/799/3391
f 3991/798/3390 3992/799/3391 3993/800/3392
f 3993/800/3392 3992/799/3391 3994/801/3393
f 3993/800/3392 3994/801/3393 3995/802/3394
f 3995/802/3394 3994/801/3393 3996/803/3395
f 3995/802/3394 3996/803/3395 3997/804/3396
f 3997/804/3396 3996/803/3395 3998/805/3397
f 3997/804/3396 3998/805/3397 3999/806/3333
f 3935/742/3334 4000/807/3398 4001/808/3399
f 3935/742/3334 4001/808/3399 3936/743/3335
f 3936/743/3335 4001/808/3399 4002/809/3400
f 3936/743/3335 4002/809/3400 3938/745/3337
f 3938/745/3337 4002/809/3400 4003/810/3401
f 3938/745/3337 4003/810/3401 3940/747/3339
f 3940/747/3339 4003/810/3401 4004/811/3402
f 3940/747/3339 4004/811/3402 3942/749/3341
f 3942/749/3341 4004/811/3402 4005/812/3403
f 3942/749/3341 4005/812/3403 3944/751/3343
f 3944/751/3343 4005/812/3403 4006/813/3404
f 3944/751/3343 4006/813/3404 3946/753/3345
f 3946/753/3345 4006/813/3404 4007/814/3405
f 3946/753/3345 4007/814/3405 3948/755/3347
f 3948/755/3347 4007/814/3405 4008/815/3406
f 3948/755/3347 4008/815/3406 3950/757/3349
f 3950/757/3349 4008/815/3406 4009/816/3407
f 3950/757/3349 4009/816/3407 3952/759/3351
f 3952/759/3351 4009/816/3407 4010/817/3408
f 3952/759/3351 4010/817/3408 3954/761/3353
f 3954/761/3353 4010/817/3408 4011/818/3409
f 3954/761/3353 4011/818/3409 3956/763/3355
f 3956/763/3355 4011/818/3409 4012/819/3410
f 3956/763/3355 4012/819/3410 3958/765/3357
f 3958/765/3357 4012/819/3410 4013/820/3411
f 3958/765/3357 4013/820/3411 3960/767/3359
f 3960/767/3359 4013/820/3411 4014/821/3412
f 3960/767/3359 4014/821/3412 3962/769/3361
f 3962/769/3361 4014/821/3412 4015/822/3413
f 3962/769/3361 4015/822/3413 3964/771/3363
f 3964/771/3363 4015/822/3413 4016/823/3414
f 3964/771/3363 4016/823/3414 3966/773/3365
f 3966/773/3365 4016/823/3414 4017/824/3415
f 3966/773/3365 4017/824/3415 3968/775/3367
f 3968/775/3367 4017/824/3415 4018/825/3416
f 3968/775/3367 4018/825/3416 3970/777/3369
f 3970/777/3369 4018/825/3416 4019/826/3417
f 3970/777/3369 4019/826/3417 3972/779/3371
f 3972/779/3371 4019/826/3417 4020/827/3418
f 3972/779/3371 4020/827/3418 3974/781/3373
f 3974/781/3373 4020/827/3418 4021/828/3419
f 3974/781/3373 4021/828/3419 3976/783/3375
f 3976/783/3375 4021/828/3419 4022/829/3420
f 3976/783/3375 4022/829/3420 3978/785/3377
f 3978/785/3377 4022/829/3420 4023/830/3421
f 3978/785/3377 4023/830/3421 3980/787/3379
f 3980/787/3379 4023/830/3421 4024/831/3422
f 3980/787/3379 4024/831/3422 3982/789/3381
f 3982/789/3381 4024/831/3422 4025/832/3423
f 3982/789/3381 4025/832/3423 3984/791/3383
f 3984/791/3383 4025/832/3423 4026/833/3424
f 3984/791/3383 4026/833/3424 3986/793/3385
f 3986/793/3385 4026/833/3424 4027/834/3425
f 3986/793/3385 4027/834/3425 3988/795/3387
f 3988/795/3387 4027/834/3425 4028/835/3426
f 3988/795/3387 4028/835/3426 3990/797/3389
f 3990/797/3389 4028/835/3426 4029/836/3427
f 3990/797/3389 4029/836/3427 3992/799/3391
f 3992/799/3391 4029/836/3427 4030/837/3428
f 3992/799/3391 4030/837/3428 3994/801/3393
f 3994/801/3393 4030/837/3428 4031/838/3429
f 3994/801/3393 4031/838/3429 3996/803/3395
f 3996/803/3395 4031/838/3429 4032/839/3398
f 3996/803/3395 4032/839/3398 3998/805/3397
f 4000/807/3398 4033/840/3430 4034/841/3431
f 4000/807/3398 4034/841/3431 4001/808/3399
f 4001/808/3399 4034/841/3431 4035/842/3432
f 4001/808/3399 4035/842/3432 4002/809/3400
f 4002/809/3400 4035/842/3432 4036/843/3433
f 4002/809/3400 4036/843/3433 4003/810/3401
f 4003/810/3401 4036/843/3433 4037/844/3434
f 4003/810/3401 4037/844/3434 4004/811/3402
f 4004/811/3402 4037/844/3434 4038/845/3435
f 4004/811/3402 4038/845/3435 4005/812/3403
f 4005/812/3403 4038/845/3435 4039/846/3436
f 4005/812/3403 4039/846/3436 4006/813/3404
f 4006/813/3404 4039/846/3436 4040/847/3437
f 4006/813/3404 4040/847/3437 4007/814/3405
f 4007/814/3405 4040/847/3437 4041/848/3438
f 4007/814/3405 4041/848/3438 4008/815/3406
f 4008/815/3406 4041/848/3438 4042/849/3439
f 4008/815/3406 4042/849/3439 4009/816/3407
f 4009/816/3407 4042/849/3439 4043/850/3440
f 4009/816/3407 4043/850/3440 4010/817/3408
f 4010/817/3408 4043/850/3440 4044/851/3441
f 4010/817/3408 4044/851/3441 4011/818/3409
f 4011/818/3409 4044/851/3441 4045/852/3442
f 4011/818/3409 4045/852/3442 4012/819/3410
f 4012/819/3410 4045/852/3442 4046/853/3443
f 4012/819/3410 4046/853/3443 4013/820/3411
f 4013/820/3411 4046/853/3443 4047/854/3444
f 4013/820/3411 4047/854/3444 4014/821/3412
f 4014/821/3412 4047/854/3444 4048/855/3445
f 4014/821/3412 4048/855/3445 4015/822/3413
f 4015/822/3413 4048/855/3445 4049/856/3446
f 4015/822/3413 4049/856/3446 4016/823/3414
f 4016/823/3414 4049/856/3446 4050/857/3447
f 4016/823/3414 4050/857/3447 4017/824/3415
f 4017/824/3415 4050/857/3447 4051/858/3448
f 4017/824/3415 4051/858/3448 4018/825/3416
f 4018/825/3416 4051/858/3448 4052/859/3449
f 4018/825/3416 4052/859/3449 4019/826/3417
f 4019/826/3417 4052/859/3449 4053/860/3450
f 4019/826/3417 4053/860/3450 4020/827/3418
f 4020/827/3418 4053/860/3450 4054/861/3451
f 4020/827/3418 4054/861/3451 4021/828/3419
f 4021/828/3419 4054/861/3451 4055/862/3452
f 4021/828/3419 4055/862/3452 4022/829/3420
f 4022/829/3420 4055/862/3452 4056/863/3453
f 4022/829/3420 4056/863/3453 4023/830/3421
f 4023/830/3421 4056/863/3453 4057/864/3454
f 4023/830/3421 4057/864/3454 4024/831/3422
f 4024/831/3422 4057/864/3454 4058/865/3455
f 4024/831/3422 4058/865/3455 4025/832/3423
f 4025/832/3423 4058/865/3455 4059/866/3456
f 4025/832/3423 4059/866/3456 4026/833/3424
f 4026/833/3424 4059/866/3456 4060/867/3457
f 4026/833/3424 4060/867/3457 4027/834/3425
f 4027/834/3425 4060/867/3457 4061/868/3458
f 4027/834/3425 4061/868/3458 4028/835/3426
f 4028/835/3426 4061/868/3458 4062/869/3459
f 4028/835/3426 4062/869/3459 4029/836/3427
f 4029/836/3427 4062/869/3459 4063/870/3460
f 4029/836/3427 4063/870/3460 4030/837/3428
f 4030/837/3428 4063/870/3460 4064/871/3461
f 4030/837/3428 4064/871/3461 4031/838/3429
f 4031/838/3429 4064/871/3461 4065/872/3430
f 4031/838/3429 4065/872/3430 4032/839/3398
f 4033/840/3430 4066/873/3462 4067/874/3463
f 4033/840/3430 4067/874/3463 4034/841/3431
f 4034/841/3431 4067/874/3463 4068/875/3464
f 4034/841/3431 4068/875/3464 4035/842/3432
f 4035/842/3432 4068/875/3464 4069/876/3465
f 4035/842/3432 4069/876/3465 4036/843/3433
f 4036/843/3433 4069/876/3465 4070/877/3466
f 4036/843/3433 4070/877/3466 4037/844/3434
f 4037/844/3434 4070/877/3466 4071/878/3467
f 4037/844/3434 4071/878/3467 4038/845/3435
f 4038/845/3435 4071/878/3467 4072/879/3468
f 4038/845/3435 4072/879/3468 4039/846/3436
f 4039/846/3436 4072/879/3468 4073/880/3469
f 4039/846/3436 4073/880/3469 4040/847/3437
f 4040/847/3437 4073/880/3469 4074/881/3470
f 4040/847/3437 4074/881/3470 4041/848/3438
f 4041/848/3438 4074/881/3470 4075/882/3471
f 4041/848/3438 4075/882/3471 4042/849/3439
f 4042/849/3439 4075/882/3471 4076/883/3472
f 4042/849/3439 4076/883/3472 4043/850/3440
f 4043/850/3440 4076/883/3472 4077/884/3473
f 4043/850/3440 4077/884/3473 4044/851/3441
f 4044/851/3441 4077/884/3473 4078/885/3474
f 4044/851/3441 4078/885/3474 4045/852/3442
f 4045/852/3442 4078/885/3474 4079/886/3475
f 4045/852/3442 4079/886/3475 4046/853/3443
f 4046/853/3443 4079/886/3475 4080/887/3476
f 4046/853/3443 4080/887/3476 4047/854/3444
f 4047/854/3444 4080/887/3476 4081/888/3477
f 4047/854/3444 4081/888/3477 4048/855/3445
f 4048/855/3445 4081/888/3477 4082/889/3478
f 4048/855/3445 4082/889/3478 4049/856/3446
f 4049/856/3446 4082/889/3478 4083/890/3479
f 4049/856/3446 4083/890/3479 4050/857/3447
f 4050/857/3447 4083/890/3479 4084/891/3480
f 4050/857/3447 4084/891/3480 4051/858/3448
f 4051/858/3448 4084/891/3480 4085/892/3481
f 4051/858/3448 4085/892/3481 4052/859/3449
f 4052/859/3449 4085/892/3481 4086/893/3482
f 4052/859/3449 4086/893/3482 4053/860/3450
f 4053/860/3450 4086/893/3482 4087/894/3483
f 4053/860/3450 4087/894/3483 4054/861/3451
f 4054/861/3451 4087/894/3483 4088/895/3484
f 4054/861/3451 4088/895/3484 4055/862/3452
f 4055/862/3452 4088/895/3484 4089/896/3485
f 4055/862/3452 4089/896/3485 4056/863/3453
f 4056/863/3453 4089/896/3485 4090/897/3486
f 4056/863/3453 4090/897/3486 4057/864/3454
f 4057/864/3454 4090/897/3486 4091/898/3487
f 4057/864/3454 4091/898/3487 4058/865/3455
f 4058/865/3455 4091/898/3487 4092/899/3488
f 4058/865/3455 4092/899/3488 4059/866/3456
f 4059/866/3456 4092/899/3488 4093/900/3489
f 4059/866/3456 4093/900/3489 4060/867/3457
f 4060/867/3457 4093/900/3489 4094/901/3490
f 4060/867/3457 4094/901/3490 4061/868/3458
f 4061/868/3458 4094/901/3490 4095/902/3491
f 4061/868/3458 4095/902/3491 4062/869/3459
f 4062/869/3459 4095/902/3491 4096/903/3492
f 4062/869/3459 4096/903/3492 4063/870/3460
f 4063/870/3460 4096/903/3492 4097/904/3493
f 4063/870/3460 4097/904/3493 4064/871/3461
f 4064/871/3461 4097/904/3493 4098/905/3494
f 4064/871/3461 4098/905/3494 4065/872/3430
s 0
f 4099/736/3495 4100/737/3495 4101/737/3495
f 4099/736/3495 4101/737/3495 4102/736/3495
f 4103/739/3496 4104/738/3496 4105/737/3496
f 4103/739/3496 4105/737/3496 4106/736/3496
f 4107/739/3497 4108/738/3497 4109/737/3497
f 4107/739/3497 4109/737/3497 4110/736/3497
f 4111/739/3498 4112/738/3498 4113/737/3498
f 4111/739/3498 4113/737/3498 4114/736/3498
f 4115/739/3499 4116/738/3499 4117/737/3499
f 4115/739/3499 4117/737/3499 4118/736/3499
f 4119/739/3500 4120/738/3500 4121/737/3500
f 4119/739/3500 4121/737/3500 4122/736/3500
f 4123/739/3501 4124/738/3501 4125/737/3501
f 4123/739/3501 4125/737/3501 4126/736/3501
f 4127/739/3502 4128/738/3502 4129/737/3502
f 4127/739/3502 4129/737/3502 4130/736/3502
s 1
f 4131/739/3503 4132/736/3504 4133/737/3504
f 4131/739/3503 4133/737/3504 4134/738/3503
f 4135/739/3505 4136/736/3505 4137/737/3506
f 4135/739/3505 4137/737/3506 4138/738/3505
s 0
f 4139/739/3507 4140/736/3507 4141/737/3507
f 4139/739/3507 4141/737/3507 4142/738/3507
f 4143/739/3508 4144/736/3508 4145/737/3508
f 4143/739/3508 4145/737/3508 4146/738/3508
f 4147/739/3509 4148/736/3509 4149/737/3509
f 4147/739/3509 4149/737/3509 4150/738/3509
f 4151/739/3510 4152/736/3510 4153/737/3510
f 4151/739/3510 4153/737/3510 4154/738/3510
f 4155/736/3511 4156/737/3511 4157/738/3511
f 4155/736/3511 4157/738/3511 4158/739/3511
f 4159/739/3512 4160/736/3512 4161/737/3512
f 4159/739/3512 4161/737/3512 4162/738/3512
f 4163/739/3513 4164/736/3513 4165/737/3513
f 4163/739/3513 4165/737/3513 4166/738/3513
f 3932/737/3332 3931/738/3332 4167/738/3332
f 3932/737/3332 4167/738/3332 4168/737/3332
s 1
f 4169/741/3514 4170/744/3515 4171/743/3516
f 4169/741/3514 4171/743/3516 4172/742/3517
f 4170/744/3515 4173/746/3518 4174/745/3519
f 4170/744/3515 4174/745/3519 4171/743/3516
f 4173/746/3518 4175/748/3520 4176/747/3521
f 4173/746/3518 4176/747/3521 4174/745/3519
f 4175/748/3520 4177/750/3522 4178/749/3523
f 4175/748/3520 4178/749/3523 4176/747/3521
f 4177/750/3522 4179/752/3524 4180/751/3525
f 4177/750/3522 4180/751/3525 4178/749/3523
f 4179/752/3524 4181/754/3526 4182/753/3527
f 4179/752/3524 4182/753/3527 4180/751/3525
f 4181/754/3526 4183/756/3528 4184/755/3529
f 4181/754/3526 4184/755/3529 4182/753/3527
f 4183/756/3528 4185/758/3530 4186/757/3531
f 4183/756/3528 4186/757/3531 4184/755/3529
f 4185/758/3530 4187/760/3532 4188/759/3533
f 4185/758/3530 4188/759/3533 4186/757/3531
f 4187/760/3532 4189/762/3534 4190/761/3535
f 4187/760/3532 4190/761/3535 4188/759/3533
f 4189/762/3534 4191/764/3536 4192/763/3537
f 4189/762/3534 4192/763/3537 4190/761/3535
f 4191/764/3536 4193/766/3538 4194/765/3539
f 4191/764/3536 4194/765/3539 4192/763/3537
f 4193/766/3538 4195/768/3540 4196/767/3541
f 4193/766/3538 4196/767/3541 4194/765/3539
f 4195/768/3540 4197/770/3542 4198/769/3543
f 4195/768/3540 4198/769/3543 4196/767/3541
f 4197/770/3542 4199/772/3544 4200/771/3545
f 4197/770/3542 4200/771/3545 4198/769/3543
f 4199/772/3544 4201/774/3546 4202/773/3547
f 4199/772/3544 4202/773/3547 4200/771/3545
f 4201/774/3546 4203/776/3548 4204/775/3549
f 4201/774/3546 4204/775/3549 4202/773/3547
f 4203/776/3548 4205/778/3550 4206/777/3551
f 4203/776/3548 4206/777/3551 4204/775/3549
f 4205/778/3550 4207/780/3552 4208/779/3553
f 4205/778/3550 4208/779/3553 4206/777/3551
f 4207/780/3552 4209/782/3554 4210/781/3555
f 4207/780/3552 4210/781/3555 4208/779/3553
f 4209/782/3554 4211/784/3556 4212/783/3557
f 4209/782/3554 4212/783/3557 4210/781/3555
f 4211/784/3556 4213/786/3558 4214/785/3559
f 4211/784/3556 4214/785/3559 4212/783/3557
f 4213/786/3558 4215/788/3560 4216/787/3561
f 4213/786/3558 4216/787/3561 4214/785/3559
f 4215/788/3560 4217/790/3562 4218/789/3563
f 4215/788/3560 4218/789/3563 4216/787/3561
f 4217/790/3562 4219/792/3564 4220/791/3565
f 4217/790/3562 4220/791/3565 4218/789/3563
f 4219/792/3564 4221/794/3566 4222/793/3567
f 4219/792/3564 4222/793/3567 4220/791/3565
f 4221/794/3566 4223/796/3568 4224/795/3569
f 4221/794/3566 4224/795/3569 4222/793/3567
f 4223/796/3568 4225/798/3570 4226/797/3571
f 4223/796/3568 4226/797/3571 4224/795/3569
f 4225/798/3570 4227/800/3572 4228/799/3573
f 4225/798/3570 4228/799/3573 4226/797/3571
f 4227/800/3572 4229/802/3574 4230/801/3575
f 4227/800/3572 4230/801/3575 4228/799/3573
f 4229/802/3574 4231/804/3576 4232/803/3577
f 4229/802/3574 4232/803/3577 4230/801/3575
f 4231/804/3576 4233/806/3514 4234/805/3578
f 4231/804/3576 4234/805/3578 4232/803/3577
f 4172/742/3517 4171/743/3516 4235/808/3579
f 4172/742/3517 4235/808/3579 4236/807/3580
f 4171/743/3516 4174/745/3519 4237/809/3581
f 4171/743/3516 4237/809/3581 4235/808/3579
f 4174/745/3519 4176/747/3521 4238/810/3582
f 4174/745/3519 4238/810/3582 4237/809/3581
f 4176/747/3521 4178/749/3523 4239/811/3583
f 4176/747/3521 4239/811/3583 4238/810/3582
f 4178/749/3523 4180/751/3525 4240/812/3584
f 4178/749/3523 4240/812/3584 4239/811/3583
f 4180/751/3525 4182/753/3527 4241/813/3585
f 4180/751/3525 4241/813/3585 4240/812/3584
f 4182/753/3527 4184/755/3529 4242/814/3586
f 4182/753/3527 4242/814/3586 4241/813/3585
f 4184/755/3529 4186/757/3531 4243/815/3587
f 4184/755/3529 4243/815/3587 4242/814/3586
f 4186/757/3531 4188/759/3533 4244/816/3588
f 4186/757/3531 4244/816/3588 4243/815/3587
f 4188/759/3533 4190/761/3535 4245/817/3589
f 4188/759/3533 4245/817/3589 4244/816/3588
f 4190/761/3535 4192/763/3537 4246/818/3590
f 4190/761/3535 4246/818/3590 4245/817/3589
f 4192/763/3537 4194/765/3539 4247/819/3591
f 4192/763/3537 4247/819/3591 4246/818/3590
f 4194/765/3539 4196/767/3541 4248/820/3592
f 4194/765/3539 4248/820/3592 4247/819/3591
f 4196/767/3541 4198/769/3543 4249/821/3593
f 4196/767/3541 4249/821/3593 4248/820/3592
f 4198/769/3543 4200/771/3545 4250/822/3594
f 4198/769/3543 4250/822/3594 4249/821/3593
f 4200/771/3545 4202/773/3547 4251/823/3595
f 4200/771/3545 4251/823/3595 4250/822/3594
f 4202/773/3547 4204/775/3549 4252/824/3596
f 4202/773/3547 4252/824/3596 4251/823/3595
f 4204/775/3549 4206/777/3551 4253/825/3597
f 4204/775/3549 4253/825/3597 4252/824/3596
f 4206/777/3551 4208/779/3553 4254/826/3598
f 4206/777/3551 4254/826/3598 4253/825/3597
f 4208/779/3553 4210/781/3555 4255/827/3599
f 4208/779/3553 4255/827/3599 4254/826/3598
f 4210/781/3555 4212/783/3557 4256/828/3600
f 4210/781/3555 4256/828/3600 4255/827/3599
f 4212/783/3557 4214/785/3559 4257/829/3601
f 4212/783/3557 4257/829/3601 4256/828/3600
f 4214/785/3559 4216/787/3561 4258/830/3602
f 4214/785/3559 4258/830/3602 4257/829/3601
f 4216/787/3561 4218/789/3563 4259/831/3603
f 4216/787/3561 4259/831/3603 4258/830/3602
f 4218/789/3563 4220/791/3565 4260/832/3604
f 4218/789/3563 4260/832/3604 4259/831/3603
f 4220/791/3565 4222/793/3567 4261/833/3605
f 4220/791/3565 4261/833/3605 4260/832/3604
f 4222/793/3567 4224/795/3569 4262/834/3606
f 4222/793/3567 4262/834/3606 4261/833/3605
f 4224/795/3569 4226/797/3571 4263/835/3607
f 4224/795/3569 4263/835/3607 4262/834/3606
f 4226/797/3571 4228/799/3573 4264/836/3608
f 4226/797/3571 4264/836/3608 4263/835/3607
f 4228/799/3573 4230/801/3575 4265/837/3609
f 4228/799/3573 4265/837/3609 4264/836/3608
f 4230/801/3575 4232/803/3577 4266/838/3610
f 4230/801/3575 4266/838/3610 4265/837/3609
f 4232/803/3577 4234/805/3578 4267/839/3580
f 4232/803/3577 4267/839/3580 4266/838/3610
f 4236/807/3580 4235/808/3579 4268/841/3611
f 4236/807/3580 4268/841/3611 4269/840/3612
f 4235/808/3579 4237/809/3581 4270/842/3613
f 4235/808/3579 4270/842/3613 4268/841/3611
f 4237/809/3581 4238/810/3582 4271/843/3614
f 4237/809/3581 4271/843/3614 4270/842/3613
f 4238/810/3582 4239/811/3583 4272/844/3615
f 4238/810/3582 4272/844/3615 4271/843/3614
f 4239/811/3583 4240/812/3584 4273/845/3616
f 4239/811/3583 4273/845/3616 4272/844/3615
f 4240/812/3584 4241/813/3585 4274/846/3617
f 4240/812/3584 4274/846/3617 4273/845/3616
f 4241/813/3585 4242/814/3586 4275/847/3618
f 4241/813/3585 4275/847/3618 4274/846/3617
f 4242/814/3586 4243/815/3587 4276/848/3619
f 4242/814/3586 4276/848/3619 4275/847/3618
f 4243/815/3587 4244/816/3588 4277/849/3620
f 4243/815/3587 4277/849/3620 4276/848/3619
f 4244/816/3588 4245/817/3589 4278/850/3621
f 4244/816/3588 4278/850/3621 4277/849/3620
f 4245/817/3589 4246/818/3590 4279/851/3622
f 4245/817/3589 4279/851/3622 4278/850/3621
f 4246/818/3590 4247/819/3591 4280/852/3623
f 4246/818/3590 4280/852/3623 4279/851/3622
f 4247/819/3591 4248/820/3592 4281/853/3624
f 4247/819/3591 4281/853/3624 4280/852/3623
f 4248/820/3592 4249/821/3593 4282/854/3625
f 4248/820/3592 4282/854/3625 4281/853/3624
f 4249/821/3593 4250/822/3594 4283/855/3626
f 4249/821/3593 4283/855/3626 4282/854/3625
f 4250/822/3594 4251/823/3595 4284/856/3627
f 4250/822/3594 4284/856/3627 4283/855/3626
f 4251/823/3595 4252/824/3596 4285/857/3628
f 4251/823/3595 4285/857/3628 4284/856/3627
f 4252/824/3596 4253/825/3597 4286/858/3629
f 4252/824/3596 4286/858/3629 4285/857/3628
f 4253/825/3597 4254/826/3598 4287/859/3630
f 4253/825/3597 4287/859/3630 4286/858/3629
f 4254/826/3598 4255/827/3599 4288/860/3631
f 4254/826/3598 4288/860/3631 4287/859/3630
f 4255/827/3599 4256/828/3600 4289/861/3632
f 4255/827/3599 4289/861/3632 4288/860/3631
f 4256/828/3600 4257/829/3601 4290/862/3633
f 4256/828/3600 4290/862/3633 4289/861/3632
f 4257/829/3601 4258/830/3602 4291/863/3634
f 4257/829/3601 4291/863/3634 4290/862/3633
f 4258/830/3602 4259/831/3603 4292/864/3635
f 4258/830/3602 4292/864/3635 4291/863/3634
f 4259/831/3603 4260/832/3604 4293/865/3636
f 4259/831/3603 4293/865/3636 4292/864/3635
f 4260/832/3604 4261/833/3605 4294/866/3637
f 4260/832/3604 4294/866/3637 4293/865/3636
f 4261/833/3605 4262/834/3606 4295/867/3638
f 4261/833/3605 4295/867/3638 4294/866/3637
f 4262/834/3606 4263/835/3607 4296/868/3639
f 4262/834/3606 4296/868/3639 4295/867/3638
f 4263/835/3607 4264/836/3608 4297/869/3640
f 4263/835/3607 4297/869/3640 4296/868/3639
f 4264/836/3608 4265/837/3609 4298/870/3641
f 4264/836/3608 4298/870/3641 4297/869/3640
f 4265/837/3609 4266/838/3610 4299/871/3642
f 4265/837/3609 4299/871/3642 4298/870/3641
f 4266/838/3610 4267/839/3580 4300/872/3612
f 4266/838/3610 4300/872/3612 4299/871/3642
f 4269/840/3612 4268/841/3611 4301/874/3643
f 4269/840/3612 4301/874/3643 4302/873/3644
f 4268/841/3611 4270/842/3613 4303/875/3645
f 4268/841/3611 4303/875/3645 4301/874/3643
f 4270/842/3613 4271/843/3614 4304/876/3646
f 4270/842/3613 4304/876/3646 4303/875/3645
f 4271/843/3614 4272/844/3615 4305/877/3647
f 4271/843/3614 4305/877/3647 4304/876/3646
f 4272/844/3615 4273/845/3616 4306/878/3648
f 4272/844/3615 4306/878/3648 4305/877/3647
f 4273/845/3616 4274/846/3617 4307/879/3649
f 4273/845/3616 4307/879/3649 4306/878/3648
f 4274/846/3617 4275/847/3618 4308/880/3650
f 4274/846/3617 4308/880/3650 4307/879/3649
f 4275/847/3618 4276/848/3619 4309/881/3651
f 4275/847/3618 4309/881/3651 4308/880/3650
f 4276/848/3619 4277/849/3620 4310/882/3652
f 4276/848/3619 4310/882/3652 4309/881/3651
f 4277/849/3620 4278/850/3621 4311/883/3653
f 4277/849/3620 4311/883/3653 4310/882/3652
f 4278/850/3621 4279/851/3622 4312/884/3654
f 4278/850/3621 4312/884/3654 4311/883/3653
f 4279/851/3622 4280/852/3623 4313/885/3655
f 4279/851/3622 4313/885/3655 4312/884/3654
f 4280/852/3623 4281/853/3624 4314/886/3656
f 4280/852/3623 4314/886/3656 4313/885/3655
f 4281/853/3624 4282/854/3625 4315/887/3657
f 4281/853/3624 4315/887/3657 4314/886/3656
f 4282/854/3625 4283/855/3626 4316/888/3658
f 4282/854/3625 4316/888/3658 4315/887/3657
f 4283/855/3626 4284/856/3627 4317/889/3659
f 4283/855/3626 4317/889/3659 4316/888/3658
f 4284/856/3627 4285/857/3628 4318/890/3660
f 4284/856/3627 4318/890/3660 4317/889/3659
f 4285/857/3628 4286/858/3629 4319/891/3661
f 4285/857/3628 4319/891/3661 4318/890/3660
f 4286/858/3629 4287/859/3630 4320/892/3662
f 4286/858/3629 4320/892/3662 4319/891/3661
f 4287/859/3630 4288/860/3631 4321/893/3663
f 4287/859/3630 4321/893/3663 4320/892/3662
f 4288/860/3631 4289/861/3632 4322/894/3664
f 4288/860/3631 4322/894/3664 4321/893/3663
f 4289/861/3632 4290/862/3633 4323/895/3665
f 4289/861/3632 4323/895/3665 4322/894/3664
f 4290/862/3633 4291/863/3634 4324/896/3666
f 4290/862/3633 4324/896/3666 4323/895/3665
f 4291/863/3634 4292/864/3635 4325/897/3667
f 4291/863/3634 4325/897/3667 4324/896/3666
f 4292/864/3635 4293/865/3636 4326/898/3668
f 4292/864/3635 4326/898/3668 4325/897/3667
f 4293/865/3636 4294/866/3637 4327/899/3669
f 4293/865/3636 4327/899/3669 4326/898/3668
f 4294/866/3637 4295/867/3638 4328/900/3670
f 4294/866/3637 4328/900/3670 4327/899/3669
f 4295/867/3638 4296/868/3639 4329/901/3671
f 4295/867/3638 4329/901/3671 4328/900/3670
f 4296/868/3639 4297/869/3640 4330/902/3672
f 4296/868/3639 4330/902/3672 4329/901/3671
f 4297/869/3640 4298/870/3641 4331/903/3673
f 4297/869/3640 4331/903/3673 4330/902/3672
f 4298/870/3641 4299/871/3642 4332/904/3674
f 4298/870/3641 4332/904/3674 4331/903/3673
f 4299/871/3642 4300/872/3612 4333/905/3675
f 4299/871/3642 4333/905/3675 4332/904/3674
s 0
f 4101/737/3495 4334/737/3495 4335/736/3495
f 4101/737/3495 4335/736/3495 4102/736/3495
f 4336/739/3676 4337/740/3676 4338/740/3676
f 4337/740/3677 4336/739/3677 4339/740/3677
f 4339/740/3677 4336/739/3677 4340/739/3677
f 4341/736/3678 4342/740/3678 4343/740/3678
f 4342/740/3678 4341/736/3678 4344/740/3678
f 4344/740/3679 4341/736/3679 4345/736/3679
o Sphere001_09_-_Default_0
v -0.571136 2.050227 0.820630
v -0.597270 2.075629 0.807620
v -0.599245 2.070599 0.803979
v -0.571136 2.050227 0.820630
v -0.600099 2.064803 0.800932
v -0.571136 2.050227 0.820630
v -0.599800 2.058463 0.798595
v -0.571136 2.050227 0.820630
v -0.598359 2.051824 0.797060
v -0.571136 2.050227 0.820630
v -0.595832 2.045141 0.796384
v -0.571136 2.050227 0.820630
v -0.592315 2.038669 0.796594
v -0.571136 2.050227 0.820630
v -0.587944 2.032659 0.797682
v -0.571136 2.050227 0.820630
v -0.582887 2.027341 0.799606
v -0.571136 2.050227 0.820630
v -0.577338 2.022919 0.802292
v -0.571136 2.050227 0.820630
v -0.571509 2.019564 0.805637
v -0.571136 2.050227 0.820630
v -0.565627 2.017403 0.809512
v -0.571136 2.050227 0.820630
v -0.559915 2.016521 0.813768
v -0.571136 2.050227 0.820630
v -0.554595 2.016952 0.818242
v -0.571136 2.050227 0.820630
v -0.549870 2.018677 0.822762
v -0.571136 2.050227 0.820630
v -0.545921 2.021632 0.827154
v -0.571136 2.050227 0.820630
v -0.542901 2.025703 0.831249
v -0.571136 2.050227 0.820630
v -0.540926 2.030733 0.834891
v -0.571136 2.050227 0.820630
v -0.540072 2.036529 0.837938
v -0.571136 2.050227 0.820630
v -0.540371 2.042869 0.840274
v -0.571136 2.050227 0.820630
v -0.541812 2.049508 0.841810
v -0.571136 2.050227 0.820630
v -0.544339 2.056191 0.842485
v -0.571136 2.050227 0.820630
v -0.547856 2.062663 0.842275
v -0.571136 2.050227 0.820630
v -0.552227 2.068673 0.841187
v -0.571136 2.050227 0.820630
v -0.557284 2.073991 0.839263
v -0.571136 2.050227 0.820630
v -0.562833 2.078413 0.836577
v -0.571136 2.050227 0.820630
v -0.568661 2.081768 0.833233
v -0.571136 2.050227 0.820630
v -0.574544 2.083929 0.829358
v -0.571136 2.050227 0.820630
v -0.580256 2.084810 0.825101
v -0.571136 2.050227 0.820630
v -0.585576 2.084380 0.820627
v -0.571136 2.050227 0.820630
v -0.590301 2.082655 0.816108
v -0.571136 2.050227 0.820630
v -0.594250 2.079700 0.811716
v -0.571136 2.050227 0.820630
v -0.597270 2.075629 0.807620
v -0.571137 2.050227 -0.820629
v -0.599245 2.070598 -0.803979
v -0.597270 2.075629 -0.807620
v -0.571137 2.050227 -0.820629
v -0.600099 2.064802 -0.800931
v -0.571137 2.050227 -0.820629
v -0.599800 2.058463 -0.798595
v -0.571137 2.050227 -0.820629
v -0.598360 2.051824 -0.797060
v -0.571137 2.050227 -0.820629
v -0.595832 2.045140 -0.796384
v -0.571137 2.050227 -0.820629
v -0.592316 2.038669 -0.796594
v -0.571137 2.050227 -0.820629
v -0.587944 2.032659 -0.797682
v -0.571137 2.050227 -0.820629
v -0.582887 2.027341 -0.799606
v -0.571137 2.050227 -0.820629
v -0.577338 2.022919 -0.802292
v -0.571137 2.050227 -0.820629
v -0.571510 2.019563 -0.805637
v -0.571137 2.050227 -0.820629
v -0.565627 2.017403 -0.809512
v -0.571137 2.050227 -0.820629
v -0.559916 2.016521 -0.813768
v -0.571137 2.050227 -0.820629
v -0.554595 2.016951 -0.818242
v -0.571137 2.050227 -0.820629
v -0.549870 2.018677 -0.822762
v -0.571137 2.050227 -0.820629
v -0.545921 2.021632 -0.827154
v -0.571137 2.050227 -0.820629
v -0.542902 2.025703 -0.831249
v -0.571137 2.050227 -0.820629
v -0.540927 2.030733 -0.834890
v -0.571137 2.050227 -0.820629
v -0.540072 2.036529 -0.837938
v -0.571137 2.050227 -0.820629
v -0.540371 2.042868 -0.840274
v -0.571137 2.050227 -0.820629
v -0.541812 2.049507 -0.841810
v -0.571137 2.050227 -0.820629
v -0.544339 2.056191 -0.842485
v -0.571137 2.050227 -0.820629
v -0.547856 2.062662 -0.842275
v -0.571137 2.050227 -0.820629
v -0.552227 2.068672 -0.841187
v -0.571137 2.050227 -0.820629
v -0.557284 2.073991 -0.839263
v -0.571137 2.050227 -0.820629
v -0.562834 2.078412 -0.836577
v -0.571137 2.050227 -0.820629
v -0.568662 2.081768 -0.833232
v -0.571137 2.050227 -0.820629
v -0.574544 2.083928 -0.829358
v -0.571137 2.050227 -0.820629
v -0.580256 2.084810 -0.825101
v -0.571137 2.050227 -0.820629
v -0.585576 2.084380 -0.820627
v -0.571137 2.050227 -0.820629
v -0.590302 2.082654 -0.816107
v -0.571137 2.050227 -0.820629
v -0.594250 2.079699 -0.811715
v -0.571137 2.050227 -0.820629
v -0.597270 2.075629 -0.807620
v -0.620296 2.100933 0.792721
v -0.624170 2.091065 0.785578
v -0.625847 2.079696 0.779600
v -0.625260 2.067261 0.775018
v -0.622434 2.054238 0.772006
v -0.617477 2.041128 0.770680
v -0.610578 2.028434 0.771093
v -0.602004 2.016644 0.773227
v -0.592084 2.006212 0.777001
v -0.581198 1.997539 0.782269
v -0.569766 1.990957 0.788830
v -0.558227 1.986719 0.796431
v -0.547023 1.984989 0.804780
v -0.536587 1.985833 0.813556
v -0.527318 1.989218 0.822422
v -0.519573 1.995014 0.831038
v -0.513649 2.003000 0.839071
v -0.509775 2.012866 0.846214
v -0.508099 2.024236 0.852191
v -0.508685 2.036671 0.856774
v -0.511512 2.049694 0.859786
v -0.516469 2.062804 0.861111
v -0.523368 2.075498 0.860699
v -0.531942 2.087288 0.858565
v -0.541862 2.097720 0.854791
v -0.552748 2.106393 0.849522
v -0.564180 2.112976 0.842961
v -0.575719 2.117213 0.835360
v -0.586922 2.118943 0.827012
v -0.597359 2.118099 0.818235
v -0.606628 2.114714 0.809369
v -0.614373 2.108918 0.800754
v -0.620296 2.100933 0.792721
v -0.639332 2.125165 0.776504
v -0.644956 2.110841 0.766134
v -0.647390 2.094335 0.757456
v -0.646539 2.076282 0.750803
v -0.642435 2.057376 0.746430
v -0.635238 2.038342 0.744506
v -0.625223 2.019914 0.745105
v -0.612776 2.002799 0.748203
v -0.598373 1.987653 0.753682
v -0.582570 1.975061 0.761331
v -0.565973 1.965505 0.770856
v -0.549221 1.959353 0.781891
v -0.532956 1.956842 0.794012
v -0.517805 1.958066 0.806753
v -0.504348 1.962981 0.819624
v -0.493104 1.971396 0.832132
v -0.484505 1.982989 0.843794
v -0.478880 1.997314 0.854164
v -0.476447 2.013820 0.862842
v -0.477298 2.031873 0.869495
v -0.481401 2.050779 0.873868
v -0.488598 2.069812 0.875792
v -0.498613 2.088241 0.875193
v -0.511061 2.105356 0.872095
v -0.525463 2.120501 0.866616
v -0.541266 2.133094 0.858967
v -0.557863 2.142649 0.849442
v -0.574616 2.148801 0.838407
v -0.590880 2.151313 0.826286
v -0.606032 2.150088 0.813545
v -0.619488 2.145174 0.800674
v -0.630732 2.136758 0.788166
v -0.639332 2.125165 0.776504
v -0.641992 2.140064 0.760696
v -0.648488 2.123522 0.748721
v -0.644956 2.110841 0.766134
v -0.639332 2.125165 0.776504
v -0.648488 2.123522 0.748721
v -0.651298 2.104461 0.738700
v -0.647390 2.094335 0.757456
v -0.644956 2.110841 0.766134
v -0.651298 2.104461 0.738700
v -0.650315 2.083613 0.731017
v -0.646539 2.076282 0.750803
v -0.647390 2.094335 0.757456
v -0.650315 2.083613 0.731017
v -0.645577 2.061780 0.725967
v -0.642435 2.057376 0.746430
v -0.646539 2.076282 0.750803
v -0.645577 2.061780 0.725967
v -0.637265 2.039801 0.723745
v -0.635238 2.038342 0.744506
v -0.642435 2.057376 0.746430
v -0.637265 2.039801 0.723745
v -0.625700 2.018520 0.724437
v -0.625223 2.019914 0.745105
v -0.635238 2.038342 0.744506
v -0.625700 2.018520 0.724437
v -0.611325 1.998755 0.728015
v -0.612776 2.002799 0.748203
v -0.625223 2.019914 0.745105
v -0.611325 1.998755 0.728015
v -0.594694 1.981265 0.734341
v -0.598373 1.987653 0.753682
v -0.612776 2.002799 0.748203
v -0.594694 1.981265 0.734341
v -0.576444 1.966724 0.743174
v -0.582570 1.975061 0.761331
v -0.598373 1.987653 0.753682
v -0.576444 1.966724 0.743174
v -0.557278 1.955689 0.754174
v -0.565973 1.965505 0.770856
v -0.582570 1.975061 0.761331
v -0.557278 1.955689 0.754174
v -0.537932 1.948584 0.766917
v -0.549221 1.959353 0.781891
v -0.565973 1.965505 0.770856
v -0.537932 1.948584 0.766917
v -0.519150 1.945684 0.780914
v -0.532956 1.956842 0.794012
v -0.549221 1.959353 0.781891
v -0.519150 1.945684 0.780914
v -0.501653 1.947098 0.795627
v -0.517805 1.958066 0.806753
v -0.532956 1.956842 0.794012
v -0.501653 1.947098 0.795627
v -0.486113 1.952773 0.810491
v -0.504348 1.962981 0.819624
v -0.517805 1.958066 0.806753
v -0.486113 1.952773 0.810491
v -0.473129 1.962492 0.824935
v -0.493104 1.971396 0.832132
v -0.504348 1.962981 0.819624
v -0.473129 1.962492 0.824935
v -0.463198 1.975879 0.838403
v -0.484505 1.982989 0.843794
v -0.493104 1.971396 0.832132
v -0.463198 1.975879 0.838403
v -0.456703 1.992421 0.850378
v -0.478880 1.997314 0.854164
v -0.484505 1.982989 0.843794
v -0.456703 1.992421 0.850378
v -0.453893 2.011482 0.860399
v -0.476447 2.013820 0.862842
v -0.478880 1.997314 0.854164
v -0.453893 2.011482 0.860399
v -0.454876 2.032330 0.868082
v -0.477298 2.031873 0.869495
v -0.476447 2.013820 0.862842
v -0.454876 2.032330 0.868082
v -0.459614 2.054163 0.873132
v -0.481401 2.050779 0.873868
v -0.477298 2.031873 0.869495
v -0.459614 2.054163 0.873132
v -0.467925 2.076142 0.875353
v -0.488598 2.069812 0.875792
v -0.481401 2.050779 0.873868
v -0.467925 2.076142 0.875353
v -0.479491 2.097423 0.874662
v -0.498613 2.088241 0.875193
v -0.488598 2.069812 0.875792
v -0.479491 2.097423 0.874662
v -0.493865 2.117188 0.871084
v -0.511061 2.105356 0.872095
v -0.498613 2.088241 0.875193
v -0.493865 2.117188 0.871084
v -0.510497 2.134678 0.864757
v -0.525463 2.120501 0.866616
v -0.511061 2.105356 0.872095
v -0.510497 2.134678 0.864757
v -0.528746 2.149219 0.855924
v -0.541266 2.133094 0.858967
v -0.525463 2.120501 0.866616
v -0.528746 2.149219 0.855924
v -0.547912 2.160254 0.844925
v -0.557863 2.142649 0.849442
v -0.541266 2.133094 0.858967
v -0.547912 2.160254 0.844925
v -0.567258 2.167359 0.832182
v -0.574616 2.148801 0.838407
v -0.557863 2.142649 0.849442
v -0.567258 2.167359 0.832182
v -0.586041 2.170259 0.818185
v -0.590880 2.151313 0.826286
v -0.574616 2.148801 0.838407
v -0.586041 2.170259 0.818185
v -0.603538 2.168845 0.803472
v -0.606032 2.150088 0.813545
v -0.590880 2.151313 0.826286
v -0.603538 2.168845 0.803472
v -0.619077 2.163169 0.788608
v -0.619488 2.145174 0.800674
v -0.606032 2.150088 0.813545
v -0.619077 2.163169 0.788608
v -0.632062 2.153451 0.774164
v -0.630732 2.136758 0.788166
v -0.619488 2.145174 0.800674
v -0.632062 2.153451 0.774164
v -0.641992 2.140064 0.760696
v -0.639332 2.125165 0.776504
v -0.630732 2.136758 0.788166
v -0.624171 2.091065 -0.785578
v -0.620296 2.100932 -0.792721
v -0.625847 2.079696 -0.779600
v -0.625261 2.067261 -0.775017
v -0.622434 2.054238 -0.772005
v -0.617477 2.041127 -0.770680
v -0.610578 2.028434 -0.771093
v -0.602004 2.016644 -0.773227
v -0.592084 2.006212 -0.777001
v -0.581198 1.997538 -0.782269
v -0.569766 1.990956 -0.788830
v -0.558227 1.986719 -0.796431
v -0.547024 1.984989 -0.804780
v -0.536587 1.985832 -0.813556
v -0.527318 1.989218 -0.822422
v -0.519573 1.995014 -0.831037
v -0.513650 2.002999 -0.839071
v -0.509775 2.012866 -0.846214
v -0.508099 2.024236 -0.852191
v -0.508685 2.036671 -0.856774
v -0.511512 2.049694 -0.859786
v -0.516469 2.062804 -0.861111
v -0.523368 2.075498 -0.860699
v -0.531942 2.087287 -0.858565
v -0.541862 2.097719 -0.854791
v -0.552748 2.106393 -0.849522
v -0.564180 2.112975 -0.842961
v -0.575719 2.117213 -0.835360
v -0.586922 2.118943 -0.827011
v -0.597359 2.118099 -0.818235
v -0.606628 2.114714 -0.809369
v -0.614373 2.108917 -0.800754
v -0.620296 2.100932 -0.792721
v -0.644957 2.110841 -0.766134
v -0.639332 2.125165 -0.776504
v -0.647390 2.094335 -0.757456
v -0.646539 2.076282 -0.750803
v -0.642436 2.057375 -0.746430
v -0.635238 2.038342 -0.744506
v -0.625223 2.019914 -0.745105
v -0.612776 2.002798 -0.748203
v -0.598374 1.987653 -0.753682
v -0.582570 1.975061 -0.761331
v -0.565974 1.965505 -0.770856
v -0.549221 1.959353 -0.781891
v -0.532956 1.956841 -0.794011
v -0.517805 1.958066 -0.806752
v -0.504348 1.962981 -0.819624
v -0.493104 1.971396 -0.832131
v -0.484505 1.982989 -0.843794
v -0.478880 1.997313 -0.854163
v -0.476447 2.013819 -0.862842
v -0.477298 2.031873 -0.869495
v -0.481401 2.050779 -0.873868
v -0.488598 2.069812 -0.875791
v -0.498613 2.088240 -0.875193
v -0.511061 2.105356 -0.872094
v -0.525463 2.120501 -0.866616
v -0.541266 2.133093 -0.858967
v -0.557863 2.142649 -0.849442
v -0.574616 2.148801 -0.838407
v -0.590880 2.151313 -0.826286
v -0.606032 2.150088 -0.813545
v -0.619489 2.145173 -0.800674
v -0.630733 2.136758 -0.788166
v -0.639332 2.125165 -0.776504
v -0.641993 2.140064 -0.760696
v -0.639332 2.125165 -0.776504
v -0.644957 2.110841 -0.766134
v -0.648488 2.123522 -0.748721
v -0.648488 2.123522 -0.748721
v -0.644957 2.110841 -0.766134
v -0.647390 2.094335 -0.757456
v -0.651298 2.104461 -0.738699
v -0.651298 2.104461 -0.738699
v -0.647390 2.094335 -0.757456
v -0.646539 2.076282 -0.750803
v -0.650315 2.083613 -0.731016
v -0.650315 2.083613 -0.731016
v -0.646539 2.076282 -0.750803
v -0.642436 2.057375 -0.746430
v -0.645577 2.061780 -0.725967
v -0.645577 2.061780 -0.725967
v -0.642436 2.057375 -0.746430
v -0.635238 2.038342 -0.744506
v -0.637265 2.039800 -0.723745
v -0.637265 2.039800 -0.723745
v -0.635238 2.038342 -0.744506
v -0.625223 2.019914 -0.745105
v -0.625700 2.018519 -0.724436
v -0.625700 2.018519 -0.724436
v -0.625223 2.019914 -0.745105
v -0.612776 2.002798 -0.748203
v -0.611325 1.998754 -0.728014
v -0.611325 1.998754 -0.728014
v -0.612776 2.002798 -0.748203
v -0.598374 1.987653 -0.753682
v -0.594694 1.981265 -0.734341
v -0.594694 1.981265 -0.734341
v -0.598374 1.987653 -0.753682
v -0.582570 1.975061 -0.761331
v -0.576444 1.966723 -0.743174
v -0.576444 1.966723 -0.743174
v -0.582570 1.975061 -0.761331
v -0.565974 1.965505 -0.770856
v -0.557278 1.955688 -0.754173
v -0.557278 1.955688 -0.754173
v -0.565974 1.965505 -0.770856
v -0.549221 1.959353 -0.781891
v -0.537933 1.948584 -0.766916
v -0.537933 1.948584 -0.766916
v -0.549221 1.959353 -0.781891
v -0.532956 1.956841 -0.794011
v -0.519150 1.945683 -0.780914
v -0.519150 1.945683 -0.780914
v -0.532956 1.956841 -0.794011
v -0.517805 1.958066 -0.806752
v -0.501653 1.947098 -0.795627
v -0.501653 1.947098 -0.795627
v -0.517805 1.958066 -0.806752
v -0.504348 1.962981 -0.819624
v -0.486114 1.952773 -0.810491
v -0.486114 1.952773 -0.810491
v -0.504348 1.962981 -0.819624
v -0.493104 1.971396 -0.832131
v -0.473129 1.962491 -0.824934
v -0.473129 1.962491 -0.824934
v -0.493104 1.971396 -0.832131
v -0.484505 1.982989 -0.843794
v -0.463198 1.975878 -0.838402
v -0.463198 1.975878 -0.838402
v -0.484505 1.982989 -0.843794
v -0.478880 1.997313 -0.854163
v -0.456703 1.992420 -0.850377
v -0.456703 1.992420 -0.850377
v -0.478880 1.997313 -0.854163
v -0.476447 2.013819 -0.862842
v -0.453893 2.011482 -0.860399
v -0.453893 2.011482 -0.860399
v -0.476447 2.013819 -0.862842
v -0.477298 2.031873 -0.869495
v -0.454876 2.032329 -0.868082
v -0.454876 2.032329 -0.868082
v -0.477298 2.031873 -0.869495
v -0.481401 2.050779 -0.873868
v -0.459614 2.054162 -0.873132
v -0.459614 2.054162 -0.873132
v -0.481401 2.050779 -0.873868
v -0.488598 2.069812 -0.875791
v -0.467925 2.076142 -0.875353
v -0.467925 2.076142 -0.875353
v -0.488598 2.069812 -0.875791
v -0.498613 2.088240 -0.875193
v -0.479491 2.097423 -0.874662
v -0.479491 2.097423 -0.874662
v -0.498613 2.088240 -0.875193
v -0.511061 2.105356 -0.872094
v -0.493866 2.117188 -0.871084
v -0.493866 2.117188 -0.871084
v -0.511061 2.105356 -0.872094
v -0.525463 2.120501 -0.866616
v -0.510497 2.134677 -0.864757
v -0.510497 2.134677 -0.864757
v -0.525463 2.120501 -0.866616
v -0.541266 2.133093 -0.858967
v -0.528747 2.149219 -0.855924
v -0.528747 2.149219 -0.855924
v -0.541266 2.133093 -0.858967
v -0.557863 2.142649 -0.849442
v -0.547913 2.160254 -0.844925
v -0.547913 2.160254 -0.844925
v -0.557863 2.142649 -0.849442
v -0.574616 2.148801 -0.838407
v -0.567258 2.167358 -0.832182
v -0.567258 2.167358 -0.832182
v -0.574616 2.148801 -0.838407
v -0.590880 2.151313 -0.826286
v -0.586041 2.170259 -0.818185
v -0.586041 2.170259 -0.818185
v -0.590880 2.151313 -0.826286
v -0.606032 2.150088 -0.813545
v -0.603538 2.168844 -0.803471
v -0.603538 2.168844 -0.803471
v -0.606032 2.150088 -0.813545
v -0.619489 2.145173 -0.800674
v -0.619078 2.163169 -0.788607
v -0.619078 2.163169 -0.788607
v -0.619489 2.145173 -0.800674
v -0.630733 2.136758 -0.788166
v -0.632062 2.153451 -0.774164
v -0.632062 2.153451 -0.774164
v -0.630733 2.136758 -0.788166
v -0.639332 2.125165 -0.776504
v -0.641993 2.140064 -0.760696
vn -0.5993 -0.3015 0.7416
vn -0.6599 -0.2424 0.7111
vn -0.6666 -0.2581 0.6993
vn -0.6704 -0.2753 0.6890
vn -0.6712 -0.2935 0.6807
vn -0.6690 -0.3117 0.6747
vn -0.6641 -0.3293 0.6712
vn -0.6568 -0.3457 0.6702
vn -0.6472 -0.3602 0.6718
vn -0.6359 -0.3725 0.6759
vn -0.6232 -0.3821 0.6824
vn -0.6095 -0.3887 0.6910
vn -0.5953 -0.3920 0.7014
vn -0.5811 -0.3919 0.7133
vn -0.5674 -0.3883 0.7262
vn -0.5547 -0.3812 0.7396
vn -0.5436 -0.3709 0.7530
vn -0.5345 -0.3577 0.7658
vn -0.5278 -0.3421 0.7774
vn -0.5239 -0.3250 0.7874
vn -0.5227 -0.3069 0.7953
vn -0.5244 -0.2887 0.8010
vn -0.5289 -0.2710 0.8043
vn -0.5358 -0.2545 0.8051
vn -0.5451 -0.2398 0.8034
vn -0.5562 -0.2273 0.7993
vn -0.5689 -0.2176 0.7931
vn -0.5828 -0.2109 0.7848
vn -0.5973 -0.2075 0.7747
vn -0.6119 -0.2076 0.7632
vn -0.6261 -0.2113 0.7506
vn -0.6392 -0.2185 0.7374
vn -0.6507 -0.2290 0.7240
vn -0.6599 -0.2424 0.7112
vn -0.5993 -0.3015 -0.7416
vn -0.6666 -0.2581 -0.6993
vn -0.6599 -0.2424 -0.7111
vn -0.6704 -0.2753 -0.6890
vn -0.6712 -0.2935 -0.6807
vn -0.6690 -0.3117 -0.6747
vn -0.6641 -0.3293 -0.6712
vn -0.6568 -0.3457 -0.6702
vn -0.6472 -0.3602 -0.6718
vn -0.6359 -0.3725 -0.6759
vn -0.6232 -0.3821 -0.6824
vn -0.6095 -0.3887 -0.6910
vn -0.5953 -0.3920 -0.7014
vn -0.5811 -0.3919 -0.7133
vn -0.5674 -0.3883 -0.7262
vn -0.5547 -0.3812 -0.7396
vn -0.5436 -0.3709 -0.7530
vn -0.5345 -0.3577 -0.7658
vn -0.5278 -0.3421 -0.7774
vn -0.5239 -0.3250 -0.7874
vn -0.5227 -0.3069 -0.7953
vn -0.5244 -0.2887 -0.8010
vn -0.5289 -0.2710 -0.8043
vn -0.5358 -0.2545 -0.8051
vn -0.5451 -0.2398 -0.8034
vn -0.5562 -0.2273 -0.7993
vn -0.5689 -0.2176 -0.7931
vn -0.5828 -0.2109 -0.7848
vn -0.5973 -0.2075 -0.7747
vn -0.6119 -0.2076 -0.7632
vn -0.6261 -0.2113 -0.7506
vn -0.6392 -0.2185 -0.7374
vn -0.6507 -0.2290 -0.7240
vn -0.6599 -0.2424 -0.7112
vn -0.7174 -0.1786 0.6733
vn -0.7309 -0.2103 0.6493
vn -0.7383 -0.2452 0.6283
vn -0.7397 -0.2819 0.6111
vn -0.7350 -0.3187 0.5985
vn -0.7248 -0.3543 0.5910
vn -0.7094 -0.3874 0.5887
vn -0.6898 -0.4169 0.5919
vn -0.6667 -0.4417 0.6004
vn -0.6409 -0.4612 0.6137
vn -0.6133 -0.4745 0.6315
vn -0.5848 -0.4812 0.6530
vn -0.5565 -0.4809 0.6775
vn -0.5293 -0.4736 0.7040
vn -0.5041 -0.4593 0.7314
vn -0.4820 -0.4386 0.7585
vn -0.4639 -0.4121 0.7842
vn -0.4504 -0.3809 0.8075
vn -0.4421 -0.3464 0.8274
vn -0.4395 -0.3099 0.8431
vn -0.4424 -0.2730 0.8542
vn -0.4509 -0.2371 0.8605
vn -0.4645 -0.2035 0.8618
vn -0.4829 -0.1734 0.8583
vn -0.5055 -0.1480 0.8501
vn -0.5313 -0.1280 0.8374
vn -0.5596 -0.1144 0.8208
vn -0.5893 -0.1076 0.8007
vn -0.6193 -0.1079 0.7777
vn -0.6484 -0.1155 0.7525
vn -0.6752 -0.1302 0.7260
vn -0.6986 -0.1515 0.6993
vn -0.7432 -0.1470 0.6527
vn -0.7596 -0.1854 0.6234
vn -0.7689 -0.2279 0.5974
vn -0.7708 -0.2727 0.5757
vn -0.7653 -0.3184 0.5594
vn -0.7526 -0.3630 0.5494
vn -0.7334 -0.4050 0.5460
vn -0.7084 -0.4425 0.5498
vn -0.6789 -0.4743 0.5606
vn -0.6459 -0.4989 0.5778
vn -0.6110 -0.5154 0.6009
vn -0.5753 -0.5233 0.6286
vn -0.5403 -0.5224 0.6597
vn -0.5070 -0.5127 0.6928
vn -0.4767 -0.4948 0.7266
vn -0.4502 -0.4693 0.7597
vn -0.4283 -0.4372 0.7908
vn -0.4119 -0.3996 0.8190
vn -0.4014 -0.3577 0.8431
vn -0.3974 -0.3131 0.8626
vn -0.4003 -0.2673 0.8765
vn -0.4101 -0.2222 0.8846
vn -0.4266 -0.1795 0.8864
vn -0.4495 -0.1410 0.8821
vn -0.4780 -0.1083 0.8716
vn -0.5110 -0.0829 0.8556
vn -0.5472 -0.0657 0.8344
vn -0.5850 -0.0576 0.8090
vn -0.6228 -0.0587 0.7802
vn -0.6589 -0.0688 0.7491
vn -0.6919 -0.0875 0.7167
vn -0.7203 -0.1139 0.6842
vn -0.9414 0.1515 0.3013
vn -0.9754 0.0288 0.2188
vn -0.9834 -0.1017 0.1500
vn -0.9675 -0.2327 0.0984
vn -0.9311 -0.3587 0.0657
vn -0.8781 -0.4755 0.0523
vn -0.8123 -0.5803 0.0579
vn -0.7368 -0.6712 0.0815
vn -0.6540 -0.7466 0.1222
vn -0.5659 -0.8049 0.1787
vn -0.4744 -0.8442 0.2495
vn -0.3812 -0.8625 0.3329
vn -0.3813 -0.8625 0.3329
vn -0.2889 -0.8574 0.4259
vn -0.2001 -0.8272 0.5250
vn -0.1185 -0.7712 0.6254
vn -0.0478 -0.6906 0.7217
vn 0.0082 -0.5885 0.8085
vn 0.0467 -0.4702 0.8813
vn 0.0660 -0.3423 0.9373
vn 0.0658 -0.2113 0.9752
vn 0.0465 -0.0830 0.9955
vn 0.0096 0.0377 0.9992
vn -0.0433 0.1474 0.9881
vn -0.1108 0.2433 0.9636
vn -0.1911 0.3232 0.9268
vn -0.2825 0.3851 0.8786
vn -0.3830 0.4267 0.8193
vn -0.4897 0.4456 0.7494
vn -0.5987 0.4393 0.6697
vn -0.7047 0.4061 0.5817
vn -0.7048 0.4061 0.5817
vn -0.8015 0.3455 0.4880
vn -0.8015 0.3455 0.4881
vn -0.8823 0.2593 0.3929
vn -0.7309 -0.2103 -0.6493
vn -0.7174 -0.1786 -0.6733
vn -0.7383 -0.2452 -0.6283
vn -0.7397 -0.2819 -0.6111
vn -0.7350 -0.3187 -0.5985
vn -0.7248 -0.3543 -0.5910
vn -0.7094 -0.3874 -0.5887
vn -0.6898 -0.4169 -0.5919
vn -0.6667 -0.4417 -0.6004
vn -0.6409 -0.4612 -0.6137
vn -0.6133 -0.4745 -0.6315
vn -0.5848 -0.4812 -0.6530
vn -0.5565 -0.4809 -0.6775
vn -0.5293 -0.4736 -0.7040
vn -0.5041 -0.4593 -0.7314
vn -0.4820 -0.4386 -0.7585
vn -0.4639 -0.4121 -0.7842
vn -0.4504 -0.3809 -0.8075
vn -0.4421 -0.3464 -0.8274
vn -0.4395 -0.3099 -0.8431
vn -0.4424 -0.2730 -0.8542
vn -0.4509 -0.2371 -0.8605
vn -0.4645 -0.2035 -0.8618
vn -0.4829 -0.1734 -0.8583
vn -0.5055 -0.1480 -0.8501
vn -0.5313 -0.1280 -0.8374
vn -0.5596 -0.1144 -0.8208
vn -0.5893 -0.1076 -0.8007
vn -0.6193 -0.1079 -0.7777
vn -0.6484 -0.1155 -0.7525
vn -0.6752 -0.1302 -0.7260
vn -0.6986 -0.1515 -0.6993
vn -0.7596 -0.1854 -0.6234
vn -0.7432 -0.1470 -0.6527
vn -0.7689 -0.2279 -0.5974
vn -0.7708 -0.2727 -0.5757
vn -0.7653 -0.3184 -0.5594
vn -0.7526 -0.3630 -0.5494
vn -0.7334 -0.4050 -0.5460
vn -0.7084 -0.4425 -0.5498
vn -0.6789 -0.4743 -0.5606
vn -0.6459 -0.4989 -0.5778
vn -0.6110 -0.5154 -0.6009
vn -0.5753 -0.5233 -0.6286
vn -0.5403 -0.5224 -0.6597
vn -0.5070 -0.5127 -0.6928
vn -0.4767 -0.4948 -0.7266
vn -0.4502 -0.4693 -0.7597
vn -0.4283 -0.4372 -0.7908
vn -0.4119 -0.3996 -0.8190
vn -0.4014 -0.3577 -0.8431
vn -0.3974 -0.3131 -0.8626
vn -0.4003 -0.2673 -0.8765
vn -0.4101 -0.2222 -0.8846
vn -0.4266 -0.1795 -0.8864
vn -0.4495 -0.1410 -0.8821
vn -0.4780 -0.1083 -0.8716
vn -0.5110 -0.0829 -0.8556
vn -0.5472 -0.0657 -0.8344
vn -0.5850 -0.0576 -0.8090
vn -0.6228 -0.0587 -0.7802
vn -0.6589 -0.0688 -0.7491
vn -0.6919 -0.0875 -0.7167
vn -0.7203 -0.1139 -0.6842
vn -0.9414 0.1515 -0.3013
vn -0.9754 0.0288 -0.2188
vn -0.9834 -0.1017 -0.1500
vn -0.9675 -0.2327 -0.0984
vn -0.9311 -0.3587 -0.0657
vn -0.8781 -0.4755 -0.0523
vn -0.8123 -0.5803 -0.0579
vn -0.7368 -0.6712 -0.0815
vn -0.6540 -0.7466 -0.1222
vn -0.5659 -0.8049 -0.1787
vn -0.4744 -0.8442 -0.2495
vn -0.3813 -0.8625 -0.3329
vn -0.3812 -0.8625 -0.3329
vn -0.2889 -0.8574 -0.4259
vn -0.2001 -0.8272 -0.5250
vn -0.1185 -0.7712 -0.6254
vn -0.0478 -0.6906 -0.7217
vn 0.0082 -0.5885 -0.8085
vn 0.0467 -0.4702 -0.8813
vn 0.0660 -0.3423 -0.9373
vn 0.0658 -0.2113 -0.9752
vn 0.0465 -0.0830 -0.9955
vn 0.0096 0.0377 -0.9992
vn -0.0433 0.1474 -0.9881
vn -0.1108 0.2433 -0.9636
vn -0.1911 0.3232 -0.9268
vn -0.2825 0.3851 -0.8786
vn -0.3830 0.4267 -0.8193
vn -0.4897 0.4456 -0.7494
vn -0.5987 0.4393 -0.6697
vn -0.7048 0.4061 -0.5817
vn -0.7047 0.4061 -0.5817
vn -0.8015 0.3455 -0.4881
vn -0.8015 0.3455 -0.4880
vn -0.8823 0.2593 -0.3929
vt 0.000000 0.000000
vt 0.000000 0.062500
vt 0.031250 0.062500
vt 0.031250 0.000000
vt 0.062500 0.062500
vt 0.062500 0.000000
vt 0.093750 0.062500
vt 0.093750 0.000000
vt 0.125000 0.062500
vt 0.125000 0.000000
vt 0.156250 0.062500
vt 0.156250 0.000000
vt 0.187500 0.062500
vt 0.187500 0.000000
vt 0.218750 0.062500
vt 0.218750 0.000000
vt 0.250000 0.062500
vt 0.250000 0.000000
vt 0.281250 0.062500
vt 0.281250 0.000000
vt 0.312500 0.062500
vt 0.312500 0.000000
vt 0.343750 0.062500
vt 0.343750 0.000000
vt 0.375000 0.062500
vt 0.375000 0.000000
vt 0.406250 0.062500
vt 0.406250 0.000000
vt 0.437500 0.062500
vt 0.437500 0.000000
vt 0.468750 0.062500
vt 0.468750 0.000000
vt 0.500000 0.062500
vt 0.500000 0.000000
vt 0.531250 0.062500
vt 0.531250 0.000000
vt 0.562500 0.062500
vt 0.562500 0.000000
vt 0.593750 0.062500
vt 0.593750 0.000000
vt 0.625000 0.062500
vt 0.625000 0.000000
vt 0.656250 0.062500
vt 0.656250 0.000000
vt 0.687500 0.062500
vt 0.687500 0.000000
vt 0.718750 0.062500
vt 0.718750 0.000000
vt 0.750000 0.062500
vt 0.750000 0.000000
vt 0.781250 0.062500
vt 0.781250 0.000000
vt 0.812500 0.062500
vt 0.812500 0.000000
vt 0.843750 0.062500
vt 0.843750 0.000000
vt 0.875000 0.062500
vt 0.875000 0.000000
vt 0.906250 0.062500
vt 0.906250 0.000000
vt 0.937500 0.062500
vt 0.937500 0.000000
vt 0.968750 0.062500
vt 0.968750 0.000000
vt 1.000000 0.062500
vt 0.000000 0.125000
vt 0.031250 0.125000
vt 0.062500 0.125000
vt 0.093750 0.125000
vt 0.125000 0.125000
vt 0.156250 0.125000
vt 0.187500 0.125000
vt 0.218750 0.125000
vt 0.250000 0.125000
vt 0.281250 0.125000
vt 0.312500 0.125000
vt 0.343750 0.125000
vt 0.375000 0.125000
vt 0.406250 0.125000
vt 0.437500 0.125000
vt 0.468750 0.125000
vt 0.500000 0.125000
vt 0.531250 0.125000
vt 0.562500 0.125000
vt 0.593750 0.125000
vt 0.625000 0.125000
vt 0.656250 0.125000
vt 0.687500 0.125000
vt 0.718750 0.125000
vt 0.750000 0.125000
vt 0.781250 0.125000
vt 0.812500 0.125000
vt 0.843750 0.125000
vt 0.875000 0.125000
vt 0.906250 0.125000
vt 0.937500 0.125000
vt 0.968750 0.125000
vt 1.000000 0.125000
vt 0.000000 0.187500
vt 0.031250 0.187500
vt 0.062500 0.187500
vt 0.093750 0.187500
vt 0.125000 0.187500
vt 0.156250 0.187500
vt 0.187500 0.187500
vt 0.218750 0.187500
vt 0.250000 0.187500
vt 0.281250 0.187500
vt 0.312500 0.187500
vt 0.343750 0.187500
vt 0.375000 0.187500
vt 0.406250 0.187500
vt 0.437500 0.187500
vt 0.468750 0.187500
vt 0.500000 0.187500
vt 0.531250 0.187500
vt 0.562500 0.187500
vt 0.593750 0.187500
vt 0.625000 0.187500
vt 0.656250 0.187500
vt 0.687500 0.187500
vt 0.718750 0.187500
vt 0.750000 0.187500
vt 0.781250 0.187500
vt 0.812500 0.187500
vt 0.843750 0.187500
vt 0.875000 0.187500
vt 0.906250 0.187500
vt 0.937500 0.187500
vt 0.968750 0.187500
vt 1.000000 0.187500
s 1
usemtl 09_-_Default
f 4346/906/3680 4347/907/3681 4348/908/3682
f 4349/909/3680 4348/908/3682 4350/910/3683
f 4351/911/3680 4350/910/3683 4352/912/3684
f 4353/913/3680 4352/912/3684 4354/914/3685
f 4355/915/3680 4354/914/3685 4356/916/3686
f 4357/917/3680 4356/916/3686 4358/918/3687
f 4359/919/3680 4358/918/3687 4360/920/3688
f 4361/921/3680 4360/920/3688 4362/922/3689
f 4363/923/3680 4362/922/3689 4364/924/3690
f 4365/925/3680 4364/924/3690 4366/926/3691
f 4367/927/3680 4366/926/3691 4368/928/3692
f 4369/929/3680 4368/928/3692 4370/930/3693
f 4371/931/3680 4370/930/3693 4372/932/3694
f 4373/933/3680 4372/932/3694 4374/934/3695
f 4375/935/3680 4374/934/3695 4376/936/3696
f 4377/937/3680 4376/936/3696 4378/938/3697
f 4379/939/3680 4378/938/3697 4380/940/3698
f 4381/941/3680 4380/940/3698 4382/942/3699
f 4383/943/3680 4382/942/3699 4384/944/3700
f 4385/945/3680 4384/944/3700 4386/946/3701
f 4387/947/3680 4386/946/3701 4388/948/3702
f 4389/949/3680 4388/948/3702 4390/950/3703
f 4391/951/3680 4390/950/3703 4392/952/3704
f 4393/953/3680 4392/952/3704 4394/954/3705
f 4395/955/3680 4394/954/3705 4396/956/3706
f 4397/957/3680 4396/956/3706 4398/958/3707
f 4399/959/3680 4398/958/3707 4400/960/3708
f 4401/961/3680 4400/960/3708 4402/962/3709
f 4403/963/3680 4402/962/3709 4404/964/3710
f 4405/965/3680 4404/964/3710 4406/966/3711
f 4407/967/3680 4406/966/3711 4408/968/3712
f 4409/969/3680 4408/968/3712 4410/970/3713
f 4411/906/3714 4412/908/3715 4413/907/3716
f 4414/909/3714 4415/910/3717 4412/908/3715
f 4416/911/3714 4417/912/3718 4415/910/3717
f 4418/913/3714 4419/914/3719 4417/912/3718
f 4420/915/3714 4421/916/3720 4419/914/3719
f 4422/917/3714 4423/918/3721 4421/916/3720
f 4424/919/3714 4425/920/3722 4423/918/3721
f 4426/921/3714 4427/922/3723 4425/920/3722
f 4428/923/3714 4429/924/3724 4427/922/3723
f 4430/925/3714 4431/926/3725 4429/924/3724
f 4432/927/3714 4433/928/3726 4431/926/3725
f 4434/929/3714 4435/930/3727 4433/928/3726
f 4436/931/3714 4437/932/3728 4435/930/3727
f 4438/933/3714 4439/934/3729 4437/932/3728
f 4440/935/3714 4441/936/3730 4439/934/3729
f 4442/937/3714 4443/938/3731 4441/936/3730
f 4444/939/3714 4445/940/3732 4443/938/3731
f 4446/941/3714 4447/942/3733 4445/940/3732
f 4448/943/3714 4449/944/3734 4447/942/3733
f 4450/945/3714 4451/946/3735 4449/944/3734
f 4452/947/3714 4453/948/3736 4451/946/3735
f 4454/949/3714 4455/950/3737 4453/948/3736
f 4456/951/3714 4457/952/3738 4455/950/3737
f 4458/953/3714 4459/954/3739 4457/952/3738
f 4460/955/3714 4461/956/3740 4459/954/3739
f 4462/957/3714 4463/958/3741 4461/956/3740
f 4464/959/3714 4465/960/3742 4463/958/3741
f 4466/961/3714 4467/962/3743 4465/960/3742
f 4468/963/3714 4469/964/3744 4467/962/3743
f 4470/965/3714 4471/966/3745 4469/964/3744
f 4472/967/3714 4473/968/3746 4471/966/3745
f 4474/969/3714 4475/970/3747 4473/968/3746
f 4347/907/3681 4476/971/3748 4477/972/3749
f 4347/907/3681 4477/972/3749 4348/908/3682
f 4348/908/3682 4477/972/3749 4478/973/3750
f 4348/908/3682 4478/973/3750 4350/910/3683
f 4350/910/3683 4478/973/3750 4479/974/3751
f 4350/910/3683 4479/974/3751 4352/912/3684
f 4352/912/3684 4479/974/3751 4480/975/3752
f 4352/912/3684 4480/975/3752 4354/914/3685
f 4354/914/3685 4480/975/3752 4481/976/3753
f 4354/914/3685 4481/976/3753 4356/916/3686
f 4356/916/3686 4481/976/3753 4482/977/3754
f 4356/916/3686 4482/977/3754 4358/918/3687
f 4358/918/3687 4482/977/3754 4483/978/3755
f 4358/918/3687 4483/978/3755 4360/920/3688
f 4360/920/3688 4483/978/3755 4484/979/3756
f 4360/920/3688 4484/979/3756 4362/922/3689
f 4362/922/3689 4484/979/3756 4485/980/3757
f 4362/922/3689 4485/980/3757 4364/924/3690
f 4364/924/3690 4485/980/3757 4486/981/3758
f 4364/924/3690 4486/981/3758 4366/926/3691
f 4366/926/3691 4486/981/3758 4487/982/3759
f 4366/926/3691 4487/982/3759 4368/928/3692
f 4368/928/3692 4487/982/3759 4488/983/3760
f 4368/928/3692 4488/983/3760 4370/930/3693
f 4370/930/3693 4488/983/3760 4489/984/3761
f 4370/930/3693 4489/984/3761 4372/932/3694
f 4372/932/3694 4489/984/3761 4490/985/3762
f 4372/932/3694 4490/985/3762 4374/934/3695
f 4374/934/3695 4490/985/3762 4491/986/3763
f 4374/934/3695 4491/986/3763 4376/936/3696
f 4376/936/3696 4491/986/3763 4492/987/3764
f 4376/936/3696 4492/987/3764 4378/938/3697
f 4378/938/3697 4492/987/3764 4493/988/3765
f 4378/938/3697 4493/988/3765 4380/940/3698
f 4380/940/3698 4493/988/3765 4494/989/3766
f 4380/940/3698 4494/989/3766 4382/942/3699
f 4382/942/3699 4494/989/3766 4495/990/3767
f 4382/942/3699 4495/990/3767 4384/944/3700
f 4384/944/3700 4495/990/3767 4496/991/3768
f 4384/944/3700 4496/991/3768 4386/946/3701
f 4386/946/3701 4496/991/3768 4497/992/3769
f 4386/946/3701 4497/992/3769 4388/948/3702
f 4388/948/3702 4497/992/3769 4498/993/3770
f 4388/948/3702 4498/993/3770 4390/950/3703
f 4390/950/3703 4498/993/3770 4499/994/3771
f 4390/950/3703 4499/994/3771 4392/952/3704
f 4392/952/3704 4499/994/3771 4500/995/3772
f 4392/952/3704 4500/995/3772 4394/954/3705
f 4394/954/3705 4500/995/3772 4501/996/3773
f 4394/954/3705 4501/996/3773 4396/956/3706
f 4396/956/3706 4501/996/3773 4502/997/3774
f 4396/956/3706 4502/997/3774 4398/958/3707
f 4398/958/3707 4502/997/3774 4503/998/3775
f 4398/958/3707 4503/998/3775 4400/960/3708
f 4400/960/3708 4503/998/3775 4504/999/3776
f 4400/960/3708 4504/999/3776 4402/962/3709
f 4402/962/3709 4504/999/3776 4505/1000/3777
f 4402/962/3709 4505/1000/3777 4404/964/3710
f 4404/964/3710 4505/1000/3777 4506/1001/3778
f 4404/964/3710 4506/1001/3778 4406/966/3711
f 4406/966/3711 4506/1001/3778 4507/1002/3779
f 4406/966/3711 4507/1002/3779 4408/968/3712
f 4408/968/3712 4507/1002/3779 4508/1003/3748
f 4408/968/3712 4508/1003/3748 4410/970/3713
f 4476/971/3748 4509/1004/3780 4510/1005/3781
f 4476/971/3748 4510/1005/3781 4477/972/3749
f 4477/972/3749 4510/1005/3781 4511/1006/3782
f 4477/972/3749 4511/1006/3782 4478/973/3750
f 4478/973/3750 4511/1006/3782 4512/1007/3783
f 4478/973/3750 4512/1007/3783 4479/974/3751
f 4479/974/3751 4512/1007/3783 4513/1008/3784
f 4479/974/3751 4513/1008/3784 4480/975/3752
f 4480/975/3752 4513/1008/3784 4514/1009/3785
f 4480/975/3752 4514/1009/3785 4481/976/3753
f 4481/976/3753 4514/1009/3785 4515/1010/3786
f 4481/976/3753 4515/1010/3786 4482/977/3754
f 4482/977/3754 4515/1010/3786 4516/1011/3787
f 4482/977/3754 4516/1011/3787 4483/978/3755
f 4483/978/3755 4516/1011/3787 4517/1012/3788
f 4483/978/3755 4517/1012/3788 4484/979/3756
f 4484/979/3756 4517/1012/3788 4518/1013/3789
f 4484/979/3756 4518/1013/3789 4485/980/3757
f 4485/980/3757 4518/1013/3789 4519/1014/3790
f 4485/980/3757 4519/1014/3790 4486/981/3758
f 4486/981/3758 4519/1014/3790 4520/1015/3791
f 4486/981/3758 4520/1015/3791 4487/982/3759
f 4487/982/3759 4520/1015/3791 4521/1016/3792
f 4487/982/3759 4521/1016/3792 4488/983/3760
f 4488/983/3760 4521/1016/3792 4522/1017/3793
f 4488/983/3760 4522/1017/3793 4489/984/3761
f 4489/984/3761 4522/1017/3793 4523/1018/3794
f 4489/984/3761 4523/1018/3794 4490/985/3762
f 4490/985/3762 4523/1018/3794 4524/1019/3795
f 4490/985/3762 4524/1019/3795 4491/986/3763
f 4491/986/3763 4524/1019/3795 4525/1020/3796
f 4491/986/3763 4525/1020/3796 4492/987/3764
f 4492/987/3764 4525/1020/3796 4526/1021/3797
f 4492/987/3764 4526/1021/3797 4493/988/3765
f 4493/988/3765 4526/1021/3797 4527/1022/3798
f 4493/988/3765 4527/1022/3798 4494/989/3766
f 4494/989/3766 4527/1022/3798 4528/1023/3799
f 4494/989/3766 4528/1023/3799 4495/990/3767
f 4495/990/3767 4528/1023/3799 4529/1024/3800
f 4495/990/3767 4529/1024/3800 4496/991/3768
f 4496/991/3768 4529/1024/3800 4530/1025/3801
f 4496/991/3768 4530/1025/3801 4497/992/3769
f 4497/992/3769 4530/1025/3801 4531/1026/3802
f 4497/992/3769 4531/1026/3802 4498/993/3770
f 4498/993/3770 4531/1026/3802 4532/1027/3803
f 4498/993/3770 4532/1027/3803 4499/994/3771
f 4499/994/3771 4532/1027/3803 4533/1028/3804
f 4499/994/3771 4533/1028/3804 4500/995/3772
f 4500/995/3772 4533/1028/3804 4534/1029/3805
f 4500/995/3772 4534/1029/3805 4501/996/3773
f 4501/996/3773 4534/1029/3805 4535/1030/3806
f 4501/996/3773 4535/1030/3806 4502/997/3774
f 4502/997/3774 4535/1030/3806 4536/1031/3807
f 4502/997/3774 4536/1031/3807 4503/998/3775
f 4503/998/3775 4536/1031/3807 4537/1032/3808
f 4503/998/3775 4537/1032/3808 4504/999/3776
f 4504/999/3776 4537/1032/3808 4538/1033/3809
f 4504/999/3776 4538/1033/3809 4505/1000/3777
f 4505/1000/3777 4538/1033/3809 4539/1034/3810
f 4505/1000/3777 4539/1034/3810 4506/1001/3778
f 4506/1001/3778 4539/1034/3810 4540/1035/3811
f 4506/1001/3778 4540/1035/3811 4507/1002/3779
f 4507/1002/3779 4540/1035/3811 4541/1036/3780
f 4507/1002/3779 4541/1036/3780 4508/1003/3748
s 0
f 4542/1004/3812 4543/1005/3812 4544/1005/3812
f 4542/1004/3812 4544/1005/3812 4545/1004/3812
f 4546/1005/3813 4547/1006/3813 4548/1006/3813
f 4546/1005/3813 4548/1006/3813 4549/1005/3813
f 4550/1006/3814 4551/1007/3814 4552/1007/3814
f 4550/1006/3814 4552/1007/3814 4553/1006/3814
f 4554/1007/3815 4555/1008/3815 4556/1008/3815
f 4554/1007/3815 4556/1008/3815 4557/1007/3815
f 4558/1008/3816 4559/1009/3816 4560/1009/3816
f 4558/1008/3816 4560/1009/3816 4561/1008/3816
f 4562/1009/3817 4563/1010/3817 4564/1010/3817
f 4562/1009/3817 4564/1010/3817 4565/1009/3817
f 4566/1010/3818 4567/1011/3818 4568/1011/3818
f 4566/1010/3818 4568/1011/3818 4569/1010/3818
f 4570/1011/3819 4571/1012/3819 4572/1012/3819
f 4570/1011/3819 4572/1012/3819 4573/1011/3819
f 4574/1012/3820 4575/1013/3820 4576/1013/3820
f 4574/1012/3820 4576/1013/3820 4577/1012/3820
f 4578/1013/3821 4579/1014/3821 4580/1014/3821
f 4578/1013/3821 4580/1014/3821 4581/1013/3821
f 4582/1014/3822 4583/1015/3822 4584/1015/3822
f 4582/1014/3822 4584/1015/3822 4585/1014/3822
f 4586/1015/3823 4587/1016/3823 4588/1016/3823
f 4586/1015/3824 4588/1016/3824 4589/1015/3824
f 4590/1016/3825 4591/1017/3825 4592/1017/3825
f 4590/1016/3825 4592/1017/3825 4593/1016/3825
f 4594/1017/3826 4595/1018/3826 4596/1018/3826
f 4594/1017/3826 4596/1018/3826 4597/1017/3826
f 4598/1018/3827 4599/1019/3827 4600/1019/3827
f 4598/1018/3827 4600/1019/3827 4601/1018/3827
f 4602/1019/3828 4603/1020/3828 4604/1020/3828
f 4602/1019/3828 4604/1020/3828 4605/1019/3828
f 4606/1020/3829 4607/1021/3829 4608/1021/3829
f 4606/1020/3829 4608/1021/3829 4609/1020/3829
f 4610/1021/3830 4611/1022/3830 4612/1022/3830
f 4610/1021/3830 4612/1022/3830 4613/1021/3830
f 4614/1022/3831 4615/1023/3831 4616/1023/3831
f 4614/1022/3831 4616/1023/3831 4617/1022/3831
f 4618/1023/3832 4619/1024/3832 4620/1024/3832
f 4618/1023/3832 4620/1024/3832 4621/1023/3832
f 4622/1024/3833 4623/1025/3833 4624/1025/3833
f 4622/1024/3833 4624/1025/3833 4625/1024/3833
f 4626/1025/3834 4627/1026/3834 4628/1026/3834
f 4626/1025/3834 4628/1026/3834 4629/1025/3834
f 4630/1026/3835 4631/1027/3835 4632/1027/3835
f 4630/1026/3835 4632/1027/3835 4633/1026/3835
f 4634/1027/3836 4635/1028/3836 4636/1028/3836
f 4634/1027/3836 4636/1028/3836 4637/1027/3836
f 4638/1028/3837 4639/1029/3837 4640/1029/3837
f 4638/1028/3837 4640/1029/3837 4641/1028/3837
f 4642/1029/3838 4643/1030/3838 4644/1030/3838
f 4642/1029/3838 4644/1030/3838 4645/1029/3838
f 4646/1030/3839 4647/1031/3839 4648/1031/3839
f 4646/1030/3839 4648/1031/3839 4649/1030/3839
f 4650/1031/3840 4651/1032/3840 4652/1032/3840
f 4650/1031/3840 4652/1032/3840 4653/1031/3840
f 4654/1032/3841 4655/1033/3841 4656/1033/3841
f 4654/1032/3841 4656/1033/3841 4657/1032/3841
f 4658/1033/3842 4659/1034/3842 4660/1034/3842
f 4658/1033/3843 4660/1034/3843 4661/1033/3843
f 4662/1034/3844 4663/1035/3844 4664/1035/3844
f 4662/1034/3845 4664/1035/3845 4665/1034/3845
f 4666/1035/3846 4667/1036/3846 4668/1036/3846
f 4666/1035/3846 4668/1036/3846 4669/1035/3846
s 1
f 4413/907/3716 4412/908/3715 4670/972/3847
f 4413/907/3716 4670/972/3847 4671/971/3848
f 4412/908/3715 4415/910/3717 4672/973/3849
f 4412/908/3715 4672/973/3849 4670/972/3847
f 4415/910/3717 4417/912/3718 4673/974/3850
f 4415/910/3717 4673/974/3850 4672/973/3849
f 4417/912/3718 4419/914/3719 4674/975/3851
f 4417/912/3718 4674/975/3851 4673/974/3850
f 4419/914/3719 4421/916/3720 4675/976/3852
f 4419/914/3719 4675/976/3852 4674/975/3851
f 4421/916/3720 4423/918/3721 4676/977/3853
f 4421/916/3720 4676/977/3853 4675/976/3852
f 4423/918/3721 4425/920/3722 4677/978/3854
f 4423/918/3721 4677/978/3854 4676/977/3853
f 4425/920/3722 4427/922/3723 4678/979/3855
f 4425/920/3722 4678/979/3855 4677/978/3854
f 4427/922/3723 4429/924/3724 4679/980/3856
f 4427/922/3723 4679/980/3856 4678/979/3855
f 4429/924/3724 4431/926/3725 4680/981/3857
f 4429/924/3724 4680/981/3857 4679/980/3856
f 4431/926/3725 4433/928/3726 4681/982/3858
f 4431/926/3725 4681/982/3858 4680/981/3857
f 4433/928/3726 4435/930/3727 4682/983/3859
f 4433/928/3726 4682/983/3859 4681/982/3858
f 4435/930/3727 4437/932/3728 4683/984/3860
f 4435/930/3727 4683/984/3860 4682/983/3859
f 4437/932/3728 4439/934/3729 4684/985/3861
f 4437/932/3728 4684/985/3861 4683/984/3860
f 4439/934/3729 4441/936/3730 4685/986/3862
f 4439/934/3729 4685/986/3862 4684/985/3861
f 4441/936/3730 4443/938/3731 4686/987/3863
f 4441/936/3730 4686/987/3863 4685/986/3862
f 4443/938/3731 4445/940/3732 4687/988/3864
f 4443/938/3731 4687/988/3864 4686/987/3863
f 4445/940/3732 4447/942/3733 4688/989/3865
f 4445/940/3732 4688/989/3865 4687/988/3864
f 4447/942/3733 4449/944/3734 4689/990/3866
f 4447/942/3733 4689/990/3866 4688/989/3865
f 4449/944/3734 4451/946/3735 4690/991/3867
f 4449/944/3734 4690/991/3867 4689/990/3866
f 4451/946/3735 4453/948/3736 4691/992/3868
f 4451/946/3735 4691/992/3868 4690/991/3867
f 4453/948/3736 4455/950/3737 4692/993/3869
f 4453/948/3736 4692/993/3869 4691/992/3868
f 4455/950/3737 4457/952/3738 4693/994/3870
f 4455/950/3737 4693/994/3870 4692/993/3869
f 4457/952/3738 4459/954/3739 4694/995/3871
f 4457/952/3738 4694/995/3871 4693/994/3870
f 4459/954/3739 4461/956/3740 4695/996/3872
f 4459/954/3739 4695/996/3872 4694/995/3871
f 4461/956/3740 4463/958/3741 4696/997/3873
f 4461/956/3740 4696/997/3873 4695/996/3872
f 4463/958/3741 4465/960/3742 4697/998/3874
f 4463/958/3741 4697/998/3874 4696/997/3873
f 4465/960/3742 4467/962/3743 4698/999/3875
f 4465/960/3742 4698/999/3875 4697/998/3874
f 4467/962/3743 4469/964/3744 4699/1000/3876
f 4467/962/3743 4699/1000/3876 4698/999/3875
f 4469/964/3744 4471/966/3745 4700/1001/3877
f 4469/964/3744 4700/1001/3877 4699/1000/3876
f 4471/966/3745 4473/968/3746 4701/1002/3878
f 4471/966/3745 4701/1002/3878 4700/1001/3877
f 4473/968/3746 4475/970/3747 4702/1003/3848
f 4473/968/3746 4702/1003/3848 4701/1002/3878
f 4671/971/3848 4670/972/3847 4703/1005/3879
f 4671/971/3848 4703/1005/3879 4704/1004/3880
f 4670/972/3847 4672/973/3849 4705/1006/3881
f 4670/972/3847 4705/1006/3881 4703/1005/3879
f 4672/973/3849 4673/974/3850 4706/1007/3882
f 4672/973/3849 4706/1007/3882 4705/1006/3881
f 4673/974/3850 4674/975/3851 4707/1008/3883
f 4673/974/3850 4707/1008/3883 4706/1007/3882
f 4674/975/3851 4675/976/3852 4708/1009/3884
f 4674/975/3851 4708/1009/3884 4707/1008/3883
f 4675/976/3852 4676/977/3853 4709/1010/3885
f 4675/976/3852 4709/1010/3885 4708/1009/3884
f 4676/977/3853 4677/978/3854 4710/1011/3886
f 4676/977/3853 4710/1011/3886 4709/1010/3885
f 4677/978/3854 4678/979/3855 4711/1012/3887
f 4677/978/3854 4711/1012/3887 4710/1011/3886
f 4678/979/3855 4679/980/3856 4712/1013/3888
f 4678/979/3855 4712/1013/3888 4711/1012/3887
f 4679/980/3856 4680/981/3857 4713/1014/3889
f 4679/980/3856 4713/1014/3889 4712/1013/3888
f 4680/981/3857 4681/982/3858 4714/1015/3890
f 4680/981/3857 4714/1015/3890 4713/1014/3889
f 4681/982/3858 4682/983/3859 4715/1016/3891
f 4681/982/3858 4715/1016/3891 4714/1015/3890
f 4682/983/3859 4683/984/3860 4716/1017/3892
f 4682/983/3859 4716/1017/3892 4715/1016/3891
f 4683/984/3860 4684/985/3861 4717/1018/3893
f 4683/984/3860 4717/1018/3893 4716/1017/3892
f 4684/985/3861 4685/986/3862 4718/1019/3894
f 4684/985/3861 4718/1019/3894 4717/1018/3893
f 4685/986/3862 4686/987/3863 4719/1020/3895
f 4685/986/3862 4719/1020/3895 4718/1019/3894
f 4686/987/3863 4687/988/3864 4720/1021/3896
f 4686/987/3863 4720/1021/3896 4719/1020/3895
f 4687/988/3864 4688/989/3865 4721/1022/3897
f 4687/988/3864 4721/1022/3897 4720/1021/3896
f 4688/989/3865 4689/990/3866 4722/1023/3898
f 4688/989/3865 4722/1023/3898 4721/1022/3897
f 4689/990/3866 4690/991/3867 4723/1024/3899
f 4689/990/3866 4723/1024/3899 4722/1023/3898
f 4690/991/3867 4691/992/3868 4724/1025/3900
f 4690/991/3867 4724/1025/3900 4723/1024/3899
f 4691/992/3868 4692/993/3869 4725/1026/3901
f 4691/992/3868 4725/1026/3901 4724/1025/3900
f 4692/993/3869 4693/994/3870 4726/1027/3902
f 4692/993/3869 4726/1027/3902 4725/1026/3901
f 4693/994/3870 4694/995/3871 4727/1028/3903
f 4693/994/3870 4727/1028/3903 4726/1027/3902
f 4694/995/3871 4695/996/3872 4728/1029/3904
f 4694/995/3871 4728/1029/3904 4727/1028/3903
f 4695/996/3872 4696/997/3873 4729/1030/3905
f 4695/996/3872 4729/1030/3905 4728/1029/3904
f 4696/997/3873 4697/998/3874 4730/1031/3906
f 4696/997/3873 4730/1031/3906 4729/1030/3905
f 4697/998/3874 4698/999/3875 4731/1032/3907
f 4697/998/3874 4731/1032/3907 4730/1031/3906
f 4698/999/3875 4699/1000/3876 4732/1033/3908
f 4698/999/3875 4732/1033/3908 4731/1032/3907
f 4699/1000/3876 4700/1001/3877 4733/1034/3909
f 4699/1000/3876 4733/1034/3909 4732/1033/3908
f 4700/1001/3877 4701/1002/3878 4734/1035/3910
f 4700/1001/3877 4734/1035/3910 4733/1034/3909
f 4701/1002/3878 4702/1003/3848 4735/1036/3880
f 4701/1002/3878 4735/1036/3880 4734/1035/3910
s 0
f 4736/1004/3911 4737/1004/3911 4738/1005/3911
f 4736/1004/3911 4738/1005/3911 4739/1005/3911
f 4740/1005/3912 4741/1005/3912 4742/1006/3912
f 4740/1005/3912 4742/1006/3912 4743/1006/3912
f 4744/1006/3913 4745/1006/3913 4746/1007/3913
f 4744/1006/3913 4746/1007/3913 4747/1007/3913
f 4748/1007/3914 4749/1007/3914 4750/1008/3914
f 4748/1007/3914 4750/1008/3914 4751/1008/3914
f 4752/1008/3915 4753/1008/3915 4754/1009/3915
f 4752/1008/3915 4754/1009/3915 4755/1009/3915
f 4756/1009/3916 4757/1009/3916 4758/1010/3916
f 4756/1009/3916 4758/1010/3916 4759/1010/3916
f 4760/1010/3917 4761/1010/3917 4762/1011/3917
f 4760/1010/3917 4762/1011/3917 4763/1011/3917
f 4764/1011/3918 4765/1011/3918 4766/1012/3918
s 1
f 4764/1011/3918 4766/1012/3918 4767/1012/3918
f 4768/1012/3919 4769/1012/3919 4770/1013/3919
s 0
f 4768/1012/3919 4770/1013/3919 4771/1013/3919
f 4772/1013/3920 4773/1013/3920 4774/1014/3920
f 4772/1013/3920 4774/1014/3920 4775/1014/3920
f 4776/1014/3921 4777/1014/3921 4778/1015/3921
f 4776/1014/3921 4778/1015/3921 4779/1015/3921
f 4780/1015/3922 4781/1015/3922 4782/1016/3922
f 4780/1015/3923 4782/1016/3923 4783/1016/3923
f 4784/1016/3924 4785/1016/3924 4786/1017/3924
f 4784/1016/3924 4786/1017/3924 4787/1017/3924
f 4788/1017/3925 4789/1017/3925 4790/1018/3925
f 4788/1017/3925 4790/1018/3925 4791/1018/3925
f 4792/1018/3926 4793/1018/3926 4794/1019/3926
f 4792/1018/3926 4794/1019/3926 4795/1019/3926
f 4796/1019/3927 4797/1019/3927 4798/1020/3927
f 4796/1019/3927 4798/1020/3927 4799/1020/3927
f 4800/1020/3928 4801/1020/3928 4802/1021/3928
f 4800/1020/3928 4802/1021/3928 4803/1021/3928
f 4804/1021/3929 4805/1021/3929 4806/1022/3929
f 4804/1021/3929 4806/1022/3929 4807/1022/3929
f 4808/1022/3930 4809/1022/3930 4810/1023/3930
f 4808/1022/3930 4810/1023/3930 4811/1023/3930
f 4812/1023/3931 4813/1023/3931 4814/1024/3931
f 4812/1023/3931 4814/1024/3931 4815/1024/3931
f 4816/1024/3932 4817/1024/3932 4818/1025/3932
f 4816/1024/3932 4818/1025/3932 4819/1025/3932
f 4820/1025/3933 4821/1025/3933 4822/1026/3933
f 4820/1025/3933 4822/1026/3933 4823/1026/3933
f 4824/1026/3934 4825/1026/3934 4826/1027/3934
f 4824/1026/3934 4826/1027/3934 4827/1027/3934
f 4828/1027/3935 4829/1027/3935 4830/1028/3935
s 1
f 4828/1027/3935 4830/1028/3935 4831/1028/3935
s 0
f 4832/1028/3936 4833/1028/3936 4834/1029/3936
f 4832/1028/3936 4834/1029/3936 4835/1029/3936
f 4836/1029/3937 4837/1029/3937 4838/1030/3937
f 4836/1029/3937 4838/1030/3937 4839/1030/3937
f 4840/1030/3938 4841/1030/3938 4842/1031/3938
f 4840/1030/3938 4842/1031/3938 4843/1031/3938
f 4844/1031/3939 4845/1031/3939 4846/1032/3939
f 4844/1031/3939 4846/1032/3939 4847/1032/3939
f 4848/1032/3940 4849/1032/3940 4850/1033/3940
f 4848/1032/3940 4850/1033/3940 4851/1033/3940
f 4852/1033/3941 4853/1033/3941 4854/1034/3941
f 4852/1033/3942 4854/1034/3942 4855/1034/3942
f 4856/1034/3943 4857/1034/3943 4858/1035/3943
f 4856/1034/3944 4858/1035/3944 4859/1035/3944
f 4860/1035/3945 4861/1035/3945 4862/1036/3945
f 4860/1035/3945 4862/1036/3945 4863/1036/3945
