# Blender 5.2.0 LTS
# www.blender.org
mtllib Untitled.mtl
o Sphere001_03_-_Default_0
v -5.472650 -0.000000 0.000001
v -5.355771 -1.186697 0.000001
v -5.355771 -1.163895 0.231516
v -5.472650 -0.000000 0.000001
v -5.355771 -1.096365 0.454132
v -5.472650 -0.000000 0.000001
v -5.355770 -0.986702 0.659296
v -5.472650 -0.000000 0.000001
v -5.355770 -0.839121 0.839124
v -5.472650 -0.000000 0.000001
v -5.355770 -0.659293 0.986705
v -5.472650 -0.000000 0.000001
v -5.355770 -0.454128 1.096367
v -5.472650 -0.000000 0.000001
v -5.355770 -0.231512 1.163897
v -5.472650 -0.000000 0.000001
v -5.355770 0.000002 1.186698
v -5.472650 -0.000000 0.000001
v -5.355770 0.231515 1.163896
v -5.472650 -0.000000 0.000001
v -5.355770 0.454131 1.096366
v -5.472650 -0.000000 0.000001
v -5.355770 0.659295 0.986703
v -5.472650 -0.000000 0.000001
v -5.355770 0.839123 0.839121
v -5.472650 -0.000000 0.000001
v -5.355770 0.986704 0.659293
v -5.472650 -0.000000 0.000001
v -5.355770 1.096366 0.454128
v -5.472650 -0.000000 0.000001
v -5.355770 1.163895 0.231512
v -5.472650 -0.000000 0.000001
v -5.355770 1.186697 0.000001
v -5.355771 -1.163895 -0.231513
v -5.355771 -1.096365 -0.454129
v -5.355770 -0.986702 -0.659294
v -5.355770 -0.839121 -0.839122
v -5.355770 -0.659293 -0.986703
v -5.355770 -0.454128 -1.096365
v -5.355770 -0.231512 -1.163895
v -5.355771 0.000002 -1.186696
v -5.355770 0.231515 -1.163894
v -5.355770 0.454131 -1.096364
v -5.355770 0.659295 -0.986701
v -5.355770 0.839123 -0.839119
v -5.355770 0.986704 -0.659291
v -5.355770 1.096366 -0.454126
v -5.355770 1.163895 -0.231510
v -4.834347 -1.163895 0.231515
v -5.355771 -1.163895 0.231516
v -5.355771 -1.186697 0.000001
v -4.834347 -1.186697 0.000001
v -4.834347 -1.096365 0.454131
v -5.355771 -1.096365 0.454132
v -4.834346 -0.986702 0.659296
v -5.355770 -0.986702 0.659296
v -5.355771 -1.096365 0.454132
v -4.834346 -0.839121 0.839123
v -5.355770 -0.839121 0.839124
v -4.834346 -0.659293 0.986704
v -5.355770 -0.659293 0.986705
v -4.834346 -0.839121 0.839123
v -4.834346 -0.454128 1.096367
v -5.355770 -0.454128 1.096367
v -4.834346 -0.231512 1.163896
v -5.355770 -0.231512 1.163897
v -4.834346 0.000002 1.186698
v -5.355770 0.000002 1.186698
v -4.834346 0.231515 1.163896
v -5.355770 0.231515 1.163896
v -4.834346 0.454131 1.096365
v -5.355770 0.454131 1.096366
v -4.834346 0.454131 1.096365
v -4.834346 0.659295 0.986702
v -5.355770 0.659295 0.986703
v -4.834346 0.839123 0.839121
v -5.355770 0.839123 0.839121
v -4.834346 0.986704 0.659293
v -5.355770 0.986704 0.659293
v -4.834346 1.096366 0.454128
v -5.355770 1.096366 0.454128
v -4.834346 1.163895 0.231512
v -5.355770 1.163895 0.231512
v -5.355770 1.096366 0.454128
v -4.834346 1.186697 0.000001
v -5.355770 1.186697 0.000001
v -4.834347 -1.163895 -0.231513
v -5.355771 -1.163895 -0.231513
v -5.355771 -1.096365 -0.454129
v -4.834347 -1.096365 -0.454130
v -5.355771 -1.096365 -0.454129
v -5.355770 -0.986702 -0.659294
v -4.834346 -0.986702 -0.659294
v -5.355770 -0.839121 -0.839122
v -4.834346 -0.839121 -0.839122
v -4.834346 -0.659293 -0.986703
v -4.834346 -0.839121 -0.839122
v -5.355770 -0.659293 -0.986703
v -4.834346 -0.454128 -1.096365
v -5.355770 -0.454128 -1.096365
v -4.834346 -0.231512 -1.163894
v -5.355770 -0.231512 -1.163895
v -4.834347 0.000002 -1.186696
v -5.355771 0.000002 -1.186696
v -4.834346 0.231515 -1.163894
v -5.355770 0.231515 -1.163894
v -5.355770 0.454131 -1.096364
v -4.834346 0.454131 -1.096363
v -4.834346 0.454131 -1.096363
v -5.355770 0.659295 -0.986701
v -4.834346 0.659295 -0.986700
v -5.355770 0.839123 -0.839119
v -4.834346 0.839123 -0.839119
v -5.355770 0.986704 -0.659291
v -4.834346 0.986704 -0.659291
v -5.355770 1.096366 -0.454126
v -4.834346 1.096366 -0.454126
v -5.355770 1.096366 -0.454126
v -5.355770 1.163895 -0.231510
v -4.834346 1.163895 -0.231510
v -5.237386 -0.287056 0.666932
v -5.704482 -0.678996 0.652829
v -5.589099 -0.806578 0.625487
v -5.125662 -0.417708 0.639039
v -5.494858 -0.891772 0.550787
v -5.041418 -0.511291 0.562834
v -5.447010 -0.911750 0.448745
v -5.007226 -0.542728 0.458735
v -5.458375 -0.861160 0.346704
v -5.032248 -0.503596 0.354636
v -5.525910 -0.753556 0.272004
v -5.109779 -0.404381 0.278431
v -5.631518 -0.617771 0.244662
v -5.219046 -0.271667 0.250538
v -5.746901 -0.490190 0.272004
v -5.330770 -0.141014 0.278431
v -5.841142 -0.404996 0.346704
v -5.415014 -0.047432 0.354637
v -5.888990 -0.385018 0.448746
v -5.449206 -0.015995 0.458735
v -5.877625 -0.435608 0.550787
v -5.424184 -0.055127 0.562834
v -5.810090 -0.543212 0.625487
v -5.346653 -0.154342 0.639039
v -5.799449 -0.758683 0.608470
v -5.679504 -0.882437 0.583260
v -5.572797 -0.957171 0.514382
v -5.507921 -0.962861 0.420294
v -5.502259 -0.897982 0.326206
v -5.557328 -0.779919 0.257329
v -5.658374 -0.640306 0.232118
v -5.778319 -0.516553 0.257329
v -5.885026 -0.441819 0.326206
v -5.949902 -0.436129 0.420294
v -5.955564 -0.501007 0.514382
v -5.900495 -0.619071 0.583260
v -5.883047 -0.828830 0.539052
v -5.759102 -0.949228 0.517162
v -5.641471 -1.014795 0.457356
v -5.561671 -1.007963 0.375660
v -5.541086 -0.930562 0.293964
v -5.585231 -0.803332 0.234158
v -5.682277 -0.660364 0.212268
v -5.806221 -0.539966 0.234159
v -5.923853 -0.474398 0.293964
v -6.003652 -0.481231 0.375660
v -6.024237 -0.558631 0.457356
v -5.980093 -0.685861 0.517162
v -5.952672 -0.887252 0.448163
v -5.825407 -1.004864 0.430607
v -5.698705 -1.062820 0.382642
v -5.606514 -1.045591 0.317121
v -5.573539 -0.957793 0.251600
v -5.608613 -0.822952 0.203635
v -5.702339 -0.677198 0.186079
v -5.829603 -0.559586 0.203635
v -5.956306 -0.501629 0.251600
v -6.048496 -0.518858 0.317121
v -6.081471 -0.606656 0.382642
v -6.046397 -0.741498 0.430607
v -6.005849 -0.931874 0.339032
v -5.876042 -1.047351 0.326696
v -5.742390 -1.099476 0.292994
v -5.640707 -1.074281 0.246955
v -5.598237 -0.978518 0.200916
v -5.626362 -0.837845 0.167214
v -5.717544 -0.689956 0.154878
v -5.847352 -0.574479 0.167214
v -5.981004 -0.522354 0.200917
v -6.082687 -0.547549 0.246955
v -6.125156 -0.643312 0.292994
v -6.097032 -0.783985 0.326696
v -6.039831 -0.960387 0.215056
v -5.908390 -1.074495 0.208676
v -5.770278 -1.122877 0.191248
v -5.662501 -1.092569 0.167440
v -5.613939 -0.991693 0.143633
v -5.637603 -0.847278 0.126205
v -5.727153 -0.698020 0.119826
v -5.858594 -0.583912 0.126205
v -5.996706 -0.535529 0.143633
v -6.104482 -0.565837 0.167441
v -6.153044 -0.666713 0.191248
v -6.129380 -0.811128 0.208677
v -6.050633 -0.969451 0.092822
v -5.918771 -1.083205 0.091219
v -5.779506 -1.130620 0.086839
v -5.670154 -1.098991 0.080855
v -5.620017 -0.996793 0.074872
v -5.642528 -0.851410 0.070492
v -5.731656 -0.701798 0.068889
v -5.863519 -0.588044 0.070492
v -6.002784 -0.540629 0.074872
v -6.112135 -0.572258 0.080856
v -6.162272 -0.674456 0.086839
v -6.139761 -0.819839 0.091219
v -6.050633 -0.969451 -0.092818
v -5.918771 -1.083205 -0.091215
v -5.779506 -1.130620 -0.086835
v -5.670154 -1.098991 -0.080851
v -5.620017 -0.996793 -0.074868
v -5.642528 -0.851410 -0.070488
v -5.731656 -0.701798 -0.068884
v -5.863519 -0.588044 -0.070487
v -6.002784 -0.540629 -0.074868
v -6.112135 -0.572258 -0.080851
v -6.162272 -0.674456 -0.086835
v -6.139761 -0.819839 -0.091215
v -6.039831 -0.960387 -0.215052
v -5.908390 -1.074494 -0.208673
v -5.770278 -1.122877 -0.191244
v -5.662502 -1.092569 -0.167437
v -5.613939 -0.991693 -0.143629
v -5.637604 -0.847278 -0.126200
v -5.727154 -0.698019 -0.119821
v -5.858594 -0.583912 -0.126200
v -5.996706 -0.535529 -0.143629
v -6.104482 -0.565837 -0.167436
v -6.153045 -0.666713 -0.191244
v -6.129380 -0.811128 -0.208672
v -6.005850 -0.931873 -0.339028
v -5.876042 -1.047351 -0.326692
v -5.742390 -1.099476 -0.292990
v -5.640707 -1.074281 -0.246951
v -5.598238 -0.978518 -0.200912
v -5.626362 -0.837845 -0.167210
v -5.717545 -0.689957 -0.154874
v -5.847353 -0.574479 -0.167210
v -5.981004 -0.522354 -0.200912
v -6.082687 -0.547549 -0.246951
v -6.125157 -0.643312 -0.292989
v -6.097033 -0.783985 -0.326692
v -5.952668 -0.887248 -0.448165
v -5.825404 -1.004861 -0.430608
v -5.698704 -1.062818 -0.382641
v -5.606515 -1.045591 -0.317117
v -5.573541 -0.957794 -0.251593
v -5.608616 -0.822954 -0.203626
v -5.702343 -0.677201 -0.186069
v -5.829607 -0.559588 -0.203626
v -5.956307 -0.501631 -0.251593
v -6.048496 -0.518858 -0.317117
v -6.081470 -0.606655 -0.382641
v -6.046394 -0.741495 -0.430608
v -5.883047 -0.828829 -0.539048
v -5.759102 -0.949227 -0.517158
v -5.641471 -1.014795 -0.457352
v -5.561671 -1.007963 -0.375656
v -5.541087 -0.930562 -0.293960
v -5.585231 -0.803332 -0.234154
v -5.682277 -0.660364 -0.212264
v -5.806221 -0.539966 -0.234154
v -5.923853 -0.474398 -0.293960
v -6.003653 -0.481230 -0.375656
v -6.024237 -0.558631 -0.457352
v -5.980093 -0.685861 -0.517157
v -5.799452 -0.758684 -0.608465
v -5.679506 -0.882438 -0.583254
v -5.572798 -0.957171 -0.514378
v -5.507921 -0.962861 -0.420290
v -5.502259 -0.897981 -0.326203
v -5.557327 -0.779918 -0.257326
v -5.658372 -0.640305 -0.232115
v -5.778317 -0.516551 -0.257326
v -5.885025 -0.441818 -0.326202
v -5.949902 -0.436128 -0.420290
v -5.955565 -0.501008 -0.514377
v -5.900496 -0.619072 -0.583254
v -5.704480 -0.678994 -0.652825
v -5.589097 -0.806576 -0.625483
v -5.494857 -0.891771 -0.550783
v -5.447010 -0.911750 -0.448741
v -5.458377 -0.861160 -0.346699
v -5.525912 -0.753558 -0.271999
v -5.631520 -0.617773 -0.244657
v -5.746902 -0.490191 -0.271999
v -5.841144 -0.404997 -0.346699
v -5.888990 -0.385018 -0.448741
v -5.877624 -0.435607 -0.550783
v -5.810088 -0.543210 -0.625483
v -5.237386 -0.287056 -0.666928
v -5.125663 -0.417708 -0.639035
v -5.041418 -0.511290 -0.562830
v -5.007226 -0.542727 -0.458731
v -5.032248 -0.503596 -0.354633
v -5.109779 -0.404381 -0.278427
v -5.219046 -0.271667 -0.250534
v -5.330770 -0.141015 -0.278427
v -5.415015 -0.047432 -0.354633
v -5.449207 -0.015995 -0.458731
v -5.424185 -0.055127 -0.562830
v -5.346653 -0.154342 -0.639035
v -7.286365 -0.167429 0.000003
v -7.321479 -0.049501 0.000003
v -7.347298 -0.060531 0.171903
v -7.313557 -0.173851 0.171903
v -7.417837 -0.090667 0.297743
v -7.387844 -0.191398 0.297743
v -7.514195 -0.131832 0.343803
v -7.489322 -0.215367 0.343803
v -7.610553 -0.172998 0.297743
v -7.590800 -0.239336 0.297743
v -7.681093 -0.203133 0.171903
v -7.665087 -0.256883 0.171903
v -7.706913 -0.214163 0.000003
v -7.692278 -0.263305 0.000003
v -7.681093 -0.203133 -0.171897
v -7.665087 -0.256883 -0.171897
v -7.610554 -0.172997 -0.297736
v -7.590801 -0.239336 -0.297737
v -7.514195 -0.131832 -0.343797
v -7.489323 -0.215367 -0.343797
v -7.417837 -0.090667 -0.297737
v -7.387845 -0.191398 -0.297737
v -7.347298 -0.060531 -0.171897
v -7.313557 -0.173851 -0.171897
v -7.386692 0.064889 0.000003
v -7.409378 0.048363 0.171903
v -7.471356 0.003211 0.297743
v -7.556022 -0.058466 0.343803
v -7.640687 -0.120144 0.297743
v -7.702666 -0.165295 0.171903
v -7.725352 -0.181821 0.000003
v -7.702666 -0.165295 -0.171897
v -7.640687 -0.120144 -0.297736
v -7.556022 -0.058466 -0.343797
v -7.471357 0.003212 -0.297737
v -7.409378 0.048363 -0.171897
v -7.474013 0.160312 0.000003
v -7.492521 0.139221 0.171903
v -7.543087 0.081598 0.297743
v -7.612162 0.002883 0.343803
v -7.681237 -0.075831 0.297743
v -7.731803 -0.133454 0.171903
v -7.750312 -0.154546 0.000003
v -7.731803 -0.133454 -0.171897
v -7.681237 -0.075831 -0.297736
v -7.612163 0.002883 -0.343797
v -7.543087 0.081598 -0.297736
v -7.492521 0.139221 -0.171897
v -7.579298 0.234033 0.000003
v -7.592787 0.209426 0.171903
v -7.629638 0.142200 0.297743
v -7.679977 0.050368 0.343803
v -7.730317 -0.041465 0.297743
v -7.767168 -0.108691 0.171903
v -7.780656 -0.133297 0.000003
v -7.767169 -0.108691 -0.171897
v -7.730317 -0.041465 -0.297736
v -7.679977 0.050368 -0.343797
v -7.629638 0.142200 -0.297736
v -7.592787 0.209426 -0.171897
v -7.698820 0.283446 0.000003
v -7.706591 0.256476 0.171903
v -7.727824 0.182793 0.297743
v -7.756827 0.082139 0.343803
v -7.785832 -0.018514 0.297743
v -7.807064 -0.092197 0.171903
v -7.814836 -0.119167 0.000003
v -7.807064 -0.092197 -0.171897
v -7.785832 -0.018514 -0.297736
v -7.756827 0.082140 -0.343797
v -7.727824 0.182793 -0.297736
v -7.706591 0.256476 -0.171897
v -7.828615 0.305604 0.000003
v -7.830150 0.277569 0.171903
v -7.834345 0.200977 0.297743
v -7.840075 0.096351 0.343803
v -7.845804 -0.008276 0.297743
v -7.849998 -0.084867 0.171903
v -7.851533 -0.112902 0.000003
v -7.849998 -0.084867 -0.171897
v -7.845804 -0.008275 -0.297736
v -7.840075 0.096351 -0.343797
v -7.834345 0.200977 -0.297736
v -7.830151 0.277569 -0.171897
v -7.951444 0.298267 0.000003
v -7.948179 0.270519 0.171903
v -7.939260 0.194710 0.297743
v -7.927079 0.091154 0.343803
v -7.914897 -0.012403 0.297743
v -7.905979 -0.088211 0.171903
v -7.902714 -0.115959 0.000003
v -7.905979 -0.088211 -0.171897
v -7.914897 -0.012403 -0.297736
v -7.927079 0.091154 -0.343797
v -7.939260 0.194710 -0.297736
v -7.948179 0.270519 -0.171897
v -9.496734 0.025790 0.000004
v -9.490311 -0.001401 0.171904
v -9.472763 -0.075688 0.297743
v -9.448792 -0.177165 0.343804
v -9.424821 -0.278643 0.297743
v -9.407273 -0.352930 0.171904
v -9.400849 -0.380121 0.000004
v -9.407273 -0.352930 -0.171896
v -9.424821 -0.278643 -0.297736
v -9.448792 -0.177165 -0.343796
v -9.472763 -0.075688 -0.297736
v -9.490311 -0.001401 -0.171896
v -9.614667 -0.009326 0.000004
v -9.603635 -0.035145 0.171904
v -9.573497 -0.105682 0.297743
v -9.532327 -0.202039 0.343804
v -9.491157 -0.298395 0.297743
v -9.461019 -0.368933 0.171904
v -9.449987 -0.394752 0.000004
v -9.461019 -0.368933 -0.171896
v -9.491157 -0.298395 -0.297736
v -9.532327 -0.202039 -0.343796
v -9.573497 -0.105682 -0.297736
v -9.603635 -0.035145 -0.171896
v -9.729052 -0.074538 0.000004
v -9.712523 -0.097223 0.171904
v -9.667372 -0.159202 0.297744
v -9.605693 -0.243865 0.343804
v -9.544013 -0.328529 0.297743
v -9.498861 -0.390507 0.171904
v -9.482334 -0.413193 0.000004
v -9.498861 -0.390507 -0.171896
v -9.544014 -0.328529 -0.297736
v -9.605693 -0.243865 -0.343796
v -9.667372 -0.159201 -0.297736
v -9.712523 -0.097223 -0.171896
v -9.824467 -0.161851 0.000004
v -9.803375 -0.180361 0.171904
v -9.745754 -0.230929 0.297744
v -9.667042 -0.300006 0.343804
v -9.588329 -0.369083 0.297743
v -9.530708 -0.419651 0.171904
v -9.509617 -0.438160 0.000004
v -9.530708 -0.419651 -0.171896
v -9.588330 -0.369083 -0.297736
v -9.667042 -0.300006 -0.343796
v -9.745754 -0.230928 -0.297736
v -9.803375 -0.180360 -0.171896
v -9.898192 -0.267142 0.000004
v -9.873586 -0.280631 0.171904
v -9.806359 -0.317481 0.297744
v -9.714526 -0.367821 0.343804
v -9.622693 -0.418160 0.297743
v -9.555467 -0.455010 0.171904
v -9.530861 -0.468499 0.000004
v -9.555467 -0.455010 -0.171896
v -9.622693 -0.418160 -0.297736
v -9.714527 -0.367820 -0.343796
v -9.806359 -0.317481 -0.297736
v -9.873586 -0.280631 -0.171896
v -9.947607 -0.386670 0.000004
v -9.920636 -0.394440 0.171904
v -9.846952 -0.415670 0.297744
v -9.746298 -0.444671 0.343804
v -9.645644 -0.473672 0.297743
v -9.571960 -0.494902 0.171904
v -9.544990 -0.502672 0.000004
v -9.571960 -0.494902 -0.171896
v -9.645644 -0.473672 -0.297736
v -9.746298 -0.444671 -0.343796
v -9.846952 -0.415670 -0.297736
v -9.920636 -0.394440 -0.171896
v -9.969764 -0.516466 0.000004
v -9.941728 -0.518000 0.171904
v -9.865136 -0.522192 0.297744
v -9.760509 -0.527918 0.343804
v -9.655883 -0.533644 0.297743
v -9.579291 -0.537836 0.171904
v -9.551256 -0.539371 0.000004
v -9.579291 -0.537836 -0.171896
v -9.655883 -0.533644 -0.297736
v -9.760509 -0.527918 -0.343796
v -9.865136 -0.522192 -0.297736
v -9.941729 -0.518000 -0.171896
v -9.962425 -0.639291 0.000004
v -9.934677 -0.636026 0.171904
v -9.858869 -0.627107 0.297744
v -9.755313 -0.614922 0.343804
v -9.651756 -0.602738 0.297743
v -9.575948 -0.593819 0.171904
v -9.548200 -0.590554 0.000004
v -9.575948 -0.593819 -0.171896
v -9.651757 -0.602738 -0.297736
v -9.755313 -0.614922 -0.343796
v -9.858869 -0.627106 -0.297736
v -9.934677 -0.636026 -0.171896
v -9.930188 -0.822111 0.000004
v -9.902997 -0.815689 0.171904
v -9.828710 -0.798142 0.297744
v -9.727232 -0.774173 0.343804
v -9.625753 -0.750203 0.297743
v -9.551467 -0.732657 0.171904
v -9.524276 -0.726234 0.000004
v -9.551467 -0.732657 -0.171896
v -9.625754 -0.750203 -0.297736
v -9.727233 -0.774173 -0.343796
v -9.828711 -0.798142 -0.297736
v -9.902997 -0.815688 -0.171896
v -9.895076 -0.940039 0.000004
v -9.869257 -0.929008 0.171904
v -9.798717 -0.898873 0.297743
v -9.702358 -0.857708 0.343804
v -9.606000 -0.816542 0.297743
v -9.535461 -0.786407 0.171904
v -9.509642 -0.775377 0.000004
v -9.535461 -0.786407 -0.171896
v -9.606001 -0.816542 -0.297736
v -9.702358 -0.857708 -0.343796
v -9.798717 -0.898873 -0.297736
v -9.869257 -0.929008 -0.171896
v -9.829863 -1.054429 0.000004
v -9.807177 -1.037903 0.171904
v -9.745197 -0.992751 0.297743
v -9.660532 -0.931074 0.343804
v -9.575868 -0.869396 0.297743
v -9.513888 -0.824245 0.171904
v -9.491202 -0.807718 0.000004
v -9.513888 -0.824245 -0.171896
v -9.575868 -0.869396 -0.297736
v -9.660533 -0.931074 -0.343796
v -9.745197 -0.992751 -0.297736
v -9.807177 -1.037902 -0.171896
v -9.742541 -1.149852 0.000004
v -9.724033 -1.128761 0.171904
v -9.673467 -1.071138 0.297743
v -9.604392 -0.992423 0.343804
v -9.535317 -0.913708 0.297743
v -9.484751 -0.856085 0.171904
v -9.466243 -0.834994 0.000004
v -9.484751 -0.856085 -0.171896
v -9.535317 -0.913708 -0.297736
v -9.604393 -0.992423 -0.343796
v -9.673467 -1.071137 -0.297736
v -9.724033 -1.128760 -0.171896
v -9.637257 -1.223573 0.000004
v -9.623768 -1.198966 0.171904
v -9.586917 -1.131740 0.297743
v -9.536577 -1.039907 0.343804
v -9.486238 -0.948075 0.297743
v -9.449387 -0.880849 0.171904
v -9.435898 -0.856242 0.000004
v -9.449387 -0.880849 -0.171896
v -9.486238 -0.948075 -0.297736
v -9.536577 -1.039907 -0.343796
v -9.586917 -1.131740 -0.297736
v -9.623768 -1.198966 -0.171896
v -9.517735 -1.272986 0.000004
v -9.509963 -1.246016 0.171904
v -9.488730 -1.172332 0.297743
v -9.459727 -1.071679 0.343804
v -9.430722 -0.971026 0.297743
v -9.409491 -0.897343 0.171904
v -9.401718 -0.870373 0.000004
v -9.409491 -0.897343 -0.171896
v -9.430722 -0.971026 -0.297736
v -9.459727 -1.071679 -0.343796
v -9.488730 -1.172332 -0.297736
v -9.509963 -1.246016 -0.171896
v -9.387938 -1.295143 0.000004
v -9.386403 -1.267109 0.171904
v -9.382210 -1.190517 0.297743
v -9.376480 -1.085891 0.343804
v -9.370750 -0.981264 0.297743
v -9.366556 -0.904672 0.171904
v -9.365021 -0.876638 0.000004
v -9.366556 -0.904672 -0.171896
v -9.370750 -0.981264 -0.297736
v -9.376480 -1.085890 -0.343796
v -9.382210 -1.190517 -0.297736
v -9.386403 -1.267109 -0.171896
v -9.265111 -1.287806 0.000004
v -9.268375 -1.260059 0.171904
v -9.277293 -1.184250 0.297743
v -9.289475 -1.080693 0.343804
v -9.301658 -0.977137 0.297743
v -9.310575 -0.901329 0.171904
v -9.313840 -0.873581 0.000004
v -9.310575 -0.901328 -0.171896
v -9.301658 -0.977137 -0.297736
v -9.289475 -1.080693 -0.343796
v -9.277293 -1.184250 -0.297736
v -9.268375 -1.260058 -0.171896
v -7.719820 -1.015330 0.000003
v -7.726243 -0.988139 0.171903
v -7.743792 -0.913852 0.297743
v -7.767763 -0.812374 0.343803
v -7.791734 -0.710897 0.297743
v -7.809281 -0.636610 0.171903
v -7.815705 -0.609419 0.000003
v -7.809281 -0.636610 -0.171897
v -7.791734 -0.710897 -0.297737
v -7.767763 -0.812374 -0.343797
v -7.743792 -0.913852 -0.297737
v -7.726243 -0.988139 -0.171897
v -7.601888 -0.980214 0.000003
v -7.612920 -0.954395 0.171903
v -7.643058 -0.883857 0.297743
v -7.684227 -0.787501 0.343803
v -7.725398 -0.691144 0.297743
v -7.755536 -0.620607 0.171903
v -7.766567 -0.594788 0.000003
v -7.755536 -0.620607 -0.171897
v -7.725398 -0.691144 -0.297737
v -7.684227 -0.787501 -0.343797
v -7.643058 -0.883857 -0.297737
v -7.612920 -0.954395 -0.171897
v -7.487503 -0.915002 0.000003
v -7.504031 -0.892316 0.171903
v -7.549182 -0.830338 0.297743
v -7.610862 -0.745674 0.343803
v -7.672541 -0.661011 0.297743
v -7.717693 -0.599032 0.171903
v -7.734221 -0.576347 0.000003
v -7.717693 -0.599032 -0.171897
v -7.672541 -0.661011 -0.297737
v -7.610862 -0.745674 -0.343797
v -7.549182 -0.830338 -0.297737
v -7.504031 -0.892316 -0.171897
v -7.392087 -0.827688 0.000003
v -7.413179 -0.809179 0.171903
v -7.470800 -0.758611 0.297743
v -7.549512 -0.689534 0.343803
v -7.628224 -0.620457 0.297743
v -7.685846 -0.569889 0.171903
v -7.706937 -0.551380 0.000003
v -7.685846 -0.569889 -0.171897
v -7.628225 -0.620457 -0.297737
v -7.549512 -0.689534 -0.343797
v -7.470800 -0.758611 -0.297737
v -7.413179 -0.809179 -0.171897
v -7.318362 -0.722397 0.000003
v -7.342968 -0.708909 0.171903
v -7.410195 -0.672058 0.297743
v -7.502028 -0.621719 0.343803
v -7.593861 -0.571380 0.297743
v -7.661088 -0.534529 0.171903
v -7.685694 -0.521041 0.000003
v -7.661088 -0.534529 -0.171897
v -7.593861 -0.571380 -0.297737
v -7.502028 -0.621719 -0.343797
v -7.410195 -0.672058 -0.297737
v -7.342968 -0.708909 -0.171897
v -7.268948 -0.602870 0.000003
v -7.295918 -0.595099 0.171903
v -7.369602 -0.573869 0.297743
v -7.470256 -0.544869 0.343803
v -7.570910 -0.515868 0.297743
v -7.644594 -0.494638 0.171903
v -7.671565 -0.486867 0.000003
v -7.644594 -0.494638 -0.171897
v -7.570910 -0.515868 -0.297737
v -7.470256 -0.544869 -0.343797
v -7.369602 -0.573869 -0.297737
v -7.295918 -0.595099 -0.171897
v -7.246791 -0.473074 0.000003
v -7.274827 -0.471540 0.171903
v -7.351418 -0.467348 0.297743
v -7.456045 -0.461622 0.343803
v -7.560671 -0.455895 0.297743
v -7.637263 -0.451704 0.171903
v -7.665298 -0.450169 0.000003
v -7.637263 -0.451703 -0.171897
v -7.560671 -0.455895 -0.297737
v -7.456045 -0.461622 -0.343797
v -7.351418 -0.467348 -0.297737
v -7.274826 -0.471540 -0.171897
v -7.254129 -0.350249 0.000003
v -7.281878 -0.353514 0.171903
v -7.357686 -0.362433 0.297743
v -7.461242 -0.374617 0.343803
v -7.564797 -0.386802 0.297743
v -7.640606 -0.395721 0.171903
v -7.668354 -0.398986 0.000003
v -7.640606 -0.395721 -0.171897
v -7.564798 -0.386801 -0.297737
v -7.461242 -0.374617 -0.343797
v -7.357686 -0.362433 -0.297737
v -7.281878 -0.353514 -0.171897
v -6.457548 -2.231737 0.192991
v -6.512052 -2.246370 0.302329
v -6.644242 -2.326538 0.222099
v -6.591867 -2.312477 0.117033
v -6.770572 -2.340215 0.147445
v -6.724015 -2.327716 0.054050
v -6.857191 -2.283737 0.098370
v -6.818582 -2.273372 0.020919
v -6.880890 -2.172236 0.088024
v -6.850229 -2.164005 0.026517
v -6.835320 -2.035590 0.119179
v -6.810477 -2.028921 0.069344
v -6.732690 -1.910412 0.183487
v -6.709976 -1.904315 0.137924
v -6.600501 -1.830244 0.263718
v -6.575657 -1.823576 0.213882
v -6.474171 -1.816567 0.338372
v -6.443510 -1.808336 0.276865
v -6.387552 -1.873046 0.387447
v -6.348942 -1.862680 0.309996
v -6.363852 -1.984546 0.397793
v -6.317295 -1.972047 0.304398
v -6.409422 -2.121192 0.366638
v -6.357048 -2.107131 0.261571
v -6.586200 -2.237940 0.410814
v -6.714827 -2.318513 0.325372
v -6.831424 -2.333296 0.236477
v -6.904747 -2.278329 0.167948
v -6.915152 -2.168340 0.138149
v -6.859848 -2.032800 0.155064
v -6.753656 -1.908027 0.214160
v -6.625029 -1.827454 0.299602
v -6.508432 -1.812671 0.388497
v -6.435108 -1.867638 0.457025
v -6.424704 -1.977627 0.486824
v -6.480008 -2.113167 0.469910
v -6.670538 -2.206998 0.503874
v -6.795131 -2.289052 0.413979
v -6.900704 -2.307879 0.312921
v -6.958971 -2.258436 0.227778
v -6.954317 -2.153971 0.181364
v -6.887990 -2.022475 0.186116
v -6.777763 -1.899183 0.240760
v -6.653171 -1.817130 0.330654
v -6.547597 -1.798302 0.431712
v -6.489331 -1.847745 0.516855
v -6.493985 -1.952210 0.563269
v -6.560311 -2.083706 0.558518
v -6.761530 -2.155625 0.578714
v -6.881784 -2.240128 0.485251
v -6.975504 -2.265647 0.374444
v -7.017579 -2.225346 0.275984
v -6.996734 -2.130023 0.216252
v -6.918554 -2.005219 0.211255
v -6.803988 -1.884377 0.262330
v -6.683734 -1.799874 0.355793
v -6.590014 -1.774354 0.466600
v -6.547939 -1.814655 0.565060
v -6.568785 -1.909978 0.624792
v -6.646965 -2.034782 0.629789
v -6.855954 -2.085639 0.632688
v -6.971691 -2.173489 0.536644
v -7.053073 -2.208155 0.418784
v -7.078292 -2.180347 0.310689
v -7.040591 -2.097517 0.241322
v -6.950073 -1.981858 0.229272
v -6.830990 -1.864363 0.277766
v -6.715253 -1.776513 0.373810
v -6.633872 -1.741848 0.491670
v -6.608653 -1.769656 0.599765
v -6.646353 -1.852486 0.669132
v -6.736872 -1.968144 0.681182
v -6.950341 -1.998917 0.662825
v -7.061543 -2.090934 0.565332
v -7.130535 -2.136983 0.443516
v -7.138829 -2.124726 0.330017
v -7.084203 -2.057446 0.255247
v -6.981294 -1.953172 0.239240
v -6.857677 -1.839843 0.286286
v -6.746475 -1.747826 0.383779
v -6.677484 -1.701777 0.505595
v -6.669189 -1.714034 0.619094
v -6.723815 -1.781314 0.693864
v -6.826724 -1.885588 0.709871
v -7.032335 -1.907217 0.665756
v -7.140334 -2.002817 0.568149
v -7.200572 -2.058655 0.446020
v -7.196908 -2.059771 0.332093
v -7.130326 -2.005863 0.256896
v -7.018664 -1.911379 0.240576
v -6.891843 -1.801633 0.287507
v -6.783844 -1.706033 0.385114
v -6.723607 -1.650194 0.507243
v -6.727270 -1.649079 0.621170
v -6.793852 -1.702986 0.696367
v -6.905514 -1.797471 0.712687
v -8.017266 -0.692226 0.539757
v -8.123252 -0.790310 0.442408
v -8.177989 -0.852934 0.320982
v -8.166813 -0.863318 0.208017
v -8.092715 -0.818680 0.133781
v -7.975553 -0.730981 0.118165
v -7.846719 -0.623719 0.165354
v -7.740733 -0.525635 0.262703
v -7.685996 -0.463011 0.384129
v -7.697173 -0.452627 0.497094
v -7.771270 -0.497265 0.571330
v -7.888432 -0.584964 0.586946
v -8.088727 -0.594627 0.517195
v -8.191919 -0.696525 0.420727
v -8.239028 -0.769568 0.301711
v -8.217430 -0.794186 0.192036
v -8.132911 -0.763782 0.121090
v -8.008120 -0.686502 0.107883
v -7.876493 -0.583054 0.155954
v -7.773300 -0.481156 0.252421
v -7.726192 -0.408112 0.371438
v -7.747791 -0.383495 0.481113
v -7.832308 -0.413899 0.552059
v -7.957100 -0.491179 0.565266
v -8.149976 -0.489363 0.467151
v -8.250226 -0.596317 0.373087
v -8.289295 -0.683178 0.260639
v -8.256714 -0.726670 0.159938
v -8.161214 -0.715139 0.097965
v -8.028383 -0.651676 0.091327
v -7.893814 -0.553286 0.141802
v -7.793563 -0.446331 0.235865
v -7.754494 -0.359470 0.348313
v -7.787075 -0.315978 0.449014
v -7.882575 -0.327509 0.510987
v -8.015406 -0.390972 0.517625
v -8.192547 -0.390352 0.395649
v -8.290761 -0.502043 0.305006
v -8.324266 -0.601842 0.201902
v -8.284087 -0.663009 0.113964
v -8.180986 -0.669153 0.064756
v -8.042592 -0.618630 0.067461
v -7.905986 -0.524975 0.121356
v -7.807772 -0.413284 0.212000
v -7.774266 -0.313484 0.315103
v -7.814447 -0.252318 0.403041
v -7.917546 -0.246173 0.452250
v -8.055941 -0.296697 0.449544
v -8.215651 -0.300976 0.306208
v -8.312762 -0.416929 0.219830
v -8.343259 -0.528372 0.128378
v -8.298967 -0.605444 0.056358
v -8.191755 -0.627495 0.023066
v -8.050351 -0.588614 0.037424
v -7.912643 -0.499221 0.095584
v -7.815531 -0.383269 0.181963
v -7.785036 -0.271826 0.273414
v -7.829328 -0.194753 0.345434
v -7.936539 -0.172703 0.378726
v -8.077943 -0.211583 0.364368
v -8.218466 -0.224411 0.202004
v -8.315443 -0.344026 0.120611
v -8.345572 -0.465475 0.042777
v -8.300777 -0.556216 -0.010640
v -8.193064 -0.591935 -0.025329
v -8.051291 -0.563060 0.002647
v -7.913450 -0.477330 0.065792
v -7.816472 -0.357715 0.147186
v -7.786344 -0.236266 0.225019
v -7.831138 -0.145525 0.278437
v -7.938852 -0.109806 0.293125
v -8.080624 -0.138680 0.265149
v -8.200005 -0.164146 0.086396
v -8.297870 -0.286657 0.010557
v -8.330421 -0.416017 -0.052101
v -8.288939 -0.517564 -0.084788
v -8.184534 -0.564088 -0.078746
v -8.045187 -0.543124 -0.035594
v -7.908231 -0.460289 0.033105
v -7.810367 -0.337779 0.108944
v -7.777814 -0.208419 0.171602
v -7.819298 -0.106872 0.204289
v -7.923701 -0.060348 0.198247
v -8.063050 -0.081311 0.155095
v -8.163203 -0.127675 -0.025208
v -8.262506 -0.251611 -0.096686
v -8.298986 -0.384863 -0.147430
v -8.262870 -0.491728 -0.163843
v -8.163833 -0.543571 -0.141527
v -8.028414 -0.526500 -0.086462
v -7.892896 -0.445090 -0.013402
v -7.793593 -0.321154 0.058076
v -7.757113 -0.187902 0.108821
v -7.793230 -0.081037 0.125234
v -7.892267 -0.029194 0.102918
v -8.027687 -0.046265 0.047852
v -8.093868 -0.088867 -0.192984
v -8.194368 -0.213473 -0.261565
v -8.234121 -0.348557 -0.304392
v -8.202474 -0.457924 -0.309989
v -8.107907 -0.512268 -0.276858
v -7.975759 -0.497029 -0.213876
v -7.841440 -0.416289 -0.137918
v -7.740939 -0.291683 -0.069337
v -7.701187 -0.156599 -0.026510
v -7.732834 -0.047233 -0.020913
v -7.827401 0.007112 -0.054044
v -7.959549 -0.008128 -0.117026
v -8.039364 -0.074234 -0.302323
v -8.141994 -0.199412 -0.366631
v -8.187564 -0.336058 -0.397787
v -8.163864 -0.447559 -0.387440
v -8.077245 -0.504037 -0.338365
v -7.950915 -0.490360 -0.263711
v -7.818726 -0.410192 -0.183481
v -7.716096 -0.285014 -0.119173
v -7.670526 -0.148368 -0.088018
v -7.694224 -0.036868 -0.098364
v -7.780844 0.019611 -0.147439
v -7.907174 0.005934 -0.222093
v -7.965216 -0.082665 -0.410808
v -8.071408 -0.207437 -0.469904
v -8.126712 -0.342977 -0.486818
v -8.116307 -0.452967 -0.457019
v -8.042984 -0.507934 -0.388491
v -7.926388 -0.493150 -0.299596
v -7.797760 -0.412577 -0.214153
v -7.691567 -0.287804 -0.155057
v -7.636264 -0.152265 -0.138143
v -7.646668 -0.042275 -0.167942
v -7.719992 0.012692 -0.236470
v -7.836589 -0.002092 -0.325365
v -7.880877 -0.113606 -0.503868
v -7.991104 -0.236899 -0.558512
v -8.057431 -0.368394 -0.563263
v -8.062084 -0.472859 -0.516849
v -8.003819 -0.522302 -0.431706
v -7.898245 -0.503475 -0.330648
v -7.773654 -0.421422 -0.240753
v -7.663425 -0.298129 -0.186109
v -7.597099 -0.166633 -0.181358
v -7.592445 -0.062168 -0.227772
v -7.650711 -0.012725 -0.312915
v -7.756285 -0.031553 -0.413973
v -7.789886 -0.164980 -0.578708
v -7.904451 -0.285823 -0.629783
v -7.982631 -0.410626 -0.624786
v -8.003476 -0.505949 -0.565054
v -7.961402 -0.546250 -0.466594
v -7.867682 -0.520730 -0.355787
v -7.747428 -0.436228 -0.262324
v -7.632862 -0.315385 -0.211248
v -7.554682 -0.190581 -0.216246
v -7.533836 -0.095258 -0.275977
v -7.575911 -0.054957 -0.374438
v -7.669632 -0.080477 -0.485245
v -7.695462 -0.234965 -0.632682
v -7.814544 -0.352461 -0.681176
v -7.905063 -0.468119 -0.669125
v -7.942763 -0.550949 -0.599759
v -7.917545 -0.578757 -0.491664
v -7.836163 -0.544091 -0.373804
v -7.720425 -0.456241 -0.277759
v -7.601343 -0.338746 -0.229265
v -7.510825 -0.223088 -0.241316
v -7.473124 -0.140258 -0.310682
v -7.498343 -0.112450 -0.418778
v -7.579724 -0.147115 -0.536638
v -7.601075 -0.321688 -0.662819
v -7.724692 -0.435016 -0.709864
v -7.827600 -0.539290 -0.693858
v -7.882226 -0.606570 -0.619088
v -7.873933 -0.618827 -0.505588
v -7.804941 -0.572778 -0.383772
v -7.693738 -0.480761 -0.286280
v -7.570121 -0.367432 -0.239234
v -7.467213 -0.263158 -0.255241
v -7.412587 -0.195879 -0.330011
v -7.420881 -0.183622 -0.443510
v -7.489872 -0.229671 -0.565326
v -7.519081 -0.413388 -0.665749
v -7.645902 -0.523133 -0.712681
v -7.757564 -0.617618 -0.696361
v -7.824146 -0.671525 -0.621163
v -7.827809 -0.670410 -0.507237
v -7.767571 -0.614571 -0.385108
v -7.659573 -0.518971 -0.287501
v -7.532752 -0.409226 -0.240570
v -7.421090 -0.314741 -0.256889
v -7.354507 -0.260834 -0.332087
v -7.350844 -0.261949 -0.446013
v -7.411082 -0.317788 -0.568142
v -6.534150 -1.628379 -0.539751
v -6.662984 -1.735640 -0.586940
v -6.780146 -1.823340 -0.571324
v -6.854243 -1.867978 -0.497088
v -6.865420 -1.857594 -0.384122
v -6.810683 -1.794969 -0.262697
v -6.704698 -1.696886 -0.165348
v -6.575863 -1.589624 -0.118159
v -6.458701 -1.501924 -0.133774
v -6.384604 -1.457286 -0.208011
v -6.373426 -1.467671 -0.320976
v -6.428164 -1.530295 -0.442401
v -6.462689 -1.725977 -0.517189
v -6.594316 -1.829426 -0.565259
v -6.719107 -1.906705 -0.552052
v -6.803626 -1.937110 -0.481106
v -6.825224 -1.912492 -0.371432
v -6.778116 -1.839448 -0.252415
v -6.674922 -1.737551 -0.155947
v -6.543296 -1.634102 -0.107877
v -6.418505 -1.556823 -0.121084
v -6.333986 -1.526418 -0.192030
v -6.312387 -1.551036 -0.301704
v -6.359496 -1.624080 -0.420721
v -6.401441 -1.831242 -0.467144
v -6.536010 -1.929633 -0.517619
v -6.668841 -1.993096 -0.510981
v -6.764341 -2.004626 -0.449008
v -6.796922 -1.961134 -0.348306
v -6.757853 -1.874274 -0.235859
v -6.657602 -1.767319 -0.141795
v -6.523033 -1.668928 -0.091320
v -6.390202 -1.605465 -0.097959
v -6.294702 -1.593935 -0.159931
v -6.262121 -1.637427 -0.260633
v -6.301190 -1.724287 -0.373081
v -6.358869 -1.930253 -0.395643
v -6.495475 -2.023907 -0.449538
v -6.633869 -2.074431 -0.452243
v -6.736969 -2.068287 -0.403035
v -6.777150 -2.007120 -0.315097
v -6.743643 -1.907320 -0.211993
v -6.645430 -1.795630 -0.121350
v -6.508824 -1.701975 -0.067455
v -6.370430 -1.651451 -0.064749
v -6.267330 -1.657595 -0.113958
v -6.227149 -1.718762 -0.201896
v -6.260655 -1.818562 -0.305000
v -6.335765 -2.019629 -0.306202
v -6.473473 -2.109021 -0.364362
v -6.614877 -2.147902 -0.378720
v -6.722088 -2.125851 -0.345428
v -6.766380 -2.048779 -0.273408
v -6.735884 -1.937336 -0.181956
v -6.638772 -1.821383 -0.095578
v -6.501064 -1.731990 -0.037418
v -6.359661 -1.693110 -0.023060
v -6.252449 -1.715160 -0.056351
v -6.208157 -1.792233 -0.128372
v -6.238653 -1.903676 -0.219823
v -6.332950 -2.096194 -0.201998
v -6.470792 -2.181924 -0.265143
v -6.612564 -2.210799 -0.293119
v -6.720278 -2.175080 -0.278430
v -6.765072 -2.084339 -0.225013
v -6.734944 -1.962890 -0.147179
v -6.637966 -1.843274 -0.065786
v -6.500124 -1.757544 -0.002641
v -6.358352 -1.728670 0.025335
v -6.250639 -1.764389 0.010647
v -6.205844 -1.855129 -0.042771
v -6.235973 -1.976579 -0.120604
v -6.351411 -2.156458 -0.086389
v -6.488366 -2.239293 -0.155089
v -6.627714 -2.260257 -0.198241
v -6.732118 -2.213732 -0.204283
v -6.773601 -2.112185 -0.171595
v -6.741049 -1.982825 -0.108938
v -6.643184 -1.860315 -0.033099
v -6.506229 -1.777480 0.035600
v -6.366881 -1.756516 0.078752
v -6.262478 -1.803041 0.084794
v -6.220995 -1.904588 0.052107
v -6.253546 -2.033947 -0.010550
v -6.388213 -2.192930 0.025214
v -6.523729 -2.274339 -0.047846
v -6.659149 -2.291410 -0.102911
v -6.758185 -2.239568 -0.125227
v -6.794302 -2.132703 -0.108814
v -6.757822 -1.999450 -0.058070
v -6.658520 -1.875514 0.013408
v -6.523003 -1.794104 0.086468
v -6.387583 -1.777034 0.141534
v -6.288546 -1.828876 0.163850
v -6.252429 -1.935741 0.147437
v -6.288909 -2.068994 0.096692
v -10.426579 -2.456926 -0.092817
v -10.419529 -2.444713 -0.215050
v -10.256989 -2.506984 -0.208671
v -10.263764 -2.518720 -0.091213
v -10.110658 -2.505212 -0.191242
v -10.116681 -2.515644 -0.086833
v -10.019747 -2.439870 -0.167435
v -10.024742 -2.448522 -0.080850
v -10.008615 -2.328468 -0.143627
v -10.012582 -2.335339 -0.074866
v -10.080246 -2.200856 -0.126199
v -10.083460 -2.206424 -0.070486
v -10.215445 -2.091227 -0.119820
v -10.218383 -2.096317 -0.068883
v -10.377985 -2.028956 -0.126199
v -10.381199 -2.034523 -0.070486
v -10.524316 -2.030729 -0.143627
v -10.528282 -2.037600 -0.074866
v -10.615227 -2.096070 -0.167435
v -10.620221 -2.104722 -0.080850
v -10.626358 -2.207472 -0.191242
v -10.632381 -2.217904 -0.086833
v -10.554729 -2.335084 -0.208671
v -10.561503 -2.346820 -0.091213
v -10.397350 -2.406298 -0.339026
v -10.235875 -2.470414 -0.326690
v -10.092456 -2.473684 -0.292988
v -10.005522 -2.415231 -0.246949
v -9.998366 -2.310717 -0.200911
v -10.072907 -2.188147 -0.167208
v -10.209172 -2.080364 -0.154872
v -10.370647 -2.016247 -0.167208
v -10.514067 -2.012977 -0.200911
v -10.601001 -2.071431 -0.246949
v -10.608155 -2.175945 -0.292988
v -10.533614 -2.298514 -0.326690
v -10.362638 -2.346174 -0.448163
v -10.202824 -2.413167 -0.430606
v -10.063941 -2.424295 -0.382639
v -9.983205 -2.376576 -0.317115
v -9.982247 -2.282797 -0.251591
v -10.061325 -2.168085 -0.203624
v -10.199250 -2.063178 -0.186067
v -10.359065 -1.996185 -0.203624
v -10.497947 -1.985057 -0.251591
v -10.578683 -2.032776 -0.317115
v -10.579641 -2.126556 -0.382639
v -10.500563 -2.241268 -0.430606
v -10.317196 -2.267466 -0.539046
v -10.159548 -2.338212 -0.517156
v -10.026586 -2.359593 -0.457350
v -9.953935 -2.325880 -0.375654
v -9.961063 -2.246106 -0.293958
v -10.046062 -2.141648 -0.234153
v -10.186152 -2.040493 -0.212262
v -10.343801 -1.969748 -0.234153
v -10.476764 -1.948367 -0.293958
v -10.549414 -1.982080 -0.375654
v -10.542285 -2.061853 -0.457350
v -10.457287 -2.166312 -0.517156
v -10.262633 -2.172961 -0.608463
v -10.107595 -2.248227 -0.583253
v -9.981763 -2.281957 -0.514376
v -9.918852 -2.265114 -0.420288
v -9.935720 -2.202211 -0.326201
v -10.027848 -2.110102 -0.257324
v -10.170549 -2.013468 -0.232113
v -10.325588 -1.938202 -0.257324
v -10.451421 -1.904471 -0.326201
v -10.514331 -1.921314 -0.420288
v -10.497462 -1.984218 -0.514376
v -10.405334 -2.076327 -0.583253
v -10.200645 -2.065594 -0.652824
v -10.048585 -2.146019 -0.625481
v -9.930890 -2.193843 -0.550782
v -9.879095 -2.196253 -0.448740
v -9.907079 -2.152602 -0.346698
v -10.007344 -2.074587 -0.271998
v -10.153024 -1.983112 -0.244656
v -10.305083 -1.902687 -0.271998
v -10.422779 -1.854862 -0.346698
v -10.474573 -1.852453 -0.448739
v -10.446589 -1.896104 -0.550781
v -10.346325 -1.974119 -0.625481
v -10.139526 -1.959735 -0.666927
v -9.989855 -2.044296 -0.639034
v -9.878684 -2.103421 -0.562828
v -9.835802 -2.121268 -0.458730
v -9.872699 -2.093054 -0.354631
v -9.979488 -2.026340 -0.278425
v -10.127557 -1.939001 -0.250532
v -10.277228 -1.854440 -0.278425
v -10.388399 -1.795315 -0.354631
v -10.431281 -1.777468 -0.458729
v -10.394384 -1.805682 -0.562828
v -10.287595 -1.872396 -0.639033
v -9.354962 -0.600829 -0.666927
v -9.206895 -0.688168 -0.639034
v -9.100105 -0.754882 -0.562828
v -9.063209 -0.783096 -0.458730
v -9.106091 -0.765249 -0.354631
v -9.217261 -0.706124 -0.278426
v -9.366933 -0.621563 -0.250532
v -9.515001 -0.534224 -0.278426
v -9.621791 -0.467509 -0.354631
v -9.658688 -0.439296 -0.458730
v -9.615806 -0.457142 -0.562828
v -9.504634 -0.516267 -0.639034
v -9.293842 -0.494967 -0.652823
v -9.148164 -0.586442 -0.625481
v -9.047899 -0.664459 -0.550781
v -9.019917 -0.708111 -0.448740
v -9.071712 -0.705703 -0.346698
v -9.189408 -0.657879 -0.271998
v -9.341468 -0.577455 -0.244656
v -9.487147 -0.485979 -0.271998
v -9.587412 -0.407963 -0.346698
v -9.615395 -0.364311 -0.448740
v -9.563600 -0.366719 -0.550781
v -9.445903 -0.414542 -0.625481
v -9.231858 -0.387605 -0.608465
v -9.089156 -0.484239 -0.583254
v -8.997028 -0.576347 -0.514377
v -8.980159 -0.639249 -0.420289
v -9.043068 -0.656091 -0.326200
v -9.168900 -0.622360 -0.257323
v -9.323938 -0.547094 -0.232112
v -9.466640 -0.450460 -0.257323
v -9.558768 -0.358351 -0.326200
v -9.575638 -0.295449 -0.420289
v -9.512728 -0.278607 -0.514377
v -9.386895 -0.312338 -0.583254
v -9.177294 -0.293097 -0.539046
v -9.037202 -0.394251 -0.517156
v -8.952205 -0.498710 -0.457350
v -8.945076 -0.578484 -0.375654
v -9.017726 -0.612197 -0.293958
v -9.150688 -0.590816 -0.234153
v -9.308337 -0.520070 -0.212262
v -9.448428 -0.418916 -0.234153
v -9.533426 -0.314457 -0.293958
v -9.540555 -0.234684 -0.375654
v -9.467904 -0.200970 -0.457350
v -9.334941 -0.222351 -0.517156
v -9.131849 -0.214385 -0.448157
v -8.993925 -0.319293 -0.430601
v -8.914847 -0.434006 -0.382636
v -8.915807 -0.527787 -0.317115
v -8.996544 -0.575508 -0.251594
v -9.135427 -0.564382 -0.203630
v -9.295242 -0.497390 -0.186073
v -9.433167 -0.392482 -0.203630
v -9.512243 -0.277769 -0.251594
v -9.511285 -0.183987 -0.317115
v -9.430548 -0.136266 -0.382636
v -9.291664 -0.147393 -0.430601
v -9.097139 -0.154266 -0.339026
v -8.960876 -0.262049 -0.326691
v -8.886333 -0.384619 -0.292988
v -8.893490 -0.489133 -0.246949
v -8.980424 -0.547586 -0.200911
v -9.123842 -0.544317 -0.167208
v -9.285317 -0.480200 -0.154872
v -9.421582 -0.372417 -0.167208
v -9.496123 -0.249847 -0.200911
v -9.488968 -0.145333 -0.246949
v -9.402034 -0.086880 -0.292988
v -9.258615 -0.090149 -0.326690
v -9.074961 -0.115850 -0.215050
v -8.939761 -0.225479 -0.208671
v -8.868132 -0.353092 -0.191242
v -8.879263 -0.464494 -0.167435
v -8.970174 -0.529835 -0.143627
v -9.116506 -0.531608 -0.126199
v -9.279045 -0.469337 -0.119820
v -9.414244 -0.359708 -0.126199
v -9.485874 -0.232095 -0.143627
v -9.474743 -0.120693 -0.167435
v -9.383832 -0.055352 -0.191242
v -9.237501 -0.053579 -0.208671
v -9.067909 -0.103638 -0.092817
v -8.932986 -0.213744 -0.091213
v -8.862108 -0.342660 -0.086833
v -8.874269 -0.455842 -0.080850
v -8.966208 -0.522964 -0.074867
v -9.113291 -0.526040 -0.070486
v -9.276107 -0.464246 -0.068883
v -9.411030 -0.354140 -0.070486
v -9.481908 -0.225224 -0.074867
v -9.469748 -0.112042 -0.080850
v -9.377809 -0.044920 -0.086833
v -9.230725 -0.041844 -0.091213
v -9.067909 -0.103638 0.092824
v -8.932986 -0.213744 0.091221
v -8.862108 -0.342660 0.086841
v -8.874269 -0.455842 0.080857
v -8.966208 -0.522964 0.074873
v -9.113291 -0.526040 0.070493
v -9.276107 -0.464246 0.068890
v -9.411030 -0.354140 0.070493
v -9.481908 -0.225224 0.074874
v -9.469748 -0.112042 0.080857
v -9.377809 -0.044920 0.086841
v -9.230725 -0.041844 0.091221
v -9.074961 -0.115850 0.215057
v -8.939761 -0.225479 0.208678
v -8.868132 -0.353092 0.191250
v -8.879263 -0.464494 0.167442
v -8.970174 -0.529835 0.143634
v -9.116505 -0.531608 0.126206
v -9.279045 -0.469337 0.119827
v -9.414244 -0.359708 0.126206
v -9.485874 -0.232095 0.143635
v -9.474743 -0.120693 0.167442
v -9.383832 -0.055352 0.191250
v -9.237501 -0.053579 0.208678
v -9.097139 -0.154266 0.339034
v -8.960876 -0.262049 0.326698
v -8.886333 -0.384619 0.292995
v -8.893489 -0.489133 0.246957
v -8.980423 -0.547586 0.200918
v -9.123842 -0.544316 0.167215
v -9.285317 -0.480200 0.154879
v -9.421582 -0.372416 0.167215
v -9.496123 -0.249847 0.200918
v -9.488968 -0.145333 0.246957
v -9.402034 -0.086880 0.292995
v -9.258615 -0.090149 0.326698
v -9.131852 -0.214389 0.448170
v -8.993927 -0.319296 0.430613
v -8.914848 -0.434008 0.382646
v -8.915807 -0.527787 0.317122
v -8.996543 -0.575506 0.251598
v -9.135425 -0.564378 0.203632
v -9.295239 -0.497386 0.186074
v -9.433165 -0.392478 0.203632
v -9.512242 -0.277767 0.251599
v -9.511285 -0.183987 0.317123
v -9.430549 -0.136268 0.382647
v -9.291666 -0.147396 0.430613
v -9.177294 -0.293097 0.539054
v -9.037203 -0.394252 0.517163
v -8.952205 -0.498710 0.457358
v -8.945076 -0.578484 0.375662
v -9.017726 -0.612197 0.293965
v -9.150688 -0.590816 0.234160
v -9.308337 -0.520070 0.212269
v -9.448428 -0.418916 0.234160
v -9.533426 -0.314457 0.293966
v -9.540555 -0.234684 0.375662
v -9.467904 -0.200971 0.457358
v -9.334942 -0.222352 0.517163
v -9.231856 -0.387603 0.608471
v -9.089155 -0.484237 0.583260
v -8.997027 -0.576346 0.514383
v -8.980159 -0.639249 0.420296
v -9.043069 -0.656092 0.326208
v -9.168901 -0.622362 0.257331
v -9.323940 -0.547096 0.232121
v -9.466641 -0.450462 0.257331
v -9.558769 -0.358353 0.326208
v -9.575638 -0.295449 0.420296
v -9.512727 -0.278606 0.514383
v -9.386894 -0.312337 0.583260
v -9.293845 -0.494969 0.652831
v -9.148165 -0.586445 0.625489
v -9.047900 -0.664460 0.550789
v -9.019917 -0.708111 0.448747
v -9.071711 -0.705701 0.346705
v -9.189406 -0.657877 0.272005
v -9.341466 -0.577452 0.244663
v -9.487145 -0.485977 0.272005
v -9.587411 -0.407962 0.346705
v -9.615395 -0.364311 0.448747
v -9.563600 -0.366720 0.550789
v -9.445905 -0.414545 0.625489
v -9.354963 -0.600829 0.666934
v -9.206895 -0.688168 0.639041
v -9.100105 -0.754882 0.562835
v -9.063209 -0.783096 0.458737
v -9.106091 -0.765249 0.354638
v -9.217261 -0.706123 0.278433
v -9.366933 -0.621562 0.250540
v -9.515001 -0.534223 0.278433
v -9.621791 -0.467509 0.354638
v -9.658688 -0.439296 0.458737
v -9.615806 -0.457142 0.562836
v -9.504635 -0.516268 0.639041
v -10.139527 -1.959735 0.666934
v -9.989856 -2.044296 0.639041
v -9.878684 -2.103421 0.562836
v -9.835802 -2.121268 0.458737
v -9.872699 -2.093054 0.354638
v -9.979488 -2.026340 0.278433
v -10.127557 -1.939001 0.250540
v -10.277228 -1.854440 0.278433
v -10.388399 -1.795315 0.354638
v -10.431281 -1.777468 0.458737
v -10.394385 -1.805682 0.562836
v -10.287595 -1.872396 0.639041
v -10.200647 -2.065597 0.652830
v -10.048587 -2.146021 0.625488
v -9.930890 -2.193845 0.550789
v -9.879095 -2.196253 0.448747
v -9.907078 -2.152601 0.346705
v -10.007342 -2.074584 0.272006
v -10.153022 -1.983109 0.244664
v -10.305081 -1.902684 0.272006
v -10.422778 -1.854861 0.346705
v -10.474573 -1.852453 0.448747
v -10.446590 -1.896105 0.550789
v -10.346326 -1.974122 0.625488
v -10.262631 -2.172959 0.608472
v -10.107594 -2.248225 0.583261
v -9.981762 -2.281957 0.514384
v -9.918852 -2.265114 0.420296
v -9.935721 -2.202212 0.326208
v -10.027850 -2.110104 0.257331
v -10.170551 -2.013470 0.232120
v -10.325589 -1.938204 0.257331
v -10.451422 -1.904472 0.326208
v -10.514331 -1.921314 0.420296
v -10.497461 -1.984217 0.514384
v -10.405334 -2.076325 0.583261
v -10.317196 -2.267467 0.539054
v -10.159549 -2.338212 0.517163
v -10.026586 -2.359593 0.457358
v -9.953935 -2.325880 0.375662
v -9.961063 -2.246106 0.293966
v -10.046062 -2.141648 0.234160
v -10.186152 -2.040493 0.212270
v -10.343801 -1.969748 0.234160
v -10.476764 -1.948367 0.293966
v -10.549414 -1.982080 0.375662
v -10.542285 -2.061853 0.457358
v -10.457288 -2.166312 0.517163
v -10.362640 -2.346179 0.448164
v -10.202826 -2.413171 0.430608
v -10.063942 -2.424297 0.382644
v -9.983205 -2.376576 0.317123
v -9.982246 -2.282795 0.251602
v -10.061323 -2.168082 0.203637
v -10.199247 -2.063174 0.186081
v -10.359063 -1.996182 0.203637
v -10.497946 -1.985055 0.251602
v -10.578683 -2.032776 0.317123
v -10.579642 -2.126558 0.382644
v -10.500565 -2.241271 0.430608
v -10.397350 -2.406298 0.339034
v -10.235875 -2.470414 0.326698
v -10.092456 -2.473684 0.292995
v -10.005522 -2.415231 0.246957
v -9.998366 -2.310717 0.200918
v -10.072907 -2.188147 0.167216
v -10.209172 -2.080364 0.154880
v -10.370647 -2.016247 0.167216
v -10.514066 -2.012977 0.200918
v -10.601000 -2.071430 0.246957
v -10.608155 -2.175944 0.292995
v -10.533614 -2.298514 0.326698
v -10.419529 -2.444713 0.215057
v -10.256989 -2.506984 0.208678
v -10.110658 -2.505212 0.191250
v -10.019747 -2.439870 0.167442
v -10.008615 -2.328468 0.143635
v -10.080246 -2.200856 0.126207
v -10.215445 -2.091227 0.119827
v -10.377985 -2.028956 0.126207
v -10.524316 -2.030729 0.143635
v -10.615227 -2.096070 0.167442
v -10.626358 -2.207472 0.191250
v -10.554729 -2.335084 0.208678
v -10.426579 -2.456926 0.092824
v -10.263764 -2.518720 0.091221
v -10.116681 -2.515644 0.086841
v -10.024742 -2.448522 0.080857
v -10.012582 -2.335339 0.074874
v -10.083460 -2.206424 0.070494
v -10.218383 -2.096317 0.068891
v -10.381199 -2.034523 0.070494
v -10.528282 -2.037600 0.074874
v -10.620221 -2.104722 0.080857
v -10.632381 -2.217904 0.086841
v -10.561503 -2.346820 0.091221
v -9.502594 -2.396121 0.000003
v -9.474039 -2.276435 0.000003
v -9.501915 -2.273078 0.171903
v -9.529353 -2.388087 0.171903
v -9.578071 -2.263907 0.297743
v -9.602462 -2.366139 0.297743
v -9.682102 -2.251378 0.343804
v -9.702329 -2.336158 0.343804
v -9.786134 -2.238849 0.297743
v -9.802196 -2.306176 0.297743
v -9.862289 -2.229677 0.171904
v -9.875303 -2.284229 0.171904
v -9.890164 -2.226320 0.000004
v -9.902062 -2.276195 0.000004
v -9.862289 -2.229677 -0.171897
v -9.875303 -2.284229 -0.171897
v -9.786133 -2.238849 -0.297736
v -9.802196 -2.306176 -0.297736
v -9.682102 -2.251378 -0.343797
v -9.702329 -2.336158 -0.343797
v -9.578071 -2.263906 -0.297736
v -9.602462 -2.366139 -0.297736
v -9.501915 -2.273078 -0.171896
v -9.529353 -2.388087 -0.171896
v -9.473320 -2.144764 0.000003
v -9.501229 -2.147733 0.171904
v -9.577480 -2.155846 0.297743
v -9.681642 -2.166928 0.343804
v -9.785803 -2.178010 0.297743
v -9.862054 -2.186122 0.171904
v -9.889963 -2.189091 0.000004
v -9.862054 -2.186122 -0.171897
v -9.785803 -2.178010 -0.297736
v -9.681642 -2.166928 -0.343797
v -9.577480 -2.155846 -0.297736
v -9.501229 -2.147733 -0.171896
v -9.501230 -2.018465 0.000004
v -9.527805 -2.027476 0.171904
v -9.600408 -2.052096 0.297743
v -9.699586 -2.085727 0.343804
v -9.798764 -2.119359 0.297743
v -9.871367 -2.143979 0.171904
v -9.897942 -2.152990 0.000004
v -9.871367 -2.143979 -0.171896
v -9.798764 -2.119359 -0.297736
v -9.699586 -2.085727 -0.343797
v -9.600408 -2.052096 -0.297736
v -9.527804 -2.027476 -0.171896
v -9.555551 -1.901978 0.000004
v -9.579535 -1.916544 0.171904
v -9.645061 -1.956338 0.297743
v -9.734573 -2.010697 0.343804
v -9.824085 -2.065057 0.297743
v -9.889611 -2.104851 0.171904
v -9.913596 -2.119416 0.000004
v -9.889611 -2.104851 -0.171896
v -9.824085 -2.065057 -0.297736
v -9.734573 -2.010697 -0.343796
v -9.645061 -1.956338 -0.297736
v -9.579535 -1.916544 -0.171896
v -9.634352 -1.799424 0.000004
v -9.654568 -1.818895 0.171904
v -9.709797 -1.872091 0.297743
v -9.785242 -1.944757 0.343804
v -9.860687 -2.017423 0.297743
v -9.915915 -2.070618 0.171904
v -9.936131 -2.090089 0.000004
v -9.915915 -2.070618 -0.171896
v -9.860686 -2.017423 -0.297736
v -9.785242 -1.944757 -0.343796
v -9.709797 -1.872090 -0.297736
v -9.654568 -1.818895 -0.171896
v -9.735680 -1.715337 0.000004
v -9.751026 -1.738848 0.171904
v -9.792955 -1.803081 0.297743
v -9.850230 -1.890826 0.343804
v -9.907505 -1.978570 0.297743
v -9.949434 -2.042803 0.171904
v -9.964781 -2.066314 0.000004
v -9.949434 -2.042803 -0.171896
v -9.907505 -1.978570 -0.297736
v -9.850230 -1.890826 -0.343796
v -9.792955 -1.803081 -0.297736
v -9.751026 -1.738848 -0.171896
v -9.845720 -1.660277 0.000004
v -9.856768 -1.685940 0.171904
v -9.886949 -1.756051 0.297743
v -9.928177 -1.851825 0.343804
v -9.969405 -1.947598 0.297743
v -9.999585 -2.017709 0.171904
v -10.010633 -2.043372 0.000004
v -9.999585 -2.017709 -0.171896
v -9.969405 -1.947598 -0.297736
v -9.928177 -1.851824 -0.343796
v -9.886949 -1.756051 -0.297736
v -9.856768 -1.685940 -0.171896
v -11.320220 -1.123603 0.000004
v -11.328253 -1.150363 0.171904
v -11.350199 -1.223471 0.297744
v -11.380178 -1.323339 0.343804
v -11.410157 -1.423207 0.297744
v -11.432104 -1.496315 0.171904
v -11.440137 -1.523075 0.000004
v -11.432104 -1.496315 -0.171896
v -11.410157 -1.423207 -0.297735
v -11.380178 -1.323339 -0.343796
v -11.350199 -1.223471 -0.297735
v -11.328253 -1.150363 -0.171896
v -11.439911 -1.095048 0.000004
v -11.443266 -1.122924 0.171904
v -11.452435 -1.199080 0.297744
v -11.464958 -1.303112 0.343804
v -11.477483 -1.407145 0.297744
v -11.486651 -1.483301 0.171904
v -11.490006 -1.511177 0.000004
v -11.486651 -1.483301 -0.171896
v -11.477483 -1.407144 -0.297735
v -11.464958 -1.303112 -0.343796
v -11.452435 -1.199080 -0.297735
v -11.443266 -1.122923 -0.171896
v -11.571576 -1.094331 0.000004
v -11.568606 -1.122241 0.171904
v -11.560492 -1.198492 0.297744
v -11.549409 -1.302652 0.343804
v -11.538325 -1.406813 0.297744
v -11.530210 -1.483064 0.171904
v -11.527241 -1.510974 0.000004
v -11.530210 -1.483064 -0.171896
v -11.538325 -1.406813 -0.297735
v -11.549409 -1.302652 -0.343796
v -11.560492 -1.198492 -0.297735
v -11.568606 -1.122241 -0.171896
v -11.697865 -1.122239 0.000004
v -11.688855 -1.148814 0.171904
v -11.664237 -1.221418 0.297744
v -11.630609 -1.320597 0.343804
v -11.596980 -1.419775 0.297744
v -11.572363 -1.492379 0.171904
v -11.563352 -1.518954 0.000004
v -11.572363 -1.492379 -0.171896
v -11.596980 -1.419775 -0.297735
v -11.630609 -1.320596 -0.343796
v -11.664237 -1.221418 -0.297735
v -11.688855 -1.148814 -0.171896
v -11.814359 -1.176561 0.000004
v -11.799793 -1.200545 0.171904
v -11.759999 -1.266072 0.297744
v -11.705639 -1.355584 0.343804
v -11.651278 -1.445095 0.297744
v -11.611485 -1.510622 0.171904
v -11.596918 -1.534607 0.000004
v -11.611485 -1.510622 -0.171896
v -11.651278 -1.445095 -0.297735
v -11.705639 -1.355584 -0.343796
v -11.759999 -1.266072 -0.297735
v -11.799793 -1.200545 -0.171896
v -11.916917 -1.255368 0.000004
v -11.897445 -1.275582 0.171904
v -11.844248 -1.330810 0.297744
v -11.771580 -1.406252 0.343804
v -11.698911 -1.481695 0.297744
v -11.645714 -1.536922 0.171904
v -11.626242 -1.557137 0.000004
v -11.645714 -1.536922 -0.171896
v -11.698911 -1.481695 -0.297735
v -11.771580 -1.406252 -0.343796
v -11.844248 -1.330810 -0.297735
v -11.897445 -1.275582 -0.171896
v -12.001003 -1.356696 0.000004
v -11.977491 -1.372042 0.171904
v -11.913257 -1.413968 0.297744
v -11.825510 -1.471241 0.343804
v -11.737764 -1.528513 0.297744
v -11.673530 -1.570439 0.171904
v -11.650018 -1.585785 0.000004
v -11.673530 -1.570439 -0.171896
v -11.737764 -1.528513 -0.297735
v -11.825510 -1.471241 -0.343796
v -11.913257 -1.413968 -0.297735
v -11.977491 -1.372042 -0.171896
v -12.056061 -1.466734 0.000004
v -12.030397 -1.477781 0.171904
v -11.960286 -1.507961 0.297744
v -11.864511 -1.549187 0.343804
v -11.768737 -1.590414 0.297744
v -11.698626 -1.620593 0.171904
v -11.672963 -1.631640 0.000004
v -11.698626 -1.620593 -0.171896
v -11.768737 -1.590413 -0.297735
v -11.864511 -1.549187 -0.343796
v -11.960286 -1.507961 -0.297735
v -12.030397 -1.477781 -0.171896
v -12.119554 -1.641180 0.000004
v -12.092794 -1.649213 0.171904
v -12.019687 -1.671161 0.297744
v -11.919819 -1.701142 0.343804
v -11.819951 -1.731123 0.297744
v -11.746844 -1.753071 0.171904
v -11.720084 -1.761104 0.000004
v -11.746844 -1.753071 -0.171896
v -11.819951 -1.731123 -0.297735
v -11.919819 -1.701142 -0.343796
v -12.019687 -1.671161 -0.297735
v -12.092794 -1.649213 -0.171896
v -12.148108 -1.760864 0.000004
v -12.120233 -1.764222 0.171904
v -12.044077 -1.773393 0.297744
v -11.940045 -1.785922 0.343804
v -11.836013 -1.798451 0.297744
v -11.759857 -1.807623 0.171904
v -11.731982 -1.810980 0.000004
v -11.759857 -1.807623 -0.171896
v -11.836013 -1.798451 -0.297735
v -11.940045 -1.785922 -0.343796
v -12.044077 -1.773393 -0.297735
v -12.120233 -1.764222 -0.171896
v -12.148827 -1.892536 0.000004
v -12.120917 -1.889567 0.171904
v -12.044666 -1.881454 0.297744
v -11.940505 -1.870372 0.343804
v -11.836345 -1.859290 0.297744
v -11.760094 -1.851178 0.171904
v -11.732183 -1.848208 0.000004
v -11.760094 -1.851178 -0.171896
v -11.836345 -1.859290 -0.297735
v -11.940505 -1.870372 -0.343796
v -12.044666 -1.881454 -0.297735
v -12.120917 -1.889567 -0.171896
v -12.120916 -2.018835 0.000004
v -12.094341 -2.009824 0.171904
v -12.021739 -1.985204 0.297744
v -11.922562 -1.951572 0.343804
v -11.823383 -1.917941 0.297744
v -11.750780 -1.893321 0.171904
v -11.724205 -1.884309 0.000004
v -11.750780 -1.893321 -0.171896
v -11.823383 -1.917941 -0.297735
v -11.922562 -1.951572 -0.343796
v -12.021739 -1.985204 -0.297735
v -12.094341 -2.009824 -0.171896
v -12.066597 -2.135322 0.000004
v -12.042612 -2.120756 0.171904
v -11.977085 -2.080962 0.297744
v -11.887574 -2.026603 0.343804
v -11.798062 -1.972243 0.297744
v -11.732535 -1.932449 0.171904
v -11.708550 -1.917884 0.000004
v -11.732535 -1.932449 -0.171896
v -11.798062 -1.972243 -0.297735
v -11.887574 -2.026603 -0.343796
v -11.977085 -2.080962 -0.297735
v -12.042612 -2.120756 -0.171896
v -11.987795 -2.237875 0.000004
v -11.967580 -2.218405 0.171904
v -11.912350 -2.165209 0.297744
v -11.836905 -2.092543 0.343804
v -11.761461 -2.019877 0.297744
v -11.706231 -1.966682 0.171904
v -11.686016 -1.947211 0.000004
v -11.706231 -1.966682 -0.171896
v -11.761461 -2.019877 -0.297735
v -11.836905 -2.092543 -0.343796
v -11.912350 -2.165209 -0.297735
v -11.967580 -2.218405 -0.171896
v -11.886468 -2.321963 0.000004
v -11.871121 -2.298452 0.171904
v -11.829192 -2.234219 0.297744
v -11.771916 -2.146474 0.343804
v -11.714643 -2.058730 0.297744
v -11.672713 -1.994496 0.171904
v -11.657367 -1.970985 0.000004
v -11.672713 -1.994496 -0.171896
v -11.714643 -2.058730 -0.297735
v -11.771916 -2.146474 -0.343796
v -11.829192 -2.234219 -0.297735
v -11.871121 -2.298452 -0.171896
v -11.776427 -2.377023 0.000004
v -11.765380 -2.351360 0.171904
v -11.735199 -2.281249 0.297744
v -11.693971 -2.185476 0.343804
v -11.652742 -2.089702 0.297744
v -11.622561 -2.019591 0.171904
v -11.611514 -1.993928 0.000004
v -11.622561 -2.019591 -0.171896
v -11.652742 -2.089702 -0.297735
v -11.693971 -2.185475 -0.343796
v -11.735199 -2.281249 -0.297735
v -11.765380 -2.351360 -0.171896
v -10.301928 -2.913697 0.000004
v -10.293895 -2.886937 0.171904
v -10.271948 -2.813829 0.297743
v -10.241969 -2.713961 0.343804
v -10.211989 -2.614093 0.297743
v -10.190042 -2.540985 0.171904
v -10.182011 -2.514225 0.000004
v -10.190042 -2.540985 -0.171896
v -10.211989 -2.614093 -0.297736
v -10.241969 -2.713961 -0.343796
v -10.271948 -2.813829 -0.297736
v -10.293895 -2.886937 -0.171896
v -10.182237 -2.942252 0.000004
v -10.178881 -2.914376 0.171904
v -10.169713 -2.838220 0.297743
v -10.157188 -2.734187 0.343804
v -10.144665 -2.630156 0.297743
v -10.135497 -2.553998 0.171904
v -10.132140 -2.526123 0.000004
v -10.135497 -2.553998 -0.171896
v -10.144665 -2.630155 -0.297736
v -10.157188 -2.734187 -0.343796
v -10.169713 -2.838219 -0.297736
v -10.178881 -2.914376 -0.171896
v -10.050570 -2.942969 0.000004
v -10.053541 -2.915059 0.171904
v -10.061654 -2.838808 0.297743
v -10.072739 -2.734648 0.343804
v -10.083822 -2.630487 0.297743
v -10.091936 -2.554236 0.171904
v -10.094907 -2.526326 0.000004
v -10.091936 -2.554236 -0.171896
v -10.083823 -2.630487 -0.297736
v -10.072739 -2.734648 -0.343796
v -10.061655 -2.838808 -0.297736
v -10.053541 -2.915059 -0.171896
v -9.924281 -2.915061 0.000003
v -9.933292 -2.888486 0.171904
v -9.957910 -2.815882 0.297743
v -9.991538 -2.716703 0.343804
v -10.025167 -2.617525 0.297743
v -10.049785 -2.544921 0.171904
v -10.058796 -2.518346 0.000004
v -10.049785 -2.544921 -0.171896
v -10.025167 -2.617524 -0.297736
v -9.991538 -2.716703 -0.343796
v -9.957910 -2.815882 -0.297736
v -9.933292 -2.888486 -0.171896
v -9.807788 -2.860739 0.000003
v -9.822353 -2.836755 0.171904
v -9.862148 -2.771228 0.297743
v -9.916509 -2.681716 0.343804
v -9.970868 -2.592205 0.297743
v -10.010663 -2.526678 0.171904
v -10.025229 -2.502693 0.000004
v -10.010662 -2.526678 -0.171897
v -9.970868 -2.592205 -0.297736
v -9.916509 -2.681716 -0.343797
v -9.862148 -2.771227 -0.297736
v -9.822353 -2.836755 -0.171896
v -9.705231 -2.781932 0.000003
v -9.724702 -2.761718 0.171903
v -9.777899 -2.706490 0.297743
v -9.850568 -2.631048 0.343804
v -9.923237 -2.555605 0.297743
v -9.976434 -2.500377 0.171904
v -9.995906 -2.480163 0.000004
v -9.976434 -2.500377 -0.171897
v -9.923237 -2.555605 -0.297736
v -9.850568 -2.631047 -0.343797
v -9.777899 -2.706490 -0.297736
v -9.724702 -2.761718 -0.171896
v -9.621144 -2.680604 0.000003
v -9.644656 -2.665258 0.171903
v -9.708891 -2.623332 0.297743
v -9.796637 -2.566059 0.343804
v -9.884383 -2.508787 0.297743
v -9.948618 -2.466861 0.171904
v -9.972129 -2.451514 0.000004
v -9.948618 -2.466861 -0.171897
v -9.884383 -2.508787 -0.297736
v -9.796637 -2.566059 -0.343797
v -9.708891 -2.623331 -0.297736
v -9.644655 -2.665258 -0.171897
v -9.566087 -2.570565 0.000003
v -9.591749 -2.559519 0.171903
v -9.661861 -2.529339 0.297743
v -9.757635 -2.488113 0.343804
v -9.853410 -2.446886 0.297743
v -9.923522 -2.416707 0.171904
v -9.949184 -2.405660 0.000004
v -9.923522 -2.416707 -0.171897
v -9.853410 -2.446886 -0.297736
v -9.757635 -2.488113 -0.343797
v -9.661861 -2.529339 -0.297736
v -9.591749 -2.559519 -0.171897
v -11.273092 -1.465751 -0.192983
v -11.327597 -1.451117 -0.302322
v -11.459786 -1.370949 -0.222092
v -11.407412 -1.385011 -0.117025
v -11.586116 -1.357272 -0.147437
v -11.539559 -1.369771 -0.054042
v -11.672735 -1.413750 -0.098362
v -11.634126 -1.424115 -0.020911
v -11.696436 -1.525251 -0.088016
v -11.665774 -1.533482 -0.026509
v -11.650866 -1.661897 -0.119171
v -11.626021 -1.668566 -0.069336
v -11.548236 -1.787075 -0.183480
v -11.525521 -1.793172 -0.137917
v -11.416046 -1.867243 -0.263710
v -11.391202 -1.873912 -0.213875
v -11.289716 -1.880920 -0.338364
v -11.259054 -1.889151 -0.276857
v -11.203096 -1.824442 -0.387439
v -11.164487 -1.834807 -0.309988
v -11.179398 -1.712941 -0.397785
v -11.132840 -1.725440 -0.304391
v -11.224967 -1.576295 -0.366630
v -11.172592 -1.590356 -0.261564
v -11.401744 -1.459548 -0.410806
v -11.530373 -1.378975 -0.325364
v -11.646968 -1.364191 -0.236469
v -11.720293 -1.419158 -0.167941
v -11.730697 -1.529147 -0.138141
v -11.675393 -1.664687 -0.155056
v -11.569201 -1.789460 -0.214152
v -11.440574 -1.870033 -0.299595
v -11.323977 -1.884817 -0.388490
v -11.250653 -1.829850 -0.457018
v -11.240250 -1.719860 -0.486817
v -11.295552 -1.584320 -0.469902
v -11.486084 -1.490489 -0.503866
v -11.610676 -1.408436 -0.413972
v -11.716249 -1.389608 -0.312914
v -11.774515 -1.439051 -0.227770
v -11.769861 -1.543516 -0.181356
v -11.703535 -1.675012 -0.186108
v -11.593307 -1.798304 -0.240752
v -11.468716 -1.880358 -0.330646
v -11.363142 -1.899185 -0.431705
v -11.304875 -1.849742 -0.516848
v -11.309530 -1.745277 -0.563262
v -11.375856 -1.613781 -0.558510
v -11.577075 -1.541862 -0.578706
v -11.697330 -1.457360 -0.485243
v -11.791049 -1.431840 -0.374436
v -11.833123 -1.472141 -0.275976
v -11.812279 -1.567464 -0.216244
v -11.734098 -1.692268 -0.211247
v -11.619533 -1.813111 -0.262323
v -11.499279 -1.897613 -0.355786
v -11.405560 -1.923133 -0.466593
v -11.363484 -1.882832 -0.565053
v -11.384330 -1.787509 -0.624784
v -11.462510 -1.662705 -0.629782
v -11.671499 -1.611848 -0.632681
v -11.787236 -1.523998 -0.536636
v -11.868618 -1.489332 -0.418776
v -11.893837 -1.517140 -0.310681
v -11.856136 -1.599970 -0.241314
v -11.765617 -1.715629 -0.229264
v -11.646535 -1.833124 -0.277758
v -11.530798 -1.920974 -0.373802
v -11.449417 -1.955640 -0.491663
v -11.424197 -1.927832 -0.599758
v -11.461898 -1.845001 -0.669124
v -11.552418 -1.729343 -0.681175
v -11.765886 -1.698570 -0.662817
v -11.877089 -1.606553 -0.565325
v -11.946080 -1.560504 -0.443508
v -11.954374 -1.572761 -0.330009
v -11.899748 -1.640041 -0.255239
v -11.796840 -1.744315 -0.239232
v -11.673223 -1.857644 -0.286278
v -11.562020 -1.949661 -0.383771
v -11.493029 -1.995710 -0.505587
v -11.484735 -1.983453 -0.619086
v -11.539361 -1.916173 -0.693857
v -11.642269 -1.811899 -0.709863
v -11.847880 -1.790270 -0.665748
v -11.955879 -1.694670 -0.568141
v -12.016117 -1.638832 -0.446012
v -12.012454 -1.637716 -0.332085
v -11.945870 -1.691624 -0.256887
v -11.834209 -1.786108 -0.240568
v -11.707388 -1.895854 -0.287500
v -11.599390 -1.991454 -0.385107
v -11.539151 -2.047293 -0.507236
v -11.542814 -2.048408 -0.621162
v -11.609398 -1.994501 -0.696360
v -11.721059 -1.900016 -0.712679
v -12.832812 -3.005261 -0.539748
v -12.938797 -2.907177 -0.442399
v -12.993534 -2.844553 -0.320974
v -12.982358 -2.834169 -0.208008
v -12.908260 -2.878807 -0.133772
v -12.791099 -2.966506 -0.118156
v -12.662264 -3.073768 -0.165345
v -12.556279 -3.171852 -0.262695
v -12.501542 -3.234476 -0.384120
v -12.512718 -3.244860 -0.497085
v -12.586816 -3.200222 -0.571322
v -12.703978 -3.112523 -0.586937
v -12.904272 -3.102859 -0.517186
v -13.007465 -3.000962 -0.420718
v -13.054573 -2.927918 -0.301702
v -13.032975 -2.903301 -0.192027
v -12.948457 -2.933705 -0.121081
v -12.823666 -3.010985 -0.107874
v -12.692039 -3.114433 -0.155945
v -12.588846 -3.216331 -0.252413
v -12.541738 -3.289374 -0.371429
v -12.563336 -3.313992 -0.481104
v -12.647855 -3.283588 -0.552050
v -12.772646 -3.206308 -0.565257
v -12.965521 -3.208124 -0.467142
v -13.065771 -3.101169 -0.373078
v -13.104840 -3.014309 -0.260630
v -13.072259 -2.970817 -0.159929
v -12.976759 -2.982347 -0.097956
v -12.843929 -3.045810 -0.091318
v -12.709360 -3.144201 -0.141793
v -12.609110 -3.251156 -0.235856
v -12.570041 -3.338017 -0.348304
v -12.602620 -3.381509 -0.449006
v -12.698121 -3.369978 -0.510979
v -12.830952 -3.306515 -0.517617
v -13.008093 -3.307134 -0.395640
v -13.106306 -3.195444 -0.304997
v -13.139812 -3.095644 -0.201893
v -13.099632 -3.034478 -0.113955
v -12.996532 -3.028333 -0.064747
v -12.858138 -3.078857 -0.067452
v -12.721532 -3.172512 -0.121347
v -12.623319 -3.284203 -0.211991
v -12.589812 -3.384002 -0.315095
v -12.629992 -3.445169 -0.403033
v -12.733092 -3.451314 -0.452241
v -12.871487 -3.400789 -0.449536
v -13.031197 -3.396511 -0.306199
v -13.128308 -3.280558 -0.219821
v -13.158804 -3.169115 -0.128369
v -13.114512 -3.092042 -0.056349
v -13.007301 -3.069992 -0.023057
v -12.865897 -3.108872 -0.037415
v -12.728189 -3.198265 -0.095575
v -12.631078 -3.314218 -0.181954
v -12.600581 -3.425661 -0.273405
v -12.644874 -3.502734 -0.345426
v -12.752085 -3.524784 -0.378717
v -12.893489 -3.485904 -0.364359
v -13.034012 -3.473076 -0.201995
v -13.130989 -3.353461 -0.120602
v -13.161117 -3.232011 -0.042768
v -13.116323 -3.141271 0.010649
v -13.008609 -3.105552 0.025338
v -12.866837 -3.134426 -0.002638
v -12.728994 -3.220157 -0.065783
v -12.632017 -3.339772 -0.147177
v -12.601890 -3.461221 -0.225010
v -12.646684 -3.551962 -0.278428
v -12.754397 -3.587681 -0.293116
v -12.896170 -3.558806 -0.265140
v -13.015551 -3.533340 -0.086387
v -13.113416 -3.410830 -0.010548
v -13.145967 -3.281470 0.052110
v -13.104484 -3.179923 0.084797
v -13.000080 -3.133398 0.078755
v -12.860732 -3.154362 0.035603
v -12.723777 -3.237197 -0.033096
v -12.625913 -3.359708 -0.108936
v -12.593361 -3.489068 -0.171593
v -12.634845 -3.590615 -0.204280
v -12.739247 -3.637139 -0.198238
v -12.878596 -3.616175 -0.155086
v -12.978749 -3.569812 0.025217
v -13.078053 -3.445876 0.096695
v -13.114532 -3.312624 0.147439
v -13.078415 -3.205759 0.163852
v -12.979379 -3.153916 0.141536
v -12.843959 -3.170987 0.086471
v -12.708443 -3.252397 0.013411
v -12.609139 -3.376333 -0.058068
v -12.572659 -3.509585 -0.108812
v -12.608776 -3.616450 -0.125225
v -12.707813 -3.668293 -0.102909
v -12.843233 -3.651222 -0.047844
v -12.909414 -3.608619 0.192993
v -13.009913 -3.484013 0.261574
v -13.049666 -3.348929 0.304401
v -13.018020 -3.239563 0.309999
v -12.923452 -3.185219 0.276867
v -12.791305 -3.200458 0.213884
v -12.656984 -3.281198 0.137926
v -12.556485 -3.405804 0.069346
v -12.516732 -3.540888 0.026519
v -12.548380 -3.650254 0.020921
v -12.642947 -3.704598 0.054053
v -12.775095 -3.689359 0.117035
v -12.854910 -3.623252 0.302332
v -12.957540 -3.498075 0.366640
v -13.003109 -3.361428 0.397796
v -12.979409 -3.249928 0.387449
v -12.892790 -3.193450 0.338374
v -12.766460 -3.207127 0.263720
v -12.634271 -3.287295 0.183490
v -12.531641 -3.412472 0.119181
v -12.486071 -3.549119 0.088026
v -12.509770 -3.660619 0.098372
v -12.596390 -3.717098 0.147447
v -12.722720 -3.703420 0.222102
v -12.780761 -3.614822 0.410817
v -12.886953 -3.490049 0.469913
v -12.942257 -3.354509 0.486827
v -12.931852 -3.244520 0.457028
v -12.858529 -3.189553 0.388500
v -12.741933 -3.204337 0.299605
v -12.613306 -3.284910 0.214162
v -12.507113 -3.409683 0.155066
v -12.451810 -3.545223 0.138151
v -12.462214 -3.655212 0.167951
v -12.535538 -3.710178 0.236479
v -12.652134 -3.695395 0.325374
v -12.696423 -3.583881 0.503877
v -12.806649 -3.460588 0.558520
v -12.872976 -3.329093 0.563272
v -12.877630 -3.224627 0.516858
v -12.819364 -3.175184 0.431715
v -12.713791 -3.194012 0.330656
v -12.589198 -3.276065 0.240762
v -12.478971 -3.399358 0.186118
v -12.412644 -3.530854 0.181366
v -12.407991 -3.635319 0.227781
v -12.466257 -3.684762 0.312924
v -12.571831 -3.665934 0.413982
v -12.605431 -3.532507 0.578716
v -12.719996 -3.411664 0.629792
v -12.798176 -3.286860 0.624795
v -12.819021 -3.191538 0.565063
v -12.776947 -3.151237 0.466603
v -12.683228 -3.176756 0.355796
v -12.562973 -3.261259 0.262333
v -12.448407 -3.382102 0.211257
v -12.370228 -3.506906 0.216254
v -12.349382 -3.602229 0.275986
v -12.391458 -3.642530 0.374446
v -12.485177 -3.617010 0.485253
v -12.511007 -3.462522 0.632691
v -12.630089 -3.345026 0.681185
v -12.720608 -3.229368 0.669134
v -12.758308 -3.146538 0.599768
v -12.733089 -3.118730 0.491673
v -12.651708 -3.153395 0.373812
v -12.535971 -3.241246 0.277768
v -12.416888 -3.358741 0.229274
v -12.326370 -3.474399 0.241324
v -12.288670 -3.557230 0.310691
v -12.313889 -3.585038 0.418786
v -12.395269 -3.550372 0.536646
v -12.416620 -3.375799 0.662827
v -12.540236 -3.262471 0.709873
v -12.643146 -3.158196 0.693867
v -12.697771 -3.090917 0.619096
v -12.689478 -3.078660 0.505597
v -12.620486 -3.124709 0.383781
v -12.509284 -3.216726 0.286288
v -12.385667 -3.330055 0.239242
v -12.282759 -3.434329 0.255249
v -12.228132 -3.501609 0.330019
v -12.236426 -3.513866 0.443518
v -12.305417 -3.467816 0.565335
v -12.334626 -3.284099 0.665758
v -12.461447 -3.174354 0.712689
v -12.573109 -3.079869 0.696370
v -12.639691 -3.025962 0.621172
v -12.643354 -3.027077 0.507246
v -12.583117 -3.082916 0.385117
v -12.475119 -3.178516 0.287510
v -12.348297 -3.288261 0.240578
v -12.236635 -3.382746 0.256898
v -12.170053 -3.436653 0.332095
v -12.166389 -3.435538 0.446022
v -12.226627 -3.379699 0.568151
v -11.349694 -2.069109 0.539759
v -11.478529 -1.961847 0.586948
v -11.595691 -1.874148 0.571332
v -11.669787 -1.829510 0.497095
v -11.680964 -1.839894 0.384130
v -11.626227 -1.902518 0.262705
v -11.520242 -2.000602 0.165355
v -11.391408 -2.107864 0.118166
v -11.274245 -2.195563 0.133782
v -11.200149 -2.240201 0.208018
v -11.188972 -2.229817 0.320983
v -11.243710 -2.167193 0.442409
v -11.278234 -1.971510 0.517196
v -11.409860 -1.868062 0.565267
v -11.534652 -1.790782 0.552060
v -11.619170 -1.760378 0.481114
v -11.640769 -1.784995 0.371439
v -11.593660 -1.858039 0.252423
v -11.490468 -1.959937 0.155955
v -11.358841 -2.063385 0.107884
v -11.234049 -2.140665 0.121091
v -11.149531 -2.171069 0.192037
v -11.127932 -2.146451 0.301712
v -11.175040 -2.073408 0.420728
v -11.216986 -1.866246 0.467152
v -11.351555 -1.767855 0.517627
v -11.484385 -1.704392 0.510989
v -11.579886 -1.692861 0.449016
v -11.612466 -1.736353 0.348314
v -11.573397 -1.823214 0.235867
v -11.473147 -1.930169 0.141803
v -11.338577 -2.028559 0.091328
v -11.205747 -2.092022 0.097966
v -11.110247 -2.103553 0.159939
v -11.077666 -2.060061 0.260640
v -11.116735 -1.973200 0.373088
v -11.174414 -1.767235 0.395650
v -11.311020 -1.673580 0.449546
v -11.449413 -1.623056 0.452251
v -11.552513 -1.629201 0.403043
v -11.592693 -1.690367 0.315105
v -11.559188 -1.790167 0.212001
v -11.460974 -1.901858 0.121358
v -11.324368 -1.995512 0.067462
v -11.185974 -2.046037 0.064757
v -11.082874 -2.039892 0.113965
v -11.042694 -1.978725 0.201903
v -11.076200 -1.878926 0.305007
v -11.151310 -1.677859 0.306209
v -11.289017 -1.588466 0.364369
v -11.430421 -1.549586 0.378727
v -11.537633 -1.571636 0.345436
v -11.581925 -1.648708 0.273416
v -11.551429 -1.760152 0.181964
v -11.454317 -1.876104 0.095586
v -11.316609 -1.965497 0.037425
v -11.175205 -2.004378 0.023067
v -11.067994 -1.982327 0.056359
v -11.023702 -1.905255 0.128379
v -11.054197 -1.793812 0.219831
v -11.148495 -1.601294 0.202005
v -11.286337 -1.515563 0.265150
v -11.428108 -1.486689 0.293126
v -11.535823 -1.522408 0.278438
v -11.580617 -1.613148 0.225020
v -11.550488 -1.734598 0.147187
v -11.453511 -1.854213 0.065793
v -11.315669 -1.939943 0.002648
v -11.173898 -1.968818 -0.025328
v -11.066184 -1.933099 -0.010639
v -11.021390 -1.842358 0.042778
v -11.051517 -1.720909 0.120612
v -11.166956 -1.541030 0.086397
v -11.303910 -1.458194 0.155096
v -11.443259 -1.437231 0.198248
v -11.547662 -1.483755 0.204290
v -11.589146 -1.585302 0.171603
v -11.556594 -1.714662 0.108946
v -11.458729 -1.837173 0.033107
v -11.321774 -1.920007 -0.035593
v -11.182425 -1.940971 -0.078745
v -11.078023 -1.894447 -0.084787
v -11.036539 -1.792900 -0.052100
v -11.069091 -1.663540 0.010558
v -11.203756 -1.504558 -0.025207
v -11.339274 -1.423148 0.047854
v -11.474693 -1.406077 0.102919
v -11.573730 -1.457920 0.125235
v -11.609847 -1.564785 0.108822
v -11.573367 -1.698037 0.058078
v -11.474064 -1.821973 -0.013401
v -11.338547 -1.903383 -0.086461
v -11.203128 -1.920454 -0.141526
v -11.104092 -1.868611 -0.163842
v -11.067974 -1.761746 -0.147429
v -11.104455 -1.628494 -0.096685
v -12.102180 -3.401190 0.000005
v -12.073626 -3.281505 0.000005
v -12.101501 -3.278148 0.171905
v -12.128940 -3.393157 0.171905
v -12.177657 -3.268976 0.297745
v -12.202047 -3.371209 0.297744
v -12.281689 -3.256447 0.343805
v -12.301915 -3.341228 0.343805
v -12.385720 -3.243918 0.297745
v -12.401783 -3.311246 0.297745
v -12.461877 -3.234747 0.171905
v -12.474890 -3.289299 0.171905
v -12.489752 -3.231390 0.000005
v -12.501650 -3.281265 0.000005
v -12.461877 -3.234747 -0.171895
v -12.474890 -3.289298 -0.171895
v -12.385720 -3.243918 -0.297735
v -12.401783 -3.311246 -0.297735
v -12.281689 -3.256447 -0.343795
v -12.301915 -3.341227 -0.343795
v -12.177657 -3.268976 -0.297735
v -12.202047 -3.371209 -0.297735
v -12.101501 -3.278148 -0.171895
v -12.128940 -3.393157 -0.171895
v -12.072907 -3.149834 0.000005
v -12.100817 -3.152803 0.171905
v -12.177068 -3.160916 0.297745
v -12.281229 -3.171997 0.343805
v -12.385389 -3.183079 0.297745
v -12.461640 -3.191192 0.171905
v -12.489550 -3.194161 0.000005
v -12.461640 -3.191192 -0.171895
v -12.385389 -3.183079 -0.297735
v -12.281229 -3.171997 -0.343795
v -12.177068 -3.160915 -0.297735
v -12.100817 -3.152803 -0.171895
v -12.100817 -3.023534 0.000005
v -12.127393 -3.032546 0.171905
v -12.199995 -3.057166 0.297745
v -12.299173 -3.090797 0.343805
v -12.398351 -3.124429 0.297745
v -12.470955 -3.149048 0.171905
v -12.497529 -3.158060 0.000005
v -12.470954 -3.149048 -0.171895
v -12.398351 -3.124429 -0.297735
v -12.299173 -3.090797 -0.343795
v -12.199995 -3.057166 -0.297735
v -12.127392 -3.032546 -0.171895
v -12.155137 -2.907048 0.000005
v -12.179121 -2.921613 0.171905
v -12.244649 -2.961407 0.297745
v -12.334160 -3.015767 0.343805
v -12.423672 -3.070127 0.297745
v -12.489200 -3.109920 0.171905
v -12.513184 -3.124486 0.000005
v -12.489200 -3.109920 -0.171895
v -12.423672 -3.070126 -0.297735
v -12.334160 -3.015767 -0.343795
v -12.244649 -2.961407 -0.297735
v -12.179121 -2.921613 -0.171895
v -12.233939 -2.804494 0.000005
v -12.254154 -2.823965 0.171905
v -12.309384 -2.877160 0.297745
v -12.384829 -2.949826 0.343805
v -12.460274 -3.022493 0.297745
v -12.515503 -3.075688 0.171905
v -12.535718 -3.095159 0.000005
v -12.515503 -3.075688 -0.171895
v -12.460274 -3.022492 -0.297735
v -12.384829 -2.949826 -0.343795
v -12.309384 -2.877160 -0.297735
v -12.254154 -2.823965 -0.171895
v -12.335266 -2.720407 0.000005
v -12.350614 -2.743918 0.171905
v -12.392542 -2.808151 0.297745
v -12.449818 -2.895895 0.343805
v -12.507092 -2.983640 0.297745
v -12.549021 -3.047873 0.171905
v -12.564367 -3.071384 0.000005
v -12.549021 -3.047873 -0.171895
v -12.507092 -2.983640 -0.297735
v -12.449818 -2.895895 -0.343795
v -12.392542 -2.808151 -0.297735
v -12.350614 -2.743918 -0.171895
v -12.445307 -2.665347 0.000005
v -12.456354 -2.691009 0.171905
v -12.486535 -2.761121 0.297745
v -12.527763 -2.856894 0.343805
v -12.568992 -2.952668 0.297745
v -12.599174 -3.022779 0.171905
v -12.610220 -3.048441 0.000005
v -12.599174 -3.022779 -0.171895
v -12.568992 -2.952668 -0.297735
v -12.527763 -2.856894 -0.343795
v -12.486535 -2.761120 -0.297735
v -12.456354 -2.691009 -0.171895
v -13.919806 -2.128673 0.000006
v -13.927839 -2.155433 0.171906
v -13.949786 -2.228541 0.297745
v -13.979765 -2.328409 0.343806
v -14.009745 -2.428277 0.297745
v -14.031692 -2.501385 0.171906
v -14.039723 -2.528145 0.000006
v -14.031692 -2.501385 -0.171895
v -14.009745 -2.428277 -0.297734
v -13.979765 -2.328409 -0.343794
v -13.949786 -2.228541 -0.297734
v -13.927839 -2.155433 -0.171894
v -14.039497 -2.100118 0.000006
v -14.042852 -2.127994 0.171906
v -14.052021 -2.204150 0.297745
v -14.064546 -2.308182 0.343806
v -14.077069 -2.412215 0.297745
v -14.086238 -2.488371 0.171906
v -14.089593 -2.516247 0.000006
v -14.086238 -2.488371 -0.171894
v -14.077069 -2.412214 -0.297734
v -14.064546 -2.308182 -0.343794
v -14.052021 -2.204150 -0.297734
v -14.042853 -2.127993 -0.171894
v -14.171164 -2.099401 0.000006
v -14.168193 -2.127311 0.171906
v -14.160079 -2.203562 0.297745
v -14.148995 -2.307722 0.343806
v -14.137912 -2.411883 0.297745
v -14.129798 -2.488134 0.171906
v -14.126827 -2.516043 0.000006
v -14.129798 -2.488134 -0.171894
v -14.137912 -2.411883 -0.297734
v -14.148995 -2.307722 -0.343794
v -14.160080 -2.203562 -0.297734
v -14.168193 -2.127311 -0.171894
v -14.297453 -2.127309 0.000006
v -14.288442 -2.153884 0.171906
v -14.263824 -2.226488 0.297745
v -14.230196 -2.325666 0.343806
v -14.196567 -2.424845 0.297745
v -14.171949 -2.497449 0.171906
v -14.162938 -2.524024 0.000006
v -14.171949 -2.497449 -0.171894
v -14.196567 -2.424845 -0.297734
v -14.230196 -2.325666 -0.343794
v -14.263824 -2.226487 -0.297734
v -14.288442 -2.153884 -0.171894
v -14.413945 -2.181631 0.000006
v -14.399381 -2.205615 0.171906
v -14.359586 -2.271142 0.297745
v -14.305225 -2.360654 0.343806
v -14.250865 -2.450165 0.297745
v -14.211072 -2.515692 0.171906
v -14.196506 -2.539676 0.000006
v -14.211072 -2.515692 -0.171894
v -14.250865 -2.450165 -0.297734
v -14.305225 -2.360653 -0.343794
v -14.359586 -2.271142 -0.297734
v -14.399381 -2.205615 -0.171894
v -14.516503 -2.260437 0.000006
v -14.497032 -2.280652 0.171906
v -14.443834 -2.335880 0.297745
v -14.371166 -2.411322 0.343806
v -14.298497 -2.486765 0.297745
v -14.245300 -2.541992 0.171906
v -14.225828 -2.562207 0.000006
v -14.245300 -2.541992 -0.171894
v -14.298497 -2.486764 -0.297734
v -14.371166 -2.411322 -0.343794
v -14.443834 -2.335880 -0.297734
v -14.497032 -2.280652 -0.171894
v -14.600589 -2.361766 0.000006
v -14.577078 -2.377112 0.171906
v -14.512844 -2.419038 0.297745
v -14.425097 -2.476311 0.343806
v -14.337351 -2.533583 0.297745
v -14.273116 -2.575509 0.171906
v -14.249605 -2.590855 0.000006
v -14.273116 -2.575509 -0.171894
v -14.337351 -2.533583 -0.297734
v -14.425097 -2.476310 -0.343794
v -14.512844 -2.419038 -0.297734
v -14.577078 -2.377112 -0.171894
v -14.655646 -2.471805 0.000006
v -14.629985 -2.482851 0.171906
v -14.559874 -2.513031 0.297745
v -14.464099 -2.554257 0.343806
v -14.368324 -2.595484 0.297745
v -14.298212 -2.625663 0.171906
v -14.272550 -2.636710 0.000006
v -14.298212 -2.625663 -0.171894
v -14.368324 -2.595483 -0.297734
v -14.464099 -2.554257 -0.343794
v -14.559874 -2.513031 -0.297734
v -14.629985 -2.482851 -0.171894
v -14.719139 -2.646250 0.000006
v -14.692382 -2.654283 0.171906
v -14.619273 -2.676231 0.297745
v -14.519405 -2.706212 0.343806
v -14.419539 -2.736193 0.297745
v -14.346431 -2.758141 0.171906
v -14.319672 -2.766175 0.000006
v -14.346431 -2.758141 -0.171894
v -14.419539 -2.736193 -0.297734
v -14.519405 -2.706212 -0.343794
v -14.619273 -2.676231 -0.297734
v -14.692382 -2.654283 -0.171894
v -14.747694 -2.765934 0.000006
v -14.719820 -2.769291 0.171906
v -14.643662 -2.778463 0.297745
v -14.539633 -2.790992 0.343806
v -14.435601 -2.803521 0.297745
v -14.359445 -2.812693 0.171906
v -14.331570 -2.816050 0.000006
v -14.359445 -2.812693 -0.171894
v -14.435601 -2.803521 -0.297734
v -14.539633 -2.790992 -0.343794
v -14.643662 -2.778463 -0.297734
v -14.719820 -2.769291 -0.171894
v -14.748415 -2.897606 0.000006
v -14.720505 -2.894636 0.171906
v -14.644253 -2.886524 0.297745
v -14.540092 -2.875442 0.343806
v -14.435932 -2.864360 0.297745
v -14.359680 -2.856248 0.171906
v -14.331771 -2.853278 0.000006
v -14.359680 -2.856248 -0.171894
v -14.435932 -2.864360 -0.297734
v -14.540092 -2.875442 -0.343794
v -14.644253 -2.886524 -0.297734
v -14.720505 -2.894636 -0.171894
v -14.720503 -3.023905 0.000006
v -14.693929 -3.014894 0.171906
v -14.621326 -2.990274 0.297745
v -14.522147 -2.956642 0.343806
v -14.422971 -2.923011 0.297745
v -14.350368 -2.898391 0.171906
v -14.323792 -2.889379 0.000006
v -14.350368 -2.898391 -0.171894
v -14.422971 -2.923011 -0.297734
v -14.522147 -2.956642 -0.343794
v -14.621326 -2.990274 -0.297734
v -14.693929 -3.014894 -0.171894
v -14.666184 -3.140392 0.000006
v -14.642200 -3.125826 0.171906
v -14.576674 -3.086032 0.297745
v -14.487162 -3.031673 0.343806
v -14.397648 -2.977313 0.297745
v -14.332122 -2.937519 0.171906
v -14.308138 -2.922954 0.000006
v -14.332122 -2.937519 -0.171894
v -14.397648 -2.977313 -0.297734
v -14.487162 -3.031672 -0.343794
v -14.576674 -3.086032 -0.297734
v -14.642200 -3.125826 -0.171894
v -14.587381 -3.242945 0.000006
v -14.567165 -3.223475 0.171906
v -14.511937 -3.170279 0.297745
v -14.436493 -3.097613 0.343806
v -14.361047 -3.024947 0.297745
v -14.305819 -2.971751 0.171906
v -14.285603 -2.952281 0.000006
v -14.305819 -2.971751 -0.171894
v -14.361047 -3.024947 -0.297734
v -14.436493 -3.097613 -0.343794
v -14.511937 -3.170279 -0.297734
v -14.567165 -3.223475 -0.171894
v -14.486053 -3.327033 0.000006
v -14.470707 -3.303522 0.171906
v -14.428779 -3.239289 0.297745
v -14.371504 -3.151544 0.343806
v -14.314229 -3.063800 0.297745
v -14.272300 -2.999566 0.171906
v -14.256953 -2.976055 0.000006
v -14.272300 -2.999566 -0.171895
v -14.314229 -3.063800 -0.297734
v -14.371504 -3.151544 -0.343794
v -14.428779 -3.239289 -0.297734
v -14.470707 -3.303522 -0.171894
v -14.376014 -3.382093 0.000006
v -14.364966 -3.356430 0.171906
v -14.334785 -3.286319 0.297745
v -14.293557 -3.190546 0.343806
v -14.252329 -3.094772 0.297745
v -14.222148 -3.024661 0.171906
v -14.211101 -2.998998 0.000006
v -14.222148 -3.024661 -0.171895
v -14.252329 -3.094772 -0.297734
v -14.293557 -3.190545 -0.343795
v -14.334785 -3.286319 -0.297734
v -14.364966 -3.356430 -0.171894
v -12.901514 -3.918766 0.000005
v -12.893481 -3.892007 0.171905
v -12.871535 -3.818899 0.297745
v -12.841556 -3.719031 0.343805
v -12.811576 -3.619163 0.297745
v -12.789630 -3.546054 0.171905
v -12.781597 -3.519295 0.000005
v -12.789630 -3.546054 -0.171895
v -12.811576 -3.619163 -0.297735
v -12.841556 -3.719031 -0.343795
v -12.871535 -3.818898 -0.297735
v -12.893481 -3.892007 -0.171895
v -12.781823 -3.947321 0.000005
v -12.778467 -3.919446 0.171905
v -12.769300 -3.843289 0.297745
v -12.756776 -3.739257 0.343805
v -12.744251 -3.635225 0.297745
v -12.735084 -3.559068 0.171905
v -12.731728 -3.531193 0.000005
v -12.735084 -3.559068 -0.171895
v -12.744251 -3.635225 -0.297735
v -12.756776 -3.739257 -0.343795
v -12.769300 -3.843289 -0.297735
v -12.778467 -3.919446 -0.171895
v -12.650158 -3.948039 0.000005
v -12.653128 -3.920129 0.171905
v -12.661242 -3.843878 0.297745
v -12.672325 -3.739717 0.343805
v -12.683409 -3.635556 0.297745
v -12.691523 -3.559306 0.171905
v -12.694493 -3.531396 0.000005
v -12.691523 -3.559306 -0.171895
v -12.683410 -3.635556 -0.297735
v -12.672325 -3.739717 -0.343795
v -12.661242 -3.843878 -0.297735
v -12.653128 -3.920129 -0.171895
v -12.523868 -3.920130 0.000005
v -12.532879 -3.893556 0.171905
v -12.557497 -3.820952 0.297745
v -12.591125 -3.721773 0.343805
v -12.624754 -3.622594 0.297745
v -12.649371 -3.549990 0.171905
v -12.658382 -3.523415 0.000005
v -12.649371 -3.549990 -0.171895
v -12.624754 -3.622594 -0.297735
v -12.591125 -3.721773 -0.343795
v -12.557497 -3.820952 -0.297735
v -12.532879 -3.893556 -0.171895
v -12.407375 -3.865808 0.000005
v -12.421941 -3.841824 0.171905
v -12.461735 -3.776297 0.297745
v -12.516095 -3.686786 0.343805
v -12.570456 -3.597275 0.297745
v -12.610250 -3.531748 0.171905
v -12.624816 -3.507763 0.000005
v -12.610250 -3.531748 -0.171895
v -12.570456 -3.597275 -0.297735
v -12.516095 -3.686786 -0.343795
v -12.461735 -3.776297 -0.297735
v -12.421941 -3.841824 -0.171895
v -12.304817 -3.787002 0.000005
v -12.324288 -3.766787 0.171905
v -12.377485 -3.711560 0.297744
v -12.450154 -3.636117 0.343805
v -12.522823 -3.560675 0.297745
v -12.576020 -3.505447 0.171905
v -12.595492 -3.485232 0.000005
v -12.576020 -3.505447 -0.171895
v -12.522823 -3.560675 -0.297735
v -12.450154 -3.636117 -0.343795
v -12.377485 -3.711559 -0.297735
v -12.324288 -3.766787 -0.171895
v -12.220732 -3.685674 0.000005
v -12.244243 -3.670328 0.171905
v -12.308477 -3.628402 0.297744
v -12.396224 -3.571129 0.343805
v -12.483970 -3.513857 0.297745
v -12.548204 -3.471930 0.171905
v -12.571716 -3.456584 0.000005
v -12.548204 -3.471930 -0.171895
v -12.483970 -3.513856 -0.297735
v -12.396224 -3.571129 -0.343795
v -12.308477 -3.628401 -0.297735
v -12.244243 -3.670328 -0.171895
v -12.165673 -3.575635 0.000005
v -12.191337 -3.564588 0.171905
v -12.261448 -3.534409 0.297744
v -12.357223 -3.493182 0.343805
v -12.452997 -3.451956 0.297745
v -12.523108 -3.421776 0.171905
v -12.548771 -3.410730 0.000005
v -12.523108 -3.421776 -0.171895
v -12.452997 -3.451956 -0.297735
v -12.357223 -3.493182 -0.343795
v -12.261448 -3.534409 -0.297735
v -12.191337 -3.564588 -0.171895
v -5.570558 -0.222186 0.000002
v -5.678774 -0.163627 0.000002
v -5.689232 -0.189683 0.171902
v -5.585244 -0.245954 0.171902
v -5.717802 -0.260871 0.297742
v -5.625365 -0.310890 0.297742
v -5.756829 -0.358115 0.343802
v -5.680173 -0.399595 0.343802
v -5.795856 -0.455359 0.297742
v -5.734980 -0.488300 0.297742
v -5.824426 -0.526547 0.171902
v -5.775102 -0.553236 0.171902
v -5.834884 -0.552603 0.000002
v -5.789787 -0.577004 0.000002
v -5.824427 -0.526546 -0.171898
v -5.775102 -0.553236 -0.171898
v -5.795856 -0.455359 -0.297738
v -5.734980 -0.488300 -0.297738
v -5.756829 -0.358115 -0.343798
v -5.680173 -0.399595 -0.343798
v -5.717802 -0.260871 -0.297738
v -5.625365 -0.310890 -0.297738
v -5.689232 -0.189683 -0.171898
v -5.585244 -0.245954 -0.171898
v -5.805773 -0.128853 0.000002
v -5.810128 -0.156581 0.171902
v -5.822027 -0.232333 0.297742
v -5.838282 -0.335813 0.343802
v -5.854537 -0.439293 0.297742
v -5.866436 -0.515045 0.171902
v -5.870791 -0.542773 0.000002
v -5.866436 -0.515045 -0.171898
v -5.854537 -0.439293 -0.297738
v -5.838283 -0.335813 -0.343798
v -5.822028 -0.232333 -0.297738
v -5.810128 -0.156581 -0.171898
v -5.934992 -0.123124 0.000002
v -5.933166 -0.151126 0.171902
v -5.928176 -0.227627 0.297742
v -5.921360 -0.332130 0.343802
v -5.914544 -0.436633 0.297742
v -5.909554 -0.513134 0.171902
v -5.907727 -0.541136 0.000002
v -5.909554 -0.513134 -0.171898
v -5.914544 -0.436633 -0.297738
v -5.921360 -0.332130 -0.343798
v -5.928176 -0.227627 -0.297738
v -5.933166 -0.151126 -0.171898
v -6.061569 -0.145444 0.000002
v -6.053707 -0.172381 0.171902
v -6.032229 -0.245975 0.297742
v -6.002889 -0.346506 0.343802
v -5.973549 -0.447037 0.297742
v -5.952071 -0.520630 0.171902
v -5.944209 -0.547568 0.000002
v -5.952071 -0.520630 -0.171898
v -5.973549 -0.447037 -0.297738
v -6.002889 -0.346506 -0.343798
v -6.032229 -0.245975 -0.297738
v -6.053707 -0.172381 -0.171898
v -6.181024 -0.195018 0.000002
v -6.167449 -0.219584 0.171902
v -6.130360 -0.286700 0.297742
v -6.079697 -0.378381 0.343802
v -6.029033 -0.470063 0.297742
v -5.991945 -0.537178 0.171902
v -5.978370 -0.561744 0.000002
v -5.991945 -0.537178 -0.171898
v -6.029033 -0.470063 -0.297738
v -6.079697 -0.378381 -0.343798
v -6.130361 -0.286700 -0.297737
v -6.167449 -0.219584 -0.171898
v -6.288471 -0.271130 0.000002
v -6.269733 -0.292039 0.171902
v -6.218541 -0.349163 0.297742
v -6.148610 -0.427197 0.343802
v -6.078680 -0.505230 0.297742
v -6.027487 -0.562355 0.171902
v -6.008749 -0.583264 0.000002
v -6.027487 -0.562355 -0.171898
v -6.078680 -0.505230 -0.297738
v -6.148610 -0.427197 -0.343798
v -6.218541 -0.349163 -0.297737
v -6.269733 -0.292039 -0.171898
v -6.370136 -0.363170 0.000002
v -6.348207 -0.380483 0.171902
v -6.288296 -0.427782 0.297742
v -6.206457 -0.492393 0.343802
v -6.124617 -0.557004 0.297742
v -6.064706 -0.604303 0.171902
v -6.042778 -0.621616 0.000002
v -6.064706 -0.604303 -0.171898
v -6.124617 -0.557004 -0.297737
v -6.206457 -0.492393 -0.343798
v -6.288296 -0.427782 -0.297737
v -6.348207 -0.380483 -0.171898
v -7.270152 -1.648526 0.000003
v -7.246383 -1.663211 0.171903
v -7.181446 -1.703332 0.297742
v -7.092740 -1.758137 0.343803
v -7.004034 -1.812943 0.297742
v -6.939097 -1.853063 0.171902
v -6.915329 -1.867748 0.000002
v -6.939097 -1.853063 -0.171898
v -7.004035 -1.812943 -0.297737
v -7.092740 -1.758137 -0.343798
v -7.181446 -1.703332 -0.297737
v -7.246383 -1.663211 -0.171897
v -7.328712 -1.756748 0.000003
v -7.302654 -1.767204 0.171903
v -7.231466 -1.795771 0.297742
v -7.134220 -1.834794 0.343803
v -7.036974 -1.873816 0.297742
v -6.965785 -1.902383 0.171902
v -6.939728 -1.912839 0.000002
v -6.965786 -1.902383 -0.171898
v -7.036974 -1.873816 -0.297737
v -7.134220 -1.834794 -0.343798
v -7.231466 -1.795771 -0.297737
v -7.302654 -1.767204 -0.171897
v -7.363482 -1.883742 0.000003
v -7.335755 -1.888096 0.171903
v -7.260002 -1.899994 0.297742
v -7.156521 -1.916247 0.343803
v -7.053041 -1.932499 0.297742
v -6.977289 -1.944397 0.171902
v -6.949562 -1.948752 0.000002
v -6.977289 -1.944397 -0.171898
v -7.053041 -1.932499 -0.297737
v -7.156522 -1.916247 -0.343798
v -7.260002 -1.899994 -0.297737
v -7.335755 -1.888096 -0.171897
v -7.369211 -2.012951 0.000003
v -7.341210 -2.011125 0.171903
v -7.264708 -2.006138 0.297742
v -7.160205 -1.999325 0.343803
v -7.055702 -1.992511 0.297742
v -6.979200 -1.987524 0.171902
v -6.951199 -1.985698 0.000002
v -6.979200 -1.987524 -0.171898
v -7.055702 -1.992511 -0.297737
v -7.160205 -1.999324 -0.343798
v -7.264709 -2.006137 -0.297737
v -7.341210 -2.011125 -0.171897
v -7.346890 -2.139534 0.000003
v -7.319953 -2.131673 0.171903
v -7.246360 -2.110194 0.297742
v -7.145829 -2.080853 0.343803
v -7.045298 -2.051513 0.297742
v -6.971704 -2.030034 0.171902
v -6.944767 -2.022172 0.000002
v -6.971705 -2.030034 -0.171898
v -7.045299 -2.051513 -0.297737
v -7.145830 -2.080853 -0.343798
v -7.246360 -2.110194 -0.297737
v -7.319953 -2.131673 -0.171897
v -7.297313 -2.258994 0.000003
v -7.272748 -2.245418 0.171903
v -7.205633 -2.208328 0.297742
v -7.113954 -2.157661 0.343803
v -7.022274 -2.106994 0.297742
v -6.955160 -2.069904 0.171902
v -6.930594 -2.056328 0.000002
v -6.955160 -2.069904 -0.171898
v -7.022274 -2.106994 -0.297737
v -7.113954 -2.157661 -0.343798
v -7.205634 -2.208327 -0.297737
v -7.272748 -2.245418 -0.171897
v -7.221201 -2.366441 0.000003
v -7.200293 -2.347702 0.171903
v -7.143169 -2.296508 0.297742
v -7.065138 -2.226574 0.343803
v -6.987107 -2.156641 0.297742
v -6.929984 -2.105447 0.171902
v -6.909076 -2.086708 0.000002
v -6.929984 -2.105447 -0.171898
v -6.987107 -2.156641 -0.297737
v -7.065138 -2.226574 -0.343798
v -7.143169 -2.296508 -0.297737
v -7.200293 -2.347703 -0.171897
v -7.129162 -2.448102 0.000002
v -7.111849 -2.426173 0.171902
v -7.064552 -2.366262 0.297742
v -6.999942 -2.284421 0.343802
v -6.935332 -2.202580 0.297742
v -6.888034 -2.142668 0.171902
v -6.870722 -2.120739 0.000002
v -6.888035 -2.142668 -0.171898
v -6.935332 -2.202580 -0.297737
v -6.999942 -2.284421 -0.343798
v -7.064552 -2.366262 -0.297737
v -7.111850 -2.426173 -0.171898
v -6.977094 -2.554582 0.000002
v -6.962408 -2.530813 0.171902
v -6.922287 -2.465877 0.297742
v -6.867479 -2.377172 0.343802
v -6.812672 -2.288467 0.297742
v -6.772551 -2.223531 0.171902
v -6.757865 -2.199763 0.000002
v -6.772551 -2.223531 -0.171898
v -6.812673 -2.288468 -0.297737
v -6.867479 -2.377172 -0.343798
v -6.922287 -2.465877 -0.297737
v -6.962409 -2.530813 -0.171898
v -6.868877 -2.613140 0.000002
v -6.858420 -2.587084 0.171902
v -6.829850 -2.515896 0.297742
v -6.790823 -2.418652 0.343802
v -6.751796 -2.321408 0.297742
v -6.723226 -2.250221 0.171902
v -6.712769 -2.224164 0.000002
v -6.723226 -2.250221 -0.171898
v -6.751796 -2.321408 -0.297737
v -6.790823 -2.418652 -0.343798
v -6.829850 -2.515896 -0.297737
v -6.858420 -2.587084 -0.171898
v -6.741879 -2.647914 0.000002
v -6.737524 -2.620186 0.171902
v -6.725624 -2.544434 0.297742
v -6.709370 -2.440954 0.343802
v -6.693115 -2.337474 0.297742
v -6.681216 -2.261722 0.171902
v -6.676861 -2.233994 0.000002
v -6.681216 -2.261722 -0.171898
v -6.693115 -2.337474 -0.297737
v -6.709370 -2.440954 -0.343798
v -6.725625 -2.544434 -0.297737
v -6.737524 -2.620186 -0.171898
v -6.612659 -2.653643 0.000002
v -6.614486 -2.625642 0.171902
v -6.619476 -2.549140 0.297742
v -6.626292 -2.444637 0.343802
v -6.633109 -2.340134 0.297742
v -6.638098 -2.263633 0.171902
v -6.639925 -2.235632 0.000002
v -6.638098 -2.263633 -0.171898
v -6.633109 -2.340135 -0.297737
v -6.626293 -2.444637 -0.343798
v -6.619476 -2.549140 -0.297737
v -6.614486 -2.625642 -0.171898
v -6.486084 -2.631324 0.000002
v -6.493945 -2.604386 0.171902
v -6.515423 -2.530792 0.297742
v -6.544763 -2.430262 0.343802
v -6.574103 -2.329731 0.297742
v -6.595582 -2.256137 0.171902
v -6.603443 -2.229200 0.000002
v -6.595582 -2.256137 -0.171898
v -6.574103 -2.329731 -0.297737
v -6.544764 -2.430262 -0.343798
v -6.515423 -2.530792 -0.297737
v -6.493945 -2.604386 -0.171898
v -6.366629 -2.581749 0.000002
v -6.380203 -2.557183 0.171902
v -6.417292 -2.490068 0.297742
v -6.467956 -2.398386 0.343802
v -6.518619 -2.306705 0.297742
v -6.555707 -2.239589 0.171902
v -6.569283 -2.215023 0.000002
v -6.555707 -2.239589 -0.171898
v -6.518619 -2.306705 -0.297737
v -6.467956 -2.398386 -0.343798
v -6.417292 -2.490067 -0.297738
v -6.380204 -2.557183 -0.171898
v -6.259181 -2.505638 0.000002
v -6.277919 -2.484729 0.171902
v -6.329112 -2.427604 0.297742
v -6.399042 -2.349571 0.343802
v -6.468973 -2.271537 0.297742
v -6.520165 -2.214413 0.171902
v -6.538904 -2.193504 0.000002
v -6.520165 -2.214413 -0.171898
v -6.468973 -2.271537 -0.297737
v -6.399042 -2.349571 -0.343798
v -6.329112 -2.427604 -0.297738
v -6.277919 -2.484729 -0.171898
v -6.177516 -2.413597 0.000002
v -6.199445 -2.396284 0.171902
v -6.259356 -2.348986 0.297742
v -6.341196 -2.284374 0.343802
v -6.423035 -2.219763 0.297742
v -6.482946 -2.172464 0.171902
v -6.504875 -2.155152 0.000002
v -6.482946 -2.172464 -0.171898
v -6.423036 -2.219763 -0.297737
v -6.341196 -2.284374 -0.343798
v -6.259356 -2.348986 -0.297738
v -6.199445 -2.396284 -0.171898
v -5.277501 -1.128241 0.000002
v -5.301269 -1.113556 0.171902
v -5.366207 -1.073436 0.297741
v -5.454912 -1.018630 0.343802
v -5.543618 -0.963825 0.297741
v -5.608555 -0.923704 0.171902
v -5.632324 -0.909019 0.000002
v -5.608555 -0.923704 -0.171898
v -5.543618 -0.963825 -0.297738
v -5.454912 -1.018630 -0.343798
v -5.366207 -1.073436 -0.297738
v -5.301269 -1.113556 -0.171898
v -5.218941 -1.020019 0.000002
v -5.244998 -1.009563 0.171902
v -5.316186 -0.980997 0.297741
v -5.413432 -0.941974 0.343802
v -5.510678 -0.902951 0.297741
v -5.581867 -0.874384 0.171902
v -5.607924 -0.863928 0.000002
v -5.581867 -0.874385 -0.171898
v -5.510678 -0.902951 -0.297738
v -5.413432 -0.941974 -0.343798
v -5.316186 -0.980997 -0.297738
v -5.244998 -1.009563 -0.171898
v -5.184170 -0.893026 0.000002
v -5.211897 -0.888671 0.171902
v -5.287650 -0.876773 0.297741
v -5.391130 -0.860521 0.343802
v -5.494611 -0.844268 0.297741
v -5.570364 -0.832370 0.171902
v -5.598091 -0.828015 0.000002
v -5.570364 -0.832370 -0.171898
v -5.494611 -0.844268 -0.297738
v -5.391130 -0.860521 -0.343798
v -5.287650 -0.876773 -0.297738
v -5.211897 -0.888671 -0.171898
v -5.178441 -0.763816 0.000002
v -5.206442 -0.765642 0.171902
v -5.282944 -0.770630 0.297741
v -5.387447 -0.777443 0.343802
v -5.491950 -0.784256 0.297741
v -5.568452 -0.789244 0.171902
v -5.596453 -0.791069 0.000002
v -5.568452 -0.789244 -0.171898
v -5.491951 -0.784256 -0.297738
v -5.387447 -0.777443 -0.343798
v -5.282944 -0.770630 -0.297738
v -5.206442 -0.765642 -0.171898
v -5.200762 -0.637233 0.000002
v -5.227699 -0.645095 0.171902
v -5.301292 -0.666573 0.297741
v -5.401823 -0.695914 0.343802
v -5.502354 -0.725255 0.297741
v -5.575947 -0.746733 0.171902
v -5.602885 -0.754595 0.000002
v -5.575947 -0.746733 -0.171898
v -5.502354 -0.725254 -0.297738
v -5.401823 -0.695914 -0.343798
v -5.301292 -0.666573 -0.297738
v -5.227699 -0.645094 -0.171898
v -5.250339 -0.517773 0.000002
v -5.274904 -0.531349 0.171902
v -5.342019 -0.568440 0.297741
v -5.433698 -0.619106 0.343802
v -5.525378 -0.669773 0.297741
v -5.592492 -0.706864 0.171902
v -5.617058 -0.720440 0.000002
v -5.592492 -0.706864 -0.171898
v -5.525378 -0.669773 -0.297738
v -5.433698 -0.619106 -0.343798
v -5.342019 -0.568439 -0.297738
v -5.274904 -0.531349 -0.171898
v -5.326451 -0.410326 0.000002
v -5.347360 -0.429065 0.171902
v -5.404482 -0.480259 0.297741
v -5.482513 -0.550193 0.343802
v -5.560544 -0.620126 0.297741
v -5.617668 -0.671320 0.171902
v -5.638576 -0.690059 0.000002
v -5.617668 -0.671320 -0.171898
v -5.560545 -0.620126 -0.297738
v -5.482514 -0.550193 -0.343798
v -5.404482 -0.480259 -0.297738
v -5.347360 -0.429065 -0.171898
v -5.418491 -0.328665 0.000002
v -5.435803 -0.350594 0.171902
v -5.483100 -0.410505 0.297741
v -5.547710 -0.492346 0.343802
v -5.612319 -0.574187 0.297741
v -5.659617 -0.634099 0.171902
v -5.676930 -0.656028 0.000002
v -5.659617 -0.634099 -0.171898
v -5.612320 -0.574187 -0.297738
v -5.547710 -0.492346 -0.343798
v -5.483100 -0.410505 -0.297738
v -5.435803 -0.350594 -0.171898
vn -1.0000 -0.0000 -0.0000
vn -0.9952 -0.0980 -0.0000
vn -0.9952 -0.0961 0.0191
vn -0.9952 -0.0906 0.0375
vn -0.9952 -0.0905 0.0375
vn -0.9952 -0.0815 0.0544
vn -0.9952 -0.0815 0.0545
vn -0.9952 -0.0693 0.0693
vn -0.9952 -0.0545 0.0815
vn -0.9952 -0.0544 0.0815
vn -0.9952 -0.0375 0.0905
vn -0.9952 -0.0375 0.0906
vn -0.9952 -0.0191 0.0961
vn -0.9952 -0.0000 0.0980
vn -0.9952 0.0191 0.0961
vn -0.9952 0.0375 0.0906
vn -0.9952 0.0544 0.0815
vn -0.9952 0.0545 0.0815
vn -0.9952 0.0693 0.0693
vn -0.9952 0.0815 0.0545
vn -0.9952 0.0815 0.0544
vn -0.9952 0.0905 0.0375
vn -0.9952 0.0906 0.0375
vn -0.9952 0.0961 0.0191
vn -0.9952 0.0980 -0.0000
vn -0.9952 -0.0961 -0.0191
vn -0.9952 -0.0906 -0.0375
vn -0.9952 -0.0815 -0.0544
vn -0.9952 -0.0905 -0.0375
vn -0.9952 -0.0693 -0.0693
vn -0.9952 -0.0815 -0.0545
vn -0.9952 -0.0545 -0.0815
vn -0.9952 -0.0375 -0.0905
vn -0.9952 -0.0544 -0.0815
vn -0.9952 -0.0191 -0.0961
vn -0.9952 -0.0375 -0.0906
vn -0.9952 -0.0000 -0.0980
vn -0.9952 0.0191 -0.0961
vn -0.9952 0.0375 -0.0906
vn -0.9952 0.0544 -0.0815
vn -0.9952 0.0375 -0.0905
vn -0.9952 0.0693 -0.0693
vn -0.9952 0.0545 -0.0815
vn -0.9952 0.0815 -0.0545
vn -0.9952 0.0905 -0.0375
vn -0.9952 0.0815 -0.0544
vn -0.9952 0.0961 -0.0191
vn -0.9952 0.0906 -0.0375
vn -0.0000 -0.9808 0.1951
vn -0.0000 -1.0000 -0.0000
vn -0.0000 -0.9239 0.3826
vn -0.0000 -0.9239 0.3827
vn -0.0000 -0.8315 0.5556
vn -0.0000 -0.7071 0.7071
vn -0.0000 -0.5556 0.8315
vn -0.0000 -0.3827 0.9239
vn -0.0000 -0.1951 0.9808
vn -0.0000 -0.0000 1.0000
vn -0.0000 0.1951 0.9808
vn -0.0000 0.3826 0.9239
vn -0.0000 0.3827 0.9239
vn -0.0000 0.5556 0.8315
vn -0.0000 0.7071 0.7071
vn -0.0000 0.8315 0.5556
vn -0.0000 0.9239 0.3827
vn -0.0000 0.9239 0.3826
vn -0.0000 0.9808 0.1951
vn -0.0000 1.0000 -0.0000
vn -0.0000 -0.9808 -0.1951
vn -0.0000 -0.9239 -0.3826
vn -0.0000 -0.9239 -0.3827
vn -0.0000 -0.8315 -0.5556
vn -0.0000 -0.7071 -0.7071
vn -0.0000 -0.5556 -0.8315
vn -0.0000 -0.3827 -0.9239
vn -0.0000 -0.1951 -0.9808
vn -0.0000 -0.0000 -1.0000
vn -0.0000 0.1951 -0.9808
vn -0.0000 0.3826 -0.9239
vn -0.0000 0.3827 -0.9239
vn -0.0000 0.5556 -0.8315
vn -0.0000 0.7071 -0.7071
vn -0.0000 0.8315 -0.5556
vn -0.0000 0.9239 -0.3827
vn -0.0000 0.9239 -0.3826
vn -0.0000 0.9808 -0.1951
vn -0.0176 -0.0145 0.9997
vn -0.1402 -0.1175 0.9831
vn 0.0883 -0.3721 0.9240
vn 0.2058 -0.2775 0.9384
vn 0.3813 -0.6440 0.6632
vn 0.4733 -0.5851 0.6585
vn 0.6378 -0.7691 0.0413
vn 0.6424 -0.7663 -0.0107
vn 0.5815 -0.5162 -0.6288
vn 0.4857 -0.5644 -0.6675
vn 0.3543 -0.1662 -0.9203
vn 0.2282 -0.2542 -0.9399
vn 0.1346 0.1128 -0.9845
vn 0.0088 0.0070 -0.9999
vn -0.1020 0.3776 -0.9203
vn -0.2107 0.2688 -0.9399
vn -0.4074 0.6623 -0.6288
vn -0.4715 0.5764 -0.6674
vn -0.6466 0.7617 0.0417
vn -0.6431 0.7657 -0.0103
vn -0.5679 0.4874 0.6633
vn -0.4940 0.5677 0.6585
vn -0.3511 0.1516 0.9240
vn -0.2375 0.2508 0.9385
vn -0.3367 -0.2825 0.8982
vn -0.0959 -0.5280 0.8438
vn 0.2513 -0.7579 0.6021
vn 0.6329 -0.7738 0.0256
vn 0.7081 -0.4021 -0.5804
vn 0.5413 -0.0049 -0.8408
vn 0.3367 0.2825 -0.8982
vn 0.0892 0.5339 -0.8408
vn -0.2730 0.7672 -0.5804
vn -0.6521 0.7577 0.0256
vn -0.7027 0.3791 0.6021
vn -0.5367 -0.0028 0.8438
vn -0.4793 -0.4022 0.7801
vn -0.2298 -0.6404 0.7328
vn 0.1559 -0.8381 0.5228
vn 0.6291 -0.7770 0.0219
vn 0.8002 -0.3244 -0.5043
vn 0.6746 0.1072 -0.7303
vn 0.4793 0.4022 -0.7801
vn 0.2227 0.6458 -0.7303
vn -0.1806 0.8444 -0.5043
vn -0.6560 0.7545 0.0219
vn -0.7983 0.2991 0.5228
vn -0.6706 -0.1151 0.7328
vn -0.5976 -0.5014 0.6257
vn -0.3410 -0.7337 0.5877
vn 0.0766 -0.9046 0.4193
vn 0.6258 -0.7798 0.0175
vn 0.8767 -0.2603 -0.4045
vn 0.7854 0.2002 -0.5857
vn 0.5976 0.5014 -0.6257
vn 0.3335 0.7387 -0.5857
vn -0.1041 0.9086 -0.4045
vn -0.6593 0.7517 0.0175
vn -0.8776 0.2326 0.4193
vn -0.7818 -0.2084 0.5877
vn -0.6881 -0.5774 0.4395
vn -0.4260 -0.8050 0.4129
vn 0.0158 -0.9555 0.2946
vn 0.6229 -0.7822 0.0125
vn 0.9352 -0.2116 -0.2840
vn 0.8702 0.2711 -0.4115
vn 0.6881 0.5774 -0.4396
vn 0.4181 0.8099 -0.4115
vn -0.0460 0.9577 -0.2840
vn -0.6622 0.7493 0.0125
vn -0.9382 0.1815 0.2946
vn -0.8668 -0.2797 0.4129
vn -0.7460 -0.6260 0.2272
vn -0.4804 -0.8507 0.2135
vn -0.0233 -0.9881 0.1524
vn 0.6207 -0.7840 0.0067
vn 0.9725 -0.1807 -0.1467
vn 0.9245 0.3164 -0.2127
vn 0.7460 0.6260 -0.2273
vn 0.4721 0.8555 -0.2127
vn -0.0091 0.9891 -0.1467
vn -0.6644 0.7474 0.0067
vn -0.9771 0.1487 0.1524
vn -0.9212 -0.3254 0.2135
vn -0.7648 -0.6417 0.0574
vn -0.4973 -0.8659 0.0539
vn -0.0299 -0.9988 0.0382
vn 0.6314 -0.7754 0.0008
vn 0.9864 -0.1602 -0.0375
vn 0.9407 0.3349 -0.0538
vn 0.7648 0.6417 -0.0574
vn 0.4931 0.8683 -0.0538
vn 0.0135 0.9992 -0.0375
vn -0.6540 0.7565 0.0008
vn -0.9888 0.1440 0.0382
vn -0.9391 -0.3394 0.0539
vn -0.7648 -0.6417 -0.0574
vn -0.4973 -0.8659 -0.0539
vn -0.0299 -0.9988 -0.0382
vn 0.6314 -0.7754 -0.0008
vn 0.9864 -0.1602 0.0375
vn 0.9407 0.3349 0.0538
vn 0.7648 0.6417 0.0574
vn 0.4931 0.8683 0.0538
vn 0.0135 0.9992 0.0375
vn -0.6540 0.7565 -0.0008
vn -0.9888 0.1440 -0.0382
vn -0.9391 -0.3394 -0.0539
vn -0.7460 -0.6260 -0.2272
vn -0.4804 -0.8507 -0.2135
vn -0.0233 -0.9881 -0.1524
vn 0.6207 -0.7840 -0.0067
vn 0.9725 -0.1807 0.1467
vn 0.9245 0.3164 0.2127
vn 0.7460 0.6260 0.2273
vn 0.4721 0.8555 0.2127
vn -0.0091 0.9891 0.1467
vn -0.6643 0.7474 -0.0067
vn -0.9771 0.1487 -0.1524
vn -0.9212 -0.3254 -0.2135
vn -0.6881 -0.5774 -0.4395
vn -0.4260 -0.8050 -0.4129
vn 0.0158 -0.9555 -0.2946
vn 0.6229 -0.7822 -0.0125
vn 0.9352 -0.2116 0.2840
vn 0.8702 0.2711 0.4115
vn 0.6881 0.5774 0.4396
vn 0.4181 0.8099 0.4115
vn -0.0459 0.9577 0.2840
vn -0.6622 0.7493 -0.0125
vn -0.9382 0.1815 -0.2946
vn -0.8668 -0.2797 -0.4129
vn -0.5976 -0.5014 -0.6257
vn -0.3410 -0.7337 -0.5877
vn 0.0766 -0.9046 -0.4193
vn 0.6258 -0.7798 -0.0175
vn 0.8767 -0.2603 0.4045
vn 0.7854 0.2002 0.5857
vn 0.5976 0.5014 0.6257
vn 0.3335 0.7387 0.5857
vn -0.1041 0.9086 0.4045
vn -0.6593 0.7517 -0.0175
vn -0.8776 0.2326 -0.4193
vn -0.7817 -0.2084 -0.5877
vn -0.4793 -0.4022 -0.7801
vn -0.2298 -0.6404 -0.7328
vn 0.1559 -0.8381 -0.5228
vn 0.6291 -0.7770 -0.0219
vn 0.8003 -0.3244 0.5043
vn 0.6747 0.1072 0.7303
vn 0.4793 0.4022 0.7801
vn 0.2227 0.6458 0.7303
vn -0.1806 0.8444 0.5043
vn -0.6560 0.7545 -0.0219
vn -0.7983 0.2991 -0.5228
vn -0.6706 -0.1151 -0.7328
vn -0.3367 -0.2825 -0.8982
vn -0.0959 -0.5280 -0.8438
vn 0.2513 -0.7579 -0.6021
vn 0.6329 -0.7738 -0.0256
vn 0.7081 -0.4021 0.5804
vn 0.5413 -0.0049 0.8408
vn 0.3367 0.2825 0.8982
vn 0.0891 0.5339 0.8408
vn -0.2730 0.7672 0.5804
vn -0.6521 0.7577 -0.0256
vn -0.7027 0.3791 -0.6021
vn -0.5367 -0.0028 -0.8438
vn -0.1401 -0.1177 -0.9831
vn 0.0884 -0.3722 -0.9239
vn 0.3813 -0.6439 -0.6633
vn 0.6378 -0.7690 -0.0417
vn 0.5815 -0.5162 0.6288
vn 0.3542 -0.1661 0.9203
vn 0.1345 0.1130 0.9845
vn -0.1020 0.3776 0.9203
vn -0.4073 0.6623 0.6288
vn -0.6466 0.7617 -0.0413
vn -0.5679 0.4873 -0.6633
vn -0.3512 0.1517 -0.9239
vn -0.0173 -0.0148 -0.9997
vn 0.2057 -0.2775 -0.9384
vn 0.4733 -0.5851 -0.6585
vn 0.6424 -0.7663 0.0104
vn 0.4857 -0.5644 0.6675
vn 0.2282 -0.2542 0.9399
vn 0.0085 0.0075 0.9999
vn -0.2107 0.2688 0.9399
vn -0.4715 0.5763 0.6675
vn -0.6431 0.7657 0.0107
vn -0.4940 0.5677 -0.6585
vn -0.2376 0.2508 -0.9384
vn 0.9732 0.2299 -0.0000
vn 0.9196 0.3929 -0.0000
vn 0.8639 0.3691 0.3428
vn 0.9139 0.2159 0.3436
vn 0.6166 0.2634 0.7419
vn 0.6482 0.1531 0.7459
vn 0.0269 0.0115 0.9996
vn 0.0144 0.0034 0.9999
vn -0.5938 -0.2537 0.7636
vn -0.6362 -0.1503 0.7568
vn -0.8608 -0.3678 0.3519
vn -0.9123 -0.2155 0.3482
vn -0.9196 -0.3929 -0.0000
vn -0.9732 -0.2299 -0.0000
vn -0.8608 -0.3678 -0.3519
vn -0.9123 -0.2155 -0.3482
vn -0.5938 -0.2537 -0.7636
vn -0.6362 -0.1503 -0.7568
vn 0.0269 0.0115 -0.9996
vn 0.0144 0.0034 -0.9999
vn 0.6166 0.2634 -0.7419
vn 0.6482 0.1531 -0.7459
vn 0.8639 0.3691 -0.3428
vn 0.9139 0.2159 -0.3436
vn 0.8083 0.5888 -0.0000
vn 0.7593 0.5531 0.3428
vn 0.5418 0.3947 0.7421
vn 0.0231 0.0168 0.9996
vn -0.5223 -0.3805 0.7632
vn -0.7566 -0.5512 0.3517
vn -0.8082 -0.5888 -0.0000
vn -0.7566 -0.5512 -0.3517
vn -0.5223 -0.3805 -0.7632
vn 0.0231 0.0168 -0.9996
vn 0.5417 0.3947 -0.7421
vn 0.7593 0.5531 -0.3428
vn 0.6596 0.7516 -0.0000
vn 0.6196 0.7061 0.3429
vn 0.4420 0.5037 0.7422
vn 0.0185 0.0211 0.9996
vn -0.4264 -0.4859 0.7629
vn -0.6175 -0.7037 0.3515
vn -0.6596 -0.7516 -0.0000
vn -0.6175 -0.7037 -0.3515
vn -0.4264 -0.4859 -0.7629
vn 0.0185 0.0211 -0.9996
vn 0.4420 0.5037 -0.7422
vn 0.6196 0.7061 -0.3429
vn 0.4807 0.8769 -0.0000
vn 0.4516 0.8237 0.3429
vn 0.3221 0.5876 0.7422
vn 0.0135 0.0246 0.9996
vn -0.3108 -0.5669 0.7629
vn -0.4500 -0.8209 0.3515
vn -0.4807 -0.8769 -0.0000
vn -0.4500 -0.8209 -0.3515
vn -0.3108 -0.5669 -0.7629
vn 0.0135 0.0246 -0.9996
vn 0.3221 0.5876 -0.7422
vn 0.4516 0.8237 -0.3429
vn 0.2769 0.9609 -0.0000
vn 0.2601 0.9027 0.3428
vn 0.1856 0.6441 0.7421
vn 0.0079 0.0274 0.9996
vn -0.1789 -0.6209 0.7632
vn -0.2592 -0.8995 0.3517
vn -0.2769 -0.9609 -0.0000
vn -0.2592 -0.8995 -0.3517
vn -0.1789 -0.6209 -0.7632
vn 0.0079 0.0274 -0.9996
vn 0.1856 0.6441 -0.7421
vn 0.2601 0.9027 -0.3428
vn 0.0547 0.9985 -0.0000
vn 0.0514 0.9380 0.3428
vn 0.0367 0.6695 0.7419
vn 0.0016 0.0292 0.9996
vn -0.0353 -0.6448 0.7636
vn -0.0512 -0.9346 0.3519
vn -0.0547 -0.9985 -0.0000
vn -0.0512 -0.9346 -0.3519
vn -0.0353 -0.6448 -0.7636
vn 0.0016 0.0292 -0.9996
vn 0.0367 0.6695 -0.7419
vn 0.0514 0.9380 -0.3428
vn -0.1168 0.9932 -0.0000
vn -0.1097 0.9327 0.3436
vn -0.0778 0.6615 0.7459
vn -0.0017 0.0147 0.9999
vn 0.0764 -0.6492 0.7568
vn 0.1095 -0.9310 0.3482
vn 0.1168 -0.9932 -0.0000
vn 0.1095 -0.9310 -0.3482
vn 0.0764 -0.6492 -0.7568
vn -0.0017 0.0147 -0.9999
vn -0.0778 0.6615 -0.7459
vn -0.1097 0.9327 -0.3436
vn -0.2299 0.9732 -0.0000
vn -0.2159 0.9139 0.3436
vn -0.1531 0.6482 0.7459
vn -0.0034 0.0144 0.9999
vn 0.1503 -0.6362 0.7568
vn 0.2155 -0.9123 0.3482
vn 0.2299 -0.9732 -0.0000
vn 0.2155 -0.9123 -0.3482
vn 0.1503 -0.6362 -0.7568
vn -0.0034 0.0144 -0.9999
vn -0.1531 0.6482 -0.7459
vn -0.2159 0.9139 -0.3436
vn -0.3929 0.9196 -0.0000
vn -0.3691 0.8639 0.3428
vn -0.2634 0.6166 0.7419
vn -0.0115 0.0269 0.9996
vn 0.2537 -0.5938 0.7636
vn 0.3678 -0.8608 0.3519
vn 0.3929 -0.9196 -0.0000
vn 0.3678 -0.8608 -0.3519
vn 0.2537 -0.5938 -0.7636
vn -0.0115 0.0269 -0.9996
vn -0.2634 0.6166 -0.7419
vn -0.3691 0.8639 -0.3428
vn -0.5888 0.8083 -0.0000
vn -0.5531 0.7593 0.3428
vn -0.3947 0.5417 0.7421
vn -0.0168 0.0231 0.9996
vn 0.3805 -0.5223 0.7632
vn 0.5512 -0.7566 0.3517
vn 0.5888 -0.8083 -0.0000
vn 0.5512 -0.7566 -0.3517
vn 0.3805 -0.5223 -0.7632
vn -0.0168 0.0231 -0.9996
vn -0.3947 0.5417 -0.7421
vn -0.5532 0.7593 -0.3428
vn -0.7516 0.6596 -0.0000
vn -0.7061 0.6196 0.3429
vn -0.5037 0.4420 0.7422
vn -0.0211 0.0185 0.9996
vn 0.4859 -0.4264 0.7629
vn 0.7037 -0.6175 0.3515
vn 0.7516 -0.6596 -0.0000
vn 0.7037 -0.6175 -0.3515
vn 0.4859 -0.4264 -0.7629
vn -0.0211 0.0185 -0.9996
vn -0.5037 0.4420 -0.7422
vn -0.7061 0.6196 -0.3429
vn -0.8769 0.4807 -0.0000
vn -0.8237 0.4516 0.3429
vn -0.5876 0.3221 0.7422
vn -0.0246 0.0135 0.9996
vn 0.5669 -0.3108 0.7629
vn 0.8209 -0.4500 0.3515
vn 0.8769 -0.4807 -0.0000
vn 0.8209 -0.4500 -0.3515
vn 0.5669 -0.3108 -0.7629
vn -0.0246 0.0135 -0.9996
vn -0.5876 0.3221 -0.7422
vn -0.8237 0.4515 -0.3429
vn -0.9609 0.2769 -0.0000
vn -0.9027 0.2601 0.3428
vn -0.6441 0.1856 0.7421
vn -0.0274 0.0079 0.9996
vn 0.6209 -0.1789 0.7632
vn 0.8995 -0.2592 0.3517
vn 0.9609 -0.2769 -0.0000
vn 0.8995 -0.2592 -0.3517
vn 0.6209 -0.1789 -0.7632
vn -0.0274 0.0079 -0.9996
vn -0.6441 0.1856 -0.7421
vn -0.9027 0.2601 -0.3428
vn -0.9985 0.0547 -0.0000
vn -0.9380 0.0514 0.3428
vn -0.6695 0.0367 0.7419
vn -0.0292 0.0016 0.9996
vn 0.6448 -0.0353 0.7636
vn 0.9346 -0.0512 0.3519
vn 0.9985 -0.0547 -0.0000
vn 0.9346 -0.0512 -0.3519
vn 0.6448 -0.0353 -0.7636
vn -0.0292 0.0016 -0.9996
vn -0.6695 0.0367 -0.7419
vn -0.9380 0.0514 -0.3428
vn -0.9932 -0.1168 -0.0000
vn -0.9327 -0.1097 0.3436
vn -0.6615 -0.0778 0.7459
vn -0.0147 -0.0017 0.9999
vn 0.6492 0.0764 0.7568
vn 0.9310 0.1095 0.3482
vn 0.9932 0.1168 -0.0000
vn 0.9310 0.1095 -0.3482
vn 0.6492 0.0764 -0.7568
vn -0.0147 -0.0017 -0.9999
vn -0.6615 -0.0778 -0.7459
vn -0.9327 -0.1097 -0.3436
vn -0.9139 -0.2159 0.3436
vn -0.6482 -0.1531 0.7459
vn -0.0144 -0.0034 0.9999
vn 0.6362 0.1503 0.7568
vn 0.9123 0.2155 0.3482
vn 0.9123 0.2155 -0.3482
vn 0.6362 0.1503 -0.7568
vn -0.0144 -0.0034 -0.9999
vn -0.6482 -0.1531 -0.7459
vn -0.9139 -0.2159 -0.3436
vn -0.8639 -0.3691 0.3428
vn -0.6166 -0.2634 0.7419
vn -0.0269 -0.0115 0.9996
vn 0.5938 0.2537 0.7636
vn 0.8608 0.3678 0.3519
vn 0.8608 0.3678 -0.3519
vn 0.5938 0.2537 -0.7636
vn -0.0269 -0.0115 -0.9996
vn -0.6166 -0.2634 -0.7419
vn -0.8639 -0.3691 -0.3428
vn -0.8083 -0.5888 -0.0000
vn -0.7593 -0.5531 0.3428
vn -0.5417 -0.3947 0.7421
vn -0.0231 -0.0168 0.9996
vn 0.5223 0.3805 0.7632
vn 0.7566 0.5512 0.3517
vn 0.8082 0.5889 -0.0000
vn 0.7566 0.5512 -0.3517
vn 0.5223 0.3805 -0.7632
vn -0.0231 -0.0168 -0.9996
vn -0.5417 -0.3947 -0.7421
vn -0.7593 -0.5531 -0.3428
vn -0.6196 -0.7061 0.3429
vn -0.4420 -0.5037 0.7422
vn -0.0185 -0.0211 0.9996
vn 0.4264 0.4859 0.7629
vn 0.6175 0.7036 0.3515
vn 0.6175 0.7036 -0.3515
vn 0.4264 0.4859 -0.7629
vn -0.0185 -0.0211 -0.9996
vn -0.4420 -0.5037 -0.7422
vn -0.6196 -0.7061 -0.3429
vn -0.4516 -0.8237 0.3429
vn -0.3221 -0.5876 0.7422
vn -0.0135 -0.0246 0.9996
vn 0.3108 0.5669 0.7629
vn 0.4500 0.8209 0.3515
vn 0.4500 0.8209 -0.3515
vn 0.3108 0.5669 -0.7629
vn -0.0135 -0.0246 -0.9996
vn -0.3221 -0.5876 -0.7422
vn -0.4516 -0.8237 -0.3429
vn -0.2601 -0.9027 0.3428
vn -0.1856 -0.6441 0.7421
vn -0.0079 -0.0274 0.9996
vn 0.1789 0.6209 0.7632
vn 0.2592 0.8995 0.3517
vn 0.2592 0.8995 -0.3517
vn 0.1789 0.6209 -0.7632
vn -0.0079 -0.0274 -0.9996
vn -0.1856 -0.6441 -0.7421
vn -0.2601 -0.9027 -0.3428
vn -0.0514 -0.9380 0.3428
vn -0.0367 -0.6695 0.7419
vn -0.0016 -0.0292 0.9996
vn 0.0353 0.6448 0.7636
vn 0.0512 0.9346 0.3519
vn 0.0512 0.9346 -0.3519
vn 0.0353 0.6448 -0.7636
vn -0.0016 -0.0292 -0.9996
vn -0.0367 -0.6695 -0.7419
vn -0.0514 -0.9380 -0.3428
vn 0.1097 -0.9327 0.3436
vn 0.0778 -0.6615 0.7459
vn 0.0017 -0.0147 0.9999
vn -0.0764 0.6492 0.7568
vn -0.1095 0.9310 0.3482
vn -0.1095 0.9310 -0.3482
vn -0.0764 0.6492 -0.7568
vn 0.0017 -0.0147 -0.9999
vn 0.0778 -0.6615 -0.7459
vn 0.1097 -0.9327 -0.3436
vn 0.2159 -0.9139 0.3436
vn 0.1531 -0.6482 0.7459
vn 0.0034 -0.0144 0.9999
vn -0.1503 0.6362 0.7568
vn -0.2155 0.9123 0.3482
vn -0.2155 0.9123 -0.3482
vn -0.1503 0.6362 -0.7568
vn 0.0034 -0.0144 -0.9999
vn 0.1531 -0.6482 -0.7459
vn 0.2159 -0.9139 -0.3436
vn 0.3691 -0.8639 0.3428
vn 0.2634 -0.6166 0.7419
vn 0.0115 -0.0269 0.9996
vn -0.2537 0.5938 0.7636
vn -0.3678 0.8608 0.3519
vn -0.3678 0.8608 -0.3519
vn -0.2537 0.5938 -0.7636
vn 0.0115 -0.0269 -0.9996
vn 0.2634 -0.6166 -0.7419
vn 0.3691 -0.8639 -0.3428
vn 0.5531 -0.7593 0.3428
vn 0.3947 -0.5417 0.7421
vn 0.0168 -0.0231 0.9996
vn -0.3805 0.5223 0.7632
vn -0.5512 0.7566 0.3517
vn -0.5512 0.7566 -0.3517
vn -0.3805 0.5223 -0.7632
vn 0.0168 -0.0231 -0.9996
vn 0.3947 -0.5417 -0.7421
vn 0.5531 -0.7593 -0.3428
vn 0.7061 -0.6196 0.3429
vn 0.5037 -0.4420 0.7422
vn 0.0211 -0.0185 0.9996
vn -0.4859 0.4264 0.7629
vn -0.7037 0.6175 0.3515
vn -0.7037 0.6175 -0.3515
vn -0.4859 0.4264 -0.7629
vn 0.0211 -0.0185 -0.9996
vn 0.5037 -0.4420 -0.7422
vn 0.7061 -0.6196 -0.3429
vn 0.8237 -0.4516 0.3429
vn 0.5876 -0.3221 0.7422
vn 0.0246 -0.0135 0.9996
vn -0.5669 0.3108 0.7629
vn -0.8209 0.4500 0.3515
vn -0.8209 0.4500 -0.3515
vn -0.5669 0.3108 -0.7629
vn 0.0246 -0.0135 -0.9996
vn 0.5876 -0.3221 -0.7422
vn 0.8237 -0.4515 -0.3429
vn 0.9027 -0.2601 0.3428
vn 0.6441 -0.1856 0.7421
vn 0.0274 -0.0079 0.9996
vn -0.6209 0.1789 0.7632
vn -0.8995 0.2592 0.3517
vn -0.8995 0.2592 -0.3517
vn -0.6209 0.1789 -0.7632
vn 0.0274 -0.0079 -0.9996
vn 0.6441 -0.1856 -0.7421
vn 0.9027 -0.2601 -0.3428
vn 0.9380 -0.0514 0.3428
vn 0.6695 -0.0367 0.7419
vn 0.0292 -0.0016 0.9996
vn -0.6448 0.0353 0.7636
vn -0.9346 0.0512 0.3519
vn -0.9346 0.0512 -0.3519
vn -0.6448 0.0353 -0.7636
vn 0.0292 -0.0016 -0.9996
vn 0.6695 -0.0367 -0.7419
vn 0.9380 -0.0514 -0.3428
vn 0.9327 0.1097 0.3436
vn 0.6615 0.0778 0.7459
vn 0.0147 0.0017 0.9999
vn -0.6492 -0.0764 0.7568
vn -0.9310 -0.1095 0.3482
vn -0.9310 -0.1095 -0.3482
vn -0.6492 -0.0764 -0.7568
vn 0.0147 0.0017 -0.9999
vn 0.6615 0.0778 -0.7459
vn 0.9327 0.1097 -0.3436
vn 0.6052 -0.7850 0.1320
vn 0.5264 -0.8016 0.2836
vn 0.2604 -0.9577 0.1223
vn 0.3337 -0.9425 -0.0205
vn -0.1538 -0.9806 -0.1218
vn -0.1063 -0.9684 -0.2256
vn -0.6673 -0.6205 -0.4119
vn -0.6740 -0.6088 -0.4184
vn -0.8614 0.0615 -0.5041
vn -0.9125 0.0611 -0.4045
vn -0.7331 0.5401 -0.4134
vn -0.8052 0.5280 -0.2702
vn -0.5264 0.8016 -0.2836
vn -0.6052 0.7850 -0.1321
vn -0.2524 0.9605 -0.1175
vn -0.3295 0.9439 0.0226
vn 0.1816 0.9737 0.1379
vn 0.1213 0.9652 0.2318
vn 0.6981 0.5736 0.4285
vn 0.6919 0.5856 0.4223
vn 0.8597 -0.0943 0.5020
vn 0.9126 -0.0774 0.4015
vn 0.7287 -0.5482 0.4105
vn 0.8031 -0.5320 0.2685
vn 0.3996 -0.7874 0.4694
vn 0.1413 -0.9444 0.2968
vn -0.2390 -0.9710 0.0026
vn -0.6713 -0.6195 -0.4068
vn -0.7795 0.0529 -0.6242
vn -0.6143 0.5270 -0.5872
vn -0.3996 0.7874 -0.4694
vn -0.1339 0.9471 -0.2916
vn 0.2630 0.9646 0.0176
vn 0.6941 0.5746 0.4336
vn 0.7747 -0.0845 0.6266
vn 0.6096 -0.5349 0.5851
vn 0.2560 -0.7348 0.6281
vn 0.0063 -0.8951 0.4459
vn -0.3354 -0.9358 0.1089
vn -0.6756 -0.6176 -0.4026
vn -0.6866 0.0194 -0.7268
vn -0.4797 0.4780 -0.7358
vn -0.2560 0.7348 -0.6281
vn 0.0004 0.8979 -0.4402
vn 0.3556 0.9307 -0.0853
vn 0.6899 0.5765 0.4379
vn 0.6785 -0.0491 0.7330
vn 0.4746 -0.4855 0.7342
vn 0.1014 -0.6475 0.7553
vn -0.1390 -0.8131 0.5653
vn -0.4390 -0.8773 0.1941
vn -0.6799 -0.6152 -0.3991
vn -0.5866 -0.0371 -0.8090
vn -0.3350 0.3962 -0.8548
vn -0.1014 0.6475 -0.7553
vn 0.1452 0.8162 -0.5593
vn 0.4556 0.8743 -0.1675
vn 0.6856 0.5789 0.4414
vn 0.5749 0.0094 0.8182
vn 0.3294 -0.4035 0.8536
vn -0.0596 -0.5281 0.8471
vn -0.2901 -0.7009 0.6516
vn -0.5468 -0.7972 0.2558
vn -0.6844 -0.6121 -0.3961
vn -0.4828 -0.1146 -0.8682
vn -0.1844 0.2843 -0.9408
vn 0.0596 0.5281 -0.8471
vn 0.2960 0.7044 -0.6451
vn 0.5598 0.7971 -0.2265
vn 0.6810 0.5820 0.4444
vn 0.4669 0.0893 0.8798
vn 0.1782 -0.2913 0.9399
vn -0.2211 -0.3795 0.8984
vn -0.4418 -0.5613 0.6998
vn -0.6550 -0.6976 0.2904
vn -0.6892 -0.6081 -0.3939
vn -0.3788 -0.2110 -0.9011
vn -0.0334 0.1451 -0.9889
vn 0.2211 0.3795 -0.8984
vn 0.4473 0.5654 -0.6930
vn 0.6643 0.7011 -0.2591
vn 0.6762 0.5859 0.4465
vn 0.3585 0.1887 0.9143
vn 0.0265 -0.1518 0.9881
vn -0.3368 -0.2531 0.9069
vn -0.5510 -0.4430 0.7072
vn -0.7338 -0.6141 0.2905
vn -0.6879 -0.6010 -0.4070
vn -0.2967 -0.2865 -0.9110
vn 0.0780 0.0294 -0.9965
vn 0.3368 0.2532 -0.9069
vn 0.5536 0.4453 -0.7038
vn 0.7371 0.6175 -0.2747
vn 0.6780 0.5935 0.4338
vn 0.2851 0.2769 0.9176
vn -0.0816 -0.0325 0.9961
vn -0.4089 -0.1643 0.8977
vn -0.6187 -0.3595 0.6985
vn -0.7818 -0.5549 0.2843
vn -0.6890 -0.5996 -0.4071
vn -0.2496 -0.3446 -0.9049
vn 0.1455 -0.0540 -0.9879
vn 0.4089 0.1643 -0.8977
vn 0.6211 0.3619 -0.6951
vn 0.7842 0.5594 -0.2686
vn 0.6769 0.5948 0.4336
vn 0.2371 0.3361 0.9115
vn -0.1493 0.0510 0.9875
vn -0.5064 -0.0276 0.8619
vn -0.7098 -0.2307 0.6655
vn -0.8463 -0.4617 0.2659
vn -0.6975 -0.5978 -0.3950
vn -0.1945 -0.4382 -0.8776
vn 0.2336 -0.1843 -0.9547
vn 0.5064 0.0276 -0.8619
vn 0.7143 0.2360 -0.6588
vn 0.8485 0.4739 -0.2355
vn 0.6679 0.5962 0.4455
vn 0.1673 0.4246 0.8898
vn -0.2415 0.1788 0.9538
vn -0.6114 0.1526 0.7765
vn -0.8085 -0.0615 0.5853
vn -0.9167 -0.3410 0.2085
vn -0.7002 -0.5927 -0.3981
vn -0.1262 -0.5544 -0.8226
vn 0.3321 -0.3529 -0.8747
vn 0.6114 -0.1526 -0.7765
vn 0.8125 0.0672 -0.5790
vn 0.9163 0.3572 -0.1809
vn 0.6653 0.6014 0.4424
vn 0.0971 0.5455 0.8325
vn -0.3402 0.3481 0.8736
vn -0.6841 0.3214 0.6548
vn -0.8768 0.0971 0.4710
vn -0.9654 -0.2280 0.1267
vn -0.7019 -0.5880 -0.4019
vn -0.0788 -0.6634 -0.7441
vn 0.4003 -0.5108 -0.7608
vn 0.6841 -0.3214 -0.6548
vn 0.8805 -0.0909 -0.4652
vn 0.9633 0.2479 -0.1026
vn 0.6636 0.6061 0.4386
vn 0.0485 0.6587 0.7508
vn -0.4084 0.5067 0.7592
vn -0.7233 0.4732 0.5028
vn -0.9137 0.2398 0.3282
vn -0.9917 -0.1262 0.0249
vn -0.7030 -0.5838 -0.4062
vn -0.0535 -0.7616 -0.6458
vn 0.4371 -0.6530 -0.6185
vn 0.7233 -0.4732 -0.5028
vn 0.9173 -0.2331 -0.3229
vn 0.9887 0.1497 -0.0043
vn 0.6625 0.6103 0.4343
vn 0.0222 0.7605 0.6490
vn -0.4453 0.6493 0.6165
vn -0.7280 0.6036 0.3251
vn -0.9180 0.3623 0.1613
vn -0.9948 -0.0387 -0.0941
vn -0.7035 -0.5798 -0.4110
vn -0.0509 -0.8459 -0.5309
vn 0.4413 -0.7751 -0.4522
vn 0.7280 -0.6036 -0.3251
vn 0.9217 -0.3550 -0.1565
vn 0.9917 0.0658 0.1108
vn 0.6620 0.6143 0.4295
vn 0.0189 0.8478 0.5299
vn -0.4497 0.7718 0.4495
vn -0.6961 0.7066 0.1272
vn -0.8881 0.4590 -0.0247
vn -0.9735 0.0306 -0.2267
vn -0.7031 -0.5763 -0.4165
vn -0.0720 -0.9123 -0.4031
vn 0.4113 -0.8715 -0.2670
vn 0.6962 -0.7065 -0.1272
vn 0.8920 -0.4512 0.0289
vn 0.9710 -0.0002 0.2389
vn 0.6623 0.6177 0.4240
vn 0.0400 0.9169 0.3972
vn -0.4198 0.8685 0.2636
vn -0.6481 0.7610 -0.0283
vn -0.8433 0.5094 -0.1710
vn -0.9411 0.0614 -0.3324
vn -0.6925 -0.5860 -0.4208
vn -0.0932 -0.9495 -0.2997
vn 0.3697 -0.9214 -0.1199
vn 0.6481 -0.7610 0.0283
vn 0.8454 -0.5055 0.1729
vn 0.9405 -0.0455 0.3366
vn 0.6734 0.6085 0.4200
vn 0.0778 0.9524 0.2947
vn -0.3739 0.9199 0.1179
vn -0.6052 0.7850 -0.1320
vn -0.8031 0.5320 -0.2685
vn -0.9126 0.0774 -0.4015
vn -0.6919 -0.5856 -0.4223
vn -0.1213 -0.9652 -0.2318
vn 0.3295 -0.9439 -0.0226
vn 0.8052 -0.5280 0.2702
vn 0.9125 -0.0612 0.4045
vn 0.6740 0.6088 0.4184
vn 0.1063 0.9684 0.2256
vn -0.3336 0.9425 0.0205
vn -0.7287 0.5482 -0.4105
vn -0.8597 0.0943 -0.5020
vn -0.6981 -0.5736 -0.4285
vn -0.1816 -0.9737 -0.1379
vn 0.2524 -0.9605 0.1175
vn 0.7331 -0.5401 0.4134
vn 0.8614 -0.0615 0.5041
vn 0.6673 0.6205 0.4119
vn 0.1538 0.9806 0.1218
vn -0.2604 0.9577 -0.1223
vn -0.6096 0.5349 -0.5851
vn -0.7747 0.0845 -0.6266
vn -0.6941 -0.5746 -0.4336
vn -0.2630 -0.9646 -0.0176
vn 0.1339 -0.9471 0.2916
vn 0.6143 -0.5270 0.5873
vn 0.7795 -0.0530 0.6242
vn 0.6713 0.6195 0.4068
vn 0.2390 0.9710 -0.0026
vn -0.1413 0.9444 -0.2968
vn -0.4746 0.4855 -0.7342
vn -0.6785 0.0491 -0.7330
vn -0.6899 -0.5765 -0.4378
vn -0.3556 -0.9307 0.0853
vn -0.0004 -0.8979 0.4402
vn 0.4797 -0.4780 0.7358
vn 0.6866 -0.0194 0.7268
vn 0.6756 0.6176 0.4026
vn 0.3354 0.9358 -0.1089
vn -0.0063 0.8951 -0.4459
vn -0.3294 0.4035 -0.8536
vn -0.5749 -0.0094 -0.8182
vn -0.6856 -0.5789 -0.4414
vn -0.4556 -0.8743 0.1675
vn -0.1452 -0.8162 0.5593
vn 0.3350 -0.3962 0.8548
vn 0.5866 0.0371 0.8090
vn 0.6799 0.6152 0.3991
vn 0.4390 0.8773 -0.1941
vn 0.1390 0.8131 -0.5653
vn -0.1782 0.2913 -0.9399
vn -0.4669 -0.0893 -0.8798
vn -0.6810 -0.5820 -0.4444
vn -0.5598 -0.7971 0.2265
vn -0.2960 -0.7044 0.6451
vn 0.1844 -0.2843 0.9408
vn 0.4828 0.1146 0.8682
vn 0.6844 0.6121 0.3961
vn 0.5468 0.7972 -0.2558
vn 0.2901 0.7009 -0.6516
vn -0.0265 0.1518 -0.9881
vn -0.3585 -0.1887 -0.9143
vn -0.6762 -0.5859 -0.4465
vn -0.6643 -0.7011 0.2591
vn -0.4473 -0.5654 0.6930
vn 0.0334 -0.1451 0.9889
vn 0.3788 0.2110 0.9011
vn 0.6892 0.6081 0.3939
vn 0.6550 0.6976 -0.2904
vn 0.4418 0.5613 -0.6998
vn 0.0816 0.0325 -0.9961
vn -0.2851 -0.2769 -0.9176
vn -0.6780 -0.5935 -0.4338
vn -0.7371 -0.6175 0.2747
vn -0.5536 -0.4453 0.7038
vn -0.0780 -0.0294 0.9965
vn 0.2967 0.2865 0.9110
vn 0.6879 0.6010 0.4070
vn 0.7338 0.6141 -0.2905
vn 0.5510 0.4430 -0.7072
vn 0.1493 -0.0510 -0.9875
vn -0.2371 -0.3361 -0.9115
vn -0.6769 -0.5948 -0.4336
vn -0.7842 -0.5594 0.2686
vn -0.6211 -0.3619 0.6951
vn -0.1455 0.0540 0.9879
vn 0.2496 0.3446 0.9049
vn 0.6890 0.5996 0.4071
vn 0.7818 0.5549 -0.2843
vn 0.6187 0.3595 -0.6985
vn 0.2415 -0.1788 -0.9538
vn -0.1673 -0.4246 -0.8898
vn -0.6679 -0.5962 -0.4455
vn -0.8485 -0.4739 0.2355
vn -0.7143 -0.2360 0.6588
vn -0.2336 0.1843 0.9547
vn 0.1945 0.4382 0.8776
vn 0.6975 0.5978 0.3950
vn 0.8463 0.4617 -0.2659
vn 0.7098 0.2307 -0.6655
vn 0.3402 -0.3481 -0.8736
vn -0.0971 -0.5455 -0.8325
vn -0.6653 -0.6014 -0.4424
vn -0.9163 -0.3573 0.1809
vn -0.8125 -0.0672 0.5790
vn -0.3321 0.3529 0.8747
vn 0.1262 0.5544 0.8226
vn 0.7002 0.5927 0.3981
vn 0.9167 0.3410 -0.2085
vn 0.8085 0.0614 -0.5853
vn 0.4084 -0.5067 -0.7592
vn -0.0485 -0.6587 -0.7508
vn -0.6636 -0.6061 -0.4386
vn -0.9633 -0.2479 0.1026
vn -0.8805 0.0909 0.4652
vn -0.4003 0.5108 0.7608
vn 0.0788 0.6635 0.7441
vn 0.7019 0.5880 0.4019
vn 0.9654 0.2280 -0.1267
vn 0.8768 -0.0971 -0.4710
vn 0.4453 -0.6493 -0.6165
vn -0.0222 -0.7605 -0.6490
vn -0.6625 -0.6103 -0.4343
vn -0.9887 -0.1497 0.0043
vn -0.9173 0.2331 0.3229
vn -0.4371 0.6530 0.6185
vn 0.0535 0.7616 0.6458
vn 0.7030 0.5838 0.4062
vn 0.9917 0.1262 -0.0249
vn 0.9137 -0.2398 -0.3282
vn 0.4497 -0.7718 -0.4495
vn -0.0189 -0.8478 -0.5299
vn -0.6620 -0.6143 -0.4295
vn -0.9917 -0.0658 -0.1108
vn -0.9217 0.3550 0.1565
vn -0.7280 0.6036 0.3252
vn -0.4413 0.7751 0.4522
vn 0.0509 0.8459 0.5309
vn 0.7035 0.5798 0.4110
vn 0.9948 0.0387 0.0941
vn 0.9180 -0.3623 -0.1613
vn 0.6961 -0.7066 -0.1272
vn 0.4198 -0.8685 -0.2636
vn -0.0400 -0.9169 -0.3972
vn -0.6623 -0.6177 -0.4240
vn -0.9710 0.0002 -0.2389
vn -0.8920 0.4512 -0.0289
vn -0.6962 0.7065 0.1272
vn -0.4113 0.8715 0.2670
vn 0.0720 0.9123 0.4031
vn 0.7031 0.5763 0.4165
vn 0.9735 -0.0306 0.2267
vn 0.8881 -0.4590 0.0247
vn 0.3739 -0.9199 -0.1179
vn -0.0778 -0.9524 -0.2947
vn -0.6734 -0.6085 -0.4200
vn -0.9405 0.0455 -0.3366
vn -0.8454 0.5055 -0.1729
vn -0.3697 0.9214 0.1199
vn 0.0932 0.9495 0.2997
vn 0.6925 0.5860 0.4208
vn 0.9411 -0.0614 0.3324
vn 0.8433 -0.5094 0.1710
vn -0.4992 -0.8646 -0.0574
vn -0.4869 -0.8434 -0.2272
vn -0.1605 -0.9637 -0.2135
vn -0.1712 -0.9838 -0.0539
vn 0.3161 -0.9364 -0.1524
vn 0.3135 -0.9488 -0.0382
vn 0.8514 -0.5245 -0.0067
vn 0.8586 -0.5127 -0.0008
vn 0.9757 0.1628 0.1467
vn 0.9817 0.1868 0.0375
vn 0.7605 0.6135 0.2127
vn 0.7695 0.6364 0.0538
vn 0.4869 0.8434 0.2273
vn 0.4992 0.8646 0.0574
vn 0.1510 0.9654 0.2127
vn 0.1664 0.9846 0.0538
vn -0.3468 0.9264 0.1467
vn -0.3291 0.9436 0.0375
vn -0.8799 0.4751 -0.0066
vn -0.8733 0.4872 -0.0008
vn -0.9690 -0.1945 -0.1524
vn -0.9784 -0.2029 -0.0382
vn -0.7543 -0.6209 -0.2135
vn -0.7664 -0.6401 -0.0539
vn -0.4491 -0.7779 -0.4395
vn -0.1250 -0.9022 -0.4129
vn 0.3417 -0.8925 -0.2946
vn 0.8529 -0.5220 -0.0125
vn 0.9511 0.1211 0.2840
vn 0.7250 0.5524 0.4115
vn 0.4491 0.7779 0.4396
vn 0.1159 0.9040 0.4115
vn -0.3707 0.8842 0.2840
vn -0.8785 0.4776 -0.0125
vn -0.9437 -0.1503 -0.2946
vn -0.7188 -0.5593 -0.4129
vn -0.3900 -0.6756 -0.6257
vn -0.0695 -0.8061 -0.5877
vn 0.3814 -0.8239 -0.4193
vn 0.8548 -0.5187 -0.0175
vn 0.9129 0.0553 0.4045
vn 0.6696 0.4567 0.5857
vn 0.3900 0.6756 0.6257
vn 0.0607 0.8082 0.5857
vn -0.4086 0.8182 0.4045
vn -0.8766 0.4809 -0.0175
vn -0.9042 -0.0816 -0.4193
vn -0.6633 -0.4632 -0.5877
vn -0.3128 -0.5418 -0.7801
vn 0.0031 -0.6804 -0.7328
vn 0.4332 -0.7342 -0.5228
vn 0.8569 -0.5150 -0.0219
vn 0.8630 -0.0312 0.5043
vn 0.5973 0.3315 0.7303
vn 0.3128 0.5418 0.7801
vn -0.0116 0.6830 0.7303
vn -0.4585 0.7317 0.5043
vn -0.8745 0.4846 -0.0219
vn -0.8524 0.0080 -0.5228
vn -0.5908 -0.3376 -0.7328
vn -0.2198 -0.3807 -0.8982
vn 0.0905 -0.5290 -0.8438
vn 0.4954 -0.6262 -0.6021
vn 0.8594 -0.5107 -0.0256
vn 0.8030 -0.1356 0.5804
vn 0.5103 0.1805 0.8408
vn 0.2198 0.3807 0.8982
vn -0.0988 0.5322 0.8408
vn -0.5189 0.6276 0.5804
vn -0.8719 0.4889 -0.0256
vn -0.7900 0.1159 -0.6021
vn -0.5034 -0.1862 -0.8438
vn -0.1136 -0.1968 -0.9738
vn 0.1902 -0.3563 -0.9148
vn 0.5664 -0.5029 -0.6529
vn 0.8623 -0.5056 -0.0285
vn 0.7346 -0.2547 0.6288
vn 0.4111 0.0083 0.9116
vn 0.1136 0.1968 0.9738
vn -0.1984 0.3602 0.9116
vn -0.5879 0.5088 0.6289
vn -0.8690 0.4940 -0.0285
vn -0.7187 0.2390 -0.6529
vn -0.4036 -0.0135 -0.9148
vn -0.0287 -0.0497 -0.9984
vn 0.2706 -0.2185 -0.9376
vn 0.6269 -0.4061 -0.6650
vn 0.8655 -0.5007 -0.0147
vn 0.6741 -0.3459 0.6526
vn 0.3284 -0.1275 0.9359
vn 0.0287 0.0497 0.9984
vn -0.2746 0.2207 0.9359
vn -0.6366 0.4109 0.6526
vn -0.8664 0.4992 -0.0147
vn -0.6651 0.3398 -0.6650
vn -0.3246 0.1251 -0.9376
vn 0.0287 0.0497 -0.9984
vn 0.3246 -0.1251 -0.9376
vn 0.6651 -0.3398 -0.6650
vn 0.8664 -0.4992 -0.0147
vn 0.6366 -0.4109 0.6526
vn 0.2746 -0.2207 0.9359
vn -0.0287 -0.0497 0.9984
vn -0.3284 0.1275 0.9359
vn -0.6741 0.3459 0.6526
vn -0.8655 0.5007 -0.0147
vn -0.6268 0.4061 -0.6650
vn -0.2706 0.2185 -0.9376
vn 0.1136 0.1968 -0.9738
vn 0.4036 0.0135 -0.9148
vn 0.7187 -0.2390 -0.6529
vn 0.8690 -0.4940 -0.0285
vn 0.5879 -0.5089 0.6288
vn 0.1984 -0.3601 0.9116
vn -0.1136 -0.1968 0.9738
vn -0.4111 -0.0083 0.9116
vn -0.7346 0.2547 0.6288
vn -0.8623 0.5055 -0.0285
vn -0.5664 0.5029 -0.6529
vn -0.1902 0.3563 -0.9148
vn 0.2198 0.3807 -0.8982
vn 0.5034 0.1862 -0.8438
vn 0.7900 -0.1159 -0.6021
vn 0.8719 -0.4889 -0.0256
vn 0.5189 -0.6276 0.5804
vn 0.0988 -0.5322 0.8408
vn -0.2198 -0.3807 0.8982
vn -0.5103 -0.1805 0.8408
vn -0.8030 0.1356 0.5804
vn -0.8594 0.5107 -0.0256
vn -0.4954 0.6262 -0.6021
vn -0.0905 0.5290 -0.8438
vn 0.3128 0.5418 -0.7801
vn 0.5908 0.3376 -0.7328
vn 0.8524 -0.0080 -0.5228
vn 0.8745 -0.4846 -0.0219
vn 0.4585 -0.7318 0.5043
vn 0.0116 -0.6830 0.7303
vn -0.3128 -0.5418 0.7801
vn -0.5973 -0.3315 0.7303
vn -0.8630 0.0312 0.5043
vn -0.8569 0.5150 -0.0219
vn -0.4332 0.7342 -0.5228
vn -0.0031 0.6804 -0.7328
vn 0.3900 0.6756 -0.6257
vn 0.6633 0.4632 -0.5877
vn 0.9042 0.0816 -0.4193
vn 0.8766 -0.4809 -0.0175
vn 0.4086 -0.8182 0.4045
vn -0.0607 -0.8082 0.5857
vn -0.3900 -0.6756 0.6257
vn -0.6696 -0.4567 0.5857
vn -0.9129 -0.0553 0.4045
vn -0.8548 0.5187 -0.0175
vn -0.3814 0.8239 -0.4193
vn 0.0695 0.8061 -0.5877
vn 0.4491 0.7779 -0.4395
vn 0.7188 0.5593 -0.4129
vn 0.9437 0.1503 -0.2946
vn 0.8785 -0.4776 -0.0125
vn 0.3707 -0.8842 0.2840
vn -0.1159 -0.9040 0.4115
vn -0.4491 -0.7779 0.4396
vn -0.7250 -0.5524 0.4115
vn -0.9511 -0.1211 0.2840
vn -0.8529 0.5220 -0.0126
vn -0.3417 0.8925 -0.2946
vn 0.1250 0.9022 -0.4129
vn 0.4869 0.8434 -0.2272
vn 0.7543 0.6209 -0.2135
vn 0.9690 0.1945 -0.1524
vn 0.8799 -0.4751 -0.0067
vn 0.3468 -0.9264 0.1467
vn -0.1510 -0.9654 0.2127
vn -0.4869 -0.8434 0.2273
vn -0.7605 -0.6135 0.2127
vn -0.9757 -0.1628 0.1467
vn -0.8514 0.5245 -0.0067
vn -0.3161 0.9364 -0.1524
vn 0.1605 0.9637 -0.2135
vn 0.4992 0.8646 -0.0574
vn 0.7664 0.6401 -0.0539
vn 0.9784 0.2029 -0.0382
vn 0.8733 -0.4872 -0.0008
vn 0.3291 -0.9436 0.0375
vn -0.1664 -0.9846 0.0538
vn -0.4992 -0.8646 0.0574
vn -0.7695 -0.6364 0.0538
vn -0.9817 -0.1868 0.0375
vn -0.8586 0.5127 -0.0008
vn -0.3135 0.9488 -0.0382
vn 0.1712 0.9838 -0.0539
vn 0.7664 0.6401 0.0539
vn 0.9784 0.2029 0.0382
vn 0.8733 -0.4872 0.0008
vn 0.3291 -0.9436 -0.0375
vn -0.1664 -0.9846 -0.0538
vn -0.7695 -0.6364 -0.0538
vn -0.9817 -0.1868 -0.0375
vn -0.8586 0.5127 0.0008
vn -0.3135 0.9488 0.0382
vn 0.1712 0.9838 0.0539
vn 0.4869 0.8434 0.2272
vn 0.7543 0.6209 0.2135
vn 0.9690 0.1945 0.1524
vn 0.8799 -0.4751 0.0067
vn 0.3468 -0.9264 -0.1467
vn -0.1510 -0.9654 -0.2127
vn -0.4869 -0.8434 -0.2273
vn -0.7605 -0.6135 -0.2127
vn -0.9757 -0.1628 -0.1467
vn -0.8514 0.5245 0.0067
vn -0.3161 0.9364 0.1524
vn 0.1605 0.9637 0.2135
vn 0.4491 0.7779 0.4395
vn 0.7188 0.5593 0.4129
vn 0.9437 0.1503 0.2946
vn 0.8785 -0.4776 0.0125
vn 0.3707 -0.8842 -0.2840
vn -0.1159 -0.9040 -0.4115
vn -0.4491 -0.7779 -0.4396
vn -0.7250 -0.5523 -0.4115
vn -0.9511 -0.1211 -0.2840
vn -0.8529 0.5220 0.0125
vn -0.3417 0.8925 0.2946
vn 0.1250 0.9022 0.4129
vn 0.6633 0.4632 0.5877
vn 0.9042 0.0816 0.4193
vn 0.8766 -0.4809 0.0175
vn 0.4086 -0.8182 -0.4045
vn -0.0607 -0.8082 -0.5857
vn -0.6696 -0.4567 -0.5857
vn -0.9129 -0.0553 -0.4045
vn -0.8548 0.5187 0.0175
vn -0.3814 0.8238 0.4193
vn 0.0695 0.8061 0.5877
vn 0.5908 0.3376 0.7328
vn 0.8524 -0.0080 0.5228
vn 0.8745 -0.4846 0.0219
vn 0.4585 -0.7318 -0.5043
vn 0.0116 -0.6830 -0.7303
vn -0.5973 -0.3315 -0.7303
vn -0.8630 0.0312 -0.5043
vn -0.8569 0.5150 0.0219
vn -0.4332 0.7342 0.5228
vn -0.0031 0.6804 0.7328
vn 0.5034 0.1862 0.8438
vn 0.7900 -0.1159 0.6021
vn 0.8719 -0.4889 0.0256
vn 0.5189 -0.6276 -0.5804
vn 0.0988 -0.5322 -0.8408
vn -0.5103 -0.1805 -0.8408
vn -0.8030 0.1356 -0.5804
vn -0.8594 0.5107 0.0256
vn -0.4954 0.6262 0.6021
vn -0.0905 0.5290 0.8438
vn 0.4036 0.0135 0.9148
vn 0.7187 -0.2390 0.6529
vn 0.8690 -0.4940 0.0285
vn 0.5879 -0.5089 -0.6288
vn 0.1984 -0.3601 -0.9116
vn -0.4111 -0.0083 -0.9116
vn -0.7346 0.2547 -0.6288
vn -0.8623 0.5055 0.0285
vn -0.5664 0.5029 0.6529
vn -0.1902 0.3563 0.9148
vn 0.3246 -0.1251 0.9376
vn 0.6651 -0.3398 0.6650
vn 0.8664 -0.4992 0.0147
vn 0.6366 -0.4109 -0.6526
vn 0.2746 -0.2207 -0.9359
vn -0.3284 0.1275 -0.9359
vn -0.6741 0.3459 -0.6526
vn -0.8655 0.5007 0.0147
vn -0.6269 0.4061 0.6650
vn -0.2707 0.2185 0.9376
vn 0.2706 -0.2185 0.9376
vn 0.6269 -0.4061 0.6650
vn 0.8655 -0.5007 0.0147
vn 0.6741 -0.3459 -0.6526
vn 0.3284 -0.1275 -0.9359
vn -0.2746 0.2207 -0.9359
vn -0.6366 0.4109 -0.6526
vn -0.8664 0.4992 0.0147
vn -0.6651 0.3398 0.6650
vn -0.3246 0.1251 0.9376
vn 0.1902 -0.3563 0.9148
vn 0.5664 -0.5029 0.6529
vn 0.8623 -0.5055 0.0285
vn 0.7346 -0.2547 -0.6288
vn 0.4111 0.0083 -0.9116
vn -0.1984 0.3601 -0.9116
vn -0.5879 0.5089 -0.6288
vn -0.8690 0.4940 0.0285
vn -0.7187 0.2390 0.6529
vn -0.4036 -0.0135 0.9148
vn 0.0905 -0.5290 0.8438
vn 0.4954 -0.6262 0.6021
vn 0.8594 -0.5107 0.0256
vn 0.8030 -0.1356 -0.5804
vn 0.5103 0.1805 -0.8408
vn -0.0988 0.5322 -0.8408
vn -0.5189 0.6276 -0.5804
vn -0.8719 0.4889 0.0256
vn -0.7900 0.1159 0.6021
vn -0.5034 -0.1862 0.8438
vn 0.0031 -0.6804 0.7328
vn 0.4332 -0.7342 0.5228
vn 0.8569 -0.5150 0.0219
vn 0.8630 -0.0312 -0.5043
vn 0.5973 0.3315 -0.7303
vn -0.0116 0.6830 -0.7303
vn -0.4585 0.7318 -0.5043
vn -0.8745 0.4846 0.0219
vn -0.8524 0.0080 0.5228
vn -0.5908 -0.3376 0.7328
vn -0.0695 -0.8061 0.5877
vn 0.3814 -0.8239 0.4193
vn 0.8548 -0.5187 0.0175
vn 0.9129 0.0553 -0.4045
vn 0.6696 0.4567 -0.5857
vn 0.0607 0.8082 -0.5857
vn -0.4086 0.8182 -0.4045
vn -0.8766 0.4809 0.0175
vn -0.9042 -0.0816 0.4193
vn -0.6633 -0.4632 0.5877
vn -0.4491 -0.7779 0.4395
vn -0.1250 -0.9022 0.4129
vn 0.3417 -0.8925 0.2946
vn 0.8529 -0.5220 0.0125
vn 0.9511 0.1210 -0.2840
vn 0.7250 0.5523 -0.4115
vn 0.4491 0.7779 -0.4396
vn 0.1159 0.9040 -0.4115
vn -0.3707 0.8842 -0.2840
vn -0.8785 0.4776 0.0125
vn -0.9437 -0.1503 0.2946
vn -0.7188 -0.5593 0.4129
vn -0.4869 -0.8434 0.2272
vn -0.1605 -0.9637 0.2135
vn 0.3161 -0.9364 0.1524
vn 0.8514 -0.5245 0.0067
vn 0.9757 0.1628 -0.1467
vn 0.7605 0.6135 -0.2127
vn 0.4869 0.8434 -0.2273
vn 0.1510 0.9654 -0.2127
vn -0.3468 0.9264 -0.1467
vn -0.8799 0.4751 0.0067
vn -0.9690 -0.1945 0.1524
vn -0.7543 -0.6209 0.2135
vn -0.1712 -0.9838 0.0539
vn 0.3135 -0.9488 0.0382
vn 0.8586 -0.5127 0.0008
vn 0.9817 0.1868 -0.0375
vn 0.7695 0.6364 -0.0538
vn 0.1664 0.9846 -0.0538
vn -0.3291 0.9436 -0.0375
vn -0.8733 0.4872 0.0008
vn -0.9784 -0.2029 0.0382
vn -0.7664 -0.6401 0.0539
vn 0.9578 -0.2875 -0.0000
vn 0.9928 -0.1195 -0.0000
vn 0.9327 -0.1123 0.3428
vn 0.8994 -0.2700 0.3436
vn 0.6657 -0.0802 0.7419
vn 0.6379 -0.1915 0.7459
vn 0.0291 -0.0035 0.9996
vn 0.0141 -0.0042 0.9999
vn -0.6411 0.0772 0.7636
vn -0.6261 0.1879 0.7568
vn -0.9293 0.1119 0.3519
vn -0.8978 0.2695 0.3482
vn -0.9928 0.1195 -0.0000
vn -0.9578 0.2875 -0.0000
vn -0.9293 0.1119 -0.3519
vn -0.8979 0.2695 -0.3482
vn -0.6411 0.0772 -0.7636
vn -0.6261 0.1879 -0.7568
vn 0.0291 -0.0035 -0.9996
vn 0.0141 -0.0042 -0.9999
vn 0.6657 -0.0802 -0.7419
vn 0.6379 -0.1915 -0.7459
vn 0.9327 -0.1123 -0.3428
vn 0.8994 -0.2700 -0.3436
vn 0.9944 0.1058 -0.0000
vn 0.9341 0.0994 0.3428
vn 0.6665 0.0709 0.7421
vn 0.0284 0.0030 0.9996
vn -0.6425 -0.0684 0.7632
vn -0.9309 -0.0991 0.3517
vn -0.9944 -0.1059 -0.0000
vn -0.9309 -0.0991 -0.3517
vn -0.6425 -0.0684 -0.7632
vn 0.0284 0.0030 -0.9996
vn 0.6665 0.0709 -0.7421
vn 0.9341 0.0994 -0.3428
vn 0.9470 0.3211 -0.0000
vn 0.8896 0.3017 0.3429
vn 0.6346 0.2152 0.7422
vn 0.0265 0.0090 0.9996
vn -0.6122 -0.2076 0.7629
vn -0.8866 -0.3006 0.3515
vn -0.9470 -0.3211 -0.0000
vn -0.8866 -0.3006 -0.3515
vn -0.6122 -0.2076 -0.7629
vn 0.0265 0.0090 -0.9996
vn 0.6346 0.2152 -0.7422
vn 0.8896 0.3017 -0.3429
vn 0.8547 0.5191 -0.0000
vn 0.8029 0.4876 0.3429
vn 0.5728 0.3478 0.7422
vn 0.0240 0.0145 0.9996
vn -0.5526 -0.3356 0.7629
vn -0.8002 -0.4859 0.3515
vn -0.8547 -0.5191 -0.0000
vn -0.8002 -0.4859 -0.3515
vn -0.5526 -0.3356 -0.7629
vn 0.0240 0.0145 -0.9996
vn 0.5728 0.3478 -0.7422
vn 0.8029 0.4876 -0.3429
vn 0.7202 0.6937 -0.0000
vn 0.6766 0.6517 0.3428
vn 0.4828 0.4650 0.7421
vn 0.0206 0.0198 0.9996
vn -0.4654 -0.4483 0.7632
vn -0.6742 -0.6494 0.3517
vn -0.7202 -0.6937 -0.0000
vn -0.6742 -0.6494 -0.3517
vn -0.4654 -0.4483 -0.7632
vn 0.0206 0.0198 -0.9996
vn 0.4828 0.4650 -0.7421
vn 0.6766 0.6517 -0.3428
vn 0.5466 0.8374 -0.0000
vn 0.5135 0.7866 0.3428
vn 0.3665 0.5614 0.7419
vn 0.0160 0.0245 0.9996
vn -0.3530 -0.5407 0.7636
vn -0.5117 -0.7838 0.3519
vn -0.5466 -0.8374 -0.0000
vn -0.5116 -0.7838 -0.3519
vn -0.3530 -0.5407 -0.7636
vn 0.0160 0.0245 -0.9996
vn 0.3665 0.5614 -0.7419
vn 0.5135 0.7866 -0.3428
vn 0.3954 0.9185 -0.0000
vn 0.3713 0.8626 0.3436
vn 0.2634 0.6118 0.7459
vn 0.0058 0.0136 0.9999
vn -0.2585 -0.6004 0.7568
vn -0.3707 -0.8610 0.3482
vn -0.3954 -0.9185 -0.0000
vn -0.3707 -0.8610 -0.3482
vn -0.2585 -0.6004 -0.7568
vn 0.0058 0.0136 -0.9999
vn 0.2634 0.6118 -0.7459
vn 0.3713 0.8626 -0.3436
vn 0.2875 0.9578 -0.0000
vn 0.2700 0.8994 0.3436
vn 0.1915 0.6379 0.7459
vn 0.0042 0.0141 0.9999
vn -0.1879 -0.6261 0.7568
vn -0.2695 -0.8978 0.3482
vn -0.2875 -0.9578 -0.0000
vn -0.2695 -0.8979 -0.3482
vn -0.1879 -0.6261 -0.7568
vn 0.0042 0.0141 -0.9999
vn 0.1915 0.6379 -0.7459
vn 0.2700 0.8994 -0.3436
vn 0.1195 0.9928 -0.0000
vn 0.1123 0.9327 0.3428
vn 0.0801 0.6657 0.7419
vn 0.0035 0.0291 0.9996
vn -0.0772 -0.6411 0.7636
vn -0.1119 -0.9293 0.3519
vn -0.1195 -0.9928 -0.0000
vn -0.1119 -0.9293 -0.3519
vn -0.0772 -0.6411 -0.7636
vn 0.0035 0.0291 -0.9996
vn 0.0801 0.6657 -0.7419
vn 0.1123 0.9327 -0.3428
vn -0.1058 0.9944 -0.0000
vn -0.0994 0.9341 0.3428
vn -0.0709 0.6665 0.7421
vn -0.0030 0.0284 0.9996
vn 0.0684 -0.6425 0.7632
vn 0.0991 -0.9309 0.3517
vn 0.1058 -0.9944 -0.0000
vn 0.0991 -0.9309 -0.3517
vn 0.0684 -0.6425 -0.7632
vn -0.0030 0.0284 -0.9996
vn -0.0709 0.6665 -0.7421
vn -0.0994 0.9341 -0.3428
vn -0.3211 0.9470 -0.0000
vn -0.3017 0.8896 0.3429
vn -0.2152 0.6346 0.7422
vn -0.0090 0.0265 0.9996
vn 0.2076 -0.6122 0.7629
vn 0.3006 -0.8866 0.3515
vn 0.3211 -0.9470 -0.0000
vn 0.3006 -0.8866 -0.3515
vn 0.2076 -0.6122 -0.7629
vn -0.0090 0.0265 -0.9996
vn -0.2152 0.6346 -0.7422
vn -0.3017 0.8896 -0.3429
vn -0.5191 0.8547 -0.0000
vn -0.4876 0.8029 0.3429
vn -0.3478 0.5728 0.7422
vn -0.0145 0.0240 0.9996
vn 0.3356 -0.5526 0.7629
vn 0.4859 -0.8002 0.3515
vn 0.5191 -0.8547 -0.0000
vn 0.4859 -0.8002 -0.3515
vn 0.3356 -0.5526 -0.7629
vn -0.0145 0.0240 -0.9996
vn -0.3478 0.5728 -0.7422
vn -0.4876 0.8029 -0.3429
vn -0.6937 0.7202 -0.0000
vn -0.6517 0.6766 0.3428
vn -0.4650 0.4828 0.7421
vn -0.0198 0.0206 0.9996
vn 0.4483 -0.4654 0.7632
vn 0.6494 -0.6743 0.3517
vn 0.6937 -0.7203 -0.0000
vn 0.6494 -0.6743 -0.3517
vn 0.4483 -0.4654 -0.7632
vn -0.0198 0.0206 -0.9996
vn -0.4650 0.4828 -0.7421
vn -0.6517 0.6766 -0.3428
vn -0.8374 0.5466 -0.0000
vn -0.7866 0.5135 0.3428
vn -0.5614 0.3665 0.7419
vn -0.0245 0.0160 0.9996
vn 0.5407 -0.3530 0.7636
vn 0.7838 -0.5117 0.3519
vn 0.8374 -0.5466 -0.0000
vn 0.7838 -0.5117 -0.3519
vn 0.5407 -0.3530 -0.7636
vn -0.0245 0.0160 -0.9996
vn -0.5614 0.3665 -0.7419
vn -0.7866 0.5135 -0.3428
vn -0.9185 0.3954 -0.0000
vn -0.8626 0.3713 0.3436
vn -0.6118 0.2634 0.7459
vn -0.0136 0.0058 0.9999
vn 0.6004 -0.2585 0.7568
vn 0.8610 -0.3707 0.3482
vn 0.9185 -0.3954 -0.0000
vn 0.8610 -0.3707 -0.3482
vn 0.6004 -0.2585 -0.7568
vn -0.0136 0.0058 -0.9999
vn -0.6118 0.2634 -0.7459
vn -0.8626 0.3713 -0.3436
vn -0.8994 0.2700 0.3436
vn -0.6379 0.1915 0.7459
vn -0.0141 0.0042 0.9999
vn 0.6261 -0.1879 0.7568
vn 0.8979 -0.2695 0.3482
vn 0.8978 -0.2695 -0.3482
vn 0.6261 -0.1879 -0.7568
vn -0.0141 0.0042 -0.9999
vn -0.6379 0.1915 -0.7459
vn -0.8994 0.2700 -0.3436
vn -0.9327 0.1123 0.3428
vn -0.6657 0.0802 0.7419
vn -0.0291 0.0035 0.9996
vn 0.6411 -0.0772 0.7636
vn 0.9293 -0.1119 0.3519
vn 0.9293 -0.1119 -0.3519
vn 0.6411 -0.0772 -0.7636
vn -0.0291 0.0035 -0.9996
vn -0.6657 0.0801 -0.7419
vn -0.9327 0.1123 -0.3428
vn -0.9944 -0.1058 -0.0000
vn -0.9341 -0.0994 0.3428
vn -0.6665 -0.0709 0.7421
vn -0.0284 -0.0030 0.9996
vn 0.6425 0.0684 0.7632
vn 0.9309 0.0991 0.3517
vn 0.9309 0.0991 -0.3517
vn 0.6425 0.0684 -0.7632
vn -0.0284 -0.0030 -0.9996
vn -0.6665 -0.0709 -0.7421
vn -0.9341 -0.0994 -0.3428
vn -0.8896 -0.3017 0.3429
vn -0.6346 -0.2152 0.7422
vn -0.0265 -0.0090 0.9996
vn 0.6122 0.2076 0.7629
vn 0.8866 0.3006 0.3515
vn 0.8866 0.3006 -0.3515
vn 0.6122 0.2076 -0.7629
vn -0.0265 -0.0090 -0.9996
vn -0.6346 -0.2152 -0.7422
vn -0.8896 -0.3017 -0.3429
vn -0.8029 -0.4876 0.3429
vn -0.5728 -0.3478 0.7422
vn -0.0240 -0.0145 0.9996
vn 0.5526 0.3356 0.7629
vn 0.8002 0.4859 0.3515
vn 0.8548 0.5190 -0.0000
vn 0.8002 0.4859 -0.3515
vn 0.5526 0.3356 -0.7629
vn -0.0240 -0.0146 -0.9996
vn -0.5728 -0.3478 -0.7422
vn -0.8029 -0.4876 -0.3429
vn -0.6766 -0.6517 0.3428
vn -0.4828 -0.4650 0.7421
vn -0.0206 -0.0198 0.9996
vn 0.4654 0.4483 0.7632
vn 0.6742 0.6494 0.3517
vn 0.6742 0.6494 -0.3517
vn 0.4654 0.4483 -0.7632
vn -0.0206 -0.0198 -0.9996
vn -0.4828 -0.4650 -0.7421
vn -0.6766 -0.6517 -0.3428
vn -0.5135 -0.7866 0.3428
vn -0.3665 -0.5614 0.7419
vn -0.0160 -0.0245 0.9996
vn 0.3530 0.5407 0.7636
vn 0.5117 0.7838 0.3519
vn 0.5116 0.7838 -0.3519
vn 0.3530 0.5407 -0.7636
vn -0.0160 -0.0245 -0.9996
vn -0.3665 -0.5614 -0.7419
vn -0.5135 -0.7866 -0.3428
vn -0.3713 -0.8626 0.3436
vn -0.2634 -0.6118 0.7459
vn -0.0058 -0.0136 0.9999
vn 0.2585 0.6004 0.7568
vn 0.3707 0.8610 0.3482
vn 0.3707 0.8610 -0.3482
vn 0.2585 0.6004 -0.7568
vn -0.0058 -0.0136 -0.9999
vn -0.2634 -0.6118 -0.7459
vn -0.3713 -0.8626 -0.3436
vn -0.2700 -0.8994 0.3436
vn -0.1915 -0.6379 0.7459
vn -0.0042 -0.0141 0.9999
vn 0.1879 0.6261 0.7568
vn 0.2695 0.8978 0.3482
vn 0.2695 0.8978 -0.3482
vn 0.1879 0.6261 -0.7568
vn -0.0042 -0.0141 -0.9999
vn -0.1915 -0.6379 -0.7459
vn -0.2700 -0.8995 -0.3436
vn -0.1123 -0.9327 0.3428
vn -0.0801 -0.6657 0.7419
vn -0.0035 -0.0291 0.9996
vn 0.0772 0.6411 0.7636
vn 0.1119 0.9293 0.3519
vn 0.1119 0.9293 -0.3519
vn 0.0772 0.6411 -0.7636
vn -0.0035 -0.0291 -0.9996
vn -0.0801 -0.6657 -0.7419
vn -0.1123 -0.9327 -0.3428
vn 0.0994 -0.9341 0.3428
vn 0.0709 -0.6665 0.7421
vn 0.0030 -0.0284 0.9996
vn -0.0684 0.6425 0.7632
vn -0.0991 0.9309 0.3517
vn -0.0991 0.9309 -0.3517
vn -0.0684 0.6425 -0.7632
vn 0.0030 -0.0284 -0.9996
vn 0.0709 -0.6665 -0.7421
vn 0.0994 -0.9341 -0.3428
vn 0.3017 -0.8896 0.3429
vn 0.2152 -0.6346 0.7422
vn 0.0090 -0.0265 0.9996
vn -0.2076 0.6122 0.7629
vn -0.3006 0.8866 0.3515
vn -0.3006 0.8866 -0.3515
vn -0.2076 0.6122 -0.7629
vn 0.0090 -0.0265 -0.9996
vn 0.2152 -0.6346 -0.7422
vn 0.3017 -0.8896 -0.3429
vn 0.4876 -0.8029 0.3429
vn 0.3478 -0.5728 0.7422
vn 0.0145 -0.0240 0.9996
vn -0.3356 0.5526 0.7629
vn -0.4859 0.8002 0.3515
vn -0.4859 0.8002 -0.3515
vn -0.3356 0.5526 -0.7629
vn 0.0145 -0.0240 -0.9996
vn 0.3478 -0.5728 -0.7422
vn 0.4876 -0.8029 -0.3429
vn 0.6937 -0.7202 -0.0000
vn 0.6517 -0.6766 0.3428
vn 0.4650 -0.4828 0.7421
vn 0.0198 -0.0206 0.9996
vn -0.4483 0.4654 0.7632
vn -0.6494 0.6743 0.3517
vn -0.6937 0.7203 -0.0000
vn -0.6494 0.6743 -0.3517
vn -0.4483 0.4654 -0.7632
vn 0.0198 -0.0206 -0.9996
vn 0.4650 -0.4828 -0.7421
vn 0.6517 -0.6766 -0.3428
vn 0.7866 -0.5135 0.3428
vn 0.5614 -0.3665 0.7419
vn 0.0245 -0.0160 0.9996
vn -0.5407 0.3530 0.7636
vn -0.7838 0.5117 0.3519
vn -0.7838 0.5117 -0.3519
vn -0.5407 0.3530 -0.7636
vn 0.0245 -0.0160 -0.9996
vn 0.5614 -0.3665 -0.7419
vn 0.7866 -0.5135 -0.3428
vn 0.8626 -0.3713 0.3436
vn 0.6118 -0.2634 0.7459
vn 0.0136 -0.0058 0.9999
vn -0.6004 0.2585 0.7568
vn -0.8610 0.3707 0.3482
vn -0.8610 0.3707 -0.3482
vn -0.6004 0.2585 -0.7568
vn 0.0136 -0.0058 -0.9999
vn 0.6118 -0.2634 -0.7459
vn 0.8626 -0.3713 -0.3436
vn 0.6052 0.7850 -0.1320
vn 0.5264 0.8016 -0.2836
vn 0.2604 0.9577 -0.1223
vn 0.3337 0.9425 0.0205
vn -0.1538 0.9806 0.1218
vn -0.1063 0.9684 0.2256
vn -0.6673 0.6205 0.4119
vn -0.6740 0.6088 0.4184
vn -0.8614 -0.0615 0.5041
vn -0.9125 -0.0611 0.4045
vn -0.7331 -0.5401 0.4134
vn -0.8052 -0.5280 0.2702
vn -0.5264 -0.8016 0.2836
vn -0.6052 -0.7850 0.1321
vn -0.2524 -0.9605 0.1175
vn -0.3295 -0.9439 -0.0226
vn 0.1816 -0.9737 -0.1379
vn 0.1213 -0.9652 -0.2318
vn 0.6981 -0.5736 -0.4285
vn 0.6919 -0.5856 -0.4223
vn 0.8597 0.0943 -0.5020
vn 0.9126 0.0774 -0.4015
vn 0.7287 0.5482 -0.4105
vn 0.8031 0.5320 -0.2685
vn 0.3996 0.7874 -0.4694
vn 0.1413 0.9444 -0.2968
vn -0.2390 0.9710 -0.0026
vn -0.6713 0.6195 0.4068
vn -0.7795 -0.0529 0.6242
vn -0.6143 -0.5270 0.5872
vn -0.3996 -0.7874 0.4694
vn -0.1339 -0.9471 0.2915
vn 0.2630 -0.9646 -0.0176
vn 0.6941 -0.5746 -0.4336
vn 0.7747 0.0845 -0.6266
vn 0.6096 0.5349 -0.5851
vn 0.2560 0.7348 -0.6281
vn 0.0063 0.8951 -0.4459
vn -0.3354 0.9358 -0.1089
vn -0.6756 0.6176 0.4026
vn -0.6866 -0.0194 0.7268
vn -0.4797 -0.4780 0.7358
vn -0.2560 -0.7348 0.6281
vn 0.0004 -0.8979 0.4402
vn 0.3556 -0.9307 0.0853
vn 0.6899 -0.5765 -0.4379
vn 0.6785 0.0491 -0.7330
vn 0.4746 0.4855 -0.7342
vn 0.1014 0.6475 -0.7553
vn -0.1390 0.8131 -0.5653
vn -0.4390 0.8773 -0.1941
vn -0.6799 0.6152 0.3991
vn -0.5866 0.0371 0.8090
vn -0.3350 -0.3962 0.8548
vn -0.1014 -0.6475 0.7553
vn 0.1452 -0.8162 0.5593
vn 0.4556 -0.8743 0.1675
vn 0.6856 -0.5789 -0.4414
vn 0.5749 -0.0094 -0.8182
vn 0.3294 0.4035 -0.8536
vn -0.0596 0.5281 -0.8471
vn -0.2901 0.7009 -0.6516
vn -0.5468 0.7972 -0.2558
vn -0.6844 0.6121 0.3961
vn -0.4828 0.1146 0.8682
vn -0.1844 -0.2843 0.9408
vn 0.0596 -0.5281 0.8471
vn 0.2960 -0.7044 0.6451
vn 0.5598 -0.7971 0.2265
vn 0.6810 -0.5820 -0.4444
vn 0.4669 -0.0893 -0.8798
vn 0.1782 0.2913 -0.9399
vn -0.2211 0.3795 -0.8984
vn -0.4418 0.5613 -0.6998
vn -0.6550 0.6976 -0.2904
vn -0.6892 0.6081 0.3939
vn -0.3788 0.2110 0.9011
vn -0.0334 -0.1451 0.9889
vn 0.2211 -0.3795 0.8984
vn 0.4473 -0.5654 0.6930
vn 0.6643 -0.7011 0.2591
vn 0.6762 -0.5859 -0.4465
vn 0.3585 -0.1887 -0.9143
vn 0.0265 0.1518 -0.9881
vn -0.3368 0.2531 -0.9069
vn -0.5510 0.4430 -0.7072
vn -0.7338 0.6141 -0.2905
vn -0.6879 0.6010 0.4070
vn -0.2967 0.2865 0.9110
vn 0.0780 -0.0294 0.9965
vn 0.3368 -0.2531 0.9069
vn 0.5536 -0.4453 0.7038
vn 0.7371 -0.6175 0.2747
vn 0.6780 -0.5935 -0.4338
vn 0.2851 -0.2769 -0.9176
vn -0.0816 0.0325 -0.9961
vn -0.4089 0.1643 -0.8977
vn -0.6187 0.3595 -0.6985
vn -0.7818 0.5549 -0.2843
vn -0.6890 0.5996 0.4071
vn -0.2496 0.3446 0.9049
vn 0.1455 0.0540 0.9879
vn 0.4089 -0.1643 0.8977
vn 0.6211 -0.3619 0.6951
vn 0.7842 -0.5594 0.2686
vn 0.6769 -0.5948 -0.4336
vn 0.2371 -0.3361 -0.9115
vn -0.1493 -0.0510 -0.9875
vn -0.5064 0.0276 -0.8619
vn -0.7098 0.2307 -0.6655
vn -0.8462 0.4617 -0.2659
vn -0.6975 0.5978 0.3950
vn -0.1945 0.4382 0.8776
vn 0.2336 0.1843 0.9547
vn 0.5064 -0.0276 0.8619
vn 0.7143 -0.2360 0.6588
vn 0.8485 -0.4739 0.2355
vn 0.6679 -0.5962 -0.4455
vn 0.1673 -0.4246 -0.8898
vn -0.2415 -0.1788 -0.9538
vn -0.6114 -0.1526 -0.7765
vn -0.8085 0.0614 -0.5853
vn -0.9167 0.3410 -0.2085
vn -0.7002 0.5927 0.3981
vn -0.1262 0.5544 0.8226
vn 0.3321 0.3529 0.8747
vn 0.6114 0.1526 0.7765
vn 0.8125 -0.0672 0.5790
vn 0.9163 -0.3573 0.1809
vn 0.6653 -0.6014 -0.4424
vn 0.0971 -0.5455 -0.8325
vn -0.3402 -0.3481 -0.8736
vn -0.6841 -0.3214 -0.6548
vn -0.8768 -0.0971 -0.4710
vn -0.9654 0.2280 -0.1267
vn -0.7019 0.5880 0.4019
vn -0.0788 0.6634 0.7441
vn 0.4003 0.5108 0.7608
vn 0.6841 0.3214 0.6548
vn 0.8805 0.0909 0.4652
vn 0.9633 -0.2479 0.1026
vn 0.6636 -0.6061 -0.4386
vn 0.0485 -0.6587 -0.7508
vn -0.4084 -0.5067 -0.7592
vn -0.7233 -0.4732 -0.5028
vn -0.9137 -0.2398 -0.3282
vn -0.9917 0.1262 -0.0249
vn -0.7030 0.5838 0.4062
vn -0.0535 0.7616 0.6458
vn 0.4371 0.6530 0.6185
vn 0.7233 0.4732 0.5028
vn 0.9173 0.2331 0.3229
vn 0.9887 -0.1497 0.0043
vn 0.6625 -0.6103 -0.4343
vn 0.0222 -0.7605 -0.6490
vn -0.4453 -0.6493 -0.6165
vn -0.7280 -0.6036 -0.3251
vn -0.9180 -0.3623 -0.1613
vn -0.9948 0.0387 0.0941
vn -0.7035 0.5798 0.4110
vn -0.0509 0.8459 0.5309
vn 0.4413 0.7751 0.4522
vn 0.7280 0.6036 0.3251
vn 0.9217 0.3550 0.1565
vn 0.9917 -0.0658 -0.1108
vn 0.6620 -0.6143 -0.4295
vn 0.0189 -0.8478 -0.5299
vn -0.4497 -0.7718 -0.4495
vn -0.6961 -0.7066 -0.1272
vn -0.8881 -0.4590 0.0247
vn -0.9735 -0.0306 0.2267
vn -0.7031 0.5763 0.4165
vn -0.0720 0.9123 0.4031
vn 0.4113 0.8715 0.2670
vn 0.6961 0.7065 0.1272
vn 0.8920 0.4512 -0.0289
vn 0.9710 0.0002 -0.2389
vn 0.6623 -0.6177 -0.4240
vn 0.0400 -0.9169 -0.3972
vn -0.4198 -0.8685 -0.2636
vn -0.6481 -0.7610 0.0283
vn -0.8433 -0.5094 0.1710
vn -0.9411 -0.0614 0.3324
vn -0.6925 0.5860 0.4208
vn -0.0932 0.9495 0.2997
vn 0.3697 0.9214 0.1199
vn 0.6481 0.7610 -0.0283
vn 0.8454 0.5055 -0.1729
vn 0.9405 0.0455 -0.3366
vn 0.6734 -0.6085 -0.4199
vn 0.0778 -0.9524 -0.2947
vn -0.3739 -0.9199 -0.1179
vn -0.6052 -0.7850 0.1320
vn -0.8031 -0.5320 0.2685
vn -0.9126 -0.0774 0.4015
vn -0.6919 0.5856 0.4223
vn -0.1213 0.9652 0.2318
vn 0.3295 0.9439 0.0226
vn 0.6052 0.7850 -0.1321
vn 0.8051 0.5280 -0.2702
vn 0.9125 0.0612 -0.4045
vn 0.6740 -0.6088 -0.4184
vn 0.1063 -0.9684 -0.2256
vn -0.3336 -0.9425 -0.0205
vn -0.7287 -0.5482 0.4105
vn -0.8597 -0.0943 0.5020
vn -0.6981 0.5736 0.4285
vn -0.1816 0.9737 0.1379
vn 0.2524 0.9605 -0.1175
vn 0.7331 0.5401 -0.4134
vn 0.8614 0.0615 -0.5041
vn 0.6673 -0.6205 -0.4119
vn 0.1538 -0.9806 -0.1218
vn -0.2604 -0.9577 0.1223
vn -0.6096 -0.5349 0.5851
vn -0.7747 -0.0845 0.6266
vn -0.6941 0.5746 0.4336
vn -0.2630 0.9646 0.0176
vn 0.1339 0.9471 -0.2915
vn 0.6143 0.5270 -0.5872
vn 0.7795 0.0529 -0.6242
vn 0.6713 -0.6195 -0.4068
vn 0.2390 -0.9710 0.0026
vn -0.1413 -0.9444 0.2968
vn -0.4746 -0.4855 0.7342
vn -0.6785 -0.0491 0.7330
vn -0.6899 0.5765 0.4379
vn -0.3556 0.9307 -0.0853
vn -0.0004 0.8979 -0.4402
vn 0.4797 0.4780 -0.7358
vn 0.6866 0.0194 -0.7268
vn 0.6756 -0.6176 -0.4026
vn 0.3354 -0.9358 0.1089
vn -0.0063 -0.8951 0.4459
vn -0.3294 -0.4035 0.8536
vn -0.5749 0.0094 0.8182
vn -0.6856 0.5789 0.4414
vn -0.4556 0.8743 -0.1675
vn -0.1452 0.8162 -0.5593
vn 0.3350 0.3963 -0.8548
vn 0.5866 -0.0371 -0.8090
vn 0.6799 -0.6152 -0.3991
vn 0.4390 -0.8773 0.1941
vn 0.1390 -0.8131 0.5653
vn -0.1782 -0.2913 0.9399
vn -0.4669 0.0893 0.8798
vn -0.6810 0.5820 0.4444
vn -0.5598 0.7971 -0.2265
vn -0.2960 0.7044 -0.6451
vn 0.1844 0.2843 -0.9408
vn 0.4828 -0.1146 -0.8682
vn 0.6844 -0.6121 -0.3961
vn 0.5468 -0.7972 0.2558
vn 0.2901 -0.7009 0.6516
vn -0.0265 -0.1518 0.9881
vn -0.3585 0.1887 0.9143
vn -0.6762 0.5859 0.4465
vn -0.6643 0.7011 -0.2591
vn -0.4473 0.5654 -0.6930
vn 0.0334 0.1451 -0.9889
vn 0.3788 -0.2110 -0.9011
vn 0.6892 -0.6081 -0.3939
vn 0.6550 -0.6976 0.2904
vn 0.4418 -0.5613 0.6998
vn 0.0816 -0.0325 0.9961
vn -0.2851 0.2769 0.9176
vn -0.6780 0.5935 0.4338
vn -0.7371 0.6175 -0.2747
vn -0.5536 0.4453 -0.7038
vn -0.0780 0.0294 -0.9965
vn 0.2967 -0.2865 -0.9110
vn 0.6879 -0.6010 -0.4070
vn 0.7338 -0.6141 0.2905
vn 0.5510 -0.4430 0.7072
vn 0.1493 0.0510 0.9875
vn -0.2371 0.3361 0.9115
vn -0.6769 0.5948 0.4336
vn -0.7842 0.5594 -0.2686
vn -0.6211 0.3619 -0.6951
vn -0.1455 -0.0540 -0.9879
vn 0.2496 -0.3446 -0.9049
vn 0.6890 -0.5996 -0.4071
vn 0.7818 -0.5549 0.2843
vn 0.6187 -0.3595 0.6985
vn 0.2415 0.1788 0.9538
vn -0.1673 0.4246 0.8898
vn -0.6679 0.5962 0.4455
vn -0.8485 0.4739 -0.2355
vn -0.7143 0.2361 -0.6588
vn -0.2336 -0.1843 -0.9547
vn 0.1945 -0.4382 -0.8776
vn 0.6975 -0.5978 -0.3950
vn 0.8463 -0.4617 0.2659
vn 0.7098 -0.2307 0.6655
vn 0.3402 0.3481 0.8736
vn -0.0971 0.5455 0.8325
vn -0.6653 0.6014 0.4424
vn -0.9163 0.3573 -0.1809
vn -0.8125 0.0672 -0.5790
vn -0.3321 -0.3529 -0.8747
vn 0.1262 -0.5544 -0.8226
vn 0.7002 -0.5927 -0.3981
vn 0.9167 -0.3410 0.2085
vn 0.8085 -0.0614 0.5853
vn 0.4084 0.5067 0.7592
vn -0.0485 0.6587 0.7508
vn -0.6636 0.6061 0.4386
vn -0.9633 0.2479 -0.1026
vn -0.8805 -0.0909 -0.4652
vn -0.4003 -0.5108 -0.7608
vn 0.0788 -0.6635 -0.7441
vn 0.7019 -0.5880 -0.4019
vn 0.9654 -0.2280 0.1267
vn 0.8768 0.0971 0.4710
vn 0.4453 0.6493 0.6165
vn -0.0222 0.7605 0.6490
vn -0.6625 0.6103 0.4343
vn -0.9887 0.1497 -0.0043
vn -0.9173 -0.2331 -0.3229
vn -0.4371 -0.6530 -0.6185
vn 0.0535 -0.7616 -0.6458
vn 0.7030 -0.5838 -0.4062
vn 0.9917 -0.1262 0.0249
vn 0.9137 0.2398 0.3282
vn 0.4497 0.7718 0.4495
vn -0.0189 0.8478 0.5299
vn -0.6620 0.6143 0.4295
vn -0.9917 0.0658 0.1108
vn -0.9217 -0.3550 -0.1565
vn -0.4413 -0.7751 -0.4522
vn 0.0509 -0.8459 -0.5309
vn 0.7035 -0.5798 -0.4110
vn 0.9948 -0.0387 -0.0941
vn 0.9180 0.3623 0.1613
vn 0.6961 0.7066 0.1272
vn 0.4198 0.8685 0.2636
vn -0.0400 0.9169 0.3972
vn -0.6623 0.6177 0.4240
vn -0.9710 -0.0002 0.2389
vn -0.8920 -0.4512 0.0289
vn -0.6962 -0.7065 -0.1272
vn -0.4113 -0.8715 -0.2670
vn 0.0720 -0.9123 -0.4031
vn 0.7031 -0.5763 -0.4165
vn 0.9735 0.0306 -0.2267
vn 0.8881 0.4590 -0.0247
vn 0.3739 0.9199 0.1179
vn -0.0778 0.9524 0.2947
vn -0.6734 0.6085 0.4200
vn -0.9405 -0.0455 0.3366
vn -0.8453 -0.5055 0.1729
vn -0.3697 -0.9214 -0.1199
vn 0.0932 -0.9495 -0.2997
vn 0.6925 -0.5860 -0.4208
vn 0.9411 0.0614 -0.3324
vn 0.8433 0.5094 -0.1710
vn -0.8979 0.2695 0.3482
vn 0.6657 -0.0801 -0.7419
vn -0.5116 -0.7838 0.3519
vn -0.5117 -0.7838 -0.3519
vn -0.2695 -0.8978 -0.3482
vn 0.5190 -0.8547 -0.0000
vn 0.8978 -0.2695 0.3482
vn 0.8979 -0.2695 -0.3482
vn -0.6657 0.0801 0.7419
vn -0.0240 -0.0146 0.9996
vn -0.0240 -0.0145 -0.9996
vn 0.5116 0.7838 0.3519
vn -0.2700 -0.8994 -0.3436
vn -0.5190 0.8548 -0.0000
vn 0.7867 -0.5135 -0.3428
vn 0.5256 0.8507 -0.0000
vn 0.3724 0.9281 -0.0000
vn 0.3499 0.8718 0.3428
vn 0.4936 0.7989 0.3436
vn 0.2497 0.6222 0.7419
vn 0.3501 0.5666 0.7459
vn 0.0109 0.0272 0.9996
vn 0.0078 0.0126 0.9999
vn -0.2405 -0.5993 0.7636
vn -0.3436 -0.5561 0.7568
vn -0.3486 -0.8687 0.3519
vn -0.4927 -0.7975 0.3482
vn -0.3724 -0.9281 -0.0000
vn -0.5256 -0.8507 -0.0000
vn -0.3486 -0.8687 -0.3519
vn -0.4927 -0.7975 -0.3482
vn -0.2405 -0.5993 -0.7636
vn -0.3436 -0.5561 -0.7568
vn 0.0109 0.0272 -0.9996
vn 0.0078 0.0126 -0.9999
vn 0.2497 0.6222 -0.7419
vn 0.3501 0.5666 -0.7459
vn 0.3499 0.8718 -0.3428
vn 0.4936 0.7989 -0.3436
vn 0.1552 0.9879 -0.0000
vn 0.1458 0.9280 0.3428
vn 0.1040 0.6622 0.7421
vn 0.0044 0.0282 0.9996
vn -0.1003 -0.6384 0.7632
vn -0.1452 -0.9248 0.3517
vn -0.1551 -0.9879 -0.0000
vn -0.1452 -0.9248 -0.3517
vn -0.1002 -0.6384 -0.7632
vn 0.0044 0.0282 -0.9996
vn 0.1040 0.6622 -0.7421
vn 0.1458 0.9280 -0.3428
vn -0.0651 0.9979 -0.0000
vn -0.0611 0.9374 0.3429
vn -0.0436 0.6687 0.7422
vn -0.0018 0.0280 0.9996
vn 0.0421 -0.6451 0.7629
vn 0.0609 -0.9342 0.3515
vn 0.0651 -0.9979 -0.0000
vn 0.0609 -0.9342 -0.3515
vn 0.0421 -0.6451 -0.7629
vn -0.0018 0.0280 -0.9996
vn -0.0436 0.6687 -0.7422
vn -0.0611 0.9374 -0.3429
vn -0.2802 0.9600 -0.0000
vn -0.2632 0.9018 0.3429
vn -0.1877 0.6433 0.7422
vn -0.0079 0.0269 0.9996
vn 0.1811 -0.6206 0.7629
vn 0.2623 -0.8987 0.3515
vn 0.2801 -0.9600 -0.0000
vn 0.2623 -0.8987 -0.3515
vn 0.1811 -0.6206 -0.7629
vn -0.0079 0.0269 -0.9996
vn -0.1877 0.6433 -0.7422
vn -0.2632 0.9018 -0.3429
vn -0.4837 0.8753 -0.0000
vn -0.4544 0.8222 0.3428
vn -0.3242 0.5867 0.7421
vn -0.0138 0.0250 0.9996
vn 0.3125 -0.5656 0.7632
vn 0.4528 -0.8193 0.3517
vn 0.4837 -0.8753 -0.0000
vn 0.4528 -0.8193 -0.3517
vn 0.3125 -0.5656 -0.7632
vn -0.0138 0.0250 -0.9996
vn -0.3242 0.5867 -0.7421
vn -0.4544 0.8222 -0.3428
vn -0.6674 0.7447 -0.0000
vn -0.6269 0.6996 0.3428
vn -0.4475 0.4993 0.7419
vn -0.0195 0.0218 0.9996
vn 0.4310 -0.4809 0.7636
vn 0.6247 -0.6971 0.3519
vn 0.6674 -0.7447 -0.0000
vn 0.6247 -0.6971 -0.3519
vn 0.4310 -0.4809 -0.7636
vn -0.0195 0.0218 -0.9996
vn -0.4475 0.4993 -0.7419
vn -0.6269 0.6996 -0.3428
vn -0.7849 0.6197 -0.0000
vn -0.7371 0.5819 0.3436
vn -0.5228 0.4127 0.7459
vn -0.0116 0.0092 0.9999
vn 0.5131 -0.4051 0.7568
vn 0.7358 -0.5809 0.3482
vn 0.7849 -0.6197 -0.0000
vn 0.7358 -0.5809 -0.3482
vn 0.5131 -0.4050 -0.7568
vn -0.0116 0.0091 -0.9999
vn -0.5228 0.4127 -0.7459
vn -0.7371 0.5819 -0.3436
vn -0.8507 0.5256 -0.0000
vn -0.7989 0.4936 0.3436
vn -0.5666 0.3501 0.7459
vn -0.0126 0.0078 0.9999
vn 0.5561 -0.3436 0.7568
vn 0.7975 -0.4927 0.3482
vn 0.8507 -0.5256 -0.0000
vn 0.7975 -0.4927 -0.3482
vn 0.5561 -0.3436 -0.7568
vn -0.0126 0.0078 -0.9999
vn -0.5666 0.3501 -0.7459
vn -0.7989 0.4936 -0.3436
vn -0.9281 0.3724 -0.0000
vn -0.8718 0.3499 0.3428
vn -0.6222 0.2497 0.7419
vn -0.0272 0.0109 0.9996
vn 0.5993 -0.2405 0.7636
vn 0.8687 -0.3486 0.3519
vn 0.9281 -0.3724 -0.0000
vn 0.8687 -0.3486 -0.3519
vn 0.5993 -0.2405 -0.7636
vn -0.0272 0.0109 -0.9996
vn -0.6222 0.2497 -0.7419
vn -0.8718 0.3499 -0.3428
vn -0.9879 0.1551 -0.0000
vn -0.9280 0.1457 0.3428
vn -0.6622 0.1040 0.7421
vn -0.0282 0.0044 0.9996
vn 0.6384 -0.1003 0.7632
vn 0.9248 -0.1452 0.3517
vn 0.9879 -0.1552 -0.0000
vn 0.9248 -0.1452 -0.3517
vn 0.6383 -0.1003 -0.7632
vn -0.0282 0.0044 -0.9996
vn -0.6622 0.1040 -0.7421
vn -0.9280 0.1458 -0.3428
vn -0.9979 -0.0651 -0.0000
vn -0.9374 -0.0611 0.3429
vn -0.6687 -0.0436 0.7422
vn -0.0280 -0.0018 0.9996
vn 0.6451 0.0421 0.7629
vn 0.9342 0.0609 0.3515
vn 0.9979 0.0651 -0.0000
vn 0.9342 0.0609 -0.3515
vn 0.6451 0.0421 -0.7629
vn -0.0280 -0.0018 -0.9996
vn -0.6687 -0.0436 -0.7422
vn -0.9374 -0.0611 -0.3429
vn -0.9600 -0.2802 -0.0000
vn -0.9018 -0.2632 0.3429
vn -0.6433 -0.1877 0.7422
vn -0.0269 -0.0079 0.9996
vn 0.6206 0.1811 0.7629
vn 0.8987 0.2623 0.3515
vn 0.9600 0.2801 -0.0000
vn 0.8987 0.2623 -0.3515
vn 0.6206 0.1811 -0.7629
vn -0.0269 -0.0079 -0.9996
vn -0.6433 -0.1877 -0.7422
vn -0.9018 -0.2632 -0.3429
vn -0.8752 -0.4837 -0.0000
vn -0.8222 -0.4544 0.3428
vn -0.5867 -0.3242 0.7421
vn -0.0250 -0.0138 0.9996
vn 0.5656 0.3125 0.7632
vn 0.8194 0.4528 0.3517
vn 0.8753 0.4836 -0.0000
vn 0.8194 0.4527 -0.3517
vn 0.5656 0.3125 -0.7632
vn -0.0250 -0.0138 -0.9996
vn -0.5867 -0.3242 -0.7421
vn -0.8222 -0.4544 -0.3428
vn -0.7447 -0.6674 -0.0000
vn -0.6996 -0.6269 0.3428
vn -0.4993 -0.4475 0.7419
vn -0.0218 -0.0195 0.9996
vn 0.4809 0.4309 0.7636
vn 0.6971 0.6247 0.3519
vn 0.7447 0.6674 -0.0000
vn 0.6971 0.6247 -0.3519
vn 0.4809 0.4309 -0.7636
vn -0.0218 -0.0195 -0.9996
vn -0.4993 -0.4475 -0.7419
vn -0.6996 -0.6269 -0.3428
vn -0.6196 -0.7849 -0.0000
vn -0.5819 -0.7371 0.3436
vn -0.4127 -0.5228 0.7459
vn -0.0091 -0.0116 0.9999
vn 0.4051 0.5131 0.7568
vn 0.5809 0.7358 0.3482
vn 0.6197 0.7849 -0.0000
vn 0.5809 0.7358 -0.3482
vn 0.4051 0.5130 -0.7568
vn -0.0092 -0.0116 -0.9999
vn -0.4127 -0.5228 -0.7459
vn -0.5819 -0.7371 -0.3436
vn -0.4936 -0.7989 0.3436
vn -0.3501 -0.5666 0.7459
vn -0.0078 -0.0126 0.9999
vn 0.3436 0.5561 0.7568
vn 0.4927 0.7975 0.3482
vn 0.4927 0.7975 -0.3482
vn 0.3436 0.5561 -0.7568
vn -0.0078 -0.0126 -0.9999
vn -0.3501 -0.5666 -0.7459
vn -0.4936 -0.7989 -0.3436
vn -0.3499 -0.8718 0.3428
vn -0.2497 -0.6222 0.7419
vn -0.0109 -0.0272 0.9996
vn 0.2405 0.5993 0.7636
vn 0.3486 0.8687 0.3519
vn 0.3486 0.8687 -0.3519
vn 0.2405 0.5993 -0.7636
vn -0.0109 -0.0272 -0.9996
vn -0.2497 -0.6222 -0.7419
vn -0.3499 -0.8718 -0.3428
vn -0.1552 -0.9879 -0.0000
vn -0.1458 -0.9280 0.3428
vn -0.1040 -0.6622 0.7421
vn -0.0044 -0.0282 0.9996
vn 0.1003 0.6384 0.7632
vn 0.1452 0.9248 0.3517
vn 0.1551 0.9879 -0.0000
vn 0.1452 0.9248 -0.3517
vn 0.1002 0.6384 -0.7632
vn -0.0044 -0.0282 -0.9996
vn -0.1040 -0.6622 -0.7421
vn -0.1457 -0.9280 -0.3428
vn 0.0611 -0.9374 0.3429
vn 0.0436 -0.6687 0.7422
vn 0.0018 -0.0280 0.9996
vn -0.0421 0.6451 0.7629
vn -0.0609 0.9342 0.3515
vn -0.0609 0.9342 -0.3515
vn -0.0421 0.6451 -0.7629
vn 0.0018 -0.0280 -0.9996
vn 0.0436 -0.6687 -0.7422
vn 0.0611 -0.9374 -0.3429
vn 0.2802 -0.9600 -0.0000
vn 0.2632 -0.9018 0.3429
vn 0.1877 -0.6433 0.7422
vn 0.0079 -0.0269 0.9996
vn -0.1811 0.6206 0.7629
vn -0.2623 0.8987 0.3515
vn -0.2801 0.9600 -0.0000
vn -0.2623 0.8987 -0.3515
vn -0.1811 0.6206 -0.7629
vn 0.0079 -0.0269 -0.9996
vn 0.1877 -0.6433 -0.7422
vn 0.2632 -0.9018 -0.3429
vn 0.4837 -0.8752 -0.0000
vn 0.4544 -0.8222 0.3428
vn 0.3242 -0.5867 0.7421
vn 0.0138 -0.0250 0.9996
vn -0.3125 0.5656 0.7632
vn -0.4528 0.8193 0.3517
vn -0.4837 0.8752 -0.0000
vn -0.4528 0.8193 -0.3517
vn -0.3125 0.5656 -0.7632
vn 0.0138 -0.0250 -0.9996
vn 0.3242 -0.5867 -0.7421
vn 0.4544 -0.8222 -0.3428
vn 0.6269 -0.6996 0.3428
vn 0.4475 -0.4993 0.7419
vn 0.0195 -0.0218 0.9996
vn -0.4310 0.4809 0.7636
vn -0.6247 0.6971 0.3519
vn -0.6247 0.6971 -0.3519
vn -0.4310 0.4809 -0.7636
vn 0.0195 -0.0218 -0.9996
vn 0.4475 -0.4993 -0.7419
vn 0.6269 -0.6996 -0.3428
vn 0.7371 -0.5819 0.3436
vn 0.5228 -0.4127 0.7459
vn 0.0116 -0.0092 0.9999
vn -0.5131 0.4051 0.7568
vn -0.7358 0.5809 0.3482
vn -0.7358 0.5809 -0.3482
vn -0.5131 0.4050 -0.7568
vn 0.0116 -0.0091 -0.9999
vn 0.5228 -0.4127 -0.7459
vn 0.7371 -0.5819 -0.3436
vn 0.7989 -0.4936 0.3436
vn 0.5666 -0.3501 0.7459
vn 0.0126 -0.0078 0.9999
vn -0.5561 0.3436 0.7568
vn -0.7975 0.4927 0.3482
vn -0.7975 0.4927 -0.3482
vn -0.5561 0.3436 -0.7568
vn 0.0126 -0.0078 -0.9999
vn 0.5666 -0.3501 -0.7459
vn 0.7989 -0.4936 -0.3436
vn 0.8718 -0.3499 0.3428
vn 0.6222 -0.2497 0.7419
vn 0.0272 -0.0109 0.9996
vn -0.5993 0.2405 0.7636
vn -0.8687 0.3486 0.3519
vn -0.8687 0.3486 -0.3519
vn -0.5993 0.2405 -0.7636
vn 0.0272 -0.0109 -0.9996
vn 0.6222 -0.2497 -0.7419
vn 0.8718 -0.3499 -0.3428
vn 0.9879 -0.1551 -0.0000
vn 0.9280 -0.1458 0.3428
vn 0.6622 -0.1040 0.7421
vn 0.0282 -0.0044 0.9996
vn -0.6383 0.1003 0.7632
vn -0.9248 0.1452 0.3517
vn -0.9248 0.1452 -0.3517
vn -0.6384 0.1003 -0.7632
vn 0.0282 -0.0044 -0.9996
vn 0.6622 -0.1040 -0.7421
vn 0.9280 -0.1457 -0.3428
vn 0.9374 0.0611 0.3429
vn 0.6687 0.0436 0.7422
vn 0.0280 0.0018 0.9996
vn -0.6451 -0.0421 0.7629
vn -0.9342 -0.0609 0.3515
vn -0.9342 -0.0609 -0.3515
vn -0.6451 -0.0421 -0.7629
vn 0.0280 0.0018 -0.9996
vn 0.6687 0.0436 -0.7422
vn 0.9374 0.0611 -0.3429
vn 0.9600 0.2802 -0.0000
vn 0.9018 0.2632 0.3429
vn 0.6433 0.1877 0.7422
vn 0.0269 0.0078 0.9996
vn -0.6206 -0.1811 0.7629
vn -0.8987 -0.2623 0.3515
vn -0.9600 -0.2801 -0.0000
vn -0.8987 -0.2623 -0.3515
vn -0.6206 -0.1811 -0.7629
vn 0.0269 0.0079 -0.9996
vn 0.6433 0.1877 -0.7422
vn 0.9018 0.2632 -0.3429
vn 0.8752 0.4837 -0.0000
vn 0.8222 0.4544 0.3428
vn 0.5867 0.3242 0.7421
vn 0.0250 0.0138 0.9996
vn -0.5656 -0.3125 0.7632
vn -0.8194 -0.4528 0.3517
vn -0.8753 -0.4836 -0.0000
vn -0.8194 -0.4527 -0.3517
vn -0.5656 -0.3125 -0.7632
vn 0.0250 0.0138 -0.9996
vn 0.5867 0.3242 -0.7421
vn 0.8222 0.4544 -0.3428
vn 0.6996 0.6269 0.3428
vn 0.4993 0.4475 0.7419
vn 0.0218 0.0195 0.9996
vn -0.4809 -0.4309 0.7636
vn -0.6971 -0.6247 0.3519
vn -0.6971 -0.6247 -0.3519
vn -0.4809 -0.4310 -0.7636
vn 0.0218 0.0195 -0.9996
vn 0.4993 0.4475 -0.7419
vn 0.6996 0.6269 -0.3428
vn 0.6196 0.7849 -0.0000
vn 0.5819 0.7371 0.3436
vn 0.4127 0.5228 0.7459
vn 0.0092 0.0116 0.9999
vn -0.4051 -0.5131 0.7568
vn -0.5809 -0.7358 0.3482
vn -0.6197 -0.7849 -0.0000
vn -0.5809 -0.7358 -0.3482
vn -0.4051 -0.5130 -0.7568
vn 0.0091 0.0116 -0.9999
vn 0.4127 0.5228 -0.7459
vn 0.5819 0.7371 -0.3436
vt 0.500000 0.000000
vt 0.500000 0.062500
vt 0.531250 0.062500
vt 0.531250 0.000000
vt 0.562500 0.062500
vt 0.562500 0.000000
vt 0.593750 0.062500
vt 0.593750 0.000000
vt 0.625000 0.062500
vt 0.625000 0.000000
vt 0.656250 0.062500
vt 0.656250 0.000000
vt 0.687500 0.062500
vt 0.687500 0.000000
vt 0.718750 0.062500
vt 0.718750 0.000000
vt 0.750000 0.062500
vt 0.750000 0.000000
vt 0.781250 0.062500
vt 0.781250 0.000000
vt 0.812500 0.062500
vt 0.812500 0.000000
vt 0.843750 0.062500
vt 0.843750 0.000000
vt 0.875000 0.062500
vt 0.875000 0.000000
vt 0.906250 0.062500
vt 0.906250 0.000000
vt 0.937500 0.062500
vt 0.937500 0.000000
vt 0.968750 0.062500
vt 0.968750 0.000000
vt 1.000000 0.062500
vt 0.500000 0.062500
vt 0.562500 0.062500
vt 0.625000 0.062500
vt 0.812500 0.062500
vt 0.937500 0.062500
vt 1.000000 0.062500
vt -8.175485 -17.355247
vt -24.957035 -16.967083
vt -24.781431 -16.214577
vt -8.131346 -16.587574
vt -24.301674 -14.158693
vt -8.010754 -14.490249
vt -23.646315 -11.350306
vt -7.846024 -11.625250
vt -22.990953 -8.541917
vt -7.681294 -8.760250
vt -22.511196 -6.486034
vt -7.560701 -6.662924
vt -22.335594 -5.733529
vt -7.516562 -5.895250
vt -22.511198 -6.486035
vt -7.560701 -6.662925
vt -22.990955 -8.541918
vt -7.681294 -8.760249
vt -7.846024 -11.625249
vt -24.301676 -14.158693
vt -8.010754 -14.490250
vt -24.781433 -16.214579
vt -28.368958 -15.746256
vt -28.029432 -15.052404
vt -27.101833 -13.156764
vt -25.834709 -10.567273
vt -24.567585 -7.977781
vt -23.639986 -6.082142
vt -23.300461 -5.388290
vt -23.639988 -6.082143
vt -24.567585 -7.977782
vt -31.372379 -13.835723
vt -30.889193 -13.233256
vt -29.569098 -11.587288
vt -27.765816 -9.338852
vt -25.962534 -7.090417
vt -24.642439 -5.444448
vt -24.159252 -4.841981
vt -24.642441 -5.444448
vt -29.569098 -11.587287
vt -30.889193 -13.233257
vt -33.873821 -11.334274
vt -33.271351 -10.851090
vt -31.625372 -9.531008
vt -29.376925 -7.727740
vt -27.128475 -5.924473
vt -25.482498 -4.604390
vt -24.880028 -4.121206
vt -25.482500 -4.604390
vt -27.128477 -5.924473
vt -31.625372 -9.531007
vt -33.271351 -10.851091
vt -35.784378 -8.330779
vt -35.090519 -7.991268
vt -33.194859 -7.063707
vt -30.605343 -5.796637
vt -28.015825 -4.529566
vt -26.120167 -3.602005
vt -25.426308 -3.262494
vt -26.120167 -3.602005
vt -28.015825 -4.529565
vt -37.005219 -4.918697
vt -36.252705 -4.743130
vt -34.196800 -4.263469
vt -31.388380 -3.608239
vt -28.579960 -2.953010
vt -26.524055 -2.473349
vt -25.771542 -2.297781
vt -28.579960 -2.953010
vt -34.196800 -4.263468
vt -36.252708 -4.743130
vt -37.393326 -1.554595
vt -36.625652 -1.510471
vt -34.528324 -1.389922
vt -31.663321 -1.225249
vt -28.798317 -1.060575
vt -26.700989 -0.940026
vt -25.933313 -0.895902
vt -26.700991 -0.940026
vt -28.798317 -1.060575
vt -31.663321 -1.225248
vt -34.528324 -1.389921
vt -36.625652 -1.510470
vt -37.393326 3.554605
vt -36.625652 3.510479
vt -34.528324 3.389926
vt -31.663321 3.225248
vt -28.798317 3.060570
vt -26.700991 2.940017
vt -25.933315 2.895892
vt -26.700991 2.940017
vt -28.798319 3.060570
vt -31.663321 3.225249
vt -34.528324 3.389927
vt -36.625652 3.510480
vt -37.005219 6.918710
vt -36.252705 6.743140
vt -34.196796 6.263475
vt -31.388380 5.608241
vt -28.579962 4.953007
vt -26.524057 4.473342
vt -25.771544 4.297772
vt -26.524057 4.473342
vt -28.579962 4.953007
vt -31.388380 5.608242
vt -34.196796 6.263475
vt -35.784378 10.330790
vt -35.090523 9.991278
vt -33.194862 9.063713
vt -30.605349 7.796638
vt -28.015833 6.529562
vt -26.120176 5.601999
vt -25.426317 5.262487
vt -26.120176 5.601999
vt -28.015833 6.529563
vt -30.605349 7.796638
vt -33.873688 13.334443
vt -33.271233 12.851236
vt -31.625305 11.531092
vt -29.376925 9.727741
vt -27.128544 7.924390
vt -25.482615 6.604246
vt -24.880163 6.121039
vt -25.482615 6.604247
vt -27.128544 7.924391
vt -33.271236 12.851237
vt -31.372368 15.835730
vt -30.889181 15.233263
vt -29.569090 13.587291
vt -27.765812 11.338853
vt -25.962534 9.090414
vt -24.642443 7.444443
vt -24.159256 6.841976
vt -24.642443 7.444444
vt -25.962534 9.090415
vt -29.569090 13.587292
vt -30.889183 15.233263
vt -28.369020 17.746223
vt -28.029486 17.052376
vt -27.101864 15.156748
vt -25.834707 12.567272
vt -24.567551 9.977797
vt -23.639929 8.082170
vt -23.300394 7.388321
vt -23.639929 8.082170
vt -24.567551 9.977798
vt -27.101864 15.156747
vt -28.029488 17.052376
vt -24.956945 18.967104
vt -24.781355 18.214596
vt -24.301630 16.158705
vt -23.646313 13.350306
vt -22.990995 10.541906
vt -22.511271 8.486015
vt -22.335680 7.733508
vt -22.511271 8.486017
vt -22.990995 10.541907
vt -24.301628 16.158703
vt -8.175476 19.355247
vt -8.131339 18.587574
vt -8.010750 16.490248
vt -7.846022 13.625247
vt -7.681295 10.760246
vt -7.560711 8.662922
vt -7.516570 7.895247
vt -7.560710 8.662922
vt -7.681295 10.760248
vt -7.846022 13.625248
vt -8.010750 16.490246
vt -8.131337 18.587574
vt 37.393326 -1.554600
vt 37.005219 -4.918705
vt 36.252705 -4.743135
vt 36.625652 -1.510475
vt 34.196800 -4.263473
vt 34.528324 -1.389924
vt 31.388380 -3.608241
vt 31.663321 -1.225248
vt 28.579962 -2.953009
vt 28.798317 -1.060572
vt 26.524055 -2.473346
vt 26.700989 -0.940022
vt 25.771544 -2.297778
vt 25.933315 -0.895897
vt 26.524057 -2.473347
vt 26.700991 -0.940022
vt 28.579962 -2.953010
vt 28.798317 -1.060573
vt 31.388380 -3.608242
vt 31.663321 -1.225249
vt 34.196796 -4.263473
vt 34.528324 -1.389924
vt 36.252705 -4.743136
vt 36.625652 -1.510475
vt 35.784382 -8.330784
vt 35.090523 -7.991273
vt 33.194866 -7.063711
vt 30.605349 -5.796638
vt 28.015831 -4.529564
vt 26.120174 -3.602003
vt 25.426315 -3.262492
vt 28.015833 -4.529565
vt 30.605349 -5.796638
vt 35.090523 -7.991274
vt 33.873688 -11.334438
vt 33.271236 -10.851233
vt 31.625307 -9.531090
vt 29.376925 -7.727741
vt 27.128542 -5.924392
vt 25.482611 -4.604250
vt 24.880159 -4.121044
vt 25.482613 -4.604250
vt 27.128542 -5.924393
vt 33.271240 -10.851233
vt 31.372374 -13.835726
vt 30.889185 -13.233259
vt 29.569092 -11.587290
vt 27.765812 -9.338853
vt 25.962532 -7.090416
vt 24.642439 -5.444446
vt 24.159250 -4.841980
vt 24.642439 -5.444447
vt 25.962532 -7.090417
vt 30.889187 -13.233260
vt 28.369024 -15.746220
vt 28.029491 -15.052372
vt 27.101866 -13.156746
vt 25.834707 -10.567272
vt 24.567549 -7.977798
vt 23.639923 -6.082171
vt 23.300390 -5.388324
vt 23.639925 -6.082172
vt 24.567549 -7.977798
vt 28.029491 -15.052374
vt 24.956951 -16.967102
vt 24.781359 -16.214594
vt 24.301632 -14.158704
vt 23.646313 -11.350306
vt 22.990993 -8.541907
vt 22.511267 -6.486017
vt 22.335674 -5.733509
vt 22.511267 -6.486018
vt 22.990993 -8.541908
vt 24.301632 -14.158703
vt 24.781359 -16.214596
vt 21.592777 -17.355247
vt 21.548639 -16.587574
vt 21.428049 -14.490248
vt 21.263321 -11.625248
vt 21.098593 -8.760247
vt 20.978003 -6.662922
vt 20.933865 -5.895247
vt 20.978003 -6.662923
vt 21.098593 -8.760248
vt -21.592783 -17.355247
vt -21.548643 -16.587574
vt -21.428051 -14.490248
vt -21.263321 -11.625248
vt -21.098591 -8.760248
vt -20.977999 -6.662922
vt -20.933859 -5.895248
vt -20.977999 -6.662923
vt -21.592773 19.355247
vt -21.548635 18.587574
vt -21.428047 16.490248
vt -21.263321 13.625248
vt -21.098595 10.760247
vt -20.978008 8.662922
vt -20.933868 7.895247
vt -20.978006 8.662923
vt -21.098595 10.760248
vt -21.548634 18.587574
vt 21.592787 19.355247
vt 21.548647 18.587574
vt 21.428053 16.490248
vt 21.263321 13.625248
vt 21.098587 10.760248
vt 20.977995 8.662923
vt 20.933855 7.895248
vt 20.977995 8.662924
vt 21.098589 10.760248
vt 21.428055 16.490248
vt 24.957041 18.967081
vt 24.781437 18.214577
vt 24.301678 16.158693
vt 23.646315 13.350306
vt 22.990952 10.541918
vt 22.511192 8.486035
vt 22.335588 7.733530
vt 22.511192 8.486036
vt 28.368961 17.746254
vt 28.029436 17.052402
vt 27.101835 15.156763
vt 25.834709 12.567273
vt 24.567583 9.977783
vt 23.639982 8.082145
vt 23.300457 7.388293
vt 23.639984 8.082146
vt 31.372383 15.835720
vt 30.889194 15.233254
vt 29.569099 13.587286
vt 27.765816 11.338852
vt 25.962532 9.090418
vt 24.642437 7.444449
vt 24.159248 6.841983
vt 24.642437 7.444450
vt 30.889196 15.233255
vt 33.873821 13.334270
vt 33.271351 12.851088
vt 31.625374 11.531006
vt 29.376925 9.727740
vt 27.128475 7.924475
vt 25.482496 6.604393
vt 24.880026 6.121210
vt 25.482498 6.604394
vt 27.128475 7.924475
vt 31.625374 11.531005
vt 33.271355 12.851088
vt 35.784378 10.330774
vt 35.090519 9.991264
vt 33.194862 9.063705
vt 30.605343 7.796637
vt 28.015823 6.529568
vt 26.120165 5.602009
vt 25.426306 5.262499
vt 26.120167 5.602009
vt 28.015825 6.529568
vt 35.090523 9.991264
vt 37.005219 6.918693
vt 36.252705 6.743125
vt 34.196800 6.263466
vt 31.388380 5.608239
vt 28.579960 4.953012
vt 26.524054 4.473353
vt 25.771540 4.297785
vt 26.524055 4.473353
vt 34.196800 6.263466
vt 36.252708 6.743125
vt 37.393326 3.554590
vt 36.625652 3.510467
vt 34.528324 3.389919
vt 31.663321 3.225249
vt 28.798317 3.060578
vt 26.700989 2.940030
vt 25.933313 2.895907
vt 26.700991 2.940030
vt 28.798317 3.060577
vt 31.663321 3.225248
vt 34.528324 3.389919
vt 36.625652 3.510467
s 1
usemtl 03_-_Default
f 1/1/1 2/2/2 3/3/3
f 4/4/1 3/3/3 5/5/4
f 6/6/1 5/5/5 7/7/6
f 8/8/1 7/7/7 9/9/8
f 10/10/1 9/9/8 11/11/9
f 12/12/1 11/11/10 13/13/11
f 14/14/1 13/13/12 15/15/13
f 16/16/1 15/15/13 17/17/14
f 18/18/1 17/17/14 19/19/15
f 20/20/1 19/19/15 21/21/16
f 22/22/1 21/21/16 23/23/17
f 24/24/1 23/23/18 25/25/19
f 26/26/1 25/25/19 27/27/20
f 28/28/1 27/27/21 29/29/22
f 30/30/1 29/29/23 31/31/24
f 32/32/1 31/31/24 33/33/25
f 1/1/1 34/3/26 2/2/2
f 4/4/1 35/5/27 34/3/26
f 6/6/1 36/7/28 35/5/29
f 8/8/1 37/9/30 36/7/31
f 10/10/1 38/11/32 37/9/30
f 12/12/1 39/13/33 38/11/34
f 14/14/1 40/15/35 39/13/36
f 16/16/1 41/17/37 40/15/35
f 18/18/1 42/19/38 41/17/37
f 20/20/1 43/21/39 42/19/38
f 22/22/1 44/23/40 43/21/41
f 24/24/1 45/25/42 44/23/43
f 26/26/1 46/27/44 45/25/42
f 28/28/1 47/29/45 46/27/46
f 30/30/1 48/31/47 47/29/48
f 32/32/1 33/33/25 48/31/47
f 49/3/49 50/3/49 51/34/50
f 49/3/49 51/34/50 52/2/50
f 49/3/49 53/5/51 54/5/51
f 49/3/49 54/5/51 50/3/49
f 53/5/52 55/7/53 56/7/53
f 53/5/52 56/7/53 57/35/52
f 55/7/53 58/36/54 59/9/54
f 55/7/53 59/9/54 56/7/53
f 60/11/55 61/11/55 59/9/54
f 60/11/55 59/9/54 62/9/54
f 63/13/56 64/13/56 61/11/55
f 63/13/56 61/11/55 60/11/55
f 65/15/57 66/15/57 64/13/56
f 65/15/57 64/13/56 63/13/56
f 67/17/58 68/17/58 66/15/57
f 67/17/58 66/15/57 65/15/57
f 69/19/59 70/19/59 68/17/58
f 69/19/59 68/17/58 67/17/58
f 69/19/59 71/37/60 72/21/60
f 69/19/59 72/21/60 70/19/59
f 73/21/61 74/23/62 75/23/62
f 73/21/61 75/23/62 72/21/61
f 74/23/62 76/25/63 77/25/63
f 74/23/62 77/25/63 75/23/62
f 76/25/63 78/27/64 79/27/64
f 76/25/63 79/27/64 77/25/63
f 78/27/64 80/29/65 81/29/65
f 78/27/64 81/29/65 79/27/64
f 80/29/66 82/31/67 83/31/67
f 80/29/66 83/31/67 84/38/66
f 82/31/67 85/39/68 86/39/68
f 82/31/67 86/39/68 83/31/67
f 87/3/69 52/2/50 51/34/50
f 87/3/69 51/34/50 88/3/69
f 87/3/69 88/3/69 89/5/70
f 87/3/69 89/5/70 90/5/70
f 90/5/71 91/35/71 92/7/72
f 90/5/71 92/7/72 93/7/72
f 93/7/72 92/7/72 94/9/73
f 93/7/72 94/9/73 95/36/73
f 96/11/74 97/9/73 94/9/73
f 96/11/74 94/9/73 98/11/74
f 99/13/75 96/11/74 98/11/74
f 99/13/75 98/11/74 100/13/75
f 101/15/76 99/13/75 100/13/75
f 101/15/76 100/13/75 102/15/76
f 103/17/77 101/15/76 102/15/76
f 103/17/77 102/15/76 104/17/77
f 105/19/78 103/17/77 104/17/77
f 105/19/78 104/17/77 106/19/78
f 105/19/78 106/19/78 107/21/79
f 105/19/78 107/21/79 108/37/79
f 109/21/80 107/21/80 110/23/81
f 109/21/80 110/23/81 111/23/81
f 111/23/81 110/23/81 112/25/82
f 111/23/81 112/25/82 113/25/82
f 113/25/82 112/25/82 114/27/83
f 113/25/82 114/27/83 115/27/83
f 115/27/83 114/27/83 116/29/84
f 115/27/83 116/29/84 117/29/84
f 117/29/85 118/38/85 119/31/86
f 117/29/85 119/31/86 120/31/86
f 120/31/86 119/31/86 86/39/68
f 120/31/86 86/39/68 85/39/68
f 121/40/87 122/41/88 123/42/89
f 121/40/87 123/42/89 124/43/90
f 124/43/90 123/42/89 125/44/91
f 124/43/90 125/44/91 126/45/92
f 126/45/92 125/44/91 127/46/93
f 126/45/92 127/46/93 128/47/94
f 128/47/94 127/46/93 129/48/95
f 128/47/94 129/48/95 130/49/96
f 130/49/96 129/48/95 131/50/97
f 130/49/96 131/50/97 132/51/98
f 132/51/98 131/50/97 133/52/99
f 132/51/98 133/52/99 134/53/100
f 134/53/100 133/52/99 135/54/101
f 134/53/100 135/54/101 136/55/102
f 136/55/102 135/54/101 137/56/103
f 136/55/102 137/56/103 138/57/104
f 138/57/104 137/56/103 139/46/105
f 138/57/104 139/46/105 140/58/106
f 140/58/106 139/46/105 141/59/107
f 140/58/106 141/59/107 142/60/108
f 142/60/108 141/59/107 143/61/109
f 142/60/108 143/61/109 144/43/110
f 144/43/110 143/61/109 122/41/88
f 144/43/110 122/41/88 121/40/87
f 122/41/88 145/62/111 146/63/112
f 122/41/88 146/63/112 123/42/89
f 123/42/89 146/63/112 147/64/113
f 123/42/89 147/64/113 125/44/91
f 125/44/91 147/64/113 148/65/114
f 125/44/91 148/65/114 127/46/93
f 127/46/93 148/65/114 149/66/115
f 127/46/93 149/66/115 129/48/95
f 129/48/95 149/66/115 150/67/116
f 129/48/95 150/67/116 131/50/97
f 131/50/97 150/67/116 151/68/117
f 131/50/97 151/68/117 133/52/99
f 133/52/99 151/68/117 152/69/118
f 133/52/99 152/69/118 135/54/101
f 135/54/101 152/69/118 153/70/119
f 135/54/101 153/70/119 137/56/103
f 137/56/103 153/70/119 154/65/120
f 137/56/103 154/65/120 139/46/105
f 139/46/105 154/65/120 155/64/121
f 139/46/105 155/64/121 141/59/107
f 141/59/107 155/64/121 156/63/122
f 141/59/107 156/63/122 143/61/109
f 143/61/109 156/63/122 145/62/111
f 143/61/109 145/62/111 122/41/88
f 145/62/111 157/71/123 158/72/124
f 145/62/111 158/72/124 146/63/112
f 146/63/112 158/72/124 159/73/125
f 146/63/112 159/73/125 147/64/113
f 147/64/113 159/73/125 160/74/126
f 147/64/113 160/74/126 148/65/114
f 148/65/114 160/74/126 161/75/127
f 148/65/114 161/75/127 149/66/115
f 149/66/115 161/75/127 162/76/128
f 149/66/115 162/76/128 150/67/116
f 150/67/116 162/76/128 163/77/129
f 150/67/116 163/77/129 151/68/117
f 151/68/117 163/77/129 164/78/130
f 151/68/117 164/78/130 152/69/118
f 152/69/118 164/78/130 165/75/131
f 152/69/118 165/75/131 153/70/119
f 153/70/119 165/75/131 166/74/132
f 153/70/119 166/74/132 154/65/120
f 154/65/120 166/74/132 167/79/133
f 154/65/120 167/79/133 155/64/121
f 155/64/121 167/79/133 168/80/134
f 155/64/121 168/80/134 156/63/122
f 156/63/122 168/80/134 157/71/123
f 156/63/122 157/71/123 145/62/111
f 157/71/123 169/81/135 170/82/136
f 157/71/123 170/82/136 158/72/124
f 158/72/124 170/82/136 171/83/137
f 158/72/124 171/83/137 159/73/125
f 159/73/125 171/83/137 172/84/138
f 159/73/125 172/84/138 160/74/126
f 160/74/126 172/84/138 173/85/139
f 160/74/126 173/85/139 161/75/127
f 161/75/127 173/85/139 174/86/140
f 161/75/127 174/86/140 162/76/128
f 162/76/128 174/86/140 175/87/141
f 162/76/128 175/87/141 163/77/129
f 163/77/129 175/87/141 176/88/142
f 163/77/129 176/88/142 164/78/130
f 164/78/130 176/88/142 177/89/143
f 164/78/130 177/89/143 165/75/131
f 165/75/131 177/89/143 178/84/144
f 165/75/131 178/84/144 166/74/132
f 166/74/132 178/84/144 179/90/145
f 166/74/132 179/90/145 167/79/133
f 167/79/133 179/90/145 180/91/146
f 167/79/133 180/91/146 168/80/134
f 168/80/134 180/91/146 169/81/135
f 168/80/134 169/81/135 157/71/123
f 169/81/135 181/92/147 182/93/148
f 169/81/135 182/93/148 170/82/136
f 170/82/136 182/93/148 183/94/149
f 170/82/136 183/94/149 171/83/137
f 171/83/137 183/94/149 184/95/150
f 171/83/137 184/95/150 172/84/138
f 172/84/138 184/95/150 185/96/151
f 172/84/138 185/96/151 173/85/139
f 173/85/139 185/96/151 186/97/152
f 173/85/139 186/97/152 174/86/140
f 174/86/140 186/97/152 187/98/153
f 174/86/140 187/98/153 175/87/141
f 175/87/141 187/98/153 188/99/154
f 175/87/141 188/99/154 176/88/142
f 176/88/142 188/99/154 189/100/155
f 176/88/142 189/100/155 177/89/143
f 177/89/143 189/100/155 190/95/156
f 177/89/143 190/95/156 178/84/144
f 178/84/144 190/95/156 191/94/157
f 178/84/144 191/94/157 179/90/145
f 179/90/145 191/94/157 192/93/158
f 179/90/145 192/93/158 180/91/146
f 180/91/146 192/93/158 181/92/147
f 180/91/146 181/92/147 169/81/135
f 181/92/147 193/101/159 194/102/160
f 181/92/147 194/102/160 182/93/148
f 182/93/148 194/102/160 195/103/161
f 182/93/148 195/103/161 183/94/149
f 183/94/149 195/103/161 196/104/162
f 183/94/149 196/104/162 184/95/150
f 184/95/150 196/104/162 197/105/163
f 184/95/150 197/105/163 185/96/151
f 185/96/151 197/105/163 198/106/164
f 185/96/151 198/106/164 186/97/152
f 186/97/152 198/106/164 199/107/165
f 186/97/152 199/107/165 187/98/153
f 187/98/153 199/107/165 200/106/166
f 187/98/153 200/106/166 188/99/154
f 188/99/154 200/106/166 201/108/167
f 188/99/154 201/108/167 189/100/155
f 189/100/155 201/108/167 202/104/168
f 189/100/155 202/104/168 190/95/156
f 190/95/156 202/104/168 203/109/169
f 190/95/156 203/109/169 191/94/157
f 191/94/157 203/109/169 204/110/170
f 191/94/157 204/110/170 192/93/158
f 192/93/158 204/110/170 193/101/159
f 192/93/158 193/101/159 181/92/147
f 193/101/159 205/111/171 206/112/172
f 193/101/159 206/112/172 194/102/160
f 194/102/160 206/112/172 207/113/173
f 194/102/160 207/113/173 195/103/161
f 195/103/161 207/113/173 208/114/174
f 195/103/161 208/114/174 196/104/162
f 196/104/162 208/114/174 209/115/175
f 196/104/162 209/115/175 197/105/163
f 197/105/163 209/115/175 210/116/176
f 197/105/163 210/116/176 198/106/164
f 198/106/164 210/116/176 211/117/177
f 198/106/164 211/117/177 199/107/165
f 199/107/165 211/117/177 212/118/178
f 199/107/165 212/118/178 200/106/166
f 200/106/166 212/118/178 213/119/179
f 200/106/166 213/119/179 201/108/167
f 201/108/167 213/119/179 214/120/180
f 201/108/167 214/120/180 202/104/168
f 202/104/168 214/120/180 215/121/181
f 202/104/168 215/121/181 203/109/169
f 203/109/169 215/121/181 216/122/182
f 203/109/169 216/122/182 204/110/170
f 204/110/170 216/122/182 205/111/171
f 204/110/170 205/111/171 193/101/159
f 205/111/171 217/123/183 218/124/184
f 205/111/171 218/124/184 206/112/172
f 206/112/172 218/124/184 219/125/185
f 206/112/172 219/125/185 207/113/173
f 207/113/173 219/125/185 220/126/186
f 207/113/173 220/126/186 208/114/174
f 208/114/174 220/126/186 221/127/187
f 208/114/174 221/127/187 209/115/175
f 209/115/175 221/127/187 222/128/188
f 209/115/175 222/128/188 210/116/176
f 210/116/176 222/128/188 223/129/189
f 210/116/176 223/129/189 211/117/177
f 211/117/177 223/129/189 224/130/190
f 211/117/177 224/130/190 212/118/178
f 212/118/178 224/130/190 225/131/191
f 212/118/178 225/131/191 213/119/179
f 213/119/179 225/131/191 226/132/192
f 213/119/179 226/132/192 214/120/180
f 214/120/180 226/132/192 227/133/193
f 214/120/180 227/133/193 215/121/181
f 215/121/181 227/133/193 228/134/194
f 215/121/181 228/134/194 216/122/182
f 216/122/182 228/134/194 217/123/183
f 216/122/182 217/123/183 205/111/171
f 217/123/183 229/135/195 230/136/196
f 217/123/183 230/136/196 218/124/184
f 218/124/184 230/136/196 231/137/197
f 218/124/184 231/137/197 219/125/185
f 219/125/185 231/137/197 232/138/198
f 219/125/185 232/138/198 220/126/186
f 220/126/186 232/138/198 233/139/199
f 220/126/186 233/139/199 221/127/187
f 221/127/187 233/139/199 234/140/200
f 221/127/187 234/140/200 222/128/188
f 222/128/188 234/140/200 235/141/201
f 222/128/188 235/141/201 223/129/189
f 223/129/189 235/141/201 236/142/202
f 223/129/189 236/142/202 224/130/190
f 224/130/190 236/142/202 237/143/203
f 224/130/190 237/143/203 225/131/191
f 225/131/191 237/143/203 238/144/204
f 225/131/191 238/144/204 226/132/192
f 226/132/192 238/144/204 239/145/205
f 226/132/192 239/145/205 227/133/193
f 227/133/193 239/145/205 240/136/206
f 227/133/193 240/136/206 228/134/194
f 228/134/194 240/136/206 229/135/195
f 228/134/194 229/135/195 217/123/183
f 229/135/195 241/146/207 242/147/208
f 229/135/195 242/147/208 230/136/196
f 230/136/196 242/147/208 243/148/209
f 230/136/196 243/148/209 231/137/197
f 231/137/197 243/148/209 244/149/210
f 231/137/197 244/149/210 232/138/198
f 232/138/198 244/149/210 245/150/211
f 232/138/198 245/150/211 233/139/199
f 233/139/199 245/150/211 246/151/212
f 233/139/199 246/151/212 234/140/200
f 234/140/200 246/151/212 247/152/213
f 234/140/200 247/152/213 235/141/201
f 235/141/201 247/152/213 248/153/214
f 235/141/201 248/153/214 236/142/202
f 236/142/202 248/153/214 249/154/215
f 236/142/202 249/154/215 237/143/203
f 237/143/203 249/154/215 250/155/216
f 237/143/203 250/155/216 238/144/204
f 238/144/204 250/155/216 251/148/217
f 238/144/204 251/148/217 239/145/205
f 239/145/205 251/148/217 252/147/218
f 239/145/205 252/147/218 240/136/206
f 240/136/206 252/147/218 241/146/207
f 240/136/206 241/146/207 229/135/195
f 241/146/207 253/156/219 254/157/220
f 241/146/207 254/157/220 242/147/208
f 242/147/208 254/157/220 255/158/221
f 242/147/208 255/158/221 243/148/209
f 243/148/209 255/158/221 256/159/222
f 243/148/209 256/159/222 244/149/210
f 244/149/210 256/159/222 257/160/223
f 244/149/210 257/160/223 245/150/211
f 245/150/211 257/160/223 258/161/224
f 245/150/211 258/161/224 246/151/212
f 246/151/212 258/161/224 259/162/225
f 246/151/212 259/162/225 247/152/213
f 247/152/213 259/162/225 260/163/226
f 247/152/213 260/163/226 248/153/214
f 248/153/214 260/163/226 261/164/227
f 248/153/214 261/164/227 249/154/215
f 249/154/215 261/164/227 262/159/228
f 249/154/215 262/159/228 250/155/216
f 250/155/216 262/159/228 263/158/229
f 250/155/216 263/158/229 251/148/217
f 251/148/217 263/158/229 264/165/230
f 251/148/217 264/165/230 252/147/218
f 252/147/218 264/165/230 253/156/219
f 252/147/218 253/156/219 241/146/207
f 253/156/219 265/166/231 266/167/232
f 253/156/219 266/167/232 254/157/220
f 254/157/220 266/167/232 267/168/233
f 254/157/220 267/168/233 255/158/221
f 255/158/221 267/168/233 268/169/234
f 255/158/221 268/169/234 256/159/222
f 256/159/222 268/169/234 269/170/235
f 256/159/222 269/170/235 257/160/223
f 257/160/223 269/170/235 270/171/236
f 257/160/223 270/171/236 258/161/224
f 258/161/224 270/171/236 271/172/237
f 258/161/224 271/172/237 259/162/225
f 259/162/225 271/172/237 272/173/238
f 259/162/225 272/173/238 260/163/226
f 260/163/226 272/173/238 273/174/239
f 260/163/226 273/174/239 261/164/227
f 261/164/227 273/174/239 274/169/240
f 261/164/227 274/169/240 262/159/228
f 262/159/228 274/169/240 275/175/241
f 262/159/228 275/175/241 263/158/229
f 263/158/229 275/175/241 276/176/242
f 263/158/229 276/176/242 264/165/230
f 264/165/230 276/176/242 265/166/231
f 264/165/230 265/166/231 253/156/219
f 265/166/231 277/177/243 278/178/244
f 265/166/231 278/178/244 266/167/232
f 266/167/232 278/178/244 279/179/245
f 266/167/232 279/179/245 267/168/233
f 267/168/233 279/179/245 280/180/246
f 267/168/233 280/180/246 268/169/234
f 268/169/234 280/180/246 281/181/247
f 268/169/234 281/181/247 269/170/235
f 269/170/235 281/181/247 282/182/248
f 269/170/235 282/182/248 270/171/236
f 270/171/236 282/182/248 283/183/249
f 270/171/236 283/183/249 271/172/237
f 271/172/237 283/183/249 284/184/250
f 271/172/237 284/184/250 272/173/238
f 272/173/238 284/184/250 285/185/251
f 272/173/238 285/185/251 273/174/239
f 273/174/239 285/185/251 286/180/252
f 273/174/239 286/180/252 274/169/240
f 274/169/240 286/180/252 287/186/253
f 274/169/240 287/186/253 275/175/241
f 275/175/241 287/186/253 288/187/254
f 275/175/241 288/187/254 276/176/242
f 276/176/242 288/187/254 277/177/243
f 276/176/242 277/177/243 265/166/231
f 277/177/243 289/188/255 290/189/256
f 277/177/243 290/189/256 278/178/244
f 278/178/244 290/189/256 291/190/257
f 278/178/244 291/190/257 279/179/245
f 279/179/245 291/190/257 292/191/258
f 279/179/245 292/191/258 280/180/246
f 280/180/246 292/191/258 293/192/259
f 280/180/246 293/192/259 281/181/247
f 281/181/247 293/192/259 294/193/260
f 281/181/247 294/193/260 282/182/248
f 282/182/248 294/193/260 295/194/261
f 282/182/248 295/194/261 283/183/249
f 283/183/249 295/194/261 296/195/262
f 283/183/249 296/195/262 284/184/250
f 284/184/250 296/195/262 297/196/263
f 284/184/250 297/196/263 285/185/251
f 285/185/251 297/196/263 298/191/264
f 285/185/251 298/191/264 286/180/252
f 286/180/252 298/191/264 299/197/265
f 286/180/252 299/197/265 287/186/253
f 287/186/253 299/197/265 300/189/266
f 287/186/253 300/189/266 288/187/254
f 288/187/254 300/189/266 289/188/255
f 288/187/254 289/188/255 277/177/243
f 289/188/255 301/198/267 302/199/268
f 289/188/255 302/199/268 290/189/256
f 290/189/256 302/199/268 303/200/269
f 290/189/256 303/200/269 291/190/257
f 291/190/257 303/200/269 304/201/270
f 291/190/257 304/201/270 292/191/258
f 292/191/258 304/201/270 305/202/271
f 292/191/258 305/202/271 293/192/259
f 293/192/259 305/202/271 306/203/272
f 293/192/259 306/203/272 294/193/260
f 294/193/260 306/203/272 307/204/273
f 294/193/260 307/204/273 295/194/261
f 295/194/261 307/204/273 308/205/274
f 295/194/261 308/205/274 296/195/262
f 296/195/262 308/205/274 309/206/275
f 296/195/262 309/206/275 297/196/263
f 297/196/263 309/206/275 310/207/276
f 297/196/263 310/207/276 298/191/264
f 298/191/264 310/207/276 311/208/277
f 298/191/264 311/208/277 299/197/265
f 299/197/265 311/208/277 312/209/278
f 299/197/265 312/209/278 300/189/266
f 300/189/266 312/209/278 301/198/267
f 300/189/266 301/198/267 289/188/255
f 313/210/279 314/211/280 315/212/281
f 313/210/279 315/212/281 316/213/282
f 316/213/282 315/212/281 317/214/283
f 316/213/282 317/214/283 318/215/284
f 318/215/284 317/214/283 319/216/285
f 318/215/284 319/216/285 320/217/286
f 320/217/286 319/216/285 321/218/287
f 320/217/286 321/218/287 322/219/288
f 322/219/288 321/218/287 323/220/289
f 322/219/288 323/220/289 324/221/290
f 324/221/290 323/220/289 325/222/291
f 324/221/290 325/222/291 326/223/292
f 326/223/292 325/222/291 327/224/293
f 326/223/292 327/224/293 328/225/294
f 328/225/294 327/224/293 329/226/295
f 328/225/294 329/226/295 330/227/296
f 330/227/296 329/226/295 331/228/297
f 330/227/296 331/228/297 332/229/298
f 332/229/298 331/228/297 333/230/299
f 332/229/298 333/230/299 334/231/300
f 334/231/300 333/230/299 335/232/301
f 334/231/300 335/232/301 336/233/302
f 336/233/302 335/232/301 314/211/280
f 336/233/302 314/211/280 313/210/279
f 314/211/280 337/234/303 338/235/304
f 314/211/280 338/235/304 315/212/281
f 315/212/281 338/235/304 339/236/305
f 315/212/281 339/236/305 317/214/283
f 317/214/283 339/236/305 340/237/306
f 317/214/283 340/237/306 319/216/285
f 319/216/285 340/237/306 341/238/307
f 319/216/285 341/238/307 321/218/287
f 321/218/287 341/238/307 342/239/308
f 321/218/287 342/239/308 323/220/289
f 323/220/289 342/239/308 343/240/309
f 323/220/289 343/240/309 325/222/291
f 325/222/291 343/240/309 344/239/310
f 325/222/291 344/239/310 327/224/293
f 327/224/293 344/239/310 345/241/311
f 327/224/293 345/241/311 329/226/295
f 329/226/295 345/241/311 346/242/312
f 329/226/295 346/242/312 331/228/297
f 331/228/297 346/242/312 347/236/313
f 331/228/297 347/236/313 333/230/299
f 333/230/299 347/236/313 348/243/314
f 333/230/299 348/243/314 335/232/301
f 335/232/301 348/243/314 337/234/303
f 335/232/301 337/234/303 314/211/280
f 337/234/303 349/244/315 350/245/316
f 337/234/303 350/245/316 338/235/304
f 338/235/304 350/245/316 351/246/317
f 338/235/304 351/246/317 339/236/305
f 339/236/305 351/246/317 352/247/318
f 339/236/305 352/247/318 340/237/306
f 340/237/306 352/247/318 353/248/319
f 340/237/306 353/248/319 341/238/307
f 341/238/307 353/248/319 354/249/320
f 341/238/307 354/249/320 342/239/308
f 342/239/308 354/249/320 355/250/321
f 342/239/308 355/250/321 343/240/309
f 343/240/309 355/250/321 356/251/322
f 343/240/309 356/251/322 344/239/310
f 344/239/310 356/251/322 357/252/323
f 344/239/310 357/252/323 345/241/311
f 345/241/311 357/252/323 358/247/324
f 345/241/311 358/247/324 346/242/312
f 346/242/312 358/247/324 359/246/325
f 346/242/312 359/246/325 347/236/313
f 347/236/313 359/246/325 360/253/326
f 347/236/313 360/253/326 348/243/314
f 348/243/314 360/253/326 349/244/315
f 348/243/314 349/244/315 337/234/303
f 349/244/315 361/254/327 362/255/328
f 349/244/315 362/255/328 350/245/316
f 350/245/316 362/255/328 363/256/329
f 350/245/316 363/256/329 351/246/317
f 351/246/317 363/256/329 364/257/330
f 351/246/317 364/257/330 352/247/318
f 352/247/318 364/257/330 365/258/331
f 352/247/318 365/258/331 353/248/319
f 353/248/319 365/258/331 366/259/332
f 353/248/319 366/259/332 354/249/320
f 354/249/320 366/259/332 367/260/333
f 354/249/320 367/260/333 355/250/321
f 355/250/321 367/260/333 368/261/334
f 355/250/321 368/261/334 356/251/322
f 356/251/322 368/261/334 369/262/335
f 356/251/322 369/262/335 357/252/323
f 357/252/323 369/262/335 370/257/336
f 357/252/323 370/257/336 358/247/324
f 358/247/324 370/257/336 371/256/337
f 358/247/324 371/256/337 359/246/325
f 359/246/325 371/256/337 372/263/338
f 359/246/325 372/263/338 360/253/326
f 360/253/326 372/263/338 361/254/327
f 360/253/326 361/254/327 349/244/315
f 361/254/327 373/264/339 374/265/340
f 361/254/327 374/265/340 362/255/328
f 362/255/328 374/265/340 375/266/341
f 362/255/328 375/266/341 363/256/329
f 363/256/329 375/266/341 376/267/342
f 363/256/329 376/267/342 364/257/330
f 364/257/330 376/267/342 377/268/343
f 364/257/330 377/268/343 365/258/331
f 365/258/331 377/268/343 378/269/344
f 365/258/331 378/269/344 366/259/332
f 366/259/332 378/269/344 379/270/345
f 366/259/332 379/270/345 367/260/333
f 367/260/333 379/270/345 380/271/346
f 367/260/333 380/271/346 368/261/334
f 368/261/334 380/271/346 381/272/347
f 368/261/334 381/272/347 369/262/335
f 369/262/335 381/272/347 382/267/348
f 369/262/335 382/267/348 370/257/336
f 370/257/336 382/267/348 383/266/349
f 370/257/336 383/266/349 371/256/337
f 371/256/337 383/266/349 384/273/350
f 371/256/337 384/273/350 372/263/338
f 372/263/338 384/273/350 373/264/339
f 372/263/338 373/264/339 361/254/327
f 373/264/339 385/274/351 386/275/352
f 373/264/339 386/275/352 374/265/340
f 374/265/340 386/275/352 387/276/353
f 374/265/340 387/276/353 375/266/341
f 375/266/341 387/276/353 388/277/354
f 375/266/341 388/277/354 376/267/342
f 376/267/342 388/277/354 389/278/355
f 376/267/342 389/278/355 377/268/343
f 377/268/343 389/278/355 390/279/356
f 377/268/343 390/279/356 378/269/344
f 378/269/344 390/279/356 391/280/357
f 378/269/344 391/280/357 379/270/345
f 379/270/345 391/280/357 392/281/358
f 379/270/345 392/281/358 380/271/346
f 380/271/346 392/281/358 393/282/359
f 380/271/346 393/282/359 381/272/347
f 381/272/347 393/282/359 394/277/360
f 381/272/347 394/277/360 382/267/348
f 382/267/348 394/277/360 395/283/361
f 382/267/348 395/283/361 383/266/349
f 383/266/349 395/283/361 396/284/362
f 383/266/349 396/284/362 384/273/350
f 384/273/350 396/284/362 385/274/351
f 384/273/350 385/274/351 373/264/339
f 385/274/351 397/285/363 398/286/364
f 385/274/351 398/286/364 386/275/352
f 386/275/352 398/286/364 399/287/365
f 386/275/352 399/287/365 387/276/353
f 387/276/353 399/287/365 400/288/366
f 387/276/353 400/288/366 388/277/354
f 388/277/354 400/288/366 401/289/367
f 388/277/354 401/289/367 389/278/355
f 389/278/355 401/289/367 402/290/368
f 389/278/355 402/290/368 390/279/356
f 390/279/356 402/290/368 403/291/369
f 390/279/356 403/291/369 391/280/357
f 391/280/357 403/291/369 404/292/370
f 391/280/357 404/292/370 392/281/358
f 392/281/358 404/292/370 405/293/371
f 392/281/358 405/293/371 393/282/359
f 393/282/359 405/293/371 406/288/372
f 393/282/359 406/288/372 394/277/360
f 394/277/360 406/288/372 407/287/373
f 394/277/360 407/287/373 395/283/361
f 395/283/361 407/287/373 408/286/374
f 395/283/361 408/286/374 396/284/362
f 396/284/362 408/286/374 397/285/363
f 396/284/362 397/285/363 385/274/351
f 397/285/363 409/294/375 410/295/376
f 397/285/363 410/295/376 398/286/364
f 398/286/364 410/295/376 411/296/377
f 398/286/364 411/296/377 399/287/365
f 399/287/365 411/296/377 412/297/378
f 399/287/365 412/297/378 400/288/366
f 400/288/366 412/297/378 413/298/379
f 400/288/366 413/298/379 401/289/367
f 401/289/367 413/298/379 414/299/380
f 401/289/367 414/299/380 402/290/368
f 402/290/368 414/299/380 415/300/381
f 402/290/368 415/300/381 403/291/369
f 403/291/369 415/300/381 416/301/382
f 403/291/369 416/301/382 404/292/370
f 404/292/370 416/301/382 417/298/383
f 404/292/370 417/298/383 405/293/371
f 405/293/371 417/298/383 418/297/384
f 405/293/371 418/297/384 406/288/372
f 406/288/372 418/297/384 419/296/385
f 406/288/372 419/296/385 407/287/373
f 407/287/373 419/296/385 420/295/386
f 407/287/373 420/295/386 408/286/374
f 408/286/374 420/295/386 409/294/375
f 408/286/374 409/294/375 397/285/363
f 409/294/375 421/41/387 422/42/388
f 409/294/375 422/42/388 410/295/376
f 410/295/376 422/42/388 423/44/389
f 410/295/376 423/44/389 411/296/377
f 411/296/377 423/44/389 424/46/390
f 411/296/377 424/46/390 412/297/378
f 412/297/378 424/46/390 425/48/391
f 412/297/378 425/48/391 413/298/379
f 413/298/379 425/48/391 426/50/392
f 413/298/379 426/50/392 414/299/380
f 414/299/380 426/50/392 427/52/393
f 414/299/380 427/52/393 415/300/381
f 415/300/381 427/52/393 428/54/394
f 415/300/381 428/54/394 416/301/382
f 416/301/382 428/54/394 429/56/395
f 416/301/382 429/56/395 417/298/383
f 417/298/383 429/56/395 430/46/396
f 417/298/383 430/46/396 418/297/384
f 418/297/384 430/46/396 431/59/397
f 418/297/384 431/59/397 419/296/385
f 419/296/385 431/59/397 432/61/398
f 419/296/385 432/61/398 420/295/386
f 420/295/386 432/61/398 421/41/387
f 420/295/386 421/41/387 409/294/375
f 421/41/387 433/62/399 434/63/400
f 421/41/387 434/63/400 422/42/388
f 422/42/388 434/63/400 435/64/401
f 422/42/388 435/64/401 423/44/389
f 423/44/389 435/64/401 436/65/402
f 423/44/389 436/65/402 424/46/390
f 424/46/390 436/65/402 437/66/403
f 424/46/390 437/66/403 425/48/391
f 425/48/391 437/66/403 438/67/404
f 425/48/391 438/67/404 426/50/392
f 426/50/392 438/67/404 439/68/405
f 426/50/392 439/68/405 427/52/393
f 427/52/393 439/68/405 440/69/406
f 427/52/393 440/69/406 428/54/394
f 428/54/394 440/69/406 441/70/407
f 428/54/394 441/70/407 429/56/395
f 429/56/395 441/70/407 442/65/408
f 429/56/395 442/65/408 430/46/396
f 430/46/396 442/65/408 443/64/409
f 430/46/396 443/64/409 431/59/397
f 431/59/397 443/64/409 444/63/410
f 431/59/397 444/63/410 432/61/398
f 432/61/398 444/63/410 433/62/399
f 432/61/398 433/62/399 421/41/387
f 433/62/399 445/71/411 446/72/412
f 433/62/399 446/72/412 434/63/400
f 434/63/400 446/72/412 447/73/413
f 434/63/400 447/73/413 435/64/401
f 435/64/401 447/73/413 448/74/414
f 435/64/401 448/74/414 436/65/402
f 436/65/402 448/74/414 449/75/415
f 436/65/402 449/75/415 437/66/403
f 437/66/403 449/75/415 450/76/416
f 437/66/403 450/76/416 438/67/404
f 438/67/404 450/76/416 451/77/417
f 438/67/404 451/77/417 439/68/405
f 439/68/405 451/77/417 452/78/418
f 439/68/405 452/78/418 440/69/406
f 440/69/406 452/78/418 453/75/419
f 440/69/406 453/75/419 441/70/407
f 441/70/407 453/75/419 454/74/420
f 441/70/407 454/74/420 442/65/408
f 442/65/408 454/74/420 455/79/421
f 442/65/408 455/79/421 443/64/409
f 443/64/409 455/79/421 456/80/422
f 443/64/409 456/80/422 444/63/410
f 444/63/410 456/80/422 445/71/411
f 444/63/410 445/71/411 433/62/399
f 445/71/411 457/81/423 458/82/424
f 445/71/411 458/82/424 446/72/412
f 446/72/412 458/82/424 459/83/425
f 446/72/412 459/83/425 447/73/413
f 447/73/413 459/83/425 460/84/426
f 447/73/413 460/84/426 448/74/414
f 448/74/414 460/84/426 461/85/427
f 448/74/414 461/85/427 449/75/415
f 449/75/415 461/85/427 462/86/428
f 449/75/415 462/86/428 450/76/416
f 450/76/416 462/86/428 463/87/429
f 450/76/416 463/87/429 451/77/417
f 451/77/417 463/87/429 464/88/430
f 451/77/417 464/88/430 452/78/418
f 452/78/418 464/88/430 465/89/431
f 452/78/418 465/89/431 453/75/419
f 453/75/419 465/89/431 466/84/432
f 453/75/419 466/84/432 454/74/420
f 454/74/420 466/84/432 467/90/433
f 454/74/420 467/90/433 455/79/421
f 455/79/421 467/90/433 468/91/434
f 455/79/421 468/91/434 456/80/422
f 456/80/422 468/91/434 457/81/423
f 456/80/422 457/81/423 445/71/411
f 457/81/423 469/92/435 470/93/436
f 457/81/423 470/93/436 458/82/424
f 458/82/424 470/93/436 471/94/437
f 458/82/424 471/94/437 459/83/425
f 459/83/425 471/94/437 472/95/438
f 459/83/425 472/95/438 460/84/426
f 460/84/426 472/95/438 473/96/439
f 460/84/426 473/96/439 461/85/427
f 461/85/427 473/96/439 474/97/440
f 461/85/427 474/97/440 462/86/428
f 462/86/428 474/97/440 475/98/441
f 462/86/428 475/98/441 463/87/429
f 463/87/429 475/98/441 476/99/442
f 463/87/429 476/99/442 464/88/430
f 464/88/430 476/99/442 477/100/443
f 464/88/430 477/100/443 465/89/431
f 465/89/431 477/100/443 478/95/444
f 465/89/431 478/95/444 466/84/432
f 466/84/432 478/95/444 479/94/445
f 466/84/432 479/94/445 467/90/433
f 467/90/433 479/94/445 480/93/446
f 467/90/433 480/93/446 468/91/434
f 468/91/434 480/93/446 469/92/435
f 468/91/434 469/92/435 457/81/423
f 469/92/435 481/101/447 482/102/448
f 469/92/435 482/102/448 470/93/436
f 470/93/436 482/102/448 483/103/449
f 470/93/436 483/103/449 471/94/437
f 471/94/437 483/103/449 484/104/450
f 471/94/437 484/104/450 472/95/438
f 472/95/438 484/104/450 485/105/451
f 472/95/438 485/105/451 473/96/439
f 473/96/439 485/105/451 486/106/452
f 473/96/439 486/106/452 474/97/440
f 474/97/440 486/106/452 487/107/453
f 474/97/440 487/107/453 475/98/441
f 475/98/441 487/107/453 488/106/454
f 475/98/441 488/106/454 476/99/442
f 476/99/442 488/106/454 489/108/455
f 476/99/442 489/108/455 477/100/443
f 477/100/443 489/108/455 490/104/456
f 477/100/443 490/104/456 478/95/444
f 478/95/444 490/104/456 491/109/457
f 478/95/444 491/109/457 479/94/445
f 479/94/445 491/109/457 492/110/458
f 479/94/445 492/110/458 480/93/446
f 480/93/446 492/110/458 481/101/447
f 480/93/446 481/101/447 469/92/435
f 481/101/447 493/111/459 494/112/460
f 481/101/447 494/112/460 482/102/448
f 482/102/448 494/112/460 495/113/461
f 482/102/448 495/113/461 483/103/449
f 483/103/449 495/113/461 496/114/462
f 483/103/449 496/114/462 484/104/450
f 484/104/450 496/114/462 497/115/463
f 484/104/450 497/115/463 485/105/451
f 485/105/451 497/115/463 498/116/464
f 485/105/451 498/116/464 486/106/452
f 486/106/452 498/116/464 499/117/465
f 486/106/452 499/117/465 487/107/453
f 487/107/453 499/117/465 500/118/466
f 487/107/453 500/118/466 488/106/454
f 488/106/454 500/118/466 501/119/467
f 488/106/454 501/119/467 489/108/455
f 489/108/455 501/119/467 502/120/468
f 489/108/455 502/120/468 490/104/456
f 490/104/456 502/120/468 503/121/469
f 490/104/456 503/121/469 491/109/457
f 491/109/457 503/121/469 504/122/470
f 491/109/457 504/122/470 492/110/458
f 492/110/458 504/122/470 493/111/459
f 492/110/458 493/111/459 481/101/447
f 493/111/459 505/123/292 506/124/471
f 493/111/459 506/124/471 494/112/460
f 494/112/460 506/124/471 507/125/472
f 494/112/460 507/125/472 495/113/461
f 495/113/461 507/125/472 508/126/473
f 495/113/461 508/126/473 496/114/462
f 496/114/462 508/126/473 509/127/474
f 496/114/462 509/127/474 497/115/463
f 497/115/463 509/127/474 510/128/475
f 497/115/463 510/128/475 498/116/464
f 498/116/464 510/128/475 511/129/279
f 498/116/464 511/129/279 499/117/465
f 499/117/465 511/129/279 512/130/476
f 499/117/465 512/130/476 500/118/466
f 500/118/466 512/130/476 513/131/477
f 500/118/466 513/131/477 501/119/467
f 501/119/467 513/131/477 514/132/478
f 501/119/467 514/132/478 502/120/468
f 502/120/468 514/132/478 515/133/479
f 502/120/468 515/133/479 503/121/469
f 503/121/469 515/133/479 516/134/480
f 503/121/469 516/134/480 504/122/470
f 504/122/470 516/134/480 505/123/292
f 504/122/470 505/123/292 493/111/459
f 505/123/292 517/135/291 518/136/481
f 505/123/292 518/136/481 506/124/471
f 506/124/471 518/136/481 519/137/482
f 506/124/471 519/137/482 507/125/472
f 507/125/472 519/137/482 520/138/483
f 507/125/472 520/138/483 508/126/473
f 508/126/473 520/138/483 521/139/484
f 508/126/473 521/139/484 509/127/474
f 509/127/474 521/139/484 522/140/485
f 509/127/474 522/140/485 510/128/475
f 510/128/475 522/140/485 523/141/280
f 510/128/475 523/141/280 511/129/279
f 511/129/279 523/141/280 524/142/486
f 511/129/279 524/142/486 512/130/476
f 512/130/476 524/142/486 525/143/487
f 512/130/476 525/143/487 513/131/477
f 513/131/477 525/143/487 526/144/488
f 513/131/477 526/144/488 514/132/478
f 514/132/478 526/144/488 527/145/489
f 514/132/478 527/145/489 515/133/479
f 515/133/479 527/145/489 528/136/490
f 515/133/479 528/136/490 516/134/480
f 516/134/480 528/136/490 517/135/291
f 516/134/480 517/135/291 505/123/292
f 517/135/291 529/146/491 530/147/492
f 517/135/291 530/147/492 518/136/481
f 518/136/481 530/147/492 531/148/493
f 518/136/481 531/148/493 519/137/482
f 519/137/482 531/148/493 532/149/494
f 519/137/482 532/149/494 520/138/483
f 520/138/483 532/149/494 533/150/495
f 520/138/483 533/150/495 521/139/484
f 521/139/484 533/150/495 534/151/496
f 521/139/484 534/151/496 522/140/485
f 522/140/485 534/151/496 535/152/497
f 522/140/485 535/152/497 523/141/280
f 523/141/280 535/152/497 536/153/498
f 523/141/280 536/153/498 524/142/486
f 524/142/486 536/153/498 537/154/499
f 524/142/486 537/154/499 525/143/487
f 525/143/487 537/154/499 538/155/500
f 525/143/487 538/155/500 526/144/488
f 526/144/488 538/155/500 539/148/501
f 526/144/488 539/148/501 527/145/489
f 527/145/489 539/148/501 540/147/502
f 527/145/489 540/147/502 528/136/490
f 528/136/490 540/147/502 529/146/491
f 528/136/490 529/146/491 517/135/291
f 529/146/491 541/156/321 542/157/503
f 529/146/491 542/157/503 530/147/492
f 530/147/492 542/157/503 543/158/504
f 530/147/492 543/158/504 531/148/493
f 531/148/493 543/158/504 544/159/505
f 531/148/493 544/159/505 532/149/494
f 532/149/494 544/159/505 545/160/506
f 532/149/494 545/160/506 533/150/495
f 533/150/495 545/160/506 546/161/507
f 533/150/495 546/161/507 534/151/496
f 534/151/496 546/161/507 547/162/315
f 534/151/496 547/162/315 535/152/497
f 535/152/497 547/162/315 548/163/508
f 535/152/497 548/163/508 536/153/498
f 536/153/498 548/163/508 549/164/509
f 536/153/498 549/164/509 537/154/499
f 537/154/499 549/164/509 550/159/510
f 537/154/499 550/159/510 538/155/500
f 538/155/500 550/159/510 551/158/511
f 538/155/500 551/158/511 539/148/501
f 539/148/501 551/158/511 552/165/512
f 539/148/501 552/165/512 540/147/502
f 540/147/502 552/165/512 541/156/321
f 540/147/502 541/156/321 529/146/491
f 541/156/321 553/166/333 554/167/513
f 541/156/321 554/167/513 542/157/503
f 542/157/503 554/167/513 555/168/514
f 542/157/503 555/168/514 543/158/504
f 543/158/504 555/168/514 556/169/515
f 543/158/504 556/169/515 544/159/505
f 544/159/505 556/169/515 557/170/516
f 544/159/505 557/170/516 545/160/506
f 545/160/506 557/170/516 558/171/517
f 545/160/506 558/171/517 546/161/507
f 546/161/507 558/171/517 559/172/327
f 546/161/507 559/172/327 547/162/315
f 547/162/315 559/172/327 560/173/518
f 547/162/315 560/173/518 548/163/508
f 548/163/508 560/173/518 561/174/519
f 548/163/508 561/174/519 549/164/509
f 549/164/509 561/174/519 562/169/520
f 549/164/509 562/169/520 550/159/510
f 550/159/510 562/169/520 563/175/521
f 550/159/510 563/175/521 551/158/511
f 551/158/511 563/175/521 564/176/522
f 551/158/511 564/176/522 552/165/512
f 552/165/512 564/176/522 553/166/333
f 552/165/512 553/166/333 541/156/321
f 553/166/333 565/177/345 566/178/523
f 553/166/333 566/178/523 554/167/513
f 554/167/513 566/178/523 567/179/524
f 554/167/513 567/179/524 555/168/514
f 555/168/514 567/179/524 568/180/525
f 555/168/514 568/180/525 556/169/515
f 556/169/515 568/180/525 569/181/526
f 556/169/515 569/181/526 557/170/516
f 557/170/516 569/181/526 570/182/527
f 557/170/516 570/182/527 558/171/517
f 558/171/517 570/182/527 571/183/339
f 558/171/517 571/183/339 559/172/327
f 559/172/327 571/183/339 572/184/528
f 559/172/327 572/184/528 560/173/518
f 560/173/518 572/184/528 573/185/529
f 560/173/518 573/185/529 561/174/519
f 561/174/519 573/185/529 574/180/530
f 561/174/519 574/180/530 562/169/520
f 562/169/520 574/180/530 575/186/531
f 562/169/520 575/186/531 563/175/521
f 563/175/521 575/186/531 576/187/532
f 563/175/521 576/187/532 564/176/522
f 564/176/522 576/187/532 565/177/345
f 564/176/522 565/177/345 553/166/333
f 565/177/345 577/188/357 578/189/533
f 565/177/345 578/189/533 566/178/523
f 566/178/523 578/189/533 579/190/534
f 566/178/523 579/190/534 567/179/524
f 567/179/524 579/190/534 580/191/535
f 567/179/524 580/191/535 568/180/525
f 568/180/525 580/191/535 581/192/536
f 568/180/525 581/192/536 569/181/526
f 569/181/526 581/192/536 582/193/537
f 569/181/526 582/193/537 570/182/527
f 570/182/527 582/193/537 583/194/351
f 570/182/527 583/194/351 571/183/339
f 571/183/339 583/194/351 584/195/538
f 571/183/339 584/195/538 572/184/528
f 572/184/528 584/195/538 585/196/539
f 572/184/528 585/196/539 573/185/529
f 573/185/529 585/196/539 586/191/540
f 573/185/529 586/191/540 574/180/530
f 574/180/530 586/191/540 587/197/541
f 574/180/530 587/197/541 575/186/531
f 575/186/531 587/197/541 588/189/542
f 575/186/531 588/189/542 576/187/532
f 576/187/532 588/189/542 577/188/357
f 576/187/532 577/188/357 565/177/345
f 577/188/357 589/302/369 590/303/543
f 577/188/357 590/303/543 578/189/533
f 578/189/533 590/303/543 591/304/544
f 578/189/533 591/304/544 579/190/534
f 579/190/534 591/304/544 592/305/545
f 579/190/534 592/305/545 580/191/535
f 580/191/535 592/305/545 593/306/546
f 580/191/535 593/306/546 581/192/536
f 581/192/536 593/306/546 594/307/547
f 581/192/536 594/307/547 582/193/537
f 582/193/537 594/307/547 595/308/363
f 582/193/537 595/308/363 583/194/351
f 583/194/351 595/308/363 596/309/548
f 583/194/351 596/309/548 584/195/538
f 584/195/538 596/309/548 597/310/549
f 584/195/538 597/310/549 585/196/539
f 585/196/539 597/310/549 598/305/550
f 585/196/539 598/305/550 586/191/540
f 586/191/540 598/305/550 599/304/551
f 586/191/540 599/304/551 587/197/541
f 587/197/541 599/304/551 600/311/552
f 587/197/541 600/311/552 588/189/542
f 588/189/542 600/311/552 589/302/369
f 588/189/542 589/302/369 577/188/357
f 589/302/369 601/312/381 602/313/553
f 589/302/369 602/313/553 590/303/543
f 590/303/543 602/313/553 603/314/554
f 590/303/543 603/314/554 591/304/544
f 591/304/544 603/314/554 604/315/555
f 591/304/544 604/315/555 592/305/545
f 592/305/545 604/315/555 605/316/556
f 592/305/545 605/316/556 593/306/546
f 593/306/546 605/316/556 606/317/557
f 593/306/546 606/317/557 594/307/547
f 594/307/547 606/317/557 607/318/375
f 594/307/547 607/318/375 595/308/363
f 595/308/363 607/318/375 608/319/558
f 595/308/363 608/319/558 596/309/548
f 596/309/548 608/319/558 609/320/559
f 596/309/548 609/320/559 597/310/549
f 597/310/549 609/320/559 610/315/560
f 597/310/549 610/315/560 598/305/550
f 598/305/550 610/315/560 611/321/561
f 598/305/550 611/321/561 599/304/551
f 599/304/551 611/321/561 612/313/562
f 599/304/551 612/313/562 600/311/552
f 600/311/552 612/313/562 601/312/381
f 600/311/552 601/312/381 589/302/369
f 601/312/381 613/322/393 614/323/563
f 601/312/381 614/323/563 602/313/553
f 602/313/553 614/323/563 615/324/564
f 602/313/553 615/324/564 603/314/554
f 603/314/554 615/324/564 616/325/565
f 603/314/554 616/325/565 604/315/555
f 604/315/555 616/325/565 617/326/566
f 604/315/555 617/326/566 605/316/556
f 605/316/556 617/326/566 618/327/567
f 605/316/556 618/327/567 606/317/557
f 606/317/557 618/327/567 619/328/387
f 606/317/557 619/328/387 607/318/375
f 607/318/375 619/328/387 620/329/568
f 607/318/375 620/329/568 608/319/558
f 608/319/558 620/329/568 621/326/569
f 608/319/558 621/326/569 609/320/559
f 609/320/559 621/326/569 622/325/570
f 609/320/559 622/325/570 610/315/560
f 610/315/560 622/325/570 623/324/571
f 610/315/560 623/324/571 611/321/561
f 611/321/561 623/324/571 624/323/572
f 611/321/561 624/323/572 612/313/562
f 612/313/562 624/323/572 613/322/393
f 612/313/562 613/322/393 601/312/381
f 613/322/393 625/330/405 626/331/573
f 613/322/393 626/331/573 614/323/563
f 614/323/563 626/331/573 627/332/574
f 614/323/563 627/332/574 615/324/564
f 615/324/564 627/332/574 628/333/575
f 615/324/564 628/333/575 616/325/565
f 616/325/565 628/333/575 629/334/576
f 616/325/565 629/334/576 617/326/566
f 617/326/566 629/334/576 630/335/577
f 617/326/566 630/335/577 618/327/567
f 618/327/567 630/335/577 631/336/399
f 618/327/567 631/336/399 619/328/387
f 619/328/387 631/336/399 632/337/578
f 619/328/387 632/337/578 620/329/568
f 620/329/568 632/337/578 633/334/579
f 620/329/568 633/334/579 621/326/569
f 621/326/569 633/334/579 634/333/580
f 621/326/569 634/333/580 622/325/570
f 622/325/570 634/333/580 635/332/581
f 622/325/570 635/332/581 623/324/571
f 623/324/571 635/332/581 636/331/582
f 623/324/571 636/331/582 624/323/572
f 624/323/572 636/331/582 625/330/405
f 624/323/572 625/330/405 613/322/393
f 625/330/405 637/338/417 638/339/583
f 625/330/405 638/339/583 626/331/573
f 626/331/573 638/339/583 639/340/584
f 626/331/573 639/340/584 627/332/574
f 627/332/574 639/340/584 640/341/585
f 627/332/574 640/341/585 628/333/575
f 628/333/575 640/341/585 641/342/586
f 628/333/575 641/342/586 629/334/576
f 629/334/576 641/342/586 642/343/587
f 629/334/576 642/343/587 630/335/577
f 630/335/577 642/343/587 643/344/411
f 630/335/577 643/344/411 631/336/399
f 631/336/399 643/344/411 644/345/588
f 631/336/399 644/345/588 632/337/578
f 632/337/578 644/345/588 645/342/589
f 632/337/578 645/342/589 633/334/579
f 633/334/579 645/342/589 646/341/590
f 633/334/579 646/341/590 634/333/580
f 634/333/580 646/341/590 647/340/591
f 634/333/580 647/340/591 635/332/581
f 635/332/581 647/340/591 648/346/592
f 635/332/581 648/346/592 636/331/582
f 636/331/582 648/346/592 637/338/417
f 636/331/582 637/338/417 625/330/405
f 637/338/417 649/347/429 650/348/593
f 637/338/417 650/348/593 638/339/583
f 638/339/583 650/348/593 651/349/594
f 638/339/583 651/349/594 639/340/584
f 639/340/584 651/349/594 652/350/595
f 639/340/584 652/350/595 640/341/585
f 640/341/585 652/350/595 653/351/596
f 640/341/585 653/351/596 641/342/586
f 641/342/586 653/351/596 654/352/597
f 641/342/586 654/352/597 642/343/587
f 642/343/587 654/352/597 655/353/423
f 642/343/587 655/353/423 643/344/411
f 643/344/411 655/353/423 656/354/598
f 643/344/411 656/354/598 644/345/588
f 644/345/588 656/354/598 657/355/599
f 644/345/588 657/355/599 645/342/589
f 645/342/589 657/355/599 658/350/600
f 645/342/589 658/350/600 646/341/590
f 646/341/590 658/350/600 659/356/601
f 646/341/590 659/356/601 647/340/591
f 647/340/591 659/356/601 660/357/602
f 647/340/591 660/357/602 648/346/592
f 648/346/592 660/357/602 649/347/429
f 648/346/592 649/347/429 637/338/417
f 649/347/429 661/358/441 662/359/603
f 649/347/429 662/359/603 650/348/593
f 650/348/593 662/359/603 663/360/604
f 650/348/593 663/360/604 651/349/594
f 651/349/594 663/360/604 664/361/605
f 651/349/594 664/361/605 652/350/595
f 652/350/595 664/361/605 665/362/606
f 652/350/595 665/362/606 653/351/596
f 653/351/596 665/362/606 666/363/607
f 653/351/596 666/363/607 654/352/597
f 654/352/597 666/363/607 667/364/435
f 654/352/597 667/364/435 655/353/423
f 655/353/423 667/364/435 668/365/608
f 655/353/423 668/365/608 656/354/598
f 656/354/598 668/365/608 669/366/609
f 656/354/598 669/366/609 657/355/599
f 657/355/599 669/366/609 670/361/610
f 657/355/599 670/361/610 658/350/600
f 658/350/600 670/361/610 671/360/611
f 658/350/600 671/360/611 659/356/601
f 659/356/601 671/360/611 672/367/612
f 659/356/601 672/367/612 660/357/602
f 660/357/602 672/367/612 661/358/441
f 660/357/602 661/358/441 649/347/429
f 661/358/441 673/368/453 674/369/613
f 661/358/441 674/369/613 662/359/603
f 662/359/603 674/369/613 675/370/614
f 662/359/603 675/370/614 663/360/604
f 663/360/604 675/370/614 676/371/615
f 663/360/604 676/371/615 664/361/605
f 664/361/605 676/371/615 677/372/616
f 664/361/605 677/372/616 665/362/606
f 665/362/606 677/372/616 678/373/617
f 665/362/606 678/373/617 666/363/607
f 666/363/607 678/373/617 679/374/447
f 666/363/607 679/374/447 667/364/435
f 667/364/435 679/374/447 680/375/618
f 667/364/435 680/375/618 668/365/608
f 668/365/608 680/375/618 681/372/619
f 668/365/608 681/372/619 669/366/609
f 669/366/609 681/372/619 682/371/620
f 669/366/609 682/371/620 670/361/610
f 670/361/610 682/371/620 683/376/621
f 670/361/610 683/376/621 671/360/611
f 671/360/611 683/376/621 684/377/622
f 671/360/611 684/377/622 672/367/612
f 672/367/612 684/377/622 673/368/453
f 672/367/612 673/368/453 661/358/441
f 673/368/453 685/378/465 686/379/623
f 673/368/453 686/379/623 674/369/613
f 674/369/613 686/379/623 687/380/624
f 674/369/613 687/380/624 675/370/614
f 675/370/614 687/380/624 688/381/625
f 675/370/614 688/381/625 676/371/615
f 676/371/615 688/381/625 689/382/626
f 676/371/615 689/382/626 677/372/616
f 677/372/616 689/382/626 690/383/627
f 677/372/616 690/383/627 678/373/617
f 678/373/617 690/383/627 691/384/459
f 678/373/617 691/384/459 679/374/447
f 679/374/447 691/384/459 692/385/628
f 679/374/447 692/385/628 680/375/618
f 680/375/618 692/385/628 693/386/629
f 680/375/618 693/386/629 681/372/619
f 681/372/619 693/386/629 694/387/630
f 681/372/619 694/387/630 682/371/620
f 682/371/620 694/387/630 695/388/631
f 682/371/620 695/388/631 683/376/621
f 683/376/621 695/388/631 696/389/632
f 683/376/621 696/389/632 684/377/622
f 684/377/622 696/389/632 685/378/465
f 684/377/622 685/378/465 673/368/453
f 685/378/465 313/210/279 316/213/282
f 685/378/465 316/213/282 686/379/623
f 686/379/623 316/213/282 318/215/284
f 686/379/623 318/215/284 687/380/624
f 687/380/624 318/215/284 320/217/286
f 687/380/624 320/217/286 688/381/625
f 688/381/625 320/217/286 322/219/288
f 688/381/625 322/219/288 689/382/626
f 689/382/626 322/219/288 324/221/290
f 689/382/626 324/221/290 690/383/627
f 690/383/627 324/221/290 326/223/292
f 690/383/627 326/223/292 691/384/459
f 691/384/459 326/223/292 328/225/294
f 691/384/459 328/225/294 692/385/628
f 692/385/628 328/225/294 330/227/296
f 692/385/628 330/227/296 693/386/629
f 693/386/629 330/227/296 332/229/298
f 693/386/629 332/229/298 694/387/630
f 694/387/630 332/229/298 334/231/300
f 694/387/630 334/231/300 695/388/631
f 695/388/631 334/231/300 336/233/302
f 695/388/631 336/233/302 696/389/632
f 696/389/632 336/233/302 313/210/279
f 696/389/632 313/210/279 685/378/465
f 697/210/633 698/211/634 699/212/635
f 697/210/633 699/212/635 700/213/636
f 700/213/636 699/212/635 701/214/637
f 700/213/636 701/214/637 702/215/638
f 702/215/638 701/214/637 703/216/639
f 702/215/638 703/216/639 704/217/640
f 704/217/640 703/216/639 705/218/641
f 704/217/640 705/218/641 706/219/642
f 706/219/642 705/218/641 707/220/643
f 706/219/642 707/220/643 708/221/644
f 708/221/644 707/220/643 709/222/645
f 708/221/644 709/222/645 710/223/646
f 710/223/646 709/222/645 711/224/647
f 710/223/646 711/224/647 712/225/648
f 712/225/648 711/224/647 713/226/649
f 712/225/648 713/226/649 714/227/650
f 714/227/650 713/226/649 715/228/651
f 714/227/650 715/228/651 716/229/652
f 716/229/652 715/228/651 717/230/653
f 716/229/652 717/230/653 718/231/654
f 718/231/654 717/230/653 719/232/655
f 718/231/654 719/232/655 720/233/656
f 720/233/656 719/232/655 698/211/634
f 720/233/656 698/211/634 697/210/633
f 698/211/634 721/234/657 722/235/658
f 698/211/634 722/235/658 699/212/635
f 699/212/635 722/235/658 723/236/659
f 699/212/635 723/236/659 701/214/637
f 701/214/637 723/236/659 724/237/660
f 701/214/637 724/237/660 703/216/639
f 703/216/639 724/237/660 725/238/661
f 703/216/639 725/238/661 705/218/641
f 705/218/641 725/238/661 726/239/662
f 705/218/641 726/239/662 707/220/643
f 707/220/643 726/239/662 727/240/663
f 707/220/643 727/240/663 709/222/645
f 709/222/645 727/240/663 728/239/664
f 709/222/645 728/239/664 711/224/647
f 711/224/647 728/239/664 729/241/665
f 711/224/647 729/241/665 713/226/649
f 713/226/649 729/241/665 730/242/666
f 713/226/649 730/242/666 715/228/651
f 715/228/651 730/242/666 731/236/667
f 715/228/651 731/236/667 717/230/653
f 717/230/653 731/236/667 732/243/668
f 717/230/653 732/243/668 719/232/655
f 719/232/655 732/243/668 721/234/657
f 719/232/655 721/234/657 698/211/634
f 721/234/657 733/244/669 734/245/670
f 721/234/657 734/245/670 722/235/658
f 722/235/658 734/245/670 735/246/671
f 722/235/658 735/246/671 723/236/659
f 723/236/659 735/246/671 736/247/672
f 723/236/659 736/247/672 724/237/660
f 724/237/660 736/247/672 737/248/673
f 724/237/660 737/248/673 725/238/661
f 725/238/661 737/248/673 738/249/674
f 725/238/661 738/249/674 726/239/662
f 726/239/662 738/249/674 739/250/675
f 726/239/662 739/250/675 727/240/663
f 727/240/663 739/250/675 740/251/676
f 727/240/663 740/251/676 728/239/664
f 728/239/664 740/251/676 741/252/677
f 728/239/664 741/252/677 729/241/665
f 729/241/665 741/252/677 742/247/678
f 729/241/665 742/247/678 730/242/666
f 730/242/666 742/247/678 743/246/679
f 730/242/666 743/246/679 731/236/667
f 731/236/667 743/246/679 744/253/680
f 731/236/667 744/253/680 732/243/668
f 732/243/668 744/253/680 733/244/669
f 732/243/668 733/244/669 721/234/657
f 733/244/669 745/254/681 746/255/682
f 733/244/669 746/255/682 734/245/670
f 734/245/670 746/255/682 747/256/683
f 734/245/670 747/256/683 735/246/671
f 735/246/671 747/256/683 748/257/684
f 735/246/671 748/257/684 736/247/672
f 736/247/672 748/257/684 749/258/685
f 736/247/672 749/258/685 737/248/673
f 737/248/673 749/258/685 750/259/686
f 737/248/673 750/259/686 738/249/674
f 738/249/674 750/259/686 751/260/687
f 738/249/674 751/260/687 739/250/675
f 739/250/675 751/260/687 752/261/688
f 739/250/675 752/261/688 740/251/676
f 740/251/676 752/261/688 753/262/689
f 740/251/676 753/262/689 741/252/677
f 741/252/677 753/262/689 754/257/690
f 741/252/677 754/257/690 742/247/678
f 742/247/678 754/257/690 755/256/691
f 742/247/678 755/256/691 743/246/679
f 743/246/679 755/256/691 756/263/692
f 743/246/679 756/263/692 744/253/680
f 744/253/680 756/263/692 745/254/681
f 744/253/680 745/254/681 733/244/669
f 745/254/681 757/264/693 758/265/694
f 745/254/681 758/265/694 746/255/682
f 746/255/682 758/265/694 759/266/695
f 746/255/682 759/266/695 747/256/683
f 747/256/683 759/266/695 760/267/696
f 747/256/683 760/267/696 748/257/684
f 748/257/684 760/267/696 761/268/697
f 748/257/684 761/268/697 749/258/685
f 749/258/685 761/268/697 762/269/698
f 749/258/685 762/269/698 750/259/686
f 750/259/686 762/269/698 763/270/699
f 750/259/686 763/270/699 751/260/687
f 751/260/687 763/270/699 764/271/700
f 751/260/687 764/271/700 752/261/688
f 752/261/688 764/271/700 765/272/701
f 752/261/688 765/272/701 753/262/689
f 753/262/689 765/272/701 766/267/702
f 753/262/689 766/267/702 754/257/690
f 754/257/690 766/267/702 767/266/703
f 754/257/690 767/266/703 755/256/691
f 755/256/691 767/266/703 768/273/704
f 755/256/691 768/273/704 756/263/692
f 756/263/692 768/273/704 757/264/693
f 756/263/692 757/264/693 745/254/681
f 757/264/693 769/274/705 770/275/706
f 757/264/693 770/275/706 758/265/694
f 758/265/694 770/275/706 771/276/707
f 758/265/694 771/276/707 759/266/695
f 759/266/695 771/276/707 772/277/708
f 759/266/695 772/277/708 760/267/696
f 760/267/696 772/277/708 773/278/709
f 760/267/696 773/278/709 761/268/697
f 761/268/697 773/278/709 774/279/710
f 761/268/697 774/279/710 762/269/698
f 762/269/698 774/279/710 775/280/711
f 762/269/698 775/280/711 763/270/699
f 763/270/699 775/280/711 776/281/712
f 763/270/699 776/281/712 764/271/700
f 764/271/700 776/281/712 777/282/713
f 764/271/700 777/282/713 765/272/701
f 765/272/701 777/282/713 778/277/714
f 765/272/701 778/277/714 766/267/702
f 766/267/702 778/277/714 779/283/715
f 766/267/702 779/283/715 767/266/703
f 767/266/703 779/283/715 780/284/716
f 767/266/703 780/284/716 768/273/704
f 768/273/704 780/284/716 769/274/705
f 768/273/704 769/274/705 757/264/693
f 769/274/705 781/285/717 782/286/718
f 769/274/705 782/286/718 770/275/706
f 770/275/706 782/286/718 783/287/719
f 770/275/706 783/287/719 771/276/707
f 771/276/707 783/287/719 784/288/720
f 771/276/707 784/288/720 772/277/708
f 772/277/708 784/288/720 785/289/721
f 772/277/708 785/289/721 773/278/709
f 773/278/709 785/289/721 786/290/722
f 773/278/709 786/290/722 774/279/710
f 774/279/710 786/290/722 787/291/723
f 774/279/710 787/291/723 775/280/711
f 775/280/711 787/291/723 788/292/724
f 775/280/711 788/292/724 776/281/712
f 776/281/712 788/292/724 789/293/725
f 776/281/712 789/293/725 777/282/713
f 777/282/713 789/293/725 790/288/726
f 777/282/713 790/288/726 778/277/714
f 778/277/714 790/288/726 791/287/727
f 778/277/714 791/287/727 779/283/715
f 779/283/715 791/287/727 792/286/728
f 779/283/715 792/286/728 780/284/716
f 780/284/716 792/286/728 781/285/717
f 780/284/716 781/285/717 769/274/705
f 781/285/717 793/294/729 794/295/730
f 781/285/717 794/295/730 782/286/718
f 782/286/718 794/295/730 795/296/731
f 782/286/718 795/296/731 783/287/719
f 783/287/719 795/296/731 796/297/732
f 783/287/719 796/297/732 784/288/720
f 784/288/720 796/297/732 797/298/733
f 784/288/720 797/298/733 785/289/721
f 785/289/721 797/298/733 798/299/734
f 785/289/721 798/299/734 786/290/722
f 786/290/722 798/299/734 799/300/735
f 786/290/722 799/300/735 787/291/723
f 787/291/723 799/300/735 800/301/736
f 787/291/723 800/301/736 788/292/724
f 788/292/724 800/301/736 801/298/737
f 788/292/724 801/298/737 789/293/725
f 789/293/725 801/298/737 802/297/738
f 789/293/725 802/297/738 790/288/726
f 790/288/726 802/297/738 803/296/739
f 790/288/726 803/296/739 791/287/727
f 791/287/727 803/296/739 804/295/740
f 791/287/727 804/295/740 792/286/728
f 792/286/728 804/295/740 793/294/729
f 792/286/728 793/294/729 781/285/717
f 793/294/729 805/41/741 806/42/742
f 793/294/729 806/42/742 794/295/730
f 794/295/730 806/42/742 807/44/743
f 794/295/730 807/44/743 795/296/731
f 795/296/731 807/44/743 808/46/744
f 795/296/731 808/46/744 796/297/732
f 796/297/732 808/46/744 809/48/745
f 796/297/732 809/48/745 797/298/733
f 797/298/733 809/48/745 810/50/746
f 797/298/733 810/50/746 798/299/734
f 798/299/734 810/50/746 811/52/747
f 798/299/734 811/52/747 799/300/735
f 799/300/735 811/52/747 812/54/748
f 799/300/735 812/54/748 800/301/736
f 800/301/736 812/54/748 813/56/749
f 800/301/736 813/56/749 801/298/737
f 801/298/737 813/56/749 814/46/750
f 801/298/737 814/46/750 802/297/738
f 802/297/738 814/46/750 815/59/751
f 802/297/738 815/59/751 803/296/739
f 803/296/739 815/59/751 816/61/752
f 803/296/739 816/61/752 804/295/740
f 804/295/740 816/61/752 805/41/741
f 804/295/740 805/41/741 793/294/729
f 805/41/741 817/62/753 818/63/754
f 805/41/741 818/63/754 806/42/742
f 806/42/742 818/63/754 819/64/755
f 806/42/742 819/64/755 807/44/743
f 807/44/743 819/64/755 820/65/756
f 807/44/743 820/65/756 808/46/744
f 808/46/744 820/65/756 821/66/757
f 808/46/744 821/66/757 809/48/745
f 809/48/745 821/66/757 822/67/758
f 809/48/745 822/67/758 810/50/746
f 810/50/746 822/67/758 823/68/759
f 810/50/746 823/68/759 811/52/747
f 811/52/747 823/68/759 824/69/760
f 811/52/747 824/69/760 812/54/748
f 812/54/748 824/69/760 825/70/761
f 812/54/748 825/70/761 813/56/749
f 813/56/749 825/70/761 826/65/762
f 813/56/749 826/65/762 814/46/750
f 814/46/750 826/65/762 827/64/763
f 814/46/750 827/64/763 815/59/751
f 815/59/751 827/64/763 828/63/764
f 815/59/751 828/63/764 816/61/752
f 816/61/752 828/63/764 817/62/753
f 816/61/752 817/62/753 805/41/741
f 817/62/753 829/71/765 830/72/766
f 817/62/753 830/72/766 818/63/754
f 818/63/754 830/72/766 831/73/767
f 818/63/754 831/73/767 819/64/755
f 819/64/755 831/73/767 832/74/768
f 819/64/755 832/74/768 820/65/756
f 820/65/756 832/74/768 833/75/769
f 820/65/756 833/75/769 821/66/757
f 821/66/757 833/75/769 834/76/770
f 821/66/757 834/76/770 822/67/758
f 822/67/758 834/76/770 835/77/771
f 822/67/758 835/77/771 823/68/759
f 823/68/759 835/77/771 836/78/772
f 823/68/759 836/78/772 824/69/760
f 824/69/760 836/78/772 837/75/773
f 824/69/760 837/75/773 825/70/761
f 825/70/761 837/75/773 838/74/774
f 825/70/761 838/74/774 826/65/762
f 826/65/762 838/74/774 839/79/775
f 826/65/762 839/79/775 827/64/763
f 827/64/763 839/79/775 840/80/776
f 827/64/763 840/80/776 828/63/764
f 828/63/764 840/80/776 829/71/765
f 828/63/764 829/71/765 817/62/753
f 829/71/765 841/81/777 842/82/778
f 829/71/765 842/82/778 830/72/766
f 830/72/766 842/82/778 843/83/779
f 830/72/766 843/83/779 831/73/767
f 831/73/767 843/83/779 844/84/780
f 831/73/767 844/84/780 832/74/768
f 832/74/768 844/84/780 845/85/781
f 832/74/768 845/85/781 833/75/769
f 833/75/769 845/85/781 846/86/782
f 833/75/769 846/86/782 834/76/770
f 834/76/770 846/86/782 847/87/783
f 834/76/770 847/87/783 835/77/771
f 835/77/771 847/87/783 848/88/784
f 835/77/771 848/88/784 836/78/772
f 836/78/772 848/88/784 849/89/785
f 836/78/772 849/89/785 837/75/773
f 837/75/773 849/89/785 850/84/786
f 837/75/773 850/84/786 838/74/774
f 838/74/774 850/84/786 851/90/787
f 838/74/774 851/90/787 839/79/775
f 839/79/775 851/90/787 852/91/788
f 839/79/775 852/91/788 840/80/776
f 840/80/776 852/91/788 841/81/777
f 840/80/776 841/81/777 829/71/765
f 841/81/777 853/92/789 854/93/790
f 841/81/777 854/93/790 842/82/778
f 842/82/778 854/93/790 855/94/791
f 842/82/778 855/94/791 843/83/779
f 843/83/779 855/94/791 856/95/792
f 843/83/779 856/95/792 844/84/780
f 844/84/780 856/95/792 857/96/793
f 844/84/780 857/96/793 845/85/781
f 845/85/781 857/96/793 858/97/794
f 845/85/781 858/97/794 846/86/782
f 846/86/782 858/97/794 859/98/795
f 846/86/782 859/98/795 847/87/783
f 847/87/783 859/98/795 860/99/796
f 847/87/783 860/99/796 848/88/784
f 848/88/784 860/99/796 861/100/797
f 848/88/784 861/100/797 849/89/785
f 849/89/785 861/100/797 862/95/798
f 849/89/785 862/95/798 850/84/786
f 850/84/786 862/95/798 863/94/799
f 850/84/786 863/94/799 851/90/787
f 851/90/787 863/94/799 864/93/800
f 851/90/787 864/93/800 852/91/788
f 852/91/788 864/93/800 853/92/789
f 852/91/788 853/92/789 841/81/777
f 853/92/789 865/101/801 866/102/802
f 853/92/789 866/102/802 854/93/790
f 854/93/790 866/102/802 867/103/803
f 854/93/790 867/103/803 855/94/791
f 855/94/791 867/103/803 868/104/804
f 855/94/791 868/104/804 856/95/792
f 856/95/792 868/104/804 869/105/805
f 856/95/792 869/105/805 857/96/793
f 857/96/793 869/105/805 870/106/806
f 857/96/793 870/106/806 858/97/794
f 858/97/794 870/106/806 871/107/807
f 858/97/794 871/107/807 859/98/795
f 859/98/795 871/107/807 872/106/808
f 859/98/795 872/106/808 860/99/796
f 860/99/796 872/106/808 873/108/809
f 860/99/796 873/108/809 861/100/797
f 861/100/797 873/108/809 874/104/810
f 861/100/797 874/104/810 862/95/798
f 862/95/798 874/104/810 875/109/811
f 862/95/798 875/109/811 863/94/799
f 863/94/799 875/109/811 876/110/812
f 863/94/799 876/110/812 864/93/800
f 864/93/800 876/110/812 865/101/801
f 864/93/800 865/101/801 853/92/789
f 865/101/801 877/111/813 878/112/814
f 865/101/801 878/112/814 866/102/802
f 866/102/802 878/112/814 879/113/815
f 866/102/802 879/113/815 867/103/803
f 867/103/803 879/113/815 880/114/816
f 867/103/803 880/114/816 868/104/804
f 868/104/804 880/114/816 881/115/817
f 868/104/804 881/115/817 869/105/805
f 869/105/805 881/115/817 882/116/818
f 869/105/805 882/116/818 870/106/806
f 870/106/806 882/116/818 883/117/819
f 870/106/806 883/117/819 871/107/807
f 871/107/807 883/117/819 884/118/820
f 871/107/807 884/118/820 872/106/808
f 872/106/808 884/118/820 885/119/821
f 872/106/808 885/119/821 873/108/809
f 873/108/809 885/119/821 886/120/822
f 873/108/809 886/120/822 874/104/810
f 874/104/810 886/120/822 887/121/823
f 874/104/810 887/121/823 875/109/811
f 875/109/811 887/121/823 888/122/824
f 875/109/811 888/122/824 876/110/812
f 876/110/812 888/122/824 877/111/813
f 876/110/812 877/111/813 865/101/801
f 877/111/813 889/123/825 890/124/826
f 877/111/813 890/124/826 878/112/814
f 878/112/814 890/124/826 891/125/827
f 878/112/814 891/125/827 879/113/815
f 879/113/815 891/125/827 892/126/828
f 879/113/815 892/126/828 880/114/816
f 880/114/816 892/126/828 893/127/829
f 880/114/816 893/127/829 881/115/817
f 881/115/817 893/127/829 894/128/830
f 881/115/817 894/128/830 882/116/818
f 882/116/818 894/128/830 895/129/633
f 882/116/818 895/129/633 883/117/819
f 883/117/819 895/129/633 896/130/831
f 883/117/819 896/130/831 884/118/820
f 884/118/820 896/130/831 897/131/832
f 884/118/820 897/131/832 885/119/821
f 885/119/821 897/131/832 898/132/833
f 885/119/821 898/132/833 886/120/822
f 886/120/822 898/132/833 899/133/834
f 886/120/822 899/133/834 887/121/823
f 887/121/823 899/133/834 900/134/835
f 887/121/823 900/134/835 888/122/824
f 888/122/824 900/134/835 889/123/825
f 888/122/824 889/123/825 877/111/813
f 889/123/825 901/135/645 902/136/836
f 889/123/825 902/136/836 890/124/826
f 890/124/826 902/136/836 903/137/837
f 890/124/826 903/137/837 891/125/827
f 891/125/827 903/137/837 904/138/838
f 891/125/827 904/138/838 892/126/828
f 892/126/828 904/138/838 905/139/839
f 892/126/828 905/139/839 893/127/829
f 893/127/829 905/139/839 906/140/840
f 893/127/829 906/140/840 894/128/830
f 894/128/830 906/140/840 907/141/634
f 894/128/830 907/141/634 895/129/633
f 895/129/633 907/141/634 908/142/841
f 895/129/633 908/142/841 896/130/831
f 896/130/831 908/142/841 909/143/842
f 896/130/831 909/143/842 897/131/832
f 897/131/832 909/143/842 910/144/843
f 897/131/832 910/144/843 898/132/833
f 898/132/833 910/144/843 911/145/844
f 898/132/833 911/145/844 899/133/834
f 899/133/834 911/145/844 912/136/845
f 899/133/834 912/136/845 900/134/835
f 900/134/835 912/136/845 901/135/645
f 900/134/835 901/135/645 889/123/825
f 901/135/645 913/146/663 914/147/846
f 901/135/645 914/147/846 902/136/836
f 902/136/836 914/147/846 915/148/847
f 902/136/836 915/148/847 903/137/837
f 903/137/837 915/148/847 916/149/848
f 903/137/837 916/149/848 904/138/838
f 904/138/838 916/149/848 917/150/849
f 904/138/838 917/150/849 905/139/839
f 905/139/839 917/150/849 918/151/850
f 905/139/839 918/151/850 906/140/840
f 906/140/840 918/151/850 919/152/657
f 906/140/840 919/152/657 907/141/634
f 907/141/634 919/152/657 920/153/851
f 907/141/634 920/153/851 908/142/841
f 908/142/841 920/153/851 921/154/852
f 908/142/841 921/154/852 909/143/842
f 909/143/842 921/154/852 922/155/853
f 909/143/842 922/155/853 910/144/843
f 910/144/843 922/155/853 923/148/854
f 910/144/843 923/148/854 911/145/844
f 911/145/844 923/148/854 924/147/855
f 911/145/844 924/147/855 912/136/845
f 912/136/845 924/147/855 913/146/663
f 912/136/845 913/146/663 901/135/645
f 913/146/663 925/156/675 926/157/856
f 913/146/663 926/157/856 914/147/846
f 914/147/846 926/157/856 927/158/857
f 914/147/846 927/158/857 915/148/847
f 915/148/847 927/158/857 928/159/858
f 915/148/847 928/159/858 916/149/848
f 916/149/848 928/159/858 929/160/859
f 916/149/848 929/160/859 917/150/849
f 917/150/849 929/160/859 930/161/860
f 917/150/849 930/161/860 918/151/850
f 918/151/850 930/161/860 931/162/669
f 918/151/850 931/162/669 919/152/657
f 919/152/657 931/162/669 932/163/861
f 919/152/657 932/163/861 920/153/851
f 920/153/851 932/163/861 933/164/862
f 920/153/851 933/164/862 921/154/852
f 921/154/852 933/164/862 934/159/863
f 921/154/852 934/159/863 922/155/853
f 922/155/853 934/159/863 935/158/864
f 922/155/853 935/158/864 923/148/854
f 923/148/854 935/158/864 936/165/865
f 923/148/854 936/165/865 924/147/855
f 924/147/855 936/165/865 925/156/675
f 924/147/855 925/156/675 913/146/663
f 925/156/675 937/166/687 938/167/866
f 925/156/675 938/167/866 926/157/856
f 926/157/856 938/167/866 939/168/867
f 926/157/856 939/168/867 927/158/857
f 927/158/857 939/168/867 940/169/868
f 927/158/857 940/169/868 928/159/858
f 928/159/858 940/169/868 941/170/869
f 928/159/858 941/170/869 929/160/859
f 929/160/859 941/170/869 942/171/870
f 929/160/859 942/171/870 930/161/860
f 930/161/860 942/171/870 943/172/681
f 930/161/860 943/172/681 931/162/669
f 931/162/669 943/172/681 944/173/871
f 931/162/669 944/173/871 932/163/861
f 932/163/861 944/173/871 945/174/872
f 932/163/861 945/174/872 933/164/862
f 933/164/862 945/174/872 946/169/873
f 933/164/862 946/169/873 934/159/863
f 934/159/863 946/169/873 947/175/874
f 934/159/863 947/175/874 935/158/864
f 935/158/864 947/175/874 948/176/875
f 935/158/864 948/176/875 936/165/865
f 936/165/865 948/176/875 937/166/687
f 936/165/865 937/166/687 925/156/675
f 937/166/687 949/177/699 950/178/876
f 937/166/687 950/178/876 938/167/866
f 938/167/866 950/178/876 951/179/877
f 938/167/866 951/179/877 939/168/867
f 939/168/867 951/179/877 952/180/878
f 939/168/867 952/180/878 940/169/868
f 940/169/868 952/180/878 953/181/879
f 940/169/868 953/181/879 941/170/869
f 941/170/869 953/181/879 954/182/880
f 941/170/869 954/182/880 942/171/870
f 942/171/870 954/182/880 955/183/693
f 942/171/870 955/183/693 943/172/681
f 943/172/681 955/183/693 956/184/881
f 943/172/681 956/184/881 944/173/871
f 944/173/871 956/184/881 957/185/882
f 944/173/871 957/185/882 945/174/872
f 945/174/872 957/185/882 958/180/883
f 945/174/872 958/180/883 946/169/873
f 946/169/873 958/180/883 959/186/884
f 946/169/873 959/186/884 947/175/874
f 947/175/874 959/186/884 960/187/885
f 947/175/874 960/187/885 948/176/875
f 948/176/875 960/187/885 949/177/699
f 948/176/875 949/177/699 937/166/687
f 949/177/699 961/188/711 962/189/886
f 949/177/699 962/189/886 950/178/876
f 950/178/876 962/189/886 963/190/887
f 950/178/876 963/190/887 951/179/877
f 951/179/877 963/190/887 964/191/888
f 951/179/877 964/191/888 952/180/878
f 952/180/878 964/191/888 965/192/889
f 952/180/878 965/192/889 953/181/879
f 953/181/879 965/192/889 966/193/890
f 953/181/879 966/193/890 954/182/880
f 954/182/880 966/193/890 967/194/705
f 954/182/880 967/194/705 955/183/693
f 955/183/693 967/194/705 968/195/891
f 955/183/693 968/195/891 956/184/881
f 956/184/881 968/195/891 969/196/892
f 956/184/881 969/196/892 957/185/882
f 957/185/882 969/196/892 970/191/893
f 957/185/882 970/191/893 958/180/883
f 958/180/883 970/191/893 971/197/894
f 958/180/883 971/197/894 959/186/884
f 959/186/884 971/197/894 972/189/895
f 959/186/884 972/189/895 960/187/885
f 960/187/885 972/189/895 961/188/711
f 960/187/885 961/188/711 949/177/699
f 961/188/711 973/302/723 974/303/896
f 961/188/711 974/303/896 962/189/886
f 962/189/886 974/303/896 975/304/897
f 962/189/886 975/304/897 963/190/887
f 963/190/887 975/304/897 976/305/898
f 963/190/887 976/305/898 964/191/888
f 964/191/888 976/305/898 977/306/899
f 964/191/888 977/306/899 965/192/889
f 965/192/889 977/306/899 978/307/900
f 965/192/889 978/307/900 966/193/890
f 966/193/890 978/307/900 979/308/717
f 966/193/890 979/308/717 967/194/705
f 967/194/705 979/308/717 980/309/901
f 967/194/705 980/309/901 968/195/891
f 968/195/891 980/309/901 981/310/902
f 968/195/891 981/310/902 969/196/892
f 969/196/892 981/310/902 982/305/903
f 969/196/892 982/305/903 970/191/893
f 970/191/893 982/305/903 983/304/904
f 970/191/893 983/304/904 971/197/894
f 971/197/894 983/304/904 984/311/905
f 971/197/894 984/311/905 972/189/895
f 972/189/895 984/311/905 973/302/723
f 972/189/895 973/302/723 961/188/711
f 973/302/723 985/312/735 986/313/906
f 973/302/723 986/313/906 974/303/896
f 974/303/896 986/313/906 987/314/907
f 974/303/896 987/314/907 975/304/897
f 975/304/897 987/314/907 988/315/908
f 975/304/897 988/315/908 976/305/898
f 976/305/898 988/315/908 989/316/909
f 976/305/898 989/316/909 977/306/899
f 977/306/899 989/316/909 990/317/910
f 977/306/899 990/317/910 978/307/900
f 978/307/900 990/317/910 991/318/729
f 978/307/900 991/318/729 979/308/717
f 979/308/717 991/318/729 992/319/911
f 979/308/717 992/319/911 980/309/901
f 980/309/901 992/319/911 993/320/912
f 980/309/901 993/320/912 981/310/902
f 981/310/902 993/320/912 994/315/913
f 981/310/902 994/315/913 982/305/903
f 982/305/903 994/315/913 995/321/914
f 982/305/903 995/321/914 983/304/904
f 983/304/904 995/321/914 996/313/915
f 983/304/904 996/313/915 984/311/905
f 984/311/905 996/313/915 985/312/735
f 984/311/905 985/312/735 973/302/723
f 985/312/735 997/322/747 998/323/916
f 985/312/735 998/323/916 986/313/906
f 986/313/906 998/323/916 999/324/917
f 986/313/906 999/324/917 987/314/907
f 987/314/907 999/324/917 1000/325/918
f 987/314/907 1000/325/918 988/315/908
f 988/315/908 1000/325/918 1001/326/919
f 988/315/908 1001/326/919 989/316/909
f 989/316/909 1001/326/919 1002/327/920
f 989/316/909 1002/327/920 990/317/910
f 990/317/910 1002/327/920 1003/328/741
f 990/317/910 1003/328/741 991/318/729
f 991/318/729 1003/328/741 1004/329/921
f 991/318/729 1004/329/921 992/319/911
f 992/319/911 1004/329/921 1005/326/922
f 992/319/911 1005/326/922 993/320/912
f 993/320/912 1005/326/922 1006/325/923
f 993/320/912 1006/325/923 994/315/913
f 994/315/913 1006/325/923 1007/324/924
f 994/315/913 1007/324/924 995/321/914
f 995/321/914 1007/324/924 1008/323/925
f 995/321/914 1008/323/925 996/313/915
f 996/313/915 1008/323/925 997/322/747
f 996/313/915 997/322/747 985/312/735
f 997/322/747 1009/330/759 1010/331/926
f 997/322/747 1010/331/926 998/323/916
f 998/323/916 1010/331/926 1011/332/927
f 998/323/916 1011/332/927 999/324/917
f 999/324/917 1011/332/927 1012/333/928
f 999/324/917 1012/333/928 1000/325/918
f 1000/325/918 1012/333/928 1013/334/929
f 1000/325/918 1013/334/929 1001/326/919
f 1001/326/919 1013/334/929 1014/335/930
f 1001/326/919 1014/335/930 1002/327/920
f 1002/327/920 1014/335/930 1015/336/753
f 1002/327/920 1015/336/753 1003/328/741
f 1003/328/741 1015/336/753 1016/337/931
f 1003/328/741 1016/337/931 1004/329/921
f 1004/329/921 1016/337/931 1017/334/932
f 1004/329/921 1017/334/932 1005/326/922
f 1005/326/922 1017/334/932 1018/333/933
f 1005/326/922 1018/333/933 1006/325/923
f 1006/325/923 1018/333/933 1019/332/934
f 1006/325/923 1019/332/934 1007/324/924
f 1007/324/924 1019/332/934 1020/331/935
f 1007/324/924 1020/331/935 1008/323/925
f 1008/323/925 1020/331/935 1009/330/759
f 1008/323/925 1009/330/759 997/322/747
f 1009/330/759 1021/338/771 1022/339/936
f 1009/330/759 1022/339/936 1010/331/926
f 1010/331/926 1022/339/936 1023/340/937
f 1010/331/926 1023/340/937 1011/332/927
f 1011/332/927 1023/340/937 1024/341/938
f 1011/332/927 1024/341/938 1012/333/928
f 1012/333/928 1024/341/938 1025/342/939
f 1012/333/928 1025/342/939 1013/334/929
f 1013/334/929 1025/342/939 1026/343/940
f 1013/334/929 1026/343/940 1014/335/930
f 1014/335/930 1026/343/940 1027/344/765
f 1014/335/930 1027/344/765 1015/336/753
f 1015/336/753 1027/344/765 1028/345/941
f 1015/336/753 1028/345/941 1016/337/931
f 1016/337/931 1028/345/941 1029/342/942
f 1016/337/931 1029/342/942 1017/334/932
f 1017/334/932 1029/342/942 1030/341/943
f 1017/334/932 1030/341/943 1018/333/933
f 1018/333/933 1030/341/943 1031/340/944
f 1018/333/933 1031/340/944 1019/332/934
f 1019/332/934 1031/340/944 1032/346/945
f 1019/332/934 1032/346/945 1020/331/935
f 1020/331/935 1032/346/945 1021/338/771
f 1020/331/935 1021/338/771 1009/330/759
f 1021/338/771 1033/347/783 1034/348/946
f 1021/338/771 1034/348/946 1022/339/936
f 1022/339/936 1034/348/946 1035/349/947
f 1022/339/936 1035/349/947 1023/340/937
f 1023/340/937 1035/349/947 1036/350/948
f 1023/340/937 1036/350/948 1024/341/938
f 1024/341/938 1036/350/948 1037/351/949
f 1024/341/938 1037/351/949 1025/342/939
f 1025/342/939 1037/351/949 1038/352/950
f 1025/342/939 1038/352/950 1026/343/940
f 1026/343/940 1038/352/950 1039/353/777
f 1026/343/940 1039/353/777 1027/344/765
f 1027/344/765 1039/353/777 1040/354/951
f 1027/344/765 1040/354/951 1028/345/941
f 1028/345/941 1040/354/951 1041/355/952
f 1028/345/941 1041/355/952 1029/342/942
f 1029/342/942 1041/355/952 1042/350/953
f 1029/342/942 1042/350/953 1030/341/943
f 1030/341/943 1042/350/953 1043/356/954
f 1030/341/943 1043/356/954 1031/340/944
f 1031/340/944 1043/356/954 1044/357/955
f 1031/340/944 1044/357/955 1032/346/945
f 1032/346/945 1044/357/955 1033/347/783
f 1032/346/945 1033/347/783 1021/338/771
f 1033/347/783 1045/358/795 1046/359/956
f 1033/347/783 1046/359/956 1034/348/946
f 1034/348/946 1046/359/956 1047/360/957
f 1034/348/946 1047/360/957 1035/349/947
f 1035/349/947 1047/360/957 1048/361/958
f 1035/349/947 1048/361/958 1036/350/948
f 1036/350/948 1048/361/958 1049/362/959
f 1036/350/948 1049/362/959 1037/351/949
f 1037/351/949 1049/362/959 1050/363/960
f 1037/351/949 1050/363/960 1038/352/950
f 1038/352/950 1050/363/960 1051/364/961
f 1038/352/950 1051/364/961 1039/353/777
f 1039/353/777 1051/364/961 1052/365/962
f 1039/353/777 1052/365/962 1040/354/951
f 1040/354/951 1052/365/962 1053/366/963
f 1040/354/951 1053/366/963 1041/355/952
f 1041/355/952 1053/366/963 1054/361/964
f 1041/355/952 1054/361/964 1042/350/953
f 1042/350/953 1054/361/964 1055/360/965
f 1042/350/953 1055/360/965 1043/356/954
f 1043/356/954 1055/360/965 1056/367/966
f 1043/356/954 1056/367/966 1044/357/955
f 1044/357/955 1056/367/966 1045/358/795
f 1044/357/955 1045/358/795 1033/347/783
f 1045/358/795 1057/368/967 1058/369/968
f 1045/358/795 1058/369/968 1046/359/956
f 1046/359/956 1058/369/968 1059/370/969
f 1046/359/956 1059/370/969 1047/360/957
f 1047/360/957 1059/370/969 1060/371/970
f 1047/360/957 1060/371/970 1048/361/958
f 1048/361/958 1060/371/970 1061/372/971
f 1048/361/958 1061/372/971 1049/362/959
f 1049/362/959 1061/372/971 1062/373/972
f 1049/362/959 1062/373/972 1050/363/960
f 1050/363/960 1062/373/972 1063/374/973
f 1050/363/960 1063/374/973 1051/364/961
f 1051/364/961 1063/374/973 1064/375/974
f 1051/364/961 1064/375/974 1052/365/962
f 1052/365/962 1064/375/974 1065/372/975
f 1052/365/962 1065/372/975 1053/366/963
f 1053/366/963 1065/372/975 1066/371/976
f 1053/366/963 1066/371/976 1054/361/964
f 1054/361/964 1066/371/976 1067/376/977
f 1054/361/964 1067/376/977 1055/360/965
f 1055/360/965 1067/376/977 1068/377/978
f 1055/360/965 1068/377/978 1056/367/966
f 1056/367/966 1068/377/978 1057/368/967
f 1056/367/966 1057/368/967 1045/358/795
f 1057/368/967 1069/378/819 1070/379/979
f 1057/368/967 1070/379/979 1058/369/968
f 1058/369/968 1070/379/979 1071/380/980
f 1058/369/968 1071/380/980 1059/370/969
f 1059/370/969 1071/380/980 1072/381/981
f 1059/370/969 1072/381/981 1060/371/970
f 1060/371/970 1072/381/981 1073/382/982
f 1060/371/970 1073/382/982 1061/372/971
f 1061/372/971 1073/382/982 1074/383/983
f 1061/372/971 1074/383/983 1062/373/972
f 1062/373/972 1074/383/983 1075/384/813
f 1062/373/972 1075/384/813 1063/374/973
f 1063/374/973 1075/384/813 1076/385/984
f 1063/374/973 1076/385/984 1064/375/974
f 1064/375/974 1076/385/984 1077/386/985
f 1064/375/974 1077/386/985 1065/372/975
f 1065/372/975 1077/386/985 1078/387/986
f 1065/372/975 1078/387/986 1066/371/976
f 1066/371/976 1078/387/986 1079/388/987
f 1066/371/976 1079/388/987 1067/376/977
f 1067/376/977 1079/388/987 1080/389/988
f 1067/376/977 1080/389/988 1068/377/978
f 1068/377/978 1080/389/988 1069/378/819
f 1068/377/978 1069/378/819 1057/368/967
f 1069/378/819 697/210/633 700/213/636
f 1069/378/819 700/213/636 1070/379/979
f 1070/379/979 700/213/636 702/215/638
f 1070/379/979 702/215/638 1071/380/980
f 1071/380/980 702/215/638 704/217/640
f 1071/380/980 704/217/640 1072/381/981
f 1072/381/981 704/217/640 706/219/642
f 1072/381/981 706/219/642 1073/382/982
f 1073/382/982 706/219/642 708/221/644
f 1073/382/982 708/221/644 1074/383/983
f 1074/383/983 708/221/644 710/223/646
f 1074/383/983 710/223/646 1075/384/813
f 1075/384/813 710/223/646 712/225/648
f 1075/384/813 712/225/648 1076/385/984
f 1076/385/984 712/225/648 714/227/650
f 1076/385/984 714/227/650 1077/386/985
f 1077/386/985 714/227/650 716/229/652
f 1077/386/985 716/229/652 1078/387/986
f 1078/387/986 716/229/652 718/231/654
f 1078/387/986 718/231/654 1079/388/987
f 1079/388/987 718/231/654 720/233/656
f 1079/388/987 720/233/656 1080/389/988
f 1080/389/988 720/233/656 697/210/633
f 1080/389/988 697/210/633 1069/378/819
f 1081/210/989 1082/211/990 1083/212/991
f 1081/210/989 1083/212/991 1084/213/992
f 1084/213/992 1083/212/991 1085/214/993
f 1084/213/992 1085/214/993 1086/215/994
f 1086/215/994 1085/214/993 1087/216/995
f 1086/215/994 1087/216/995 1088/217/996
f 1088/217/996 1087/216/995 1089/218/997
f 1088/217/996 1089/218/997 1090/219/998
f 1090/219/998 1089/218/997 1091/220/999
f 1090/219/998 1091/220/999 1092/221/1000
f 1092/221/1000 1091/220/999 1093/222/1001
f 1092/221/1000 1093/222/1001 1094/223/1002
f 1094/223/1002 1093/222/1001 1095/224/1003
f 1094/223/1002 1095/224/1003 1096/225/1004
f 1096/225/1004 1095/224/1003 1097/226/1005
f 1096/225/1004 1097/226/1005 1098/227/1006
f 1098/227/1006 1097/226/1005 1099/228/1007
f 1098/227/1006 1099/228/1007 1100/229/1008
f 1100/229/1008 1099/228/1007 1101/230/1009
f 1100/229/1008 1101/230/1009 1102/231/1010
f 1102/231/1010 1101/230/1009 1103/232/1011
f 1102/231/1010 1103/232/1011 1104/233/1012
f 1104/233/1012 1103/232/1011 1082/211/990
f 1104/233/1012 1082/211/990 1081/210/989
f 1082/211/990 1105/234/1013 1106/235/1014
f 1082/211/990 1106/235/1014 1083/212/991
f 1083/212/991 1106/235/1014 1107/236/1015
f 1083/212/991 1107/236/1015 1085/214/993
f 1085/214/993 1107/236/1015 1108/237/1016
f 1085/214/993 1108/237/1016 1087/216/995
f 1087/216/995 1108/237/1016 1109/238/1017
f 1087/216/995 1109/238/1017 1089/218/997
f 1089/218/997 1109/238/1017 1110/239/1018
f 1089/218/997 1110/239/1018 1091/220/999
f 1091/220/999 1110/239/1018 1111/240/1019
f 1091/220/999 1111/240/1019 1093/222/1001
f 1093/222/1001 1111/240/1019 1112/239/1020
f 1093/222/1001 1112/239/1020 1095/224/1003
f 1095/224/1003 1112/239/1020 1113/241/1021
f 1095/224/1003 1113/241/1021 1097/226/1005
f 1097/226/1005 1113/241/1021 1114/242/1022
f 1097/226/1005 1114/242/1022 1099/228/1007
f 1099/228/1007 1114/242/1022 1115/236/1023
f 1099/228/1007 1115/236/1023 1101/230/1009
f 1101/230/1009 1115/236/1023 1116/243/1024
f 1101/230/1009 1116/243/1024 1103/232/1011
f 1103/232/1011 1116/243/1024 1105/234/1013
f 1103/232/1011 1105/234/1013 1082/211/990
f 1105/234/1013 1117/244/1025 1118/245/1026
f 1105/234/1013 1118/245/1026 1106/235/1014
f 1106/235/1014 1118/245/1026 1119/246/1027
f 1106/235/1014 1119/246/1027 1107/236/1015
f 1107/236/1015 1119/246/1027 1120/247/1028
f 1107/236/1015 1120/247/1028 1108/237/1016
f 1108/237/1016 1120/247/1028 1121/248/1029
f 1108/237/1016 1121/248/1029 1109/238/1017
f 1109/238/1017 1121/248/1029 1122/249/1030
f 1109/238/1017 1122/249/1030 1110/239/1018
f 1110/239/1018 1122/249/1030 1123/250/1031
f 1110/239/1018 1123/250/1031 1111/240/1019
f 1111/240/1019 1123/250/1031 1124/251/1032
f 1111/240/1019 1124/251/1032 1112/239/1020
f 1112/239/1020 1124/251/1032 1125/252/1033
f 1112/239/1020 1125/252/1033 1113/241/1021
f 1113/241/1021 1125/252/1033 1126/247/1034
f 1113/241/1021 1126/247/1034 1114/242/1022
f 1114/242/1022 1126/247/1034 1127/246/1035
f 1114/242/1022 1127/246/1035 1115/236/1023
f 1115/236/1023 1127/246/1035 1128/253/1036
f 1115/236/1023 1128/253/1036 1116/243/1024
f 1116/243/1024 1128/253/1036 1117/244/1025
f 1116/243/1024 1117/244/1025 1105/234/1013
f 1117/244/1025 1129/254/1037 1130/255/1038
f 1117/244/1025 1130/255/1038 1118/245/1026
f 1118/245/1026 1130/255/1038 1131/256/1039
f 1118/245/1026 1131/256/1039 1119/246/1027
f 1119/246/1027 1131/256/1039 1132/257/1040
f 1119/246/1027 1132/257/1040 1120/247/1028
f 1120/247/1028 1132/257/1040 1133/258/1041
f 1120/247/1028 1133/258/1041 1121/248/1029
f 1121/248/1029 1133/258/1041 1134/259/1042
f 1121/248/1029 1134/259/1042 1122/249/1030
f 1122/249/1030 1134/259/1042 1135/260/1043
f 1122/249/1030 1135/260/1043 1123/250/1031
f 1123/250/1031 1135/260/1043 1136/261/1044
f 1123/250/1031 1136/261/1044 1124/251/1032
f 1124/251/1032 1136/261/1044 1137/262/1045
f 1124/251/1032 1137/262/1045 1125/252/1033
f 1125/252/1033 1137/262/1045 1138/257/1046
f 1125/252/1033 1138/257/1046 1126/247/1034
f 1126/247/1034 1138/257/1046 1139/256/1047
f 1126/247/1034 1139/256/1047 1127/246/1035
f 1127/246/1035 1139/256/1047 1140/263/1048
f 1127/246/1035 1140/263/1048 1128/253/1036
f 1128/253/1036 1140/263/1048 1129/254/1037
f 1128/253/1036 1129/254/1037 1117/244/1025
f 1129/254/1037 1141/264/1049 1142/265/1050
f 1129/254/1037 1142/265/1050 1130/255/1038
f 1130/255/1038 1142/265/1050 1143/266/1051
f 1130/255/1038 1143/266/1051 1131/256/1039
f 1131/256/1039 1143/266/1051 1144/267/1052
f 1131/256/1039 1144/267/1052 1132/257/1040
f 1132/257/1040 1144/267/1052 1145/268/1053
f 1132/257/1040 1145/268/1053 1133/258/1041
f 1133/258/1041 1145/268/1053 1146/269/1054
f 1133/258/1041 1146/269/1054 1134/259/1042
f 1134/259/1042 1146/269/1054 1147/270/1055
f 1134/259/1042 1147/270/1055 1135/260/1043
f 1135/260/1043 1147/270/1055 1148/271/1056
f 1135/260/1043 1148/271/1056 1136/261/1044
f 1136/261/1044 1148/271/1056 1149/272/1057
f 1136/261/1044 1149/272/1057 1137/262/1045
f 1137/262/1045 1149/272/1057 1150/267/1058
f 1137/262/1045 1150/267/1058 1138/257/1046
f 1138/257/1046 1150/267/1058 1151/266/1059
f 1138/257/1046 1151/266/1059 1139/256/1047
f 1139/256/1047 1151/266/1059 1152/273/1060
f 1139/256/1047 1152/273/1060 1140/263/1048
f 1140/263/1048 1152/273/1060 1141/264/1049
f 1140/263/1048 1141/264/1049 1129/254/1037
f 1141/264/1049 1153/274/1061 1154/275/1062
f 1141/264/1049 1154/275/1062 1142/265/1050
f 1142/265/1050 1154/275/1062 1155/276/1063
f 1142/265/1050 1155/276/1063 1143/266/1051
f 1143/266/1051 1155/276/1063 1156/277/1064
f 1143/266/1051 1156/277/1064 1144/267/1052
f 1144/267/1052 1156/277/1064 1157/278/1065
f 1144/267/1052 1157/278/1065 1145/268/1053
f 1145/268/1053 1157/278/1065 1158/279/1066
f 1145/268/1053 1158/279/1066 1146/269/1054
f 1146/269/1054 1158/279/1066 1159/280/1067
f 1146/269/1054 1159/280/1067 1147/270/1055
f 1147/270/1055 1159/280/1067 1160/281/1068
f 1147/270/1055 1160/281/1068 1148/271/1056
f 1148/271/1056 1160/281/1068 1161/282/1069
f 1148/271/1056 1161/282/1069 1149/272/1057
f 1149/272/1057 1161/282/1069 1162/277/1070
f 1149/272/1057 1162/277/1070 1150/267/1058
f 1150/267/1058 1162/277/1070 1163/283/1071
f 1150/267/1058 1163/283/1071 1151/266/1059
f 1151/266/1059 1163/283/1071 1164/284/1072
f 1151/266/1059 1164/284/1072 1152/273/1060
f 1152/273/1060 1164/284/1072 1153/274/1061
f 1152/273/1060 1153/274/1061 1141/264/1049
f 1153/274/1061 1165/285/1073 1166/286/1074
f 1153/274/1061 1166/286/1074 1154/275/1062
f 1154/275/1062 1166/286/1074 1167/287/1075
f 1154/275/1062 1167/287/1075 1155/276/1063
f 1155/276/1063 1167/287/1075 1168/288/1076
f 1155/276/1063 1168/288/1076 1156/277/1064
f 1156/277/1064 1168/288/1076 1169/289/1077
f 1156/277/1064 1169/289/1077 1157/278/1065
f 1157/278/1065 1169/289/1077 1170/290/1078
f 1157/278/1065 1170/290/1078 1158/279/1066
f 1158/279/1066 1170/290/1078 1171/291/1079
f 1158/279/1066 1171/291/1079 1159/280/1067
f 1159/280/1067 1171/291/1079 1172/292/1080
f 1159/280/1067 1172/292/1080 1160/281/1068
f 1160/281/1068 1172/292/1080 1173/293/1081
f 1160/281/1068 1173/293/1081 1161/282/1069
f 1161/282/1069 1173/293/1081 1174/288/1082
f 1161/282/1069 1174/288/1082 1162/277/1070
f 1162/277/1070 1174/288/1082 1175/287/1083
f 1162/277/1070 1175/287/1083 1163/283/1071
f 1163/283/1071 1175/287/1083 1176/286/1084
f 1163/283/1071 1176/286/1084 1164/284/1072
f 1164/284/1072 1176/286/1084 1165/285/1073
f 1164/284/1072 1165/285/1073 1153/274/1061
f 1165/285/1073 1177/294/1085 1178/295/1086
f 1165/285/1073 1178/295/1086 1166/286/1074
f 1166/286/1074 1178/295/1086 1179/296/1087
f 1166/286/1074 1179/296/1087 1167/287/1075
f 1167/287/1075 1179/296/1087 1180/297/1088
f 1167/287/1075 1180/297/1088 1168/288/1076
f 1168/288/1076 1180/297/1088 1181/298/1089
f 1168/288/1076 1181/298/1089 1169/289/1077
f 1169/289/1077 1181/298/1089 1182/299/1090
f 1169/289/1077 1182/299/1090 1170/290/1078
f 1170/290/1078 1182/299/1090 1183/300/1091
f 1170/290/1078 1183/300/1091 1171/291/1079
f 1171/291/1079 1183/300/1091 1184/301/1092
f 1171/291/1079 1184/301/1092 1172/292/1080
f 1172/292/1080 1184/301/1092 1185/298/1093
f 1172/292/1080 1185/298/1093 1173/293/1081
f 1173/293/1081 1185/298/1093 1186/297/1094
f 1173/293/1081 1186/297/1094 1174/288/1082
f 1174/288/1082 1186/297/1094 1187/296/1095
f 1174/288/1082 1187/296/1095 1175/287/1083
f 1175/287/1083 1187/296/1095 1188/295/1096
f 1175/287/1083 1188/295/1096 1176/286/1084
f 1176/286/1084 1188/295/1096 1177/294/1085
f 1176/286/1084 1177/294/1085 1165/285/1073
f 1177/294/1085 1189/41/1097 1190/42/1098
f 1177/294/1085 1190/42/1098 1178/295/1086
f 1178/295/1086 1190/42/1098 1191/44/1099
f 1178/295/1086 1191/44/1099 1179/296/1087
f 1179/296/1087 1191/44/1099 1192/46/1100
f 1179/296/1087 1192/46/1100 1180/297/1088
f 1180/297/1088 1192/46/1100 1193/48/1101
f 1180/297/1088 1193/48/1101 1181/298/1089
f 1181/298/1089 1193/48/1101 1194/50/1102
f 1181/298/1089 1194/50/1102 1182/299/1090
f 1182/299/1090 1194/50/1102 1195/52/1103
f 1182/299/1090 1195/52/1103 1183/300/1091
f 1183/300/1091 1195/52/1103 1196/54/1104
f 1183/300/1091 1196/54/1104 1184/301/1092
f 1184/301/1092 1196/54/1104 1197/56/1105
f 1184/301/1092 1197/56/1105 1185/298/1093
f 1185/298/1093 1197/56/1105 1198/46/1106
f 1185/298/1093 1198/46/1106 1186/297/1094
f 1186/297/1094 1198/46/1106 1199/59/1107
f 1186/297/1094 1199/59/1107 1187/296/1095
f 1187/296/1095 1199/59/1107 1200/61/1108
f 1187/296/1095 1200/61/1108 1188/295/1096
f 1188/295/1096 1200/61/1108 1189/41/1097
f 1188/295/1096 1189/41/1097 1177/294/1085
f 1189/41/1097 1201/62/1109 1202/63/1110
f 1189/41/1097 1202/63/1110 1190/42/1098
f 1190/42/1098 1202/63/1110 1203/64/1111
f 1190/42/1098 1203/64/1111 1191/44/1099
f 1191/44/1099 1203/64/1111 1204/65/1112
f 1191/44/1099 1204/65/1112 1192/46/1100
f 1192/46/1100 1204/65/1112 1205/66/1113
f 1192/46/1100 1205/66/1113 1193/48/1101
f 1193/48/1101 1205/66/1113 1206/67/1114
f 1193/48/1101 1206/67/1114 1194/50/1102
f 1194/50/1102 1206/67/1114 1207/68/1115
f 1194/50/1102 1207/68/1115 1195/52/1103
f 1195/52/1103 1207/68/1115 1208/69/1116
f 1195/52/1103 1208/69/1116 1196/54/1104
f 1196/54/1104 1208/69/1116 1209/70/1117
f 1196/54/1104 1209/70/1117 1197/56/1105
f 1197/56/1105 1209/70/1117 1210/65/1118
f 1197/56/1105 1210/65/1118 1198/46/1106
f 1198/46/1106 1210/65/1118 1211/64/1119
f 1198/46/1106 1211/64/1119 1199/59/1107
f 1199/59/1107 1211/64/1119 1212/63/1120
f 1199/59/1107 1212/63/1120 1200/61/1108
f 1200/61/1108 1212/63/1120 1201/62/1109
f 1200/61/1108 1201/62/1109 1189/41/1097
f 1201/62/1109 1213/71/1121 1214/72/1122
f 1201/62/1109 1214/72/1122 1202/63/1110
f 1202/63/1110 1214/72/1122 1215/73/1123
f 1202/63/1110 1215/73/1123 1203/64/1111
f 1203/64/1111 1215/73/1123 1216/74/1124
f 1203/64/1111 1216/74/1124 1204/65/1112
f 1204/65/1112 1216/74/1124 1217/75/1125
f 1204/65/1112 1217/75/1125 1205/66/1113
f 1205/66/1113 1217/75/1125 1218/76/1126
f 1205/66/1113 1218/76/1126 1206/67/1114
f 1206/67/1114 1218/76/1126 1219/77/1127
f 1206/67/1114 1219/77/1127 1207/68/1115
f 1207/68/1115 1219/77/1127 1220/78/1128
f 1207/68/1115 1220/78/1128 1208/69/1116
f 1208/69/1116 1220/78/1128 1221/75/1129
f 1208/69/1116 1221/75/1129 1209/70/1117
f 1209/70/1117 1221/75/1129 1222/74/1130
f 1209/70/1117 1222/74/1130 1210/65/1118
f 1210/65/1118 1222/74/1130 1223/79/1131
f 1210/65/1118 1223/79/1131 1211/64/1119
f 1211/64/1119 1223/79/1131 1224/80/1132
f 1211/64/1119 1224/80/1132 1212/63/1120
f 1212/63/1120 1224/80/1132 1213/71/1121
f 1212/63/1120 1213/71/1121 1201/62/1109
f 1213/71/1121 1225/81/1133 1226/82/1134
f 1213/71/1121 1226/82/1134 1214/72/1122
f 1214/72/1122 1226/82/1134 1227/83/1135
f 1214/72/1122 1227/83/1135 1215/73/1123
f 1215/73/1123 1227/83/1135 1228/84/1136
f 1215/73/1123 1228/84/1136 1216/74/1124
f 1216/74/1124 1228/84/1136 1229/85/1137
f 1216/74/1124 1229/85/1137 1217/75/1125
f 1217/75/1125 1229/85/1137 1230/86/1138
f 1217/75/1125 1230/86/1138 1218/76/1126
f 1218/76/1126 1230/86/1138 1231/87/1139
f 1218/76/1126 1231/87/1139 1219/77/1127
f 1219/77/1127 1231/87/1139 1232/88/1140
f 1219/77/1127 1232/88/1140 1220/78/1128
f 1220/78/1128 1232/88/1140 1233/89/1141
f 1220/78/1128 1233/89/1141 1221/75/1129
f 1221/75/1129 1233/89/1141 1234/84/1142
f 1221/75/1129 1234/84/1142 1222/74/1130
f 1222/74/1130 1234/84/1142 1235/90/1143
f 1222/74/1130 1235/90/1143 1223/79/1131
f 1223/79/1131 1235/90/1143 1236/91/1144
f 1223/79/1131 1236/91/1144 1224/80/1132
f 1224/80/1132 1236/91/1144 1225/81/1133
f 1224/80/1132 1225/81/1133 1213/71/1121
f 1225/81/1133 1237/92/1145 1238/93/1146
f 1225/81/1133 1238/93/1146 1226/82/1134
f 1226/82/1134 1238/93/1146 1239/94/1147
f 1226/82/1134 1239/94/1147 1227/83/1135
f 1227/83/1135 1239/94/1147 1240/95/1148
f 1227/83/1135 1240/95/1148 1228/84/1136
f 1228/84/1136 1240/95/1148 1241/96/1149
f 1228/84/1136 1241/96/1149 1229/85/1137
f 1229/85/1137 1241/96/1149 1242/97/1150
f 1229/85/1137 1242/97/1150 1230/86/1138
f 1230/86/1138 1242/97/1150 1243/98/1151
f 1230/86/1138 1243/98/1151 1231/87/1139
f 1231/87/1139 1243/98/1151 1244/99/1152
f 1231/87/1139 1244/99/1152 1232/88/1140
f 1232/88/1140 1244/99/1152 1245/100/1153
f 1232/88/1140 1245/100/1153 1233/89/1141
f 1233/89/1141 1245/100/1153 1246/95/1154
f 1233/89/1141 1246/95/1154 1234/84/1142
f 1234/84/1142 1246/95/1154 1247/94/1155
f 1234/84/1142 1247/94/1155 1235/90/1143
f 1235/90/1143 1247/94/1155 1248/93/1156
f 1235/90/1143 1248/93/1156 1236/91/1144
f 1236/91/1144 1248/93/1156 1237/92/1145
f 1236/91/1144 1237/92/1145 1225/81/1133
f 1237/92/1145 1249/101/1157 1250/102/1158
f 1237/92/1145 1250/102/1158 1238/93/1146
f 1238/93/1146 1250/102/1158 1251/103/1159
f 1238/93/1146 1251/103/1159 1239/94/1147
f 1239/94/1147 1251/103/1159 1252/104/1160
f 1239/94/1147 1252/104/1160 1240/95/1148
f 1240/95/1148 1252/104/1160 1253/105/1161
f 1240/95/1148 1253/105/1161 1241/96/1149
f 1241/96/1149 1253/105/1161 1254/106/1162
f 1241/96/1149 1254/106/1162 1242/97/1150
f 1242/97/1150 1254/106/1162 1255/107/1163
f 1242/97/1150 1255/107/1163 1243/98/1151
f 1243/98/1151 1255/107/1163 1256/106/1164
f 1243/98/1151 1256/106/1164 1244/99/1152
f 1244/99/1152 1256/106/1164 1257/108/1165
f 1244/99/1152 1257/108/1165 1245/100/1153
f 1245/100/1153 1257/108/1165 1258/104/1166
f 1245/100/1153 1258/104/1166 1246/95/1154
f 1246/95/1154 1258/104/1166 1259/109/1167
f 1246/95/1154 1259/109/1167 1247/94/1155
f 1247/94/1155 1259/109/1167 1260/110/1168
f 1247/94/1155 1260/110/1168 1248/93/1156
f 1248/93/1156 1260/110/1168 1249/101/1157
f 1248/93/1156 1249/101/1157 1237/92/1145
f 1249/101/1157 1261/111/1169 1262/112/1170
f 1249/101/1157 1262/112/1170 1250/102/1158
f 1250/102/1158 1262/112/1170 1263/113/1171
f 1250/102/1158 1263/113/1171 1251/103/1159
f 1251/103/1159 1263/113/1171 1264/114/1172
f 1251/103/1159 1264/114/1172 1252/104/1160
f 1252/104/1160 1264/114/1172 1265/115/1173
f 1252/104/1160 1265/115/1173 1253/105/1161
f 1253/105/1161 1265/115/1173 1266/116/1174
f 1253/105/1161 1266/116/1174 1254/106/1162
f 1254/106/1162 1266/116/1174 1267/117/1175
f 1254/106/1162 1267/117/1175 1255/107/1163
f 1255/107/1163 1267/117/1175 1268/118/1176
f 1255/107/1163 1268/118/1176 1256/106/1164
f 1256/106/1164 1268/118/1176 1269/119/1177
f 1256/106/1164 1269/119/1177 1257/108/1165
f 1257/108/1165 1269/119/1177 1270/120/1178
f 1257/108/1165 1270/120/1178 1258/104/1166
f 1258/104/1166 1270/120/1178 1271/121/1179
f 1258/104/1166 1271/121/1179 1259/109/1167
f 1259/109/1167 1271/121/1179 1272/122/1180
f 1259/109/1167 1272/122/1180 1260/110/1168
f 1260/110/1168 1272/122/1180 1261/111/1169
f 1260/110/1168 1261/111/1169 1249/101/1157
f 1261/111/1169 1273/123/1002 1274/124/1181
f 1261/111/1169 1274/124/1181 1262/112/1170
f 1262/112/1170 1274/124/1181 1275/125/1182
f 1262/112/1170 1275/125/1182 1263/113/1171
f 1263/113/1171 1275/125/1182 1276/126/1183
f 1263/113/1171 1276/126/1183 1264/114/1172
f 1264/114/1172 1276/126/1183 1277/127/1184
f 1264/114/1172 1277/127/1184 1265/115/1173
f 1265/115/1173 1277/127/1184 1278/128/1185
f 1265/115/1173 1278/128/1185 1266/116/1174
f 1266/116/1174 1278/128/1185 1279/129/989
f 1266/116/1174 1279/129/989 1267/117/1175
f 1267/117/1175 1279/129/989 1280/130/1186
f 1267/117/1175 1280/130/1186 1268/118/1176
f 1268/118/1176 1280/130/1186 1281/131/1187
f 1268/118/1176 1281/131/1187 1269/119/1177
f 1269/119/1177 1281/131/1187 1282/132/1188
f 1269/119/1177 1282/132/1188 1270/120/1178
f 1270/120/1178 1282/132/1188 1283/133/1189
f 1270/120/1178 1283/133/1189 1271/121/1179
f 1271/121/1179 1283/133/1189 1284/134/1190
f 1271/121/1179 1284/134/1190 1272/122/1180
f 1272/122/1180 1284/134/1190 1273/123/1002
f 1272/122/1180 1273/123/1002 1261/111/1169
f 1273/123/1002 1285/135/1191 1286/136/1192
f 1273/123/1002 1286/136/1192 1274/124/1181
f 1274/124/1181 1286/136/1192 1287/137/1193
f 1274/124/1181 1287/137/1193 1275/125/1182
f 1275/125/1182 1287/137/1193 1288/138/1194
f 1275/125/1182 1288/138/1194 1276/126/1183
f 1276/126/1183 1288/138/1194 1289/139/1195
f 1276/126/1183 1289/139/1195 1277/127/1184
f 1277/127/1184 1289/139/1195 1290/140/1196
f 1277/127/1184 1290/140/1196 1278/128/1185
f 1278/128/1185 1290/140/1196 1291/141/1197
f 1278/128/1185 1291/141/1197 1279/129/989
f 1279/129/989 1291/141/1197 1292/142/1198
f 1279/129/989 1292/142/1198 1280/130/1186
f 1280/130/1186 1292/142/1198 1293/143/1199
f 1280/130/1186 1293/143/1199 1281/131/1187
f 1281/131/1187 1293/143/1199 1294/144/1200
f 1281/131/1187 1294/144/1200 1282/132/1188
f 1282/132/1188 1294/144/1200 1295/145/1201
f 1282/132/1188 1295/145/1201 1283/133/1189
f 1283/133/1189 1295/145/1201 1296/136/1202
f 1283/133/1189 1296/136/1202 1284/134/1190
f 1284/134/1190 1296/136/1202 1285/135/1191
f 1284/134/1190 1285/135/1191 1273/123/1002
f 1285/135/1191 1297/146/1203 1298/147/1204
f 1285/135/1191 1298/147/1204 1286/136/1192
f 1286/136/1192 1298/147/1204 1299/148/1205
f 1286/136/1192 1299/148/1205 1287/137/1193
f 1287/137/1193 1299/148/1205 1300/149/1206
f 1287/137/1193 1300/149/1206 1288/138/1194
f 1288/138/1194 1300/149/1206 1301/150/1207
f 1288/138/1194 1301/150/1207 1289/139/1195
f 1289/139/1195 1301/150/1207 1302/151/1208
f 1289/139/1195 1302/151/1208 1290/140/1196
f 1290/140/1196 1302/151/1208 1303/152/1209
f 1290/140/1196 1303/152/1209 1291/141/1197
f 1291/141/1197 1303/152/1209 1304/153/1210
f 1291/141/1197 1304/153/1210 1292/142/1198
f 1292/142/1198 1304/153/1210 1305/154/1211
f 1292/142/1198 1305/154/1211 1293/143/1199
f 1293/143/1199 1305/154/1211 1306/155/1212
f 1293/143/1199 1306/155/1212 1294/144/1200
f 1294/144/1200 1306/155/1212 1307/148/1213
f 1294/144/1200 1307/148/1213 1295/145/1201
f 1295/145/1201 1307/148/1213 1308/147/1214
f 1295/145/1201 1308/147/1214 1296/136/1202
f 1296/136/1202 1308/147/1214 1297/146/1203
f 1296/136/1202 1297/146/1203 1285/135/1191
f 1297/146/1203 1309/156/1031 1310/157/1215
f 1297/146/1203 1310/157/1215 1298/147/1204
f 1298/147/1204 1310/157/1215 1311/158/1216
f 1298/147/1204 1311/158/1216 1299/148/1205
f 1299/148/1205 1311/158/1216 1312/159/1217
f 1299/148/1205 1312/159/1217 1300/149/1206
f 1300/149/1206 1312/159/1217 1313/160/1218
f 1300/149/1206 1313/160/1218 1301/150/1207
f 1301/150/1207 1313/160/1218 1314/161/1219
f 1301/150/1207 1314/161/1219 1302/151/1208
f 1302/151/1208 1314/161/1219 1315/162/1025
f 1302/151/1208 1315/162/1025 1303/152/1209
f 1303/152/1209 1315/162/1025 1316/163/1220
f 1303/152/1209 1316/163/1220 1304/153/1210
f 1304/153/1210 1316/163/1220 1317/164/1221
f 1304/153/1210 1317/164/1221 1305/154/1211
f 1305/154/1211 1317/164/1221 1318/159/1222
f 1305/154/1211 1318/159/1222 1306/155/1212
f 1306/155/1212 1318/159/1222 1319/158/1223
f 1306/155/1212 1319/158/1223 1307/148/1213
f 1307/148/1213 1319/158/1223 1320/165/1224
f 1307/148/1213 1320/165/1224 1308/147/1214
f 1308/147/1214 1320/165/1224 1309/156/1031
f 1308/147/1214 1309/156/1031 1297/146/1203
f 1309/156/1031 1321/166/1043 1322/167/1225
f 1309/156/1031 1322/167/1225 1310/157/1215
f 1310/157/1215 1322/167/1225 1323/168/1226
f 1310/157/1215 1323/168/1226 1311/158/1216
f 1311/158/1216 1323/168/1226 1324/169/1227
f 1311/158/1216 1324/169/1227 1312/159/1217
f 1312/159/1217 1324/169/1227 1325/170/1228
f 1312/159/1217 1325/170/1228 1313/160/1218
f 1313/160/1218 1325/170/1228 1326/171/1229
f 1313/160/1218 1326/171/1229 1314/161/1219
f 1314/161/1219 1326/171/1229 1327/172/1037
f 1314/161/1219 1327/172/1037 1315/162/1025
f 1315/162/1025 1327/172/1037 1328/173/1230
f 1315/162/1025 1328/173/1230 1316/163/1220
f 1316/163/1220 1328/173/1230 1329/174/1231
f 1316/163/1220 1329/174/1231 1317/164/1221
f 1317/164/1221 1329/174/1231 1330/169/1232
f 1317/164/1221 1330/169/1232 1318/159/1222
f 1318/159/1222 1330/169/1232 1331/175/1233
f 1318/159/1222 1331/175/1233 1319/158/1223
f 1319/158/1223 1331/175/1233 1332/176/1234
f 1319/158/1223 1332/176/1234 1320/165/1224
f 1320/165/1224 1332/176/1234 1321/166/1043
f 1320/165/1224 1321/166/1043 1309/156/1031
f 1321/166/1043 1333/177/1055 1334/178/1235
f 1321/166/1043 1334/178/1235 1322/167/1225
f 1322/167/1225 1334/178/1235 1335/179/1236
f 1322/167/1225 1335/179/1236 1323/168/1226
f 1323/168/1226 1335/179/1236 1336/180/1237
f 1323/168/1226 1336/180/1237 1324/169/1227
f 1324/169/1227 1336/180/1237 1337/181/1238
f 1324/169/1227 1337/181/1238 1325/170/1228
f 1325/170/1228 1337/181/1238 1338/182/1239
f 1325/170/1228 1338/182/1239 1326/171/1229
f 1326/171/1229 1338/182/1239 1339/183/1049
f 1326/171/1229 1339/183/1049 1327/172/1037
f 1327/172/1037 1339/183/1049 1340/184/1240
f 1327/172/1037 1340/184/1240 1328/173/1230
f 1328/173/1230 1340/184/1240 1341/185/1241
f 1328/173/1230 1341/185/1241 1329/174/1231
f 1329/174/1231 1341/185/1241 1342/180/1242
f 1329/174/1231 1342/180/1242 1330/169/1232
f 1330/169/1232 1342/180/1242 1343/186/1243
f 1330/169/1232 1343/186/1243 1331/175/1233
f 1331/175/1233 1343/186/1243 1344/187/1244
f 1331/175/1233 1344/187/1244 1332/176/1234
f 1332/176/1234 1344/187/1244 1333/177/1055
f 1332/176/1234 1333/177/1055 1321/166/1043
f 1333/177/1055 1345/188/1067 1346/189/1245
f 1333/177/1055 1346/189/1245 1334/178/1235
f 1334/178/1235 1346/189/1245 1347/190/1246
f 1334/178/1235 1347/190/1246 1335/179/1236
f 1335/179/1236 1347/190/1246 1348/191/1247
f 1335/179/1236 1348/191/1247 1336/180/1237
f 1336/180/1237 1348/191/1247 1349/192/1248
f 1336/180/1237 1349/192/1248 1337/181/1238
f 1337/181/1238 1349/192/1248 1350/193/1249
f 1337/181/1238 1350/193/1249 1338/182/1239
f 1338/182/1239 1350/193/1249 1351/194/1061
f 1338/182/1239 1351/194/1061 1339/183/1049
f 1339/183/1049 1351/194/1061 1352/195/1250
f 1339/183/1049 1352/195/1250 1340/184/1240
f 1340/184/1240 1352/195/1250 1353/196/1251
f 1340/184/1240 1353/196/1251 1341/185/1241
f 1341/185/1241 1353/196/1251 1354/191/1252
f 1341/185/1241 1354/191/1252 1342/180/1242
f 1342/180/1242 1354/191/1252 1355/197/1253
f 1342/180/1242 1355/197/1253 1343/186/1243
f 1343/186/1243 1355/197/1253 1356/189/1254
f 1343/186/1243 1356/189/1254 1344/187/1244
f 1344/187/1244 1356/189/1254 1345/188/1067
f 1344/187/1244 1345/188/1067 1333/177/1055
f 1345/188/1067 1357/302/1079 1358/303/1255
f 1345/188/1067 1358/303/1255 1346/189/1245
f 1346/189/1245 1358/303/1255 1359/304/1256
f 1346/189/1245 1359/304/1256 1347/190/1246
f 1347/190/1246 1359/304/1256 1360/305/1257
f 1347/190/1246 1360/305/1257 1348/191/1247
f 1348/191/1247 1360/305/1257 1361/306/1258
f 1348/191/1247 1361/306/1258 1349/192/1248
f 1349/192/1248 1361/306/1258 1362/307/1259
f 1349/192/1248 1362/307/1259 1350/193/1249
f 1350/193/1249 1362/307/1259 1363/308/1073
f 1350/193/1249 1363/308/1073 1351/194/1061
f 1351/194/1061 1363/308/1073 1364/309/1260
f 1351/194/1061 1364/309/1260 1352/195/1250
f 1352/195/1250 1364/309/1260 1365/310/1261
f 1352/195/1250 1365/310/1261 1353/196/1251
f 1353/196/1251 1365/310/1261 1366/305/1262
f 1353/196/1251 1366/305/1262 1354/191/1252
f 1354/191/1252 1366/305/1262 1367/304/1263
f 1354/191/1252 1367/304/1263 1355/197/1253
f 1355/197/1253 1367/304/1263 1368/311/1264
f 1355/197/1253 1368/311/1264 1356/189/1254
f 1356/189/1254 1368/311/1264 1357/302/1079
f 1356/189/1254 1357/302/1079 1345/188/1067
f 1357/302/1079 1369/312/1091 1370/313/1265
f 1357/302/1079 1370/313/1265 1358/303/1255
f 1358/303/1255 1370/313/1265 1371/314/1266
f 1358/303/1255 1371/314/1266 1359/304/1256
f 1359/304/1256 1371/314/1266 1372/315/1267
f 1359/304/1256 1372/315/1267 1360/305/1257
f 1360/305/1257 1372/315/1267 1373/316/1268
f 1360/305/1257 1373/316/1268 1361/306/1258
f 1361/306/1258 1373/316/1268 1374/317/1269
f 1361/306/1258 1374/317/1269 1362/307/1259
f 1362/307/1259 1374/317/1269 1375/318/1085
f 1362/307/1259 1375/318/1085 1363/308/1073
f 1363/308/1073 1375/318/1085 1376/319/1270
f 1363/308/1073 1376/319/1270 1364/309/1260
f 1364/309/1260 1376/319/1270 1377/320/1271
f 1364/309/1260 1377/320/1271 1365/310/1261
f 1365/310/1261 1377/320/1271 1378/315/1272
f 1365/310/1261 1378/315/1272 1366/305/1262
f 1366/305/1262 1378/315/1272 1379/321/1273
f 1366/305/1262 1379/321/1273 1367/304/1263
f 1367/304/1263 1379/321/1273 1380/313/1274
f 1367/304/1263 1380/313/1274 1368/311/1264
f 1368/311/1264 1380/313/1274 1369/312/1091
f 1368/311/1264 1369/312/1091 1357/302/1079
f 1369/312/1091 1381/322/1103 1382/323/1275
f 1369/312/1091 1382/323/1275 1370/313/1265
f 1370/313/1265 1382/323/1275 1383/324/1276
f 1370/313/1265 1383/324/1276 1371/314/1266
f 1371/314/1266 1383/324/1276 1384/325/1277
f 1371/314/1266 1384/325/1277 1372/315/1267
f 1372/315/1267 1384/325/1277 1385/326/1278
f 1372/315/1267 1385/326/1278 1373/316/1268
f 1373/316/1268 1385/326/1278 1386/327/1279
f 1373/316/1268 1386/327/1279 1374/317/1269
f 1374/317/1269 1386/327/1279 1387/328/1097
f 1374/317/1269 1387/328/1097 1375/318/1085
f 1375/318/1085 1387/328/1097 1388/329/1280
f 1375/318/1085 1388/329/1280 1376/319/1270
f 1376/319/1270 1388/329/1280 1389/326/1281
f 1376/319/1270 1389/326/1281 1377/320/1271
f 1377/320/1271 1389/326/1281 1390/325/1282
f 1377/320/1271 1390/325/1282 1378/315/1272
f 1378/315/1272 1390/325/1282 1391/324/1283
f 1378/315/1272 1391/324/1283 1379/321/1273
f 1379/321/1273 1391/324/1283 1392/323/1284
f 1379/321/1273 1392/323/1284 1380/313/1274
f 1380/313/1274 1392/323/1284 1381/322/1103
f 1380/313/1274 1381/322/1103 1369/312/1091
f 1381/322/1103 1393/330/1115 1394/331/1285
f 1381/322/1103 1394/331/1285 1382/323/1275
f 1382/323/1275 1394/331/1285 1395/332/1286
f 1382/323/1275 1395/332/1286 1383/324/1276
f 1383/324/1276 1395/332/1286 1396/333/1287
f 1383/324/1276 1396/333/1287 1384/325/1277
f 1384/325/1277 1396/333/1287 1397/334/1288
f 1384/325/1277 1397/334/1288 1385/326/1278
f 1385/326/1278 1397/334/1288 1398/335/1289
f 1385/326/1278 1398/335/1289 1386/327/1279
f 1386/327/1279 1398/335/1289 1399/336/1109
f 1386/327/1279 1399/336/1109 1387/328/1097
f 1387/328/1097 1399/336/1109 1400/337/1290
f 1387/328/1097 1400/337/1290 1388/329/1280
f 1388/329/1280 1400/337/1290 1401/334/1291
f 1388/329/1280 1401/334/1291 1389/326/1281
f 1389/326/1281 1401/334/1291 1402/333/1292
f 1389/326/1281 1402/333/1292 1390/325/1282
f 1390/325/1282 1402/333/1292 1403/332/1293
f 1390/325/1282 1403/332/1293 1391/324/1283
f 1391/324/1283 1403/332/1293 1404/331/1294
f 1391/324/1283 1404/331/1294 1392/323/1284
f 1392/323/1284 1404/331/1294 1393/330/1115
f 1392/323/1284 1393/330/1115 1381/322/1103
f 1393/330/1115 1405/338/1127 1406/339/1295
f 1393/330/1115 1406/339/1295 1394/331/1285
f 1394/331/1285 1406/339/1295 1407/340/1296
f 1394/331/1285 1407/340/1296 1395/332/1286
f 1395/332/1286 1407/340/1296 1408/341/1297
f 1395/332/1286 1408/341/1297 1396/333/1287
f 1396/333/1287 1408/341/1297 1409/342/1298
f 1396/333/1287 1409/342/1298 1397/334/1288
f 1397/334/1288 1409/342/1298 1410/343/1299
f 1397/334/1288 1410/343/1299 1398/335/1289
f 1398/335/1289 1410/343/1299 1411/344/1121
f 1398/335/1289 1411/344/1121 1399/336/1109
f 1399/336/1109 1411/344/1121 1412/345/1300
f 1399/336/1109 1412/345/1300 1400/337/1290
f 1400/337/1290 1412/345/1300 1413/342/1301
f 1400/337/1290 1413/342/1301 1401/334/1291
f 1401/334/1291 1413/342/1301 1414/341/1302
f 1401/334/1291 1414/341/1302 1402/333/1292
f 1402/333/1292 1414/341/1302 1415/340/1303
f 1402/333/1292 1415/340/1303 1403/332/1293
f 1403/332/1293 1415/340/1303 1416/346/1304
f 1403/332/1293 1416/346/1304 1404/331/1294
f 1404/331/1294 1416/346/1304 1405/338/1127
f 1404/331/1294 1405/338/1127 1393/330/1115
f 1405/338/1127 1417/347/1139 1418/348/1305
f 1405/338/1127 1418/348/1305 1406/339/1295
f 1406/339/1295 1418/348/1305 1419/349/1306
f 1406/339/1295 1419/349/1306 1407/340/1296
f 1407/340/1296 1419/349/1306 1420/350/1307
f 1407/340/1296 1420/350/1307 1408/341/1297
f 1408/341/1297 1420/350/1307 1421/351/1308
f 1408/341/1297 1421/351/1308 1409/342/1298
f 1409/342/1298 1421/351/1308 1422/352/1309
f 1409/342/1298 1422/352/1309 1410/343/1299
f 1410/343/1299 1422/352/1309 1423/353/1133
f 1410/343/1299 1423/353/1133 1411/344/1121
f 1411/344/1121 1423/353/1133 1424/354/1310
f 1411/344/1121 1424/354/1310 1412/345/1300
f 1412/345/1300 1424/354/1310 1425/355/1311
f 1412/345/1300 1425/355/1311 1413/342/1301
f 1413/342/1301 1425/355/1311 1426/350/1312
f 1413/342/1301 1426/350/1312 1414/341/1302
f 1414/341/1302 1426/350/1312 1427/356/1313
f 1414/341/1302 1427/356/1313 1415/340/1303
f 1415/340/1303 1427/356/1313 1428/357/1314
f 1415/340/1303 1428/357/1314 1416/346/1304
f 1416/346/1304 1428/357/1314 1417/347/1139
f 1416/346/1304 1417/347/1139 1405/338/1127
f 1417/347/1139 1429/358/1315 1430/359/1316
f 1417/347/1139 1430/359/1316 1418/348/1305
f 1418/348/1305 1430/359/1316 1431/360/1317
f 1418/348/1305 1431/360/1317 1419/349/1306
f 1419/349/1306 1431/360/1317 1432/361/1318
f 1419/349/1306 1432/361/1318 1420/350/1307
f 1420/350/1307 1432/361/1318 1433/362/1319
f 1420/350/1307 1433/362/1319 1421/351/1308
f 1421/351/1308 1433/362/1319 1434/363/1320
f 1421/351/1308 1434/363/1320 1422/352/1309
f 1422/352/1309 1434/363/1320 1435/364/1321
f 1422/352/1309 1435/364/1321 1423/353/1133
f 1423/353/1133 1435/364/1321 1436/365/1322
f 1423/353/1133 1436/365/1322 1424/354/1310
f 1424/354/1310 1436/365/1322 1437/366/1323
f 1424/354/1310 1437/366/1323 1425/355/1311
f 1425/355/1311 1437/366/1323 1438/361/1324
f 1425/355/1311 1438/361/1324 1426/350/1312
f 1426/350/1312 1438/361/1324 1439/360/1325
f 1426/350/1312 1439/360/1325 1427/356/1313
f 1427/356/1313 1439/360/1325 1440/367/1326
f 1427/356/1313 1440/367/1326 1428/357/1314
f 1428/357/1314 1440/367/1326 1429/358/1315
f 1428/357/1314 1429/358/1315 1417/347/1139
f 1429/358/1315 1441/368/1327 1442/369/1328
f 1429/358/1315 1442/369/1328 1430/359/1316
f 1430/359/1316 1442/369/1328 1443/370/1329
f 1430/359/1316 1443/370/1329 1431/360/1317
f 1431/360/1317 1443/370/1329 1444/371/1330
f 1431/360/1317 1444/371/1330 1432/361/1318
f 1432/361/1318 1444/371/1330 1445/372/1331
f 1432/361/1318 1445/372/1331 1433/362/1319
f 1433/362/1319 1445/372/1331 1446/373/1332
f 1433/362/1319 1446/373/1332 1434/363/1320
f 1434/363/1320 1446/373/1332 1447/374/1333
f 1434/363/1320 1447/374/1333 1435/364/1321
f 1435/364/1321 1447/374/1333 1448/375/1334
f 1435/364/1321 1448/375/1334 1436/365/1322
f 1436/365/1322 1448/375/1334 1449/372/1335
f 1436/365/1322 1449/372/1335 1437/366/1323
f 1437/366/1323 1449/372/1335 1450/371/1336
f 1437/366/1323 1450/371/1336 1438/361/1324
f 1438/361/1324 1450/371/1336 1451/376/1337
f 1438/361/1324 1451/376/1337 1439/360/1325
f 1439/360/1325 1451/376/1337 1452/377/1338
f 1439/360/1325 1452/377/1338 1440/367/1326
f 1440/367/1326 1452/377/1338 1441/368/1327
f 1440/367/1326 1441/368/1327 1429/358/1315
f 1441/368/1327 1453/378/1175 1454/379/1339
f 1441/368/1327 1454/379/1339 1442/369/1328
f 1442/369/1328 1454/379/1339 1455/380/1340
f 1442/369/1328 1455/380/1340 1443/370/1329
f 1443/370/1329 1455/380/1340 1456/381/1341
f 1443/370/1329 1456/381/1341 1444/371/1330
f 1444/371/1330 1456/381/1341 1457/382/1342
f 1444/371/1330 1457/382/1342 1445/372/1331
f 1445/372/1331 1457/382/1342 1458/383/1343
f 1445/372/1331 1458/383/1343 1446/373/1332
f 1446/373/1332 1458/383/1343 1459/384/1169
f 1446/373/1332 1459/384/1169 1447/374/1333
f 1447/374/1333 1459/384/1169 1460/385/1344
f 1447/374/1333 1460/385/1344 1448/375/1334
f 1448/375/1334 1460/385/1344 1461/386/1345
f 1448/375/1334 1461/386/1345 1449/372/1335
f 1449/372/1335 1461/386/1345 1462/387/1346
f 1449/372/1335 1462/387/1346 1450/371/1336
f 1450/371/1336 1462/387/1346 1463/388/1347
f 1450/371/1336 1463/388/1347 1451/376/1337
f 1451/376/1337 1463/388/1347 1464/389/1348
f 1451/376/1337 1464/389/1348 1452/377/1338
f 1452/377/1338 1464/389/1348 1453/378/1175
f 1452/377/1338 1453/378/1175 1441/368/1327
f 1453/378/1175 1081/210/989 1084/213/992
f 1453/378/1175 1084/213/992 1454/379/1339
f 1454/379/1339 1084/213/992 1086/215/994
f 1454/379/1339 1086/215/994 1455/380/1340
f 1455/380/1340 1086/215/994 1088/217/996
f 1455/380/1340 1088/217/996 1456/381/1341
f 1456/381/1341 1088/217/996 1090/219/998
f 1456/381/1341 1090/219/998 1457/382/1342
f 1457/382/1342 1090/219/998 1092/221/1000
f 1457/382/1342 1092/221/1000 1458/383/1343
f 1458/383/1343 1092/221/1000 1094/223/1002
f 1458/383/1343 1094/223/1002 1459/384/1169
f 1459/384/1169 1094/223/1002 1096/225/1004
f 1459/384/1169 1096/225/1004 1460/385/1344
f 1460/385/1344 1096/225/1004 1098/227/1006
f 1460/385/1344 1098/227/1006 1461/386/1345
f 1461/386/1345 1098/227/1006 1100/229/1008
f 1461/386/1345 1100/229/1008 1462/387/1346
f 1462/387/1346 1100/229/1008 1102/231/1010
f 1462/387/1346 1102/231/1010 1463/388/1347
f 1463/388/1347 1102/231/1010 1104/233/1012
f 1463/388/1347 1104/233/1012 1464/389/1348
f 1464/389/1348 1104/233/1012 1081/210/989
f 1464/389/1348 1081/210/989 1453/378/1175
f 1465/210/1349 1466/211/1350 1467/212/1351
f 1465/210/1349 1467/212/1351 1468/213/1352
f 1468/213/1352 1467/212/1351 1469/214/1353
f 1468/213/1352 1469/214/1353 1470/215/1354
f 1470/215/1354 1469/214/1353 1471/216/1355
f 1470/215/1354 1471/216/1355 1472/217/1356
f 1472/217/1356 1471/216/1355 1473/218/1357
f 1472/217/1356 1473/218/1357 1474/219/1358
f 1474/219/1358 1473/218/1357 1475/220/1359
f 1474/219/1358 1475/220/1359 1476/221/1360
f 1476/221/1360 1475/220/1359 1477/222/1361
f 1476/221/1360 1477/222/1361 1478/223/1362
f 1478/223/1362 1477/222/1361 1479/224/1363
f 1478/223/1362 1479/224/1363 1480/225/1364
f 1480/225/1364 1479/224/1363 1481/226/1365
f 1480/225/1364 1481/226/1365 1482/227/1366
f 1482/227/1366 1481/226/1365 1483/228/1367
f 1482/227/1366 1483/228/1367 1484/229/1368
f 1484/229/1368 1483/228/1367 1485/230/1369
f 1484/229/1368 1485/230/1369 1486/231/1370
f 1486/231/1370 1485/230/1369 1487/232/1371
f 1486/231/1370 1487/232/1371 1488/233/1372
f 1488/233/1372 1487/232/1371 1466/211/1350
f 1488/233/1372 1466/211/1350 1465/210/1349
f 1466/211/1350 1489/234/1373 1490/235/1374
f 1466/211/1350 1490/235/1374 1467/212/1351
f 1467/212/1351 1490/235/1374 1491/236/1375
f 1467/212/1351 1491/236/1375 1469/214/1353
f 1469/214/1353 1491/236/1375 1492/237/1376
f 1469/214/1353 1492/237/1376 1471/216/1355
f 1471/216/1355 1492/237/1376 1493/238/1377
f 1471/216/1355 1493/238/1377 1473/218/1357
f 1473/218/1357 1493/238/1377 1494/239/1378
f 1473/218/1357 1494/239/1378 1475/220/1359
f 1475/220/1359 1494/239/1378 1495/240/1379
f 1475/220/1359 1495/240/1379 1477/222/1361
f 1477/222/1361 1495/240/1379 1496/239/1380
f 1477/222/1361 1496/239/1380 1479/224/1363
f 1479/224/1363 1496/239/1380 1497/241/1381
f 1479/224/1363 1497/241/1381 1481/226/1365
f 1481/226/1365 1497/241/1381 1498/242/1382
f 1481/226/1365 1498/242/1382 1483/228/1367
f 1483/228/1367 1498/242/1382 1499/236/1383
f 1483/228/1367 1499/236/1383 1485/230/1369
f 1485/230/1369 1499/236/1383 1500/243/1384
f 1485/230/1369 1500/243/1384 1487/232/1371
f 1487/232/1371 1500/243/1384 1489/234/1373
f 1487/232/1371 1489/234/1373 1466/211/1350
f 1489/234/1373 1501/244/1385 1502/245/1386
f 1489/234/1373 1502/245/1386 1490/235/1374
f 1490/235/1374 1502/245/1386 1503/246/1387
f 1490/235/1374 1503/246/1387 1491/236/1375
f 1491/236/1375 1503/246/1387 1504/247/1388
f 1491/236/1375 1504/247/1388 1492/237/1376
f 1492/237/1376 1504/247/1388 1505/248/1389
f 1492/237/1376 1505/248/1389 1493/238/1377
f 1493/238/1377 1505/248/1389 1506/249/1390
f 1493/238/1377 1506/249/1390 1494/239/1378
f 1494/239/1378 1506/249/1390 1507/250/1391
f 1494/239/1378 1507/250/1391 1495/240/1379
f 1495/240/1379 1507/250/1391 1508/251/1392
f 1495/240/1379 1508/251/1392 1496/239/1380
f 1496/239/1380 1508/251/1392 1509/252/1393
f 1496/239/1380 1509/252/1393 1497/241/1381
f 1497/241/1381 1509/252/1393 1510/247/1394
f 1497/241/1381 1510/247/1394 1498/242/1382
f 1498/242/1382 1510/247/1394 1511/246/1395
f 1498/242/1382 1511/246/1395 1499/236/1383
f 1499/236/1383 1511/246/1395 1512/253/1396
f 1499/236/1383 1512/253/1396 1500/243/1384
f 1500/243/1384 1512/253/1396 1501/244/1385
f 1500/243/1384 1501/244/1385 1489/234/1373
f 1501/244/1385 1513/254/1397 1514/255/1398
f 1501/244/1385 1514/255/1398 1502/245/1386
f 1502/245/1386 1514/255/1398 1515/256/1399
f 1502/245/1386 1515/256/1399 1503/246/1387
f 1503/246/1387 1515/256/1399 1516/257/1400
f 1503/246/1387 1516/257/1400 1504/247/1388
f 1504/247/1388 1516/257/1400 1517/258/1401
f 1504/247/1388 1517/258/1401 1505/248/1389
f 1505/248/1389 1517/258/1401 1518/259/1402
f 1505/248/1389 1518/259/1402 1506/249/1390
f 1506/249/1390 1518/259/1402 1519/260/1403
f 1506/249/1390 1519/260/1403 1507/250/1391
f 1507/250/1391 1519/260/1403 1520/261/1404
f 1507/250/1391 1520/261/1404 1508/251/1392
f 1508/251/1392 1520/261/1404 1521/262/1405
f 1508/251/1392 1521/262/1405 1509/252/1393
f 1509/252/1393 1521/262/1405 1522/257/1406
f 1509/252/1393 1522/257/1406 1510/247/1394
f 1510/247/1394 1522/257/1406 1523/256/1407
f 1510/247/1394 1523/256/1407 1511/246/1395
f 1511/246/1395 1523/256/1407 1524/263/1408
f 1511/246/1395 1524/263/1408 1512/253/1396
f 1512/253/1396 1524/263/1408 1513/254/1397
f 1512/253/1396 1513/254/1397 1501/244/1385
f 1513/254/1397 1525/264/1409 1526/265/1410
f 1513/254/1397 1526/265/1410 1514/255/1398
f 1514/255/1398 1526/265/1410 1527/266/1411
f 1514/255/1398 1527/266/1411 1515/256/1399
f 1515/256/1399 1527/266/1411 1528/267/1412
f 1515/256/1399 1528/267/1412 1516/257/1400
f 1516/257/1400 1528/267/1412 1529/268/1413
f 1516/257/1400 1529/268/1413 1517/258/1401
f 1517/258/1401 1529/268/1413 1530/269/1414
f 1517/258/1401 1530/269/1414 1518/259/1402
f 1518/259/1402 1530/269/1414 1531/270/1415
f 1518/259/1402 1531/270/1415 1519/260/1403
f 1519/260/1403 1531/270/1415 1532/271/1416
f 1519/260/1403 1532/271/1416 1520/261/1404
f 1520/261/1404 1532/271/1416 1533/272/1417
f 1520/261/1404 1533/272/1417 1521/262/1405
f 1521/262/1405 1533/272/1417 1534/267/1418
f 1521/262/1405 1534/267/1418 1522/257/1406
f 1522/257/1406 1534/267/1418 1535/266/1419
f 1522/257/1406 1535/266/1419 1523/256/1407
f 1523/256/1407 1535/266/1419 1536/273/1420
f 1523/256/1407 1536/273/1420 1524/263/1408
f 1524/263/1408 1536/273/1420 1525/264/1409
f 1524/263/1408 1525/264/1409 1513/254/1397
f 1525/264/1409 1537/274/1421 1538/275/1422
f 1525/264/1409 1538/275/1422 1526/265/1410
f 1526/265/1410 1538/275/1422 1539/276/1423
f 1526/265/1410 1539/276/1423 1527/266/1411
f 1527/266/1411 1539/276/1423 1540/277/1424
f 1527/266/1411 1540/277/1424 1528/267/1412
f 1528/267/1412 1540/277/1424 1541/278/1425
f 1528/267/1412 1541/278/1425 1529/268/1413
f 1529/268/1413 1541/278/1425 1542/279/1426
f 1529/268/1413 1542/279/1426 1530/269/1414
f 1530/269/1414 1542/279/1426 1543/280/1427
f 1530/269/1414 1543/280/1427 1531/270/1415
f 1531/270/1415 1543/280/1427 1544/281/1428
f 1531/270/1415 1544/281/1428 1532/271/1416
f 1532/271/1416 1544/281/1428 1545/282/1429
f 1532/271/1416 1545/282/1429 1533/272/1417
f 1533/272/1417 1545/282/1429 1546/277/1430
f 1533/272/1417 1546/277/1430 1534/267/1418
f 1534/267/1418 1546/277/1430 1547/283/1431
f 1534/267/1418 1547/283/1431 1535/266/1419
f 1535/266/1419 1547/283/1431 1548/284/1432
f 1535/266/1419 1548/284/1432 1536/273/1420
f 1536/273/1420 1548/284/1432 1537/274/1421
f 1536/273/1420 1537/274/1421 1525/264/1409
f 1537/274/1421 1549/285/1433 1550/286/1434
f 1537/274/1421 1550/286/1434 1538/275/1422
f 1538/275/1422 1550/286/1434 1551/287/1435
f 1538/275/1422 1551/287/1435 1539/276/1423
f 1539/276/1423 1551/287/1435 1552/288/1436
f 1539/276/1423 1552/288/1436 1540/277/1424
f 1540/277/1424 1552/288/1436 1553/289/1437
f 1540/277/1424 1553/289/1437 1541/278/1425
f 1541/278/1425 1553/289/1437 1554/290/1438
f 1541/278/1425 1554/290/1438 1542/279/1426
f 1542/279/1426 1554/290/1438 1555/291/1439
f 1542/279/1426 1555/291/1439 1543/280/1427
f 1543/280/1427 1555/291/1439 1556/292/1440
f 1543/280/1427 1556/292/1440 1544/281/1428
f 1544/281/1428 1556/292/1440 1557/293/1441
f 1544/281/1428 1557/293/1441 1545/282/1429
f 1545/282/1429 1557/293/1441 1558/288/1442
f 1545/282/1429 1558/288/1442 1546/277/1430
f 1546/277/1430 1558/288/1442 1559/287/1443
f 1546/277/1430 1559/287/1443 1547/283/1431
f 1547/283/1431 1559/287/1443 1560/286/1444
f 1547/283/1431 1560/286/1444 1548/284/1432
f 1548/284/1432 1560/286/1444 1549/285/1433
f 1548/284/1432 1549/285/1433 1537/274/1421
f 1549/285/1433 1561/294/1445 1562/295/1446
f 1549/285/1433 1562/295/1446 1550/286/1434
f 1550/286/1434 1562/295/1446 1563/296/1447
f 1550/286/1434 1563/296/1447 1551/287/1435
f 1551/287/1435 1563/296/1447 1564/297/1448
f 1551/287/1435 1564/297/1448 1552/288/1436
f 1552/288/1436 1564/297/1448 1565/298/1449
f 1552/288/1436 1565/298/1449 1553/289/1437
f 1553/289/1437 1565/298/1449 1566/299/1450
f 1553/289/1437 1566/299/1450 1554/290/1438
f 1554/290/1438 1566/299/1450 1567/300/1451
f 1554/290/1438 1567/300/1451 1555/291/1439
f 1555/291/1439 1567/300/1451 1568/301/1452
f 1555/291/1439 1568/301/1452 1556/292/1440
f 1556/292/1440 1568/301/1452 1569/298/1453
f 1556/292/1440 1569/298/1453 1557/293/1441
f 1557/293/1441 1569/298/1453 1570/297/1454
f 1557/293/1441 1570/297/1454 1558/288/1442
f 1558/288/1442 1570/297/1454 1571/296/1455
f 1558/288/1442 1571/296/1455 1559/287/1443
f 1559/287/1443 1571/296/1455 1572/295/1456
f 1559/287/1443 1572/295/1456 1560/286/1444
f 1560/286/1444 1572/295/1456 1561/294/1445
f 1560/286/1444 1561/294/1445 1549/285/1433
f 1561/294/1445 1573/41/1457 1574/42/1458
f 1561/294/1445 1574/42/1458 1562/295/1446
f 1562/295/1446 1574/42/1458 1575/44/1459
f 1562/295/1446 1575/44/1459 1563/296/1447
f 1563/296/1447 1575/44/1459 1576/46/1460
f 1563/296/1447 1576/46/1460 1564/297/1448
f 1564/297/1448 1576/46/1460 1577/48/1461
f 1564/297/1448 1577/48/1461 1565/298/1449
f 1565/298/1449 1577/48/1461 1578/50/1462
f 1565/298/1449 1578/50/1462 1566/299/1450
f 1566/299/1450 1578/50/1462 1579/52/1463
f 1566/299/1450 1579/52/1463 1567/300/1451
f 1567/300/1451 1579/52/1463 1580/54/1464
f 1567/300/1451 1580/54/1464 1568/301/1452
f 1568/301/1452 1580/54/1464 1581/56/1465
f 1568/301/1452 1581/56/1465 1569/298/1453
f 1569/298/1453 1581/56/1465 1582/46/1466
f 1569/298/1453 1582/46/1466 1570/297/1454
f 1570/297/1454 1582/46/1466 1583/59/1467
f 1570/297/1454 1583/59/1467 1571/296/1455
f 1571/296/1455 1583/59/1467 1584/61/1468
f 1571/296/1455 1584/61/1468 1572/295/1456
f 1572/295/1456 1584/61/1468 1573/41/1457
f 1572/295/1456 1573/41/1457 1561/294/1445
f 1573/41/1457 1585/62/1469 1586/63/1470
f 1573/41/1457 1586/63/1470 1574/42/1458
f 1574/42/1458 1586/63/1470 1587/64/1471
f 1574/42/1458 1587/64/1471 1575/44/1459
f 1575/44/1459 1587/64/1471 1588/65/1472
f 1575/44/1459 1588/65/1472 1576/46/1460
f 1576/46/1460 1588/65/1472 1589/66/1473
f 1576/46/1460 1589/66/1473 1577/48/1461
f 1577/48/1461 1589/66/1473 1590/67/1474
f 1577/48/1461 1590/67/1474 1578/50/1462
f 1578/50/1462 1590/67/1474 1591/68/1475
f 1578/50/1462 1591/68/1475 1579/52/1463
f 1579/52/1463 1591/68/1475 1592/69/1476
f 1579/52/1463 1592/69/1476 1580/54/1464
f 1580/54/1464 1592/69/1476 1593/70/1477
f 1580/54/1464 1593/70/1477 1581/56/1465
f 1581/56/1465 1593/70/1477 1594/65/1478
f 1581/56/1465 1594/65/1478 1582/46/1466
f 1582/46/1466 1594/65/1478 1595/64/1479
f 1582/46/1466 1595/64/1479 1583/59/1467
f 1583/59/1467 1595/64/1479 1596/63/1480
f 1583/59/1467 1596/63/1480 1584/61/1468
f 1584/61/1468 1596/63/1480 1585/62/1469
f 1584/61/1468 1585/62/1469 1573/41/1457
f 1585/62/1469 1597/71/1481 1598/72/1482
f 1585/62/1469 1598/72/1482 1586/63/1470
f 1586/63/1470 1598/72/1482 1599/73/1483
f 1586/63/1470 1599/73/1483 1587/64/1471
f 1587/64/1471 1599/73/1483 1600/74/1484
f 1587/64/1471 1600/74/1484 1588/65/1472
f 1588/65/1472 1600/74/1484 1601/75/1485
f 1588/65/1472 1601/75/1485 1589/66/1473
f 1589/66/1473 1601/75/1485 1602/76/1486
f 1589/66/1473 1602/76/1486 1590/67/1474
f 1590/67/1474 1602/76/1486 1603/77/1487
f 1590/67/1474 1603/77/1487 1591/68/1475
f 1591/68/1475 1603/77/1487 1604/78/1488
f 1591/68/1475 1604/78/1488 1592/69/1476
f 1592/69/1476 1604/78/1488 1605/75/1489
f 1592/69/1476 1605/75/1489 1593/70/1477
f 1593/70/1477 1605/75/1489 1606/74/1490
f 1593/70/1477 1606/74/1490 1594/65/1478
f 1594/65/1478 1606/74/1490 1607/79/1491
f 1594/65/1478 1607/79/1491 1595/64/1479
f 1595/64/1479 1607/79/1491 1608/80/1492
f 1595/64/1479 1608/80/1492 1596/63/1480
f 1596/63/1480 1608/80/1492 1597/71/1481
f 1596/63/1480 1597/71/1481 1585/62/1469
f 1597/71/1481 1609/81/1493 1610/82/1494
f 1597/71/1481 1610/82/1494 1598/72/1482
f 1598/72/1482 1610/82/1494 1611/83/1495
f 1598/72/1482 1611/83/1495 1599/73/1483
f 1599/73/1483 1611/83/1495 1612/84/1496
f 1599/73/1483 1612/84/1496 1600/74/1484
f 1600/74/1484 1612/84/1496 1613/85/1497
f 1600/74/1484 1613/85/1497 1601/75/1485
f 1601/75/1485 1613/85/1497 1614/86/1498
f 1601/75/1485 1614/86/1498 1602/76/1486
f 1602/76/1486 1614/86/1498 1615/87/1499
f 1602/76/1486 1615/87/1499 1603/77/1487
f 1603/77/1487 1615/87/1499 1616/88/1500
f 1603/77/1487 1616/88/1500 1604/78/1488
f 1604/78/1488 1616/88/1500 1617/89/1501
f 1604/78/1488 1617/89/1501 1605/75/1489
f 1605/75/1489 1617/89/1501 1618/84/1502
f 1605/75/1489 1618/84/1502 1606/74/1490
f 1606/74/1490 1618/84/1502 1619/90/1503
f 1606/74/1490 1619/90/1503 1607/79/1491
f 1607/79/1491 1619/90/1503 1620/91/1504
f 1607/79/1491 1620/91/1504 1608/80/1492
f 1608/80/1492 1620/91/1504 1609/81/1493
f 1608/80/1492 1609/81/1493 1597/71/1481
f 1609/81/1493 1621/92/1505 1622/93/1506
f 1609/81/1493 1622/93/1506 1610/82/1494
f 1610/82/1494 1622/93/1506 1623/94/1507
f 1610/82/1494 1623/94/1507 1611/83/1495
f 1611/83/1495 1623/94/1507 1624/95/1508
f 1611/83/1495 1624/95/1508 1612/84/1496
f 1612/84/1496 1624/95/1508 1625/96/1509
f 1612/84/1496 1625/96/1509 1613/85/1497
f 1613/85/1497 1625/96/1509 1626/97/1510
f 1613/85/1497 1626/97/1510 1614/86/1498
f 1614/86/1498 1626/97/1510 1627/98/1511
f 1614/86/1498 1627/98/1511 1615/87/1499
f 1615/87/1499 1627/98/1511 1628/99/1512
f 1615/87/1499 1628/99/1512 1616/88/1500
f 1616/88/1500 1628/99/1512 1629/100/1513
f 1616/88/1500 1629/100/1513 1617/89/1501
f 1617/89/1501 1629/100/1513 1630/95/1514
f 1617/89/1501 1630/95/1514 1618/84/1502
f 1618/84/1502 1630/95/1514 1631/94/1515
f 1618/84/1502 1631/94/1515 1619/90/1503
f 1619/90/1503 1631/94/1515 1632/93/1516
f 1619/90/1503 1632/93/1516 1620/91/1504
f 1620/91/1504 1632/93/1516 1621/92/1505
f 1620/91/1504 1621/92/1505 1609/81/1493
f 1621/92/1505 1633/101/1517 1634/102/1518
f 1621/92/1505 1634/102/1518 1622/93/1506
f 1622/93/1506 1634/102/1518 1635/103/1519
f 1622/93/1506 1635/103/1519 1623/94/1507
f 1623/94/1507 1635/103/1519 1636/104/1520
f 1623/94/1507 1636/104/1520 1624/95/1508
f 1624/95/1508 1636/104/1520 1637/105/1521
f 1624/95/1508 1637/105/1521 1625/96/1509
f 1625/96/1509 1637/105/1521 1638/106/1522
f 1625/96/1509 1638/106/1522 1626/97/1510
f 1626/97/1510 1638/106/1522 1639/107/1523
f 1626/97/1510 1639/107/1523 1627/98/1511
f 1627/98/1511 1639/107/1523 1640/106/1524
f 1627/98/1511 1640/106/1524 1628/99/1512
f 1628/99/1512 1640/106/1524 1641/108/1525
f 1628/99/1512 1641/108/1525 1629/100/1513
f 1629/100/1513 1641/108/1525 1642/104/1526
f 1629/100/1513 1642/104/1526 1630/95/1514
f 1630/95/1514 1642/104/1526 1643/109/1527
f 1630/95/1514 1643/109/1527 1631/94/1515
f 1631/94/1515 1643/109/1527 1644/110/1528
f 1631/94/1515 1644/110/1528 1632/93/1516
f 1632/93/1516 1644/110/1528 1633/101/1517
f 1632/93/1516 1633/101/1517 1621/92/1505
f 1633/101/1517 1645/111/1529 1646/112/1530
f 1633/101/1517 1646/112/1530 1634/102/1518
f 1634/102/1518 1646/112/1530 1647/113/1531
f 1634/102/1518 1647/113/1531 1635/103/1519
f 1635/103/1519 1647/113/1531 1648/114/1532
f 1635/103/1519 1648/114/1532 1636/104/1520
f 1636/104/1520 1648/114/1532 1649/115/1533
f 1636/104/1520 1649/115/1533 1637/105/1521
f 1637/105/1521 1649/115/1533 1650/116/1534
f 1637/105/1521 1650/116/1534 1638/106/1522
f 1638/106/1522 1650/116/1534 1651/117/1535
f 1638/106/1522 1651/117/1535 1639/107/1523
f 1639/107/1523 1651/117/1535 1652/118/1536
f 1639/107/1523 1652/118/1536 1640/106/1524
f 1640/106/1524 1652/118/1536 1653/119/1537
f 1640/106/1524 1653/119/1537 1641/108/1525
f 1641/108/1525 1653/119/1537 1654/120/1538
f 1641/108/1525 1654/120/1538 1642/104/1526
f 1642/104/1526 1654/120/1538 1655/121/1539
f 1642/104/1526 1655/121/1539 1643/109/1527
f 1643/109/1527 1655/121/1539 1656/122/1540
f 1643/109/1527 1656/122/1540 1644/110/1528
f 1644/110/1528 1656/122/1540 1645/111/1529
f 1644/110/1528 1645/111/1529 1633/101/1517
f 1645/111/1529 1657/123/1362 1658/124/1541
f 1645/111/1529 1658/124/1541 1646/112/1530
f 1646/112/1530 1658/124/1541 1659/125/1542
f 1646/112/1530 1659/125/1542 1647/113/1531
f 1647/113/1531 1659/125/1542 1660/126/1543
f 1647/113/1531 1660/126/1543 1648/114/1532
f 1648/114/1532 1660/126/1543 1661/127/1544
f 1648/114/1532 1661/127/1544 1649/115/1533
f 1649/115/1533 1661/127/1544 1662/128/1545
f 1649/115/1533 1662/128/1545 1650/116/1534
f 1650/116/1534 1662/128/1545 1663/129/1349
f 1650/116/1534 1663/129/1349 1651/117/1535
f 1651/117/1535 1663/129/1349 1664/130/1546
f 1651/117/1535 1664/130/1546 1652/118/1536
f 1652/118/1536 1664/130/1546 1665/131/1547
f 1652/118/1536 1665/131/1547 1653/119/1537
f 1653/119/1537 1665/131/1547 1666/132/1548
f 1653/119/1537 1666/132/1548 1654/120/1538
f 1654/120/1538 1666/132/1548 1667/133/1549
f 1654/120/1538 1667/133/1549 1655/121/1539
f 1655/121/1539 1667/133/1549 1668/134/1550
f 1655/121/1539 1668/134/1550 1656/122/1540
f 1656/122/1540 1668/134/1550 1657/123/1362
f 1656/122/1540 1657/123/1362 1645/111/1529
f 1657/123/1362 1669/135/1361 1670/136/1551
f 1657/123/1362 1670/136/1551 1658/124/1541
f 1658/124/1541 1670/136/1551 1671/137/1552
f 1658/124/1541 1671/137/1552 1659/125/1542
f 1659/125/1542 1671/137/1552 1672/138/1553
f 1659/125/1542 1672/138/1553 1660/126/1543
f 1660/126/1543 1672/138/1553 1673/139/1554
f 1660/126/1543 1673/139/1554 1661/127/1544
f 1661/127/1544 1673/139/1554 1674/140/1555
f 1661/127/1544 1674/140/1555 1662/128/1545
f 1662/128/1545 1674/140/1555 1675/141/1350
f 1662/128/1545 1675/141/1350 1663/129/1349
f 1663/129/1349 1675/141/1350 1676/142/1556
f 1663/129/1349 1676/142/1556 1664/130/1546
f 1664/130/1546 1676/142/1556 1677/143/1557
f 1664/130/1546 1677/143/1557 1665/131/1547
f 1665/131/1547 1677/143/1557 1678/144/1558
f 1665/131/1547 1678/144/1558 1666/132/1548
f 1666/132/1548 1678/144/1558 1679/145/1559
f 1666/132/1548 1679/145/1559 1667/133/1549
f 1667/133/1549 1679/145/1559 1680/136/1560
f 1667/133/1549 1680/136/1560 1668/134/1550
f 1668/134/1550 1680/136/1560 1669/135/1361
f 1668/134/1550 1669/135/1361 1657/123/1362
f 1669/135/1361 1681/146/1561 1682/147/1562
f 1669/135/1361 1682/147/1562 1670/136/1551
f 1670/136/1551 1682/147/1562 1683/148/1563
f 1670/136/1551 1683/148/1563 1671/137/1552
f 1671/137/1552 1683/148/1563 1684/149/1564
f 1671/137/1552 1684/149/1564 1672/138/1553
f 1672/138/1553 1684/149/1564 1685/150/1565
f 1672/138/1553 1685/150/1565 1673/139/1554
f 1673/139/1554 1685/150/1565 1686/151/1566
f 1673/139/1554 1686/151/1566 1674/140/1555
f 1674/140/1555 1686/151/1566 1687/152/1373
f 1674/140/1555 1687/152/1373 1675/141/1350
f 1675/141/1350 1687/152/1373 1688/153/1567
f 1675/141/1350 1688/153/1567 1676/142/1556
f 1676/142/1556 1688/153/1567 1689/154/1568
f 1676/142/1556 1689/154/1568 1677/143/1557
f 1677/143/1557 1689/154/1568 1690/155/1569
f 1677/143/1557 1690/155/1569 1678/144/1558
f 1678/144/1558 1690/155/1569 1691/148/1570
f 1678/144/1558 1691/148/1570 1679/145/1559
f 1679/145/1559 1691/148/1570 1692/147/1571
f 1679/145/1559 1692/147/1571 1680/136/1560
f 1680/136/1560 1692/147/1571 1681/146/1561
f 1680/136/1560 1681/146/1561 1669/135/1361
f 1681/146/1561 1693/156/1391 1694/157/1572
f 1681/146/1561 1694/157/1572 1682/147/1562
f 1682/147/1562 1694/157/1572 1695/158/1573
f 1682/147/1562 1695/158/1573 1683/148/1563
f 1683/148/1563 1695/158/1573 1696/159/1574
f 1683/148/1563 1696/159/1574 1684/149/1564
f 1684/149/1564 1696/159/1574 1697/160/1575
f 1684/149/1564 1697/160/1575 1685/150/1565
f 1685/150/1565 1697/160/1575 1698/161/1576
f 1685/150/1565 1698/161/1576 1686/151/1566
f 1686/151/1566 1698/161/1576 1699/162/1385
f 1686/151/1566 1699/162/1385 1687/152/1373
f 1687/152/1373 1699/162/1385 1700/163/1577
f 1687/152/1373 1700/163/1577 1688/153/1567
f 1688/153/1567 1700/163/1577 1701/164/1578
f 1688/153/1567 1701/164/1578 1689/154/1568
f 1689/154/1568 1701/164/1578 1702/159/1579
f 1689/154/1568 1702/159/1579 1690/155/1569
f 1690/155/1569 1702/159/1579 1703/158/1580
f 1690/155/1569 1703/158/1580 1691/148/1570
f 1691/148/1570 1703/158/1580 1704/165/1581
f 1691/148/1570 1704/165/1581 1692/147/1571
f 1692/147/1571 1704/165/1581 1693/156/1391
f 1692/147/1571 1693/156/1391 1681/146/1561
f 1693/156/1391 1705/166/1403 1706/167/1582
f 1693/156/1391 1706/167/1582 1694/157/1572
f 1694/157/1572 1706/167/1582 1707/168/1583
f 1694/157/1572 1707/168/1583 1695/158/1573
f 1695/158/1573 1707/168/1583 1708/169/1584
f 1695/158/1573 1708/169/1584 1696/159/1574
f 1696/159/1574 1708/169/1584 1709/170/1585
f 1696/159/1574 1709/170/1585 1697/160/1575
f 1697/160/1575 1709/170/1585 1710/171/1586
f 1697/160/1575 1710/171/1586 1698/161/1576
f 1698/161/1576 1710/171/1586 1711/172/1587
f 1698/161/1576 1711/172/1587 1699/162/1385
f 1699/162/1385 1711/172/1587 1712/173/1588
f 1699/162/1385 1712/173/1588 1700/163/1577
f 1700/163/1577 1712/173/1588 1713/174/1589
f 1700/163/1577 1713/174/1589 1701/164/1578
f 1701/164/1578 1713/174/1589 1714/169/1590
f 1701/164/1578 1714/169/1590 1702/159/1579
f 1702/159/1579 1714/169/1590 1715/175/1591
f 1702/159/1579 1715/175/1591 1703/158/1580
f 1703/158/1580 1715/175/1591 1716/176/1592
f 1703/158/1580 1716/176/1592 1704/165/1581
f 1704/165/1581 1716/176/1592 1705/166/1403
f 1704/165/1581 1705/166/1403 1693/156/1391
f 1705/166/1403 1717/177/1415 1718/178/1593
f 1705/166/1403 1718/178/1593 1706/167/1582
f 1706/167/1582 1718/178/1593 1719/179/1594
f 1706/167/1582 1719/179/1594 1707/168/1583
f 1707/168/1583 1719/179/1594 1720/180/1595
f 1707/168/1583 1720/180/1595 1708/169/1584
f 1708/169/1584 1720/180/1595 1721/181/1596
f 1708/169/1584 1721/181/1596 1709/170/1585
f 1709/170/1585 1721/181/1596 1722/182/1597
f 1709/170/1585 1722/182/1597 1710/171/1586
f 1710/171/1586 1722/182/1597 1723/183/1409
f 1710/171/1586 1723/183/1409 1711/172/1587
f 1711/172/1587 1723/183/1409 1724/184/1598
f 1711/172/1587 1724/184/1598 1712/173/1588
f 1712/173/1588 1724/184/1598 1725/185/1599
f 1712/173/1588 1725/185/1599 1713/174/1589
f 1713/174/1589 1725/185/1599 1726/180/1600
f 1713/174/1589 1726/180/1600 1714/169/1590
f 1714/169/1590 1726/180/1600 1727/186/1601
f 1714/169/1590 1727/186/1601 1715/175/1591
f 1715/175/1591 1727/186/1601 1728/187/1602
f 1715/175/1591 1728/187/1602 1716/176/1592
f 1716/176/1592 1728/187/1602 1717/177/1415
f 1716/176/1592 1717/177/1415 1705/166/1403
f 1717/177/1415 1729/188/1427 1730/189/1603
f 1717/177/1415 1730/189/1603 1718/178/1593
f 1718/178/1593 1730/189/1603 1731/190/1604
f 1718/178/1593 1731/190/1604 1719/179/1594
f 1719/179/1594 1731/190/1604 1732/191/1605
f 1719/179/1594 1732/191/1605 1720/180/1595
f 1720/180/1595 1732/191/1605 1733/192/1606
f 1720/180/1595 1733/192/1606 1721/181/1596
f 1721/181/1596 1733/192/1606 1734/193/1607
f 1721/181/1596 1734/193/1607 1722/182/1597
f 1722/182/1597 1734/193/1607 1735/194/1421
f 1722/182/1597 1735/194/1421 1723/183/1409
f 1723/183/1409 1735/194/1421 1736/195/1608
f 1723/183/1409 1736/195/1608 1724/184/1598
f 1724/184/1598 1736/195/1608 1737/196/1609
f 1724/184/1598 1737/196/1609 1725/185/1599
f 1725/185/1599 1737/196/1609 1738/191/1610
f 1725/185/1599 1738/191/1610 1726/180/1600
f 1726/180/1600 1738/191/1610 1739/197/1611
f 1726/180/1600 1739/197/1611 1727/186/1601
f 1727/186/1601 1739/197/1611 1740/189/1612
f 1727/186/1601 1740/189/1612 1728/187/1602
f 1728/187/1602 1740/189/1612 1729/188/1427
f 1728/187/1602 1729/188/1427 1717/177/1415
f 1729/188/1427 1741/302/1439 1742/303/1613
f 1729/188/1427 1742/303/1613 1730/189/1603
f 1730/189/1603 1742/303/1613 1743/304/1614
f 1730/189/1603 1743/304/1614 1731/190/1604
f 1731/190/1604 1743/304/1614 1744/305/1615
f 1731/190/1604 1744/305/1615 1732/191/1605
f 1732/191/1605 1744/305/1615 1745/306/1616
f 1732/191/1605 1745/306/1616 1733/192/1606
f 1733/192/1606 1745/306/1616 1746/307/1617
f 1733/192/1606 1746/307/1617 1734/193/1607
f 1734/193/1607 1746/307/1617 1747/308/1433
f 1734/193/1607 1747/308/1433 1735/194/1421
f 1735/194/1421 1747/308/1433 1748/309/1618
f 1735/194/1421 1748/309/1618 1736/195/1608
f 1736/195/1608 1748/309/1618 1749/310/1619
f 1736/195/1608 1749/310/1619 1737/196/1609
f 1737/196/1609 1749/310/1619 1750/305/1620
f 1737/196/1609 1750/305/1620 1738/191/1610
f 1738/191/1610 1750/305/1620 1751/304/1621
f 1738/191/1610 1751/304/1621 1739/197/1611
f 1739/197/1611 1751/304/1621 1752/311/1622
f 1739/197/1611 1752/311/1622 1740/189/1612
f 1740/189/1612 1752/311/1622 1741/302/1439
f 1740/189/1612 1741/302/1439 1729/188/1427
f 1741/302/1439 1753/312/1451 1754/313/1623
f 1741/302/1439 1754/313/1623 1742/303/1613
f 1742/303/1613 1754/313/1623 1755/314/1624
f 1742/303/1613 1755/314/1624 1743/304/1614
f 1743/304/1614 1755/314/1624 1756/315/1625
f 1743/304/1614 1756/315/1625 1744/305/1615
f 1744/305/1615 1756/315/1625 1757/316/1626
f 1744/305/1615 1757/316/1626 1745/306/1616
f 1745/306/1616 1757/316/1626 1758/317/1627
f 1745/306/1616 1758/317/1627 1746/307/1617
f 1746/307/1617 1758/317/1627 1759/318/1445
f 1746/307/1617 1759/318/1445 1747/308/1433
f 1747/308/1433 1759/318/1445 1760/319/1628
f 1747/308/1433 1760/319/1628 1748/309/1618
f 1748/309/1618 1760/319/1628 1761/320/1629
f 1748/309/1618 1761/320/1629 1749/310/1619
f 1749/310/1619 1761/320/1629 1762/315/1630
f 1749/310/1619 1762/315/1630 1750/305/1620
f 1750/305/1620 1762/315/1630 1763/321/1631
f 1750/305/1620 1763/321/1631 1751/304/1621
f 1751/304/1621 1763/321/1631 1764/313/1632
f 1751/304/1621 1764/313/1632 1752/311/1622
f 1752/311/1622 1764/313/1632 1753/312/1451
f 1752/311/1622 1753/312/1451 1741/302/1439
f 1753/312/1451 1765/322/1463 1766/323/1633
f 1753/312/1451 1766/323/1633 1754/313/1623
f 1754/313/1623 1766/323/1633 1767/324/1634
f 1754/313/1623 1767/324/1634 1755/314/1624
f 1755/314/1624 1767/324/1634 1768/325/1635
f 1755/314/1624 1768/325/1635 1756/315/1625
f 1756/315/1625 1768/325/1635 1769/326/1636
f 1756/315/1625 1769/326/1636 1757/316/1626
f 1757/316/1626 1769/326/1636 1770/327/1637
f 1757/316/1626 1770/327/1637 1758/317/1627
f 1758/317/1627 1770/327/1637 1771/328/1457
f 1758/317/1627 1771/328/1457 1759/318/1445
f 1759/318/1445 1771/328/1457 1772/329/1638
f 1759/318/1445 1772/329/1638 1760/319/1628
f 1760/319/1628 1772/329/1638 1773/326/1639
f 1760/319/1628 1773/326/1639 1761/320/1629
f 1761/320/1629 1773/326/1639 1774/325/1640
f 1761/320/1629 1774/325/1640 1762/315/1630
f 1762/315/1630 1774/325/1640 1775/324/1641
f 1762/315/1630 1775/324/1641 1763/321/1631
f 1763/321/1631 1775/324/1641 1776/323/1642
f 1763/321/1631 1776/323/1642 1764/313/1632
f 1764/313/1632 1776/323/1642 1765/322/1463
f 1764/313/1632 1765/322/1463 1753/312/1451
f 1765/322/1463 1777/330/1475 1778/331/1643
f 1765/322/1463 1778/331/1643 1766/323/1633
f 1766/323/1633 1778/331/1643 1779/332/1644
f 1766/323/1633 1779/332/1644 1767/324/1634
f 1767/324/1634 1779/332/1644 1780/333/1645
f 1767/324/1634 1780/333/1645 1768/325/1635
f 1768/325/1635 1780/333/1645 1781/334/1646
f 1768/325/1635 1781/334/1646 1769/326/1636
f 1769/326/1636 1781/334/1646 1782/335/1647
f 1769/326/1636 1782/335/1647 1770/327/1637
f 1770/327/1637 1782/335/1647 1783/336/1469
f 1770/327/1637 1783/336/1469 1771/328/1457
f 1771/328/1457 1783/336/1469 1784/337/1648
f 1771/328/1457 1784/337/1648 1772/329/1638
f 1772/329/1638 1784/337/1648 1785/334/1649
f 1772/329/1638 1785/334/1649 1773/326/1639
f 1773/326/1639 1785/334/1649 1786/333/1650
f 1773/326/1639 1786/333/1650 1774/325/1640
f 1774/325/1640 1786/333/1650 1787/332/1651
f 1774/325/1640 1787/332/1651 1775/324/1641
f 1775/324/1641 1787/332/1651 1788/331/1652
f 1775/324/1641 1788/331/1652 1776/323/1642
f 1776/323/1642 1788/331/1652 1777/330/1475
f 1776/323/1642 1777/330/1475 1765/322/1463
f 1777/330/1475 1789/338/1487 1790/339/1653
f 1777/330/1475 1790/339/1653 1778/331/1643
f 1778/331/1643 1790/339/1653 1791/340/1654
f 1778/331/1643 1791/340/1654 1779/332/1644
f 1779/332/1644 1791/340/1654 1792/341/1655
f 1779/332/1644 1792/341/1655 1780/333/1645
f 1780/333/1645 1792/341/1655 1793/342/1656
f 1780/333/1645 1793/342/1656 1781/334/1646
f 1781/334/1646 1793/342/1656 1794/343/1657
f 1781/334/1646 1794/343/1657 1782/335/1647
f 1782/335/1647 1794/343/1657 1795/344/1481
f 1782/335/1647 1795/344/1481 1783/336/1469
f 1783/336/1469 1795/344/1481 1796/345/1658
f 1783/336/1469 1796/345/1658 1784/337/1648
f 1784/337/1648 1796/345/1658 1797/342/1659
f 1784/337/1648 1797/342/1659 1785/334/1649
f 1785/334/1649 1797/342/1659 1798/341/1660
f 1785/334/1649 1798/341/1660 1786/333/1650
f 1786/333/1650 1798/341/1660 1799/340/1661
f 1786/333/1650 1799/340/1661 1787/332/1651
f 1787/332/1651 1799/340/1661 1800/346/1662
f 1787/332/1651 1800/346/1662 1788/331/1652
f 1788/331/1652 1800/346/1662 1789/338/1487
f 1788/331/1652 1789/338/1487 1777/330/1475
f 1789/338/1487 1801/347/1499 1802/348/1663
f 1789/338/1487 1802/348/1663 1790/339/1653
f 1790/339/1653 1802/348/1663 1803/349/1664
f 1790/339/1653 1803/349/1664 1791/340/1654
f 1791/340/1654 1803/349/1664 1804/350/1665
f 1791/340/1654 1804/350/1665 1792/341/1655
f 1792/341/1655 1804/350/1665 1805/351/1666
f 1792/341/1655 1805/351/1666 1793/342/1656
f 1793/342/1656 1805/351/1666 1806/352/1667
f 1793/342/1656 1806/352/1667 1794/343/1657
f 1794/343/1657 1806/352/1667 1807/353/1493
f 1794/343/1657 1807/353/1493 1795/344/1481
f 1795/344/1481 1807/353/1493 1808/354/1668
f 1795/344/1481 1808/354/1668 1796/345/1658
f 1796/345/1658 1808/354/1668 1809/355/1669
f 1796/345/1658 1809/355/1669 1797/342/1659
f 1797/342/1659 1809/355/1669 1810/350/1670
f 1797/342/1659 1810/350/1670 1798/341/1660
f 1798/341/1660 1810/350/1670 1811/356/1671
f 1798/341/1660 1811/356/1671 1799/340/1661
f 1799/340/1661 1811/356/1671 1812/357/1672
f 1799/340/1661 1812/357/1672 1800/346/1662
f 1800/346/1662 1812/357/1672 1801/347/1499
f 1800/346/1662 1801/347/1499 1789/338/1487
f 1801/347/1499 1813/358/1673 1814/359/1674
f 1801/347/1499 1814/359/1674 1802/348/1663
f 1802/348/1663 1814/359/1674 1815/360/1675
f 1802/348/1663 1815/360/1675 1803/349/1664
f 1803/349/1664 1815/360/1675 1816/361/1676
f 1803/349/1664 1816/361/1676 1804/350/1665
f 1804/350/1665 1816/361/1676 1817/362/1677
f 1804/350/1665 1817/362/1677 1805/351/1666
f 1805/351/1666 1817/362/1677 1818/363/1678
f 1805/351/1666 1818/363/1678 1806/352/1667
f 1806/352/1667 1818/363/1678 1819/364/1679
f 1806/352/1667 1819/364/1679 1807/353/1493
f 1807/353/1493 1819/364/1679 1820/365/1680
f 1807/353/1493 1820/365/1680 1808/354/1668
f 1808/354/1668 1820/365/1680 1821/366/1681
f 1808/354/1668 1821/366/1681 1809/355/1669
f 1809/355/1669 1821/366/1681 1822/361/1682
f 1809/355/1669 1822/361/1682 1810/350/1670
f 1810/350/1670 1822/361/1682 1823/360/1683
f 1810/350/1670 1823/360/1683 1811/356/1671
f 1811/356/1671 1823/360/1683 1824/367/1684
f 1811/356/1671 1824/367/1684 1812/357/1672
f 1812/357/1672 1824/367/1684 1813/358/1673
f 1812/357/1672 1813/358/1673 1801/347/1499
f 1813/358/1673 1825/368/1523 1826/369/1685
f 1813/358/1673 1826/369/1685 1814/359/1674
f 1814/359/1674 1826/369/1685 1827/370/1686
f 1814/359/1674 1827/370/1686 1815/360/1675
f 1815/360/1675 1827/370/1686 1828/371/1687
f 1815/360/1675 1828/371/1687 1816/361/1676
f 1816/361/1676 1828/371/1687 1829/372/1688
f 1816/361/1676 1829/372/1688 1817/362/1677
f 1817/362/1677 1829/372/1688 1830/373/1689
f 1817/362/1677 1830/373/1689 1818/363/1678
f 1818/363/1678 1830/373/1689 1831/374/1517
f 1818/363/1678 1831/374/1517 1819/364/1679
f 1819/364/1679 1831/374/1517 1832/375/1690
f 1819/364/1679 1832/375/1690 1820/365/1680
f 1820/365/1680 1832/375/1690 1833/372/1691
f 1820/365/1680 1833/372/1691 1821/366/1681
f 1821/366/1681 1833/372/1691 1834/371/1692
f 1821/366/1681 1834/371/1692 1822/361/1682
f 1822/361/1682 1834/371/1692 1835/376/1693
f 1822/361/1682 1835/376/1693 1823/360/1683
f 1823/360/1683 1835/376/1693 1836/377/1694
f 1823/360/1683 1836/377/1694 1824/367/1684
f 1824/367/1684 1836/377/1694 1825/368/1523
f 1824/367/1684 1825/368/1523 1813/358/1673
f 1825/368/1523 1837/378/1535 1838/379/1695
f 1825/368/1523 1838/379/1695 1826/369/1685
f 1826/369/1685 1838/379/1695 1839/380/1696
f 1826/369/1685 1839/380/1696 1827/370/1686
f 1827/370/1686 1839/380/1696 1840/381/1697
f 1827/370/1686 1840/381/1697 1828/371/1687
f 1828/371/1687 1840/381/1697 1841/382/1698
f 1828/371/1687 1841/382/1698 1829/372/1688
f 1829/372/1688 1841/382/1698 1842/383/1699
f 1829/372/1688 1842/383/1699 1830/373/1689
f 1830/373/1689 1842/383/1699 1843/384/1529
f 1830/373/1689 1843/384/1529 1831/374/1517
f 1831/374/1517 1843/384/1529 1844/385/1700
f 1831/374/1517 1844/385/1700 1832/375/1690
f 1832/375/1690 1844/385/1700 1845/386/1701
f 1832/375/1690 1845/386/1701 1833/372/1691
f 1833/372/1691 1845/386/1701 1846/387/1702
f 1833/372/1691 1846/387/1702 1834/371/1692
f 1834/371/1692 1846/387/1702 1847/388/1703
f 1834/371/1692 1847/388/1703 1835/376/1693
f 1835/376/1693 1847/388/1703 1848/389/1704
f 1835/376/1693 1848/389/1704 1836/377/1694
f 1836/377/1694 1848/389/1704 1837/378/1535
f 1836/377/1694 1837/378/1535 1825/368/1523
f 1837/378/1535 1465/210/1349 1468/213/1352
f 1837/378/1535 1468/213/1352 1838/379/1695
f 1838/379/1695 1468/213/1352 1470/215/1354
f 1838/379/1695 1470/215/1354 1839/380/1696
f 1839/380/1696 1470/215/1354 1472/217/1356
f 1839/380/1696 1472/217/1356 1840/381/1697
f 1840/381/1697 1472/217/1356 1474/219/1358
f 1840/381/1697 1474/219/1358 1841/382/1698
f 1841/382/1698 1474/219/1358 1476/221/1360
f 1841/382/1698 1476/221/1360 1842/383/1699
f 1842/383/1699 1476/221/1360 1478/223/1362
f 1842/383/1699 1478/223/1362 1843/384/1529
f 1843/384/1529 1478/223/1362 1480/225/1364
f 1843/384/1529 1480/225/1364 1844/385/1700
f 1844/385/1700 1480/225/1364 1482/227/1366
f 1844/385/1700 1482/227/1366 1845/386/1701
f 1845/386/1701 1482/227/1366 1484/229/1368
f 1845/386/1701 1484/229/1368 1846/387/1702
f 1846/387/1702 1484/229/1368 1486/231/1370
f 1846/387/1702 1486/231/1370 1847/388/1703
f 1847/388/1703 1486/231/1370 1488/233/1372
f 1847/388/1703 1488/233/1372 1848/389/1704
f 1848/389/1704 1488/233/1372 1465/210/1349
f 1848/389/1704 1465/210/1349 1837/378/1535
f 1849/210/1705 1850/211/1706 1851/212/1707
f 1849/210/1705 1851/212/1707 1852/213/1708
f 1852/213/1708 1851/212/1707 1853/214/1709
f 1852/213/1708 1853/214/1709 1854/215/1710
f 1854/215/1710 1853/214/1709 1855/216/1711
f 1854/215/1710 1855/216/1711 1856/217/1712
f 1856/217/1712 1855/216/1711 1857/218/1713
f 1856/217/1712 1857/218/1713 1858/219/1714
f 1858/219/1714 1857/218/1713 1859/220/1715
f 1858/219/1714 1859/220/1715 1860/221/1716
f 1860/221/1716 1859/220/1715 1861/222/1717
f 1860/221/1716 1861/222/1717 1862/223/1718
f 1862/223/1718 1861/222/1717 1863/224/1719
f 1862/223/1718 1863/224/1719 1864/225/1720
f 1864/225/1720 1863/224/1719 1865/226/1721
f 1864/225/1720 1865/226/1721 1866/227/1722
f 1866/227/1722 1865/226/1721 1867/228/1723
f 1866/227/1722 1867/228/1723 1868/229/1724
f 1868/229/1724 1867/228/1723 1869/230/1725
f 1868/229/1724 1869/230/1725 1870/231/1726
f 1870/231/1726 1869/230/1725 1871/232/1727
f 1870/231/1726 1871/232/1727 1872/233/1728
f 1872/233/1728 1871/232/1727 1850/211/1706
f 1872/233/1728 1850/211/1706 1849/210/1705
f 1850/211/1706 1873/234/1729 1874/235/1730
f 1850/211/1706 1874/235/1730 1851/212/1707
f 1851/212/1707 1874/235/1730 1875/236/1731
f 1851/212/1707 1875/236/1731 1853/214/1709
f 1853/214/1709 1875/236/1731 1876/237/1732
f 1853/214/1709 1876/237/1732 1855/216/1711
f 1855/216/1711 1876/237/1732 1877/238/1733
f 1855/216/1711 1877/238/1733 1857/218/1713
f 1857/218/1713 1877/238/1733 1878/239/1734
f 1857/218/1713 1878/239/1734 1859/220/1715
f 1859/220/1715 1878/239/1734 1879/240/1735
f 1859/220/1715 1879/240/1735 1861/222/1717
f 1861/222/1717 1879/240/1735 1880/239/1736
f 1861/222/1717 1880/239/1736 1863/224/1719
f 1863/224/1719 1880/239/1736 1881/241/1737
f 1863/224/1719 1881/241/1737 1865/226/1721
f 1865/226/1721 1881/241/1737 1882/242/1738
f 1865/226/1721 1882/242/1738 1867/228/1723
f 1867/228/1723 1882/242/1738 1883/236/1739
f 1867/228/1723 1883/236/1739 1869/230/1725
f 1869/230/1725 1883/236/1739 1884/243/1740
f 1869/230/1725 1884/243/1740 1871/232/1727
f 1871/232/1727 1884/243/1740 1873/234/1729
f 1871/232/1727 1873/234/1729 1850/211/1706
f 1873/234/1729 1885/244/1741 1886/245/1742
f 1873/234/1729 1886/245/1742 1874/235/1730
f 1874/235/1730 1886/245/1742 1887/246/1743
f 1874/235/1730 1887/246/1743 1875/236/1731
f 1875/236/1731 1887/246/1743 1888/247/1744
f 1875/236/1731 1888/247/1744 1876/237/1732
f 1876/237/1732 1888/247/1744 1889/248/1745
f 1876/237/1732 1889/248/1745 1877/238/1733
f 1877/238/1733 1889/248/1745 1890/249/1746
f 1877/238/1733 1890/249/1746 1878/239/1734
f 1878/239/1734 1890/249/1746 1891/250/1747
f 1878/239/1734 1891/250/1747 1879/240/1735
f 1879/240/1735 1891/250/1747 1892/251/1748
f 1879/240/1735 1892/251/1748 1880/239/1736
f 1880/239/1736 1892/251/1748 1893/252/1749
f 1880/239/1736 1893/252/1749 1881/241/1737
f 1881/241/1737 1893/252/1749 1894/247/1750
f 1881/241/1737 1894/247/1750 1882/242/1738
f 1882/242/1738 1894/247/1750 1895/246/1751
f 1882/242/1738 1895/246/1751 1883/236/1739
f 1883/236/1739 1895/246/1751 1896/253/1752
f 1883/236/1739 1896/253/1752 1884/243/1740
f 1884/243/1740 1896/253/1752 1885/244/1741
f 1884/243/1740 1885/244/1741 1873/234/1729
f 1885/244/1741 1897/254/1753 1898/255/1754
f 1885/244/1741 1898/255/1754 1886/245/1742
f 1886/245/1742 1898/255/1754 1899/256/1755
f 1886/245/1742 1899/256/1755 1887/246/1743
f 1887/246/1743 1899/256/1755 1900/257/1756
f 1887/246/1743 1900/257/1756 1888/247/1744
f 1888/247/1744 1900/257/1756 1901/258/1757
f 1888/247/1744 1901/258/1757 1889/248/1745
f 1889/248/1745 1901/258/1757 1902/259/1758
f 1889/248/1745 1902/259/1758 1890/249/1746
f 1890/249/1746 1902/259/1758 1903/260/1759
f 1890/249/1746 1903/260/1759 1891/250/1747
f 1891/250/1747 1903/260/1759 1904/261/1760
f 1891/250/1747 1904/261/1760 1892/251/1748
f 1892/251/1748 1904/261/1760 1905/262/1761
f 1892/251/1748 1905/262/1761 1893/252/1749
f 1893/252/1749 1905/262/1761 1906/257/1762
f 1893/252/1749 1906/257/1762 1894/247/1750
f 1894/247/1750 1906/257/1762 1907/256/1763
f 1894/247/1750 1907/256/1763 1895/246/1751
f 1895/246/1751 1907/256/1763 1908/263/1764
f 1895/246/1751 1908/263/1764 1896/253/1752
f 1896/253/1752 1908/263/1764 1897/254/1753
f 1896/253/1752 1897/254/1753 1885/244/1741
f 1897/254/1753 1909/264/1765 1910/265/1766
f 1897/254/1753 1910/265/1766 1898/255/1754
f 1898/255/1754 1910/265/1766 1911/266/1767
f 1898/255/1754 1911/266/1767 1899/256/1755
f 1899/256/1755 1911/266/1767 1912/267/1768
f 1899/256/1755 1912/267/1768 1900/257/1756
f 1900/257/1756 1912/267/1768 1913/268/1769
f 1900/257/1756 1913/268/1769 1901/258/1757
f 1901/258/1757 1913/268/1769 1914/269/1770
f 1901/258/1757 1914/269/1770 1902/259/1758
f 1902/259/1758 1914/269/1770 1915/270/1771
f 1902/259/1758 1915/270/1771 1903/260/1759
f 1903/260/1759 1915/270/1771 1916/271/1772
f 1903/260/1759 1916/271/1772 1904/261/1760
f 1904/261/1760 1916/271/1772 1917/272/1773
f 1904/261/1760 1917/272/1773 1905/262/1761
f 1905/262/1761 1917/272/1773 1918/267/1774
f 1905/262/1761 1918/267/1774 1906/257/1762
f 1906/257/1762 1918/267/1774 1919/266/1775
f 1906/257/1762 1919/266/1775 1907/256/1763
f 1907/256/1763 1919/266/1775 1920/273/1776
f 1907/256/1763 1920/273/1776 1908/263/1764
f 1908/263/1764 1920/273/1776 1909/264/1765
f 1908/263/1764 1909/264/1765 1897/254/1753
f 1909/264/1765 1921/274/1777 1922/275/1778
f 1909/264/1765 1922/275/1778 1910/265/1766
f 1910/265/1766 1922/275/1778 1923/276/1779
f 1910/265/1766 1923/276/1779 1911/266/1767
f 1911/266/1767 1923/276/1779 1924/277/1780
f 1911/266/1767 1924/277/1780 1912/267/1768
f 1912/267/1768 1924/277/1780 1925/278/1781
f 1912/267/1768 1925/278/1781 1913/268/1769
f 1913/268/1769 1925/278/1781 1926/279/1782
f 1913/268/1769 1926/279/1782 1914/269/1770
f 1914/269/1770 1926/279/1782 1927/280/1783
f 1914/269/1770 1927/280/1783 1915/270/1771
f 1915/270/1771 1927/280/1783 1928/281/1784
f 1915/270/1771 1928/281/1784 1916/271/1772
f 1916/271/1772 1928/281/1784 1929/282/1785
f 1916/271/1772 1929/282/1785 1917/272/1773
f 1917/272/1773 1929/282/1785 1930/277/1786
f 1917/272/1773 1930/277/1786 1918/267/1774
f 1918/267/1774 1930/277/1786 1931/283/1787
f 1918/267/1774 1931/283/1787 1919/266/1775
f 1919/266/1775 1931/283/1787 1932/284/1788
f 1919/266/1775 1932/284/1788 1920/273/1776
f 1920/273/1776 1932/284/1788 1921/274/1777
f 1920/273/1776 1921/274/1777 1909/264/1765
f 1921/274/1777 1933/285/1789 1934/286/1790
f 1921/274/1777 1934/286/1790 1922/275/1778
f 1922/275/1778 1934/286/1790 1935/287/1791
f 1922/275/1778 1935/287/1791 1923/276/1779
f 1923/276/1779 1935/287/1791 1936/288/1792
f 1923/276/1779 1936/288/1792 1924/277/1780
f 1924/277/1780 1936/288/1792 1937/289/1793
f 1924/277/1780 1937/289/1793 1925/278/1781
f 1925/278/1781 1937/289/1793 1938/290/1794
f 1925/278/1781 1938/290/1794 1926/279/1782
f 1926/279/1782 1938/290/1794 1939/291/1795
f 1926/279/1782 1939/291/1795 1927/280/1783
f 1927/280/1783 1939/291/1795 1940/292/1796
f 1927/280/1783 1940/292/1796 1928/281/1784
f 1928/281/1784 1940/292/1796 1941/293/1797
f 1928/281/1784 1941/293/1797 1929/282/1785
f 1929/282/1785 1941/293/1797 1942/288/1798
f 1929/282/1785 1942/288/1798 1930/277/1786
f 1930/277/1786 1942/288/1798 1943/287/1799
f 1930/277/1786 1943/287/1799 1931/283/1787
f 1931/283/1787 1943/287/1799 1944/286/1800
f 1931/283/1787 1944/286/1800 1932/284/1788
f 1932/284/1788 1944/286/1800 1933/285/1789
f 1932/284/1788 1933/285/1789 1921/274/1777
f 1933/285/1789 1945/294/1801 1946/295/1802
f 1933/285/1789 1946/295/1802 1934/286/1790
f 1934/286/1790 1946/295/1802 1947/296/1803
f 1934/286/1790 1947/296/1803 1935/287/1791
f 1935/287/1791 1947/296/1803 1948/297/1804
f 1935/287/1791 1948/297/1804 1936/288/1792
f 1936/288/1792 1948/297/1804 1949/298/1805
f 1936/288/1792 1949/298/1805 1937/289/1793
f 1937/289/1793 1949/298/1805 1950/299/1806
f 1937/289/1793 1950/299/1806 1938/290/1794
f 1938/290/1794 1950/299/1806 1951/300/1807
f 1938/290/1794 1951/300/1807 1939/291/1795
f 1939/291/1795 1951/300/1807 1952/301/1808
f 1939/291/1795 1952/301/1808 1940/292/1796
f 1940/292/1796 1952/301/1808 1953/298/1809
f 1940/292/1796 1953/298/1809 1941/293/1797
f 1941/293/1797 1953/298/1809 1954/297/1810
f 1941/293/1797 1954/297/1810 1942/288/1798
f 1942/288/1798 1954/297/1810 1955/296/1811
f 1942/288/1798 1955/296/1811 1943/287/1799
f 1943/287/1799 1955/296/1811 1956/295/1812
f 1943/287/1799 1956/295/1812 1944/286/1800
f 1944/286/1800 1956/295/1812 1945/294/1801
f 1944/286/1800 1945/294/1801 1933/285/1789
f 1945/294/1801 1957/41/1813 1958/42/1814
f 1945/294/1801 1958/42/1814 1946/295/1802
f 1946/295/1802 1958/42/1814 1959/44/1815
f 1946/295/1802 1959/44/1815 1947/296/1803
f 1947/296/1803 1959/44/1815 1960/46/1816
f 1947/296/1803 1960/46/1816 1948/297/1804
f 1948/297/1804 1960/46/1816 1961/48/1817
f 1948/297/1804 1961/48/1817 1949/298/1805
f 1949/298/1805 1961/48/1817 1962/50/1818
f 1949/298/1805 1962/50/1818 1950/299/1806
f 1950/299/1806 1962/50/1818 1963/52/1819
f 1950/299/1806 1963/52/1819 1951/300/1807
f 1951/300/1807 1963/52/1819 1964/54/1820
f 1951/300/1807 1964/54/1820 1952/301/1808
f 1952/301/1808 1964/54/1820 1965/56/1821
f 1952/301/1808 1965/56/1821 1953/298/1809
f 1953/298/1809 1965/56/1821 1966/46/1822
f 1953/298/1809 1966/46/1822 1954/297/1810
f 1954/297/1810 1966/46/1822 1967/59/1823
f 1954/297/1810 1967/59/1823 1955/296/1811
f 1955/296/1811 1967/59/1823 1968/61/1824
f 1955/296/1811 1968/61/1824 1956/295/1812
f 1956/295/1812 1968/61/1824 1957/41/1813
f 1956/295/1812 1957/41/1813 1945/294/1801
f 1957/41/1813 1969/62/1825 1970/63/1826
f 1957/41/1813 1970/63/1826 1958/42/1814
f 1958/42/1814 1970/63/1826 1971/64/1827
f 1958/42/1814 1971/64/1827 1959/44/1815
f 1959/44/1815 1971/64/1827 1972/65/1828
f 1959/44/1815 1972/65/1828 1960/46/1816
f 1960/46/1816 1972/65/1828 1973/66/1829
f 1960/46/1816 1973/66/1829 1961/48/1817
f 1961/48/1817 1973/66/1829 1974/67/1830
f 1961/48/1817 1974/67/1830 1962/50/1818
f 1962/50/1818 1974/67/1830 1975/68/1831
f 1962/50/1818 1975/68/1831 1963/52/1819
f 1963/52/1819 1975/68/1831 1976/69/1832
f 1963/52/1819 1976/69/1832 1964/54/1820
f 1964/54/1820 1976/69/1832 1977/70/1833
f 1964/54/1820 1977/70/1833 1965/56/1821
f 1965/56/1821 1977/70/1833 1978/65/1834
f 1965/56/1821 1978/65/1834 1966/46/1822
f 1966/46/1822 1978/65/1834 1979/64/1835
f 1966/46/1822 1979/64/1835 1967/59/1823
f 1967/59/1823 1979/64/1835 1980/63/1836
f 1967/59/1823 1980/63/1836 1968/61/1824
f 1968/61/1824 1980/63/1836 1969/62/1825
f 1968/61/1824 1969/62/1825 1957/41/1813
f 1969/62/1825 1981/71/1837 1982/72/1838
f 1969/62/1825 1982/72/1838 1970/63/1826
f 1970/63/1826 1982/72/1838 1983/73/1839
f 1970/63/1826 1983/73/1839 1971/64/1827
f 1971/64/1827 1983/73/1839 1984/74/1840
f 1971/64/1827 1984/74/1840 1972/65/1828
f 1972/65/1828 1984/74/1840 1985/75/1841
f 1972/65/1828 1985/75/1841 1973/66/1829
f 1973/66/1829 1985/75/1841 1986/76/1842
f 1973/66/1829 1986/76/1842 1974/67/1830
f 1974/67/1830 1986/76/1842 1987/77/1843
f 1974/67/1830 1987/77/1843 1975/68/1831
f 1975/68/1831 1987/77/1843 1988/78/1844
f 1975/68/1831 1988/78/1844 1976/69/1832
f 1976/69/1832 1988/78/1844 1989/75/1845
f 1976/69/1832 1989/75/1845 1977/70/1833
f 1977/70/1833 1989/75/1845 1990/74/1846
f 1977/70/1833 1990/74/1846 1978/65/1834
f 1978/65/1834 1990/74/1846 1991/79/1847
f 1978/65/1834 1991/79/1847 1979/64/1835
f 1979/64/1835 1991/79/1847 1992/80/1848
f 1979/64/1835 1992/80/1848 1980/63/1836
f 1980/63/1836 1992/80/1848 1981/71/1837
f 1980/63/1836 1981/71/1837 1969/62/1825
f 1981/71/1837 1993/81/1849 1994/82/1850
f 1981/71/1837 1994/82/1850 1982/72/1838
f 1982/72/1838 1994/82/1850 1995/83/1851
f 1982/72/1838 1995/83/1851 1983/73/1839
f 1983/73/1839 1995/83/1851 1996/84/1852
f 1983/73/1839 1996/84/1852 1984/74/1840
f 1984/74/1840 1996/84/1852 1997/85/1853
f 1984/74/1840 1997/85/1853 1985/75/1841
f 1985/75/1841 1997/85/1853 1998/86/1854
f 1985/75/1841 1998/86/1854 1986/76/1842
f 1986/76/1842 1998/86/1854 1999/87/1855
f 1986/76/1842 1999/87/1855 1987/77/1843
f 1987/77/1843 1999/87/1855 2000/88/1856
f 1987/77/1843 2000/88/1856 1988/78/1844
f 1988/78/1844 2000/88/1856 2001/89/1857
f 1988/78/1844 2001/89/1857 1989/75/1845
f 1989/75/1845 2001/89/1857 2002/84/1858
f 1989/75/1845 2002/84/1858 1990/74/1846
f 1990/74/1846 2002/84/1858 2003/90/1859
f 1990/74/1846 2003/90/1859 1991/79/1847
f 1991/79/1847 2003/90/1859 2004/91/1860
f 1991/79/1847 2004/91/1860 1992/80/1848
f 1992/80/1848 2004/91/1860 1993/81/1849
f 1992/80/1848 1993/81/1849 1981/71/1837
f 1993/81/1849 2005/92/1861 2006/93/1862
f 1993/81/1849 2006/93/1862 1994/82/1850
f 1994/82/1850 2006/93/1862 2007/94/1863
f 1994/82/1850 2007/94/1863 1995/83/1851
f 1995/83/1851 2007/94/1863 2008/95/1864
f 1995/83/1851 2008/95/1864 1996/84/1852
f 1996/84/1852 2008/95/1864 2009/96/1865
f 1996/84/1852 2009/96/1865 1997/85/1853
f 1997/85/1853 2009/96/1865 2010/97/1866
f 1997/85/1853 2010/97/1866 1998/86/1854
f 1998/86/1854 2010/97/1866 2011/98/1867
f 1998/86/1854 2011/98/1867 1999/87/1855
f 1999/87/1855 2011/98/1867 2012/99/1868
f 1999/87/1855 2012/99/1868 2000/88/1856
f 2000/88/1856 2012/99/1868 2013/100/1869
f 2000/88/1856 2013/100/1869 2001/89/1857
f 2001/89/1857 2013/100/1869 2014/95/1870
f 2001/89/1857 2014/95/1870 2002/84/1858
f 2002/84/1858 2014/95/1870 2015/94/1871
f 2002/84/1858 2015/94/1871 2003/90/1859
f 2003/90/1859 2015/94/1871 2016/93/1872
f 2003/90/1859 2016/93/1872 2004/91/1860
f 2004/91/1860 2016/93/1872 2005/92/1861
f 2004/91/1860 2005/92/1861 1993/81/1849
f 2005/92/1861 2017/101/1873 2018/102/1874
f 2005/92/1861 2018/102/1874 2006/93/1862
f 2006/93/1862 2018/102/1874 2019/103/1875
f 2006/93/1862 2019/103/1875 2007/94/1863
f 2007/94/1863 2019/103/1875 2020/104/1876
f 2007/94/1863 2020/104/1876 2008/95/1864
f 2008/95/1864 2020/104/1876 2021/105/1877
f 2008/95/1864 2021/105/1877 2009/96/1865
f 2009/96/1865 2021/105/1877 2022/106/1878
f 2009/96/1865 2022/106/1878 2010/97/1866
f 2010/97/1866 2022/106/1878 2023/107/1879
f 2010/97/1866 2023/107/1879 2011/98/1867
f 2011/98/1867 2023/107/1879 2024/106/1880
f 2011/98/1867 2024/106/1880 2012/99/1868
f 2012/99/1868 2024/106/1880 2025/108/1881
f 2012/99/1868 2025/108/1881 2013/100/1869
f 2013/100/1869 2025/108/1881 2026/104/1882
f 2013/100/1869 2026/104/1882 2014/95/1870
f 2014/95/1870 2026/104/1882 2027/109/1883
f 2014/95/1870 2027/109/1883 2015/94/1871
f 2015/94/1871 2027/109/1883 2028/110/1884
f 2015/94/1871 2028/110/1884 2016/93/1872
f 2016/93/1872 2028/110/1884 2017/101/1873
f 2016/93/1872 2017/101/1873 2005/92/1861
f 2017/101/1873 2029/111/1885 2030/112/1886
f 2017/101/1873 2030/112/1886 2018/102/1874
f 2018/102/1874 2030/112/1886 2031/113/1887
f 2018/102/1874 2031/113/1887 2019/103/1875
f 2019/103/1875 2031/113/1887 2032/114/1888
f 2019/103/1875 2032/114/1888 2020/104/1876
f 2020/104/1876 2032/114/1888 2033/115/1889
f 2020/104/1876 2033/115/1889 2021/105/1877
f 2021/105/1877 2033/115/1889 2034/116/1890
f 2021/105/1877 2034/116/1890 2022/106/1878
f 2022/106/1878 2034/116/1890 2035/117/1891
f 2022/106/1878 2035/117/1891 2023/107/1879
f 2023/107/1879 2035/117/1891 2036/118/1892
f 2023/107/1879 2036/118/1892 2024/106/1880
f 2024/106/1880 2036/118/1892 2037/119/1893
f 2024/106/1880 2037/119/1893 2025/108/1881
f 2025/108/1881 2037/119/1893 2038/120/1894
f 2025/108/1881 2038/120/1894 2026/104/1882
f 2026/104/1882 2038/120/1894 2039/121/1895
f 2026/104/1882 2039/121/1895 2027/109/1883
f 2027/109/1883 2039/121/1895 2040/122/1896
f 2027/109/1883 2040/122/1896 2028/110/1884
f 2028/110/1884 2040/122/1896 2029/111/1885
f 2028/110/1884 2029/111/1885 2017/101/1873
f 2029/111/1885 2041/123/1897 2042/124/1898
f 2029/111/1885 2042/124/1898 2030/112/1886
f 2030/112/1886 2042/124/1898 2043/125/1899
f 2030/112/1886 2043/125/1899 2031/113/1887
f 2031/113/1887 2043/125/1899 2044/126/1900
f 2031/113/1887 2044/126/1900 2032/114/1888
f 2032/114/1888 2044/126/1900 2045/127/1901
f 2032/114/1888 2045/127/1901 2033/115/1889
f 2033/115/1889 2045/127/1901 2046/128/1902
f 2033/115/1889 2046/128/1902 2034/116/1890
f 2034/116/1890 2046/128/1902 2047/129/1903
f 2034/116/1890 2047/129/1903 2035/117/1891
f 2035/117/1891 2047/129/1903 2048/130/1904
f 2035/117/1891 2048/130/1904 2036/118/1892
f 2036/118/1892 2048/130/1904 2049/131/1905
f 2036/118/1892 2049/131/1905 2037/119/1893
f 2037/119/1893 2049/131/1905 2050/132/1906
f 2037/119/1893 2050/132/1906 2038/120/1894
f 2038/120/1894 2050/132/1906 2051/133/1907
f 2038/120/1894 2051/133/1907 2039/121/1895
f 2039/121/1895 2051/133/1907 2052/134/1908
f 2039/121/1895 2052/134/1908 2040/122/1896
f 2040/122/1896 2052/134/1908 2041/123/1897
f 2040/122/1896 2041/123/1897 2029/111/1885
f 2041/123/1897 2053/135/1717 2054/136/1909
f 2041/123/1897 2054/136/1909 2042/124/1898
f 2042/124/1898 2054/136/1909 2055/137/1910
f 2042/124/1898 2055/137/1910 2043/125/1899
f 2043/125/1899 2055/137/1910 2056/138/1911
f 2043/125/1899 2056/138/1911 2044/126/1900
f 2044/126/1900 2056/138/1911 2057/139/1912
f 2044/126/1900 2057/139/1912 2045/127/1901
f 2045/127/1901 2057/139/1912 2058/140/1913
f 2045/127/1901 2058/140/1913 2046/128/1902
f 2046/128/1902 2058/140/1913 2059/141/1706
f 2046/128/1902 2059/141/1706 2047/129/1903
f 2047/129/1903 2059/141/1706 2060/142/1914
f 2047/129/1903 2060/142/1914 2048/130/1904
f 2048/130/1904 2060/142/1914 2061/143/1915
f 2048/130/1904 2061/143/1915 2049/131/1905
f 2049/131/1905 2061/143/1915 2062/144/1916
f 2049/131/1905 2062/144/1916 2050/132/1906
f 2050/132/1906 2062/144/1916 2063/145/1917
f 2050/132/1906 2063/145/1917 2051/133/1907
f 2051/133/1907 2063/145/1917 2064/136/1918
f 2051/133/1907 2064/136/1918 2052/134/1908
f 2052/134/1908 2064/136/1918 2053/135/1717
f 2052/134/1908 2053/135/1717 2041/123/1897
f 2053/135/1717 2065/146/1735 2066/147/1919
f 2053/135/1717 2066/147/1919 2054/136/1909
f 2054/136/1909 2066/147/1919 2067/148/1920
f 2054/136/1909 2067/148/1920 2055/137/1910
f 2055/137/1910 2067/148/1920 2068/149/1921
f 2055/137/1910 2068/149/1921 2056/138/1911
f 2056/138/1911 2068/149/1921 2069/150/1922
f 2056/138/1911 2069/150/1922 2057/139/1912
f 2057/139/1912 2069/150/1922 2070/151/1923
f 2057/139/1912 2070/151/1923 2058/140/1913
f 2058/140/1913 2070/151/1923 2071/152/1729
f 2058/140/1913 2071/152/1729 2059/141/1706
f 2059/141/1706 2071/152/1729 2072/153/1924
f 2059/141/1706 2072/153/1924 2060/142/1914
f 2060/142/1914 2072/153/1924 2073/154/1925
f 2060/142/1914 2073/154/1925 2061/143/1915
f 2061/143/1915 2073/154/1925 2074/155/1926
f 2061/143/1915 2074/155/1926 2062/144/1916
f 2062/144/1916 2074/155/1926 2075/148/1927
f 2062/144/1916 2075/148/1927 2063/145/1917
f 2063/145/1917 2075/148/1927 2076/147/1928
f 2063/145/1917 2076/147/1928 2064/136/1918
f 2064/136/1918 2076/147/1928 2065/146/1735
f 2064/136/1918 2065/146/1735 2053/135/1717
f 2065/146/1735 2077/156/1747 2078/157/1929
f 2065/146/1735 2078/157/1929 2066/147/1919
f 2066/147/1919 2078/157/1929 2079/158/1930
f 2066/147/1919 2079/158/1930 2067/148/1920
f 2067/148/1920 2079/158/1930 2080/159/1931
f 2067/148/1920 2080/159/1931 2068/149/1921
f 2068/149/1921 2080/159/1931 2081/160/1932
f 2068/149/1921 2081/160/1932 2069/150/1922
f 2069/150/1922 2081/160/1932 2082/161/1933
f 2069/150/1922 2082/161/1933 2070/151/1923
f 2070/151/1923 2082/161/1933 2083/162/1741
f 2070/151/1923 2083/162/1741 2071/152/1729
f 2071/152/1729 2083/162/1741 2084/163/1934
f 2071/152/1729 2084/163/1934 2072/153/1924
f 2072/153/1924 2084/163/1934 2085/164/1935
f 2072/153/1924 2085/164/1935 2073/154/1925
f 2073/154/1925 2085/164/1935 2086/159/1936
f 2073/154/1925 2086/159/1936 2074/155/1926
f 2074/155/1926 2086/159/1936 2087/158/1937
f 2074/155/1926 2087/158/1937 2075/148/1927
f 2075/148/1927 2087/158/1937 2088/165/1938
f 2075/148/1927 2088/165/1938 2076/147/1928
f 2076/147/1928 2088/165/1938 2077/156/1747
f 2076/147/1928 2077/156/1747 2065/146/1735
f 2077/156/1747 2089/166/1759 2090/167/1939
f 2077/156/1747 2090/167/1939 2078/157/1929
f 2078/157/1929 2090/167/1939 2091/168/1940
f 2078/157/1929 2091/168/1940 2079/158/1930
f 2079/158/1930 2091/168/1940 2092/169/1941
f 2079/158/1930 2092/169/1941 2080/159/1931
f 2080/159/1931 2092/169/1941 2093/170/1942
f 2080/159/1931 2093/170/1942 2081/160/1932
f 2081/160/1932 2093/170/1942 2094/171/1943
f 2081/160/1932 2094/171/1943 2082/161/1933
f 2082/161/1933 2094/171/1943 2095/172/1753
f 2082/161/1933 2095/172/1753 2083/162/1741
f 2083/162/1741 2095/172/1753 2096/173/1944
f 2083/162/1741 2096/173/1944 2084/163/1934
f 2084/163/1934 2096/173/1944 2097/174/1945
f 2084/163/1934 2097/174/1945 2085/164/1935
f 2085/164/1935 2097/174/1945 2098/169/1946
f 2085/164/1935 2098/169/1946 2086/159/1936
f 2086/159/1936 2098/169/1946 2099/175/1947
f 2086/159/1936 2099/175/1947 2087/158/1937
f 2087/158/1937 2099/175/1947 2100/176/1948
f 2087/158/1937 2100/176/1948 2088/165/1938
f 2088/165/1938 2100/176/1948 2089/166/1759
f 2088/165/1938 2089/166/1759 2077/156/1747
f 2089/166/1759 2101/177/1771 2102/178/1949
f 2089/166/1759 2102/178/1949 2090/167/1939
f 2090/167/1939 2102/178/1949 2103/179/1950
f 2090/167/1939 2103/179/1950 2091/168/1940
f 2091/168/1940 2103/179/1950 2104/180/1951
f 2091/168/1940 2104/180/1951 2092/169/1941
f 2092/169/1941 2104/180/1951 2105/181/1952
f 2092/169/1941 2105/181/1952 2093/170/1942
f 2093/170/1942 2105/181/1952 2106/182/1953
f 2093/170/1942 2106/182/1953 2094/171/1943
f 2094/171/1943 2106/182/1953 2107/183/1765
f 2094/171/1943 2107/183/1765 2095/172/1753
f 2095/172/1753 2107/183/1765 2108/184/1954
f 2095/172/1753 2108/184/1954 2096/173/1944
f 2096/173/1944 2108/184/1954 2109/185/1955
f 2096/173/1944 2109/185/1955 2097/174/1945
f 2097/174/1945 2109/185/1955 2110/180/1956
f 2097/174/1945 2110/180/1956 2098/169/1946
f 2098/169/1946 2110/180/1956 2111/186/1957
f 2098/169/1946 2111/186/1957 2099/175/1947
f 2099/175/1947 2111/186/1957 2112/187/1958
f 2099/175/1947 2112/187/1958 2100/176/1948
f 2100/176/1948 2112/187/1958 2101/177/1771
f 2100/176/1948 2101/177/1771 2089/166/1759
f 2101/177/1771 2113/188/1783 2114/189/1959
f 2101/177/1771 2114/189/1959 2102/178/1949
f 2102/178/1949 2114/189/1959 2115/190/1960
f 2102/178/1949 2115/190/1960 2103/179/1950
f 2103/179/1950 2115/190/1960 2116/191/1961
f 2103/179/1950 2116/191/1961 2104/180/1951
f 2104/180/1951 2116/191/1961 2117/192/1962
f 2104/180/1951 2117/192/1962 2105/181/1952
f 2105/181/1952 2117/192/1962 2118/193/1963
f 2105/181/1952 2118/193/1963 2106/182/1953
f 2106/182/1953 2118/193/1963 2119/194/1777
f 2106/182/1953 2119/194/1777 2107/183/1765
f 2107/183/1765 2119/194/1777 2120/195/1964
f 2107/183/1765 2120/195/1964 2108/184/1954
f 2108/184/1954 2120/195/1964 2121/196/1965
f 2108/184/1954 2121/196/1965 2109/185/1955
f 2109/185/1955 2121/196/1965 2122/191/1966
f 2109/185/1955 2122/191/1966 2110/180/1956
f 2110/180/1956 2122/191/1966 2123/197/1967
f 2110/180/1956 2123/197/1967 2111/186/1957
f 2111/186/1957 2123/197/1967 2124/189/1968
f 2111/186/1957 2124/189/1968 2112/187/1958
f 2112/187/1958 2124/189/1968 2113/188/1783
f 2112/187/1958 2113/188/1783 2101/177/1771
f 2113/188/1783 2125/302/1795 2126/303/1969
f 2113/188/1783 2126/303/1969 2114/189/1959
f 2114/189/1959 2126/303/1969 2127/304/1970
f 2114/189/1959 2127/304/1970 2115/190/1960
f 2115/190/1960 2127/304/1970 2128/305/1971
f 2115/190/1960 2128/305/1971 2116/191/1961
f 2116/191/1961 2128/305/1971 2129/306/1972
f 2116/191/1961 2129/306/1972 2117/192/1962
f 2117/192/1962 2129/306/1972 2130/307/1973
f 2117/192/1962 2130/307/1973 2118/193/1963
f 2118/193/1963 2130/307/1973 2131/308/1789
f 2118/193/1963 2131/308/1789 2119/194/1777
f 2119/194/1777 2131/308/1789 2132/309/1974
f 2119/194/1777 2132/309/1974 2120/195/1964
f 2120/195/1964 2132/309/1974 2133/310/1975
f 2120/195/1964 2133/310/1975 2121/196/1965
f 2121/196/1965 2133/310/1975 2134/305/1976
f 2121/196/1965 2134/305/1976 2122/191/1966
f 2122/191/1966 2134/305/1976 2135/304/1977
f 2122/191/1966 2135/304/1977 2123/197/1967
f 2123/197/1967 2135/304/1977 2136/311/1978
f 2123/197/1967 2136/311/1978 2124/189/1968
f 2124/189/1968 2136/311/1978 2125/302/1795
f 2124/189/1968 2125/302/1795 2113/188/1783
f 2125/302/1795 2137/312/1807 2138/313/1979
f 2125/302/1795 2138/313/1979 2126/303/1969
f 2126/303/1969 2138/313/1979 2139/314/1980
f 2126/303/1969 2139/314/1980 2127/304/1970
f 2127/304/1970 2139/314/1980 2140/315/1981
f 2127/304/1970 2140/315/1981 2128/305/1971
f 2128/305/1971 2140/315/1981 2141/316/1982
f 2128/305/1971 2141/316/1982 2129/306/1972
f 2129/306/1972 2141/316/1982 2142/317/1983
f 2129/306/1972 2142/317/1983 2130/307/1973
f 2130/307/1973 2142/317/1983 2143/318/1801
f 2130/307/1973 2143/318/1801 2131/308/1789
f 2131/308/1789 2143/318/1801 2144/319/1984
f 2131/308/1789 2144/319/1984 2132/309/1974
f 2132/309/1974 2144/319/1984 2145/320/1985
f 2132/309/1974 2145/320/1985 2133/310/1975
f 2133/310/1975 2145/320/1985 2146/315/1986
f 2133/310/1975 2146/315/1986 2134/305/1976
f 2134/305/1976 2146/315/1986 2147/321/1987
f 2134/305/1976 2147/321/1987 2135/304/1977
f 2135/304/1977 2147/321/1987 2148/313/1988
f 2135/304/1977 2148/313/1988 2136/311/1978
f 2136/311/1978 2148/313/1988 2137/312/1807
f 2136/311/1978 2137/312/1807 2125/302/1795
f 2137/312/1807 2149/322/1819 2150/323/1989
f 2137/312/1807 2150/323/1989 2138/313/1979
f 2138/313/1979 2150/323/1989 2151/324/1990
f 2138/313/1979 2151/324/1990 2139/314/1980
f 2139/314/1980 2151/324/1990 2152/325/1991
f 2139/314/1980 2152/325/1991 2140/315/1981
f 2140/315/1981 2152/325/1991 2153/326/1992
f 2140/315/1981 2153/326/1992 2141/316/1982
f 2141/316/1982 2153/326/1992 2154/327/1993
f 2141/316/1982 2154/327/1993 2142/317/1983
f 2142/317/1983 2154/327/1993 2155/328/1813
f 2142/317/1983 2155/328/1813 2143/318/1801
f 2143/318/1801 2155/328/1813 2156/329/1994
f 2143/318/1801 2156/329/1994 2144/319/1984
f 2144/319/1984 2156/329/1994 2157/326/1995
f 2144/319/1984 2157/326/1995 2145/320/1985
f 2145/320/1985 2157/326/1995 2158/325/1996
f 2145/320/1985 2158/325/1996 2146/315/1986
f 2146/315/1986 2158/325/1996 2159/324/1997
f 2146/315/1986 2159/324/1997 2147/321/1987
f 2147/321/1987 2159/324/1997 2160/323/1998
f 2147/321/1987 2160/323/1998 2148/313/1988
f 2148/313/1988 2160/323/1998 2149/322/1819
f 2148/313/1988 2149/322/1819 2137/312/1807
f 2149/322/1819 2161/330/1831 2162/331/1999
f 2149/322/1819 2162/331/1999 2150/323/1989
f 2150/323/1989 2162/331/1999 2163/332/2000
f 2150/323/1989 2163/332/2000 2151/324/1990
f 2151/324/1990 2163/332/2000 2164/333/2001
f 2151/324/1990 2164/333/2001 2152/325/1991
f 2152/325/1991 2164/333/2001 2165/334/2002
f 2152/325/1991 2165/334/2002 2153/326/1992
f 2153/326/1992 2165/334/2002 2166/335/2003
f 2153/326/1992 2166/335/2003 2154/327/1993
f 2154/327/1993 2166/335/2003 2167/336/1825
f 2154/327/1993 2167/336/1825 2155/328/1813
f 2155/328/1813 2167/336/1825 2168/337/2004
f 2155/328/1813 2168/337/2004 2156/329/1994
f 2156/329/1994 2168/337/2004 2169/334/2005
f 2156/329/1994 2169/334/2005 2157/326/1995
f 2157/326/1995 2169/334/2005 2170/333/2006
f 2157/326/1995 2170/333/2006 2158/325/1996
f 2158/325/1996 2170/333/2006 2171/332/2007
f 2158/325/1996 2171/332/2007 2159/324/1997
f 2159/324/1997 2171/332/2007 2172/331/2008
f 2159/324/1997 2172/331/2008 2160/323/1998
f 2160/323/1998 2172/331/2008 2161/330/1831
f 2160/323/1998 2161/330/1831 2149/322/1819
f 2161/330/1831 2173/338/1843 2174/339/2009
f 2161/330/1831 2174/339/2009 2162/331/1999
f 2162/331/1999 2174/339/2009 2175/340/2010
f 2162/331/1999 2175/340/2010 2163/332/2000
f 2163/332/2000 2175/340/2010 2176/341/2011
f 2163/332/2000 2176/341/2011 2164/333/2001
f 2164/333/2001 2176/341/2011 2177/342/2012
f 2164/333/2001 2177/342/2012 2165/334/2002
f 2165/334/2002 2177/342/2012 2178/343/2013
f 2165/334/2002 2178/343/2013 2166/335/2003
f 2166/335/2003 2178/343/2013 2179/344/1837
f 2166/335/2003 2179/344/1837 2167/336/1825
f 2167/336/1825 2179/344/1837 2180/345/2014
f 2167/336/1825 2180/345/2014 2168/337/2004
f 2168/337/2004 2180/345/2014 2181/342/2015
f 2168/337/2004 2181/342/2015 2169/334/2005
f 2169/334/2005 2181/342/2015 2182/341/2016
f 2169/334/2005 2182/341/2016 2170/333/2006
f 2170/333/2006 2182/341/2016 2183/340/2017
f 2170/333/2006 2183/340/2017 2171/332/2007
f 2171/332/2007 2183/340/2017 2184/346/2018
f 2171/332/2007 2184/346/2018 2172/331/2008
f 2172/331/2008 2184/346/2018 2173/338/1843
f 2172/331/2008 2173/338/1843 2161/330/1831
f 2173/338/1843 2185/347/1855 2186/348/2019
f 2173/338/1843 2186/348/2019 2174/339/2009
f 2174/339/2009 2186/348/2019 2187/349/2020
f 2174/339/2009 2187/349/2020 2175/340/2010
f 2175/340/2010 2187/349/2020 2188/350/2021
f 2175/340/2010 2188/350/2021 2176/341/2011
f 2176/341/2011 2188/350/2021 2189/351/2022
f 2176/341/2011 2189/351/2022 2177/342/2012
f 2177/342/2012 2189/351/2022 2190/352/2023
f 2177/342/2012 2190/352/2023 2178/343/2013
f 2178/343/2013 2190/352/2023 2191/353/1849
f 2178/343/2013 2191/353/1849 2179/344/1837
f 2179/344/1837 2191/353/1849 2192/354/2024
f 2179/344/1837 2192/354/2024 2180/345/2014
f 2180/345/2014 2192/354/2024 2193/355/2025
f 2180/345/2014 2193/355/2025 2181/342/2015
f 2181/342/2015 2193/355/2025 2194/350/2026
f 2181/342/2015 2194/350/2026 2182/341/2016
f 2182/341/2016 2194/350/2026 2195/356/2027
f 2182/341/2016 2195/356/2027 2183/340/2017
f 2183/340/2017 2195/356/2027 2196/357/2028
f 2183/340/2017 2196/357/2028 2184/346/2018
f 2184/346/2018 2196/357/2028 2185/347/1855
f 2184/346/2018 2185/347/1855 2173/338/1843
f 2185/347/1855 2197/358/1867 2198/359/2029
f 2185/347/1855 2198/359/2029 2186/348/2019
f 2186/348/2019 2198/359/2029 2199/360/2030
f 2186/348/2019 2199/360/2030 2187/349/2020
f 2187/349/2020 2199/360/2030 2200/361/2031
f 2187/349/2020 2200/361/2031 2188/350/2021
f 2188/350/2021 2200/361/2031 2201/362/2032
f 2188/350/2021 2201/362/2032 2189/351/2022
f 2189/351/2022 2201/362/2032 2202/363/2033
f 2189/351/2022 2202/363/2033 2190/352/2023
f 2190/352/2023 2202/363/2033 2203/364/1861
f 2190/352/2023 2203/364/1861 2191/353/1849
f 2191/353/1849 2203/364/1861 2204/365/2034
f 2191/353/1849 2204/365/2034 2192/354/2024
f 2192/354/2024 2204/365/2034 2205/366/2035
f 2192/354/2024 2205/366/2035 2193/355/2025
f 2193/355/2025 2205/366/2035 2206/361/2036
f 2193/355/2025 2206/361/2036 2194/350/2026
f 2194/350/2026 2206/361/2036 2207/360/2037
f 2194/350/2026 2207/360/2037 2195/356/2027
f 2195/356/2027 2207/360/2037 2208/367/2038
f 2195/356/2027 2208/367/2038 2196/357/2028
f 2196/357/2028 2208/367/2038 2197/358/1867
f 2196/357/2028 2197/358/1867 2185/347/1855
f 2197/358/1867 2209/368/2039 2210/369/2040
f 2197/358/1867 2210/369/2040 2198/359/2029
f 2198/359/2029 2210/369/2040 2211/370/2041
f 2198/359/2029 2211/370/2041 2199/360/2030
f 2199/360/2030 2211/370/2041 2212/371/2042
f 2199/360/2030 2212/371/2042 2200/361/2031
f 2200/361/2031 2212/371/2042 2213/372/2043
f 2200/361/2031 2213/372/2043 2201/362/2032
f 2201/362/2032 2213/372/2043 2214/373/2044
f 2201/362/2032 2214/373/2044 2202/363/2033
f 2202/363/2033 2214/373/2044 2215/374/2045
f 2202/363/2033 2215/374/2045 2203/364/1861
f 2203/364/1861 2215/374/2045 2216/375/2046
f 2203/364/1861 2216/375/2046 2204/365/2034
f 2204/365/2034 2216/375/2046 2217/372/2047
f 2204/365/2034 2217/372/2047 2205/366/2035
f 2205/366/2035 2217/372/2047 2218/371/2048
f 2205/366/2035 2218/371/2048 2206/361/2036
f 2206/361/2036 2218/371/2048 2219/376/2049
f 2206/361/2036 2219/376/2049 2207/360/2037
f 2207/360/2037 2219/376/2049 2220/377/2050
f 2207/360/2037 2220/377/2050 2208/367/2038
f 2208/367/2038 2220/377/2050 2209/368/2039
f 2208/367/2038 2209/368/2039 2197/358/1867
f 2209/368/2039 2221/378/1891 2222/379/2051
f 2209/368/2039 2222/379/2051 2210/369/2040
f 2210/369/2040 2222/379/2051 2223/380/2052
f 2210/369/2040 2223/380/2052 2211/370/2041
f 2211/370/2041 2223/380/2052 2224/381/2053
f 2211/370/2041 2224/381/2053 2212/371/2042
f 2212/371/2042 2224/381/2053 2225/382/2054
f 2212/371/2042 2225/382/2054 2213/372/2043
f 2213/372/2043 2225/382/2054 2226/383/2055
f 2213/372/2043 2226/383/2055 2214/373/2044
f 2214/373/2044 2226/383/2055 2227/384/1885
f 2214/373/2044 2227/384/1885 2215/374/2045
f 2215/374/2045 2227/384/1885 2228/385/2056
f 2215/374/2045 2228/385/2056 2216/375/2046
f 2216/375/2046 2228/385/2056 2229/386/2057
f 2216/375/2046 2229/386/2057 2217/372/2047
f 2217/372/2047 2229/386/2057 2230/387/2058
f 2217/372/2047 2230/387/2058 2218/371/2048
f 2218/371/2048 2230/387/2058 2231/388/2059
f 2218/371/2048 2231/388/2059 2219/376/2049
f 2219/376/2049 2231/388/2059 2232/389/2060
f 2219/376/2049 2232/389/2060 2220/377/2050
f 2220/377/2050 2232/389/2060 2221/378/1891
f 2220/377/2050 2221/378/1891 2209/368/2039
f 2221/378/1891 1849/210/1705 1852/213/1708
f 2221/378/1891 1852/213/1708 2222/379/2051
f 2222/379/2051 1852/213/1708 1854/215/1710
f 2222/379/2051 1854/215/1710 2223/380/2052
f 2223/380/2052 1854/215/1710 1856/217/1712
f 2223/380/2052 1856/217/1712 2224/381/2053
f 2224/381/2053 1856/217/1712 1858/219/1714
f 2224/381/2053 1858/219/1714 2225/382/2054
f 2225/382/2054 1858/219/1714 1860/221/1716
f 2225/382/2054 1860/221/1716 2226/383/2055
f 2226/383/2055 1860/221/1716 1862/223/1718
f 2226/383/2055 1862/223/1718 2227/384/1885
f 2227/384/1885 1862/223/1718 1864/225/1720
f 2227/384/1885 1864/225/1720 2228/385/2056
f 2228/385/2056 1864/225/1720 1866/227/1722
f 2228/385/2056 1866/227/1722 2229/386/2057
f 2229/386/2057 1866/227/1722 1868/229/1724
f 2229/386/2057 1868/229/1724 2230/387/2058
f 2230/387/2058 1868/229/1724 1870/231/1726
f 2230/387/2058 1870/231/1726 2231/388/2059
f 2231/388/2059 1870/231/1726 1872/233/1728
f 2231/388/2059 1872/233/1728 2232/389/2060
f 2232/389/2060 1872/233/1728 1849/210/1705
f 2232/389/2060 1849/210/1705 2221/378/1891
f 2233/210/1349 2234/211/1350 2235/212/1351
f 2233/210/1349 2235/212/1351 2236/213/1352
f 2236/213/1352 2235/212/1351 2237/214/1353
f 2236/213/1352 2237/214/1353 2238/215/1354
f 2238/215/1354 2237/214/1353 2239/216/1355
f 2238/215/1354 2239/216/1355 2240/217/1356
f 2240/217/1356 2239/216/1355 2241/218/1357
f 2240/217/1356 2241/218/1357 2242/219/1358
f 2242/219/1358 2241/218/1357 2243/220/1359
f 2242/219/1358 2243/220/1359 2244/221/2061
f 2244/221/2061 2243/220/1359 2245/222/1361
f 2244/221/2061 2245/222/1361 2246/223/1362
f 2246/223/1362 2245/222/1361 2247/224/1363
f 2246/223/1362 2247/224/1363 2248/225/1364
f 2248/225/1364 2247/224/1363 2249/226/1365
f 2248/225/1364 2249/226/1365 2250/227/1366
f 2250/227/1366 2249/226/1365 2251/228/1367
f 2250/227/1366 2251/228/1367 2252/229/1368
f 2252/229/1368 2251/228/1367 2253/230/2062
f 2252/229/1368 2253/230/2062 2254/231/1370
f 2254/231/1370 2253/230/2062 2255/232/1371
f 2254/231/1370 2255/232/1371 2256/233/1372
f 2256/233/1372 2255/232/1371 2234/211/1350
f 2256/233/1372 2234/211/1350 2233/210/1349
f 2234/211/1350 2257/234/1373 2258/235/1374
f 2234/211/1350 2258/235/1374 2235/212/1351
f 2235/212/1351 2258/235/1374 2259/236/1375
f 2235/212/1351 2259/236/1375 2237/214/1353
f 2237/214/1353 2259/236/1375 2260/237/1376
f 2237/214/1353 2260/237/1376 2239/216/1355
f 2239/216/1355 2260/237/1376 2261/238/1377
f 2239/216/1355 2261/238/1377 2241/218/1357
f 2241/218/1357 2261/238/1377 2262/239/1378
f 2241/218/1357 2262/239/1378 2243/220/1359
f 2243/220/1359 2262/239/1378 2263/240/1379
f 2243/220/1359 2263/240/1379 2245/222/1361
f 2245/222/1361 2263/240/1379 2264/239/1380
f 2245/222/1361 2264/239/1380 2247/224/1363
f 2247/224/1363 2264/239/1380 2265/241/1381
f 2247/224/1363 2265/241/1381 2249/226/1365
f 2249/226/1365 2265/241/1381 2266/242/1382
f 2249/226/1365 2266/242/1382 2251/228/1367
f 2251/228/1367 2266/242/1382 2267/236/1383
f 2251/228/1367 2267/236/1383 2253/230/2062
f 2253/230/2062 2267/236/1383 2268/243/1384
f 2253/230/2062 2268/243/1384 2255/232/1371
f 2255/232/1371 2268/243/1384 2257/234/1373
f 2255/232/1371 2257/234/1373 2234/211/1350
f 2257/234/1373 2269/244/1385 2270/245/1386
f 2257/234/1373 2270/245/1386 2258/235/1374
f 2258/235/1374 2270/245/1386 2271/246/1387
f 2258/235/1374 2271/246/1387 2259/236/1375
f 2259/236/1375 2271/246/1387 2272/247/1388
f 2259/236/1375 2272/247/1388 2260/237/1376
f 2260/237/1376 2272/247/1388 2273/248/1389
f 2260/237/1376 2273/248/1389 2261/238/1377
f 2261/238/1377 2273/248/1389 2274/249/1390
f 2261/238/1377 2274/249/1390 2262/239/1378
f 2262/239/1378 2274/249/1390 2275/250/1391
f 2262/239/1378 2275/250/1391 2263/240/1379
f 2263/240/1379 2275/250/1391 2276/251/1392
f 2263/240/1379 2276/251/1392 2264/239/1380
f 2264/239/1380 2276/251/1392 2277/252/1393
f 2264/239/1380 2277/252/1393 2265/241/1381
f 2265/241/1381 2277/252/1393 2278/247/1394
f 2265/241/1381 2278/247/1394 2266/242/1382
f 2266/242/1382 2278/247/1394 2279/246/1395
f 2266/242/1382 2279/246/1395 2267/236/1383
f 2267/236/1383 2279/246/1395 2280/253/1396
f 2267/236/1383 2280/253/1396 2268/243/1384
f 2268/243/1384 2280/253/1396 2269/244/1385
f 2268/243/1384 2269/244/1385 2257/234/1373
f 2269/244/1385 2281/254/1397 2282/255/1398
f 2269/244/1385 2282/255/1398 2270/245/1386
f 2270/245/1386 2282/255/1398 2283/256/1399
f 2270/245/1386 2283/256/1399 2271/246/1387
f 2271/246/1387 2283/256/1399 2284/257/1400
f 2271/246/1387 2284/257/1400 2272/247/1388
f 2272/247/1388 2284/257/1400 2285/258/1401
f 2272/247/1388 2285/258/1401 2273/248/1389
f 2273/248/1389 2285/258/1401 2286/259/1402
f 2273/248/1389 2286/259/1402 2274/249/1390
f 2274/249/1390 2286/259/1402 2287/260/1403
f 2274/249/1390 2287/260/1403 2275/250/1391
f 2275/250/1391 2287/260/1403 2288/261/1404
f 2275/250/1391 2288/261/1404 2276/251/1392
f 2276/251/1392 2288/261/1404 2289/262/1405
f 2276/251/1392 2289/262/1405 2277/252/1393
f 2277/252/1393 2289/262/1405 2290/257/1406
f 2277/252/1393 2290/257/1406 2278/247/1394
f 2278/247/1394 2290/257/1406 2291/256/1407
f 2278/247/1394 2291/256/1407 2279/246/1395
f 2279/246/1395 2291/256/1407 2292/263/1408
f 2279/246/1395 2292/263/1408 2280/253/1396
f 2280/253/1396 2292/263/1408 2281/254/1397
f 2280/253/1396 2281/254/1397 2269/244/1385
f 2281/254/1397 2293/264/1409 2294/265/1410
f 2281/254/1397 2294/265/1410 2282/255/1398
f 2282/255/1398 2294/265/1410 2295/266/1411
f 2282/255/1398 2295/266/1411 2283/256/1399
f 2283/256/1399 2295/266/1411 2296/267/1412
f 2283/256/1399 2296/267/1412 2284/257/1400
f 2284/257/1400 2296/267/1412 2297/268/1413
f 2284/257/1400 2297/268/1413 2285/258/1401
f 2285/258/1401 2297/268/1413 2298/269/1414
f 2285/258/1401 2298/269/1414 2286/259/1402
f 2286/259/1402 2298/269/1414 2299/270/1415
f 2286/259/1402 2299/270/1415 2287/260/1403
f 2287/260/1403 2299/270/1415 2300/271/1416
f 2287/260/1403 2300/271/1416 2288/261/1404
f 2288/261/1404 2300/271/1416 2301/272/1417
f 2288/261/1404 2301/272/1417 2289/262/1405
f 2289/262/1405 2301/272/1417 2302/267/1418
f 2289/262/1405 2302/267/1418 2290/257/1406
f 2290/257/1406 2302/267/1418 2303/266/1419
f 2290/257/1406 2303/266/1419 2291/256/1407
f 2291/256/1407 2303/266/1419 2304/273/1420
f 2291/256/1407 2304/273/1420 2292/263/1408
f 2292/263/1408 2304/273/1420 2293/264/1409
f 2292/263/1408 2293/264/1409 2281/254/1397
f 2293/264/1409 2305/274/1421 2306/275/1422
f 2293/264/1409 2306/275/1422 2294/265/1410
f 2294/265/1410 2306/275/1422 2307/276/1423
f 2294/265/1410 2307/276/1423 2295/266/1411
f 2295/266/1411 2307/276/1423 2308/277/1424
f 2295/266/1411 2308/277/1424 2296/267/1412
f 2296/267/1412 2308/277/1424 2309/278/1425
f 2296/267/1412 2309/278/1425 2297/268/1413
f 2297/268/1413 2309/278/1425 2310/279/2063
f 2297/268/1413 2310/279/2063 2298/269/1414
f 2298/269/1414 2310/279/2063 2311/280/1427
f 2298/269/1414 2311/280/1427 2299/270/1415
f 2299/270/1415 2311/280/1427 2312/281/2064
f 2299/270/1415 2312/281/2064 2300/271/1416
f 2300/271/1416 2312/281/2064 2313/282/1429
f 2300/271/1416 2313/282/1429 2301/272/1417
f 2301/272/1417 2313/282/1429 2314/277/1430
f 2301/272/1417 2314/277/1430 2302/267/1418
f 2302/267/1418 2314/277/1430 2315/283/1431
f 2302/267/1418 2315/283/1431 2303/266/1419
f 2303/266/1419 2315/283/1431 2316/284/1432
f 2303/266/1419 2316/284/1432 2304/273/1420
f 2304/273/1420 2316/284/1432 2305/274/1421
f 2304/273/1420 2305/274/1421 2293/264/1409
f 2305/274/1421 2317/285/1433 2318/286/1434
f 2305/274/1421 2318/286/1434 2306/275/1422
f 2306/275/1422 2318/286/1434 2319/287/1435
f 2306/275/1422 2319/287/1435 2307/276/1423
f 2307/276/1423 2319/287/1435 2320/288/1436
f 2307/276/1423 2320/288/1436 2308/277/1424
f 2308/277/1424 2320/288/1436 2321/289/1437
f 2308/277/1424 2321/289/1437 2309/278/1425
f 2309/278/1425 2321/289/1437 2322/290/1438
f 2309/278/1425 2322/290/1438 2310/279/2063
f 2310/279/2063 2322/290/1438 2323/291/1439
f 2310/279/2063 2323/291/1439 2311/280/1427
f 2311/280/1427 2323/291/1439 2324/292/1440
f 2311/280/1427 2324/292/1440 2312/281/2064
f 2312/281/2064 2324/292/1440 2325/293/1441
f 2312/281/2064 2325/293/1441 2313/282/1429
f 2313/282/1429 2325/293/1441 2326/288/1442
f 2313/282/1429 2326/288/1442 2314/277/1430
f 2314/277/1430 2326/288/1442 2327/287/1443
f 2314/277/1430 2327/287/1443 2315/283/1431
f 2315/283/1431 2327/287/1443 2328/286/1444
f 2315/283/1431 2328/286/1444 2316/284/1432
f 2316/284/1432 2328/286/1444 2317/285/1433
f 2316/284/1432 2317/285/1433 2305/274/1421
f 2317/285/1433 2329/294/1445 2330/295/1446
f 2317/285/1433 2330/295/1446 2318/286/1434
f 2318/286/1434 2330/295/1446 2331/296/1447
f 2318/286/1434 2331/296/1447 2319/287/1435
f 2319/287/1435 2331/296/1447 2332/297/1448
f 2319/287/1435 2332/297/1448 2320/288/1436
f 2320/288/1436 2332/297/1448 2333/298/1449
f 2320/288/1436 2333/298/1449 2321/289/1437
f 2321/289/1437 2333/298/1449 2334/299/1450
f 2321/289/1437 2334/299/1450 2322/290/1438
f 2322/290/1438 2334/299/1450 2335/300/1451
f 2322/290/1438 2335/300/1451 2323/291/1439
f 2323/291/1439 2335/300/1451 2336/301/2065
f 2323/291/1439 2336/301/2065 2324/292/1440
f 2324/292/1440 2336/301/2065 2337/298/1453
f 2324/292/1440 2337/298/1453 2325/293/1441
f 2325/293/1441 2337/298/1453 2338/297/1454
f 2325/293/1441 2338/297/1454 2326/288/1442
f 2326/288/1442 2338/297/1454 2339/296/1455
f 2326/288/1442 2339/296/1455 2327/287/1443
f 2327/287/1443 2339/296/1455 2340/295/1456
f 2327/287/1443 2340/295/1456 2328/286/1444
f 2328/286/1444 2340/295/1456 2329/294/1445
f 2328/286/1444 2329/294/1445 2317/285/1433
f 2329/294/1445 2341/41/1457 2342/42/1458
f 2329/294/1445 2342/42/1458 2330/295/1446
f 2330/295/1446 2342/42/1458 2343/44/1459
f 2330/295/1446 2343/44/1459 2331/296/1447
f 2331/296/1447 2343/44/1459 2344/46/1460
f 2331/296/1447 2344/46/1460 2332/297/1448
f 2332/297/1448 2344/46/1460 2345/48/1461
f 2332/297/1448 2345/48/1461 2333/298/1449
f 2333/298/1449 2345/48/1461 2346/50/1462
f 2333/298/1449 2346/50/1462 2334/299/1450
f 2334/299/1450 2346/50/1462 2347/52/1463
f 2334/299/1450 2347/52/1463 2335/300/1451
f 2335/300/1451 2347/52/1463 2348/54/1464
f 2335/300/1451 2348/54/1464 2336/301/2065
f 2336/301/2065 2348/54/1464 2349/56/1465
f 2336/301/2065 2349/56/1465 2337/298/1453
f 2337/298/1453 2349/56/1465 2350/46/1466
f 2337/298/1453 2350/46/1466 2338/297/1454
f 2338/297/1454 2350/46/1466 2351/59/1467
f 2338/297/1454 2351/59/1467 2339/296/1455
f 2339/296/1455 2351/59/1467 2352/61/1468
f 2339/296/1455 2352/61/1468 2340/295/1456
f 2340/295/1456 2352/61/1468 2341/41/1457
f 2340/295/1456 2341/41/1457 2329/294/1445
f 2341/41/1457 2353/62/1469 2354/63/1470
f 2341/41/1457 2354/63/1470 2342/42/1458
f 2342/42/1458 2354/63/1470 2355/64/1471
f 2342/42/1458 2355/64/1471 2343/44/1459
f 2343/44/1459 2355/64/1471 2356/65/1472
f 2343/44/1459 2356/65/1472 2344/46/1460
f 2344/46/1460 2356/65/1472 2357/66/1473
f 2344/46/1460 2357/66/1473 2345/48/1461
f 2345/48/1461 2357/66/1473 2358/67/1474
f 2345/48/1461 2358/67/1474 2346/50/1462
f 2346/50/1462 2358/67/1474 2359/68/1475
f 2346/50/1462 2359/68/1475 2347/52/1463
f 2347/52/1463 2359/68/1475 2360/69/1476
f 2347/52/1463 2360/69/1476 2348/54/1464
f 2348/54/1464 2360/69/1476 2361/70/1477
f 2348/54/1464 2361/70/1477 2349/56/1465
f 2349/56/1465 2361/70/1477 2362/65/1478
f 2349/56/1465 2362/65/1478 2350/46/1466
f 2350/46/1466 2362/65/1478 2363/64/1479
f 2350/46/1466 2363/64/1479 2351/59/1467
f 2351/59/1467 2363/64/1479 2364/63/1480
f 2351/59/1467 2364/63/1480 2352/61/1468
f 2352/61/1468 2364/63/1480 2353/62/1469
f 2352/61/1468 2353/62/1469 2341/41/1457
f 2353/62/1469 2365/71/1481 2366/72/1482
f 2353/62/1469 2366/72/1482 2354/63/1470
f 2354/63/1470 2366/72/1482 2367/73/1483
f 2354/63/1470 2367/73/1483 2355/64/1471
f 2355/64/1471 2367/73/1483 2368/74/1484
f 2355/64/1471 2368/74/1484 2356/65/1472
f 2356/65/1472 2368/74/1484 2369/75/1485
f 2356/65/1472 2369/75/1485 2357/66/1473
f 2357/66/1473 2369/75/1485 2370/76/1486
f 2357/66/1473 2370/76/1486 2358/67/1474
f 2358/67/1474 2370/76/1486 2371/77/1487
f 2358/67/1474 2371/77/1487 2359/68/1475
f 2359/68/1475 2371/77/1487 2372/78/1488
f 2359/68/1475 2372/78/1488 2360/69/1476
f 2360/69/1476 2372/78/1488 2373/75/1489
f 2360/69/1476 2373/75/1489 2361/70/1477
f 2361/70/1477 2373/75/1489 2374/74/1490
f 2361/70/1477 2374/74/1490 2362/65/1478
f 2362/65/1478 2374/74/1490 2375/79/1491
f 2362/65/1478 2375/79/1491 2363/64/1479
f 2363/64/1479 2375/79/1491 2376/80/1492
f 2363/64/1479 2376/80/1492 2364/63/1480
f 2364/63/1480 2376/80/1492 2365/71/1481
f 2364/63/1480 2365/71/1481 2353/62/1469
f 2365/71/1481 2377/81/1493 2378/82/1494
f 2365/71/1481 2378/82/1494 2366/72/1482
f 2366/72/1482 2378/82/1494 2379/83/1495
f 2366/72/1482 2379/83/1495 2367/73/1483
f 2367/73/1483 2379/83/1495 2380/84/1496
f 2367/73/1483 2380/84/1496 2368/74/1484
f 2368/74/1484 2380/84/1496 2381/85/1497
f 2368/74/1484 2381/85/1497 2369/75/1485
f 2369/75/1485 2381/85/1497 2382/86/1498
f 2369/75/1485 2382/86/1498 2370/76/1486
f 2370/76/1486 2382/86/1498 2383/87/2066
f 2370/76/1486 2383/87/2066 2371/77/1487
f 2371/77/1487 2383/87/2066 2384/88/1500
f 2371/77/1487 2384/88/1500 2372/78/1488
f 2372/78/1488 2384/88/1500 2385/89/1501
f 2372/78/1488 2385/89/1501 2373/75/1489
f 2373/75/1489 2385/89/1501 2386/84/1502
f 2373/75/1489 2386/84/1502 2374/74/1490
f 2374/74/1490 2386/84/1502 2387/90/1503
f 2374/74/1490 2387/90/1503 2375/79/1491
f 2375/79/1491 2387/90/1503 2388/91/1504
f 2375/79/1491 2388/91/1504 2376/80/1492
f 2376/80/1492 2388/91/1504 2377/81/1493
f 2376/80/1492 2377/81/1493 2365/71/1481
f 2377/81/1493 2389/92/1505 2390/93/1506
f 2377/81/1493 2390/93/1506 2378/82/1494
f 2378/82/1494 2390/93/1506 2391/94/1507
f 2378/82/1494 2391/94/1507 2379/83/1495
f 2379/83/1495 2391/94/1507 2392/95/1508
f 2379/83/1495 2392/95/1508 2380/84/1496
f 2380/84/1496 2392/95/1508 2393/96/1509
f 2380/84/1496 2393/96/1509 2381/85/1497
f 2381/85/1497 2393/96/1509 2394/97/1510
f 2381/85/1497 2394/97/1510 2382/86/1498
f 2382/86/1498 2394/97/1510 2395/98/1511
f 2382/86/1498 2395/98/1511 2383/87/2066
f 2383/87/2066 2395/98/1511 2396/99/1512
f 2383/87/2066 2396/99/1512 2384/88/1500
f 2384/88/1500 2396/99/1512 2397/100/1513
f 2384/88/1500 2397/100/1513 2385/89/1501
f 2385/89/1501 2397/100/1513 2398/95/1514
f 2385/89/1501 2398/95/1514 2386/84/1502
f 2386/84/1502 2398/95/1514 2399/94/1515
f 2386/84/1502 2399/94/1515 2387/90/1503
f 2387/90/1503 2399/94/1515 2400/93/1516
f 2387/90/1503 2400/93/1516 2388/91/1504
f 2388/91/1504 2400/93/1516 2389/92/1505
f 2388/91/1504 2389/92/1505 2377/81/1493
f 2389/92/1505 2401/101/1517 2402/102/1518
f 2389/92/1505 2402/102/1518 2390/93/1506
f 2390/93/1506 2402/102/1518 2403/103/1519
f 2390/93/1506 2403/103/1519 2391/94/1507
f 2391/94/1507 2403/103/1519 2404/104/1520
f 2391/94/1507 2404/104/1520 2392/95/1508
f 2392/95/1508 2404/104/1520 2405/105/1521
f 2392/95/1508 2405/105/1521 2393/96/1509
f 2393/96/1509 2405/105/1521 2406/106/1522
f 2393/96/1509 2406/106/1522 2394/97/1510
f 2394/97/1510 2406/106/1522 2407/107/1523
f 2394/97/1510 2407/107/1523 2395/98/1511
f 2395/98/1511 2407/107/1523 2408/106/1524
f 2395/98/1511 2408/106/1524 2396/99/1512
f 2396/99/1512 2408/106/1524 2409/108/1525
f 2396/99/1512 2409/108/1525 2397/100/1513
f 2397/100/1513 2409/108/1525 2410/104/1526
f 2397/100/1513 2410/104/1526 2398/95/1514
f 2398/95/1514 2410/104/1526 2411/109/1527
f 2398/95/1514 2411/109/1527 2399/94/1515
f 2399/94/1515 2411/109/1527 2412/110/1528
f 2399/94/1515 2412/110/1528 2400/93/1516
f 2400/93/1516 2412/110/1528 2401/101/1517
f 2400/93/1516 2401/101/1517 2389/92/1505
f 2401/101/1517 2413/111/1529 2414/112/1530
f 2401/101/1517 2414/112/1530 2402/102/1518
f 2402/102/1518 2414/112/1530 2415/113/1531
f 2402/102/1518 2415/113/1531 2403/103/1519
f 2403/103/1519 2415/113/1531 2416/114/1532
f 2403/103/1519 2416/114/1532 2404/104/1520
f 2404/104/1520 2416/114/1532 2417/115/1533
f 2404/104/1520 2417/115/1533 2405/105/1521
f 2405/105/1521 2417/115/1533 2418/116/1534
f 2405/105/1521 2418/116/1534 2406/106/1522
f 2406/106/1522 2418/116/1534 2419/117/1535
f 2406/106/1522 2419/117/1535 2407/107/1523
f 2407/107/1523 2419/117/1535 2420/118/1536
f 2407/107/1523 2420/118/1536 2408/106/1524
f 2408/106/1524 2420/118/1536 2421/119/1537
f 2408/106/1524 2421/119/1537 2409/108/1525
f 2409/108/1525 2421/119/1537 2422/120/1538
f 2409/108/1525 2422/120/1538 2410/104/1526
f 2410/104/1526 2422/120/1538 2423/121/1539
f 2410/104/1526 2423/121/1539 2411/109/1527
f 2411/109/1527 2423/121/1539 2424/122/1540
f 2411/109/1527 2424/122/1540 2412/110/1528
f 2412/110/1528 2424/122/1540 2413/111/1529
f 2412/110/1528 2413/111/1529 2401/101/1517
f 2413/111/1529 2425/123/1362 2426/124/1541
f 2413/111/1529 2426/124/1541 2414/112/1530
f 2414/112/1530 2426/124/1541 2427/125/1542
f 2414/112/1530 2427/125/1542 2415/113/1531
f 2415/113/1531 2427/125/1542 2428/126/1543
f 2415/113/1531 2428/126/1543 2416/114/1532
f 2416/114/1532 2428/126/1543 2429/127/1544
f 2416/114/1532 2429/127/1544 2417/115/1533
f 2417/115/1533 2429/127/1544 2430/128/2067
f 2417/115/1533 2430/128/2067 2418/116/1534
f 2418/116/1534 2430/128/2067 2431/129/1349
f 2418/116/1534 2431/129/1349 2419/117/1535
f 2419/117/1535 2431/129/1349 2432/130/2068
f 2419/117/1535 2432/130/2068 2420/118/1536
f 2420/118/1536 2432/130/2068 2433/131/1547
f 2420/118/1536 2433/131/1547 2421/119/1537
f 2421/119/1537 2433/131/1547 2434/132/1548
f 2421/119/1537 2434/132/1548 2422/120/1538
f 2422/120/1538 2434/132/1548 2435/133/1549
f 2422/120/1538 2435/133/1549 2423/121/1539
f 2423/121/1539 2435/133/1549 2436/134/1550
f 2423/121/1539 2436/134/1550 2424/122/1540
f 2424/122/1540 2436/134/1550 2425/123/1362
f 2424/122/1540 2425/123/1362 2413/111/1529
f 2425/123/1362 2437/135/1361 2438/136/1551
f 2425/123/1362 2438/136/1551 2426/124/1541
f 2426/124/1541 2438/136/1551 2439/137/2069
f 2426/124/1541 2439/137/2069 2427/125/1542
f 2427/125/1542 2439/137/2069 2440/138/1553
f 2427/125/1542 2440/138/1553 2428/126/1543
f 2428/126/1543 2440/138/1553 2441/139/1554
f 2428/126/1543 2441/139/1554 2429/127/1544
f 2429/127/1544 2441/139/1554 2442/140/1555
f 2429/127/1544 2442/140/1555 2430/128/2067
f 2430/128/2067 2442/140/1555 2443/141/1350
f 2430/128/2067 2443/141/1350 2431/129/1349
f 2431/129/1349 2443/141/1350 2444/142/1556
f 2431/129/1349 2444/142/1556 2432/130/2068
f 2432/130/2068 2444/142/1556 2445/143/1557
f 2432/130/2068 2445/143/1557 2433/131/1547
f 2433/131/1547 2445/143/1557 2446/144/1558
f 2433/131/1547 2446/144/1558 2434/132/1548
f 2434/132/1548 2446/144/1558 2447/145/1559
f 2434/132/1548 2447/145/1559 2435/133/1549
f 2435/133/1549 2447/145/1559 2448/136/1560
f 2435/133/1549 2448/136/1560 2436/134/1550
f 2436/134/1550 2448/136/1560 2437/135/1361
f 2436/134/1550 2437/135/1361 2425/123/1362
f 2437/135/1361 2449/146/1561 2450/147/1562
f 2437/135/1361 2450/147/1562 2438/136/1551
f 2438/136/1551 2450/147/1562 2451/148/1563
f 2438/136/1551 2451/148/1563 2439/137/2069
f 2439/137/2069 2451/148/1563 2452/149/1564
f 2439/137/2069 2452/149/1564 2440/138/1553
f 2440/138/1553 2452/149/1564 2453/150/1565
f 2440/138/1553 2453/150/1565 2441/139/1554
f 2441/139/1554 2453/150/1565 2454/151/1566
f 2441/139/1554 2454/151/1566 2442/140/1555
f 2442/140/1555 2454/151/1566 2455/152/1373
f 2442/140/1555 2455/152/1373 2443/141/1350
f 2443/141/1350 2455/152/1373 2456/153/1567
f 2443/141/1350 2456/153/1567 2444/142/1556
f 2444/142/1556 2456/153/1567 2457/154/1568
f 2444/142/1556 2457/154/1568 2445/143/1557
f 2445/143/1557 2457/154/1568 2458/155/1569
f 2445/143/1557 2458/155/1569 2446/144/1558
f 2446/144/1558 2458/155/1569 2459/148/1570
f 2446/144/1558 2459/148/1570 2447/145/1559
f 2447/145/1559 2459/148/1570 2460/147/1571
f 2447/145/1559 2460/147/1571 2448/136/1560
f 2448/136/1560 2460/147/1571 2449/146/1561
f 2448/136/1560 2449/146/1561 2437/135/1361
f 2449/146/1561 2461/156/1391 2462/157/1572
f 2449/146/1561 2462/157/1572 2450/147/1562
f 2450/147/1562 2462/157/1572 2463/158/1573
f 2450/147/1562 2463/158/1573 2451/148/1563
f 2451/148/1563 2463/158/1573 2464/159/1574
f 2451/148/1563 2464/159/1574 2452/149/1564
f 2452/149/1564 2464/159/1574 2465/160/1575
f 2452/149/1564 2465/160/1575 2453/150/1565
f 2453/150/1565 2465/160/1575 2466/161/1576
f 2453/150/1565 2466/161/1576 2454/151/1566
f 2454/151/1566 2466/161/1576 2467/162/1385
f 2454/151/1566 2467/162/1385 2455/152/1373
f 2455/152/1373 2467/162/1385 2468/163/1577
f 2455/152/1373 2468/163/1577 2456/153/1567
f 2456/153/1567 2468/163/1577 2469/164/1578
f 2456/153/1567 2469/164/1578 2457/154/1568
f 2457/154/1568 2469/164/1578 2470/159/1579
f 2457/154/1568 2470/159/1579 2458/155/1569
f 2458/155/1569 2470/159/1579 2471/158/1580
f 2458/155/1569 2471/158/1580 2459/148/1570
f 2459/148/1570 2471/158/1580 2472/165/1581
f 2459/148/1570 2472/165/1581 2460/147/1571
f 2460/147/1571 2472/165/1581 2461/156/1391
f 2460/147/1571 2461/156/1391 2449/146/1561
f 2461/156/1391 2473/166/1403 2474/167/1582
f 2461/156/1391 2474/167/1582 2462/157/1572
f 2462/157/1572 2474/167/1582 2475/168/1583
f 2462/157/1572 2475/168/1583 2463/158/1573
f 2463/158/1573 2475/168/1583 2476/169/2070
f 2463/158/1573 2476/169/2070 2464/159/1574
f 2464/159/1574 2476/169/2070 2477/170/1585
f 2464/159/1574 2477/170/1585 2465/160/1575
f 2465/160/1575 2477/170/1585 2478/171/1586
f 2465/160/1575 2478/171/1586 2466/161/1576
f 2466/161/1576 2478/171/1586 2479/172/1587
f 2466/161/1576 2479/172/1587 2467/162/1385
f 2467/162/1385 2479/172/1587 2480/173/1588
f 2467/162/1385 2480/173/1588 2468/163/1577
f 2468/163/1577 2480/173/1588 2481/174/1589
f 2468/163/1577 2481/174/1589 2469/164/1578
f 2469/164/1578 2481/174/1589 2482/169/2071
f 2469/164/1578 2482/169/2071 2470/159/1579
f 2470/159/1579 2482/169/2071 2483/175/1591
f 2470/159/1579 2483/175/1591 2471/158/1580
f 2471/158/1580 2483/175/1591 2484/176/1592
f 2471/158/1580 2484/176/1592 2472/165/1581
f 2472/165/1581 2484/176/1592 2473/166/1403
f 2472/165/1581 2473/166/1403 2461/156/1391
f 2473/166/1403 2485/177/1415 2486/178/1593
f 2473/166/1403 2486/178/1593 2474/167/1582
f 2474/167/1582 2486/178/1593 2487/179/1594
f 2474/167/1582 2487/179/1594 2475/168/1583
f 2475/168/1583 2487/179/1594 2488/180/1595
f 2475/168/1583 2488/180/1595 2476/169/2070
f 2476/169/2070 2488/180/1595 2489/181/1596
f 2476/169/2070 2489/181/1596 2477/170/1585
f 2477/170/1585 2489/181/1596 2490/182/1597
f 2477/170/1585 2490/182/1597 2478/171/1586
f 2478/171/1586 2490/182/1597 2491/183/1409
f 2478/171/1586 2491/183/1409 2479/172/1587
f 2479/172/1587 2491/183/1409 2492/184/1598
f 2479/172/1587 2492/184/1598 2480/173/1588
f 2480/173/1588 2492/184/1598 2493/185/1599
f 2480/173/1588 2493/185/1599 2481/174/1589
f 2481/174/1589 2493/185/1599 2494/180/1600
f 2481/174/1589 2494/180/1600 2482/169/2071
f 2482/169/2071 2494/180/1600 2495/186/1601
f 2482/169/2071 2495/186/1601 2483/175/1591
f 2483/175/1591 2495/186/1601 2496/187/1602
f 2483/175/1591 2496/187/1602 2484/176/1592
f 2484/176/1592 2496/187/1602 2485/177/1415
f 2484/176/1592 2485/177/1415 2473/166/1403
f 2485/177/1415 2497/188/1427 2498/189/1603
f 2485/177/1415 2498/189/1603 2486/178/1593
f 2486/178/1593 2498/189/1603 2499/190/1604
f 2486/178/1593 2499/190/1604 2487/179/1594
f 2487/179/1594 2499/190/1604 2500/191/1605
f 2487/179/1594 2500/191/1605 2488/180/1595
f 2488/180/1595 2500/191/1605 2501/192/1606
f 2488/180/1595 2501/192/1606 2489/181/1596
f 2489/181/1596 2501/192/1606 2502/193/2072
f 2489/181/1596 2502/193/2072 2490/182/1597
f 2490/182/1597 2502/193/2072 2503/194/1421
f 2490/182/1597 2503/194/1421 2491/183/1409
f 2491/183/1409 2503/194/1421 2504/195/1608
f 2491/183/1409 2504/195/1608 2492/184/1598
f 2492/184/1598 2504/195/1608 2505/196/1609
f 2492/184/1598 2505/196/1609 2493/185/1599
f 2493/185/1599 2505/196/1609 2506/191/1610
f 2493/185/1599 2506/191/1610 2494/180/1600
f 2494/180/1600 2506/191/1610 2507/197/1611
f 2494/180/1600 2507/197/1611 2495/186/1601
f 2495/186/1601 2507/197/1611 2508/189/1612
f 2495/186/1601 2508/189/1612 2496/187/1602
f 2496/187/1602 2508/189/1612 2497/188/1427
f 2496/187/1602 2497/188/1427 2485/177/1415
f 2497/188/1427 2509/302/1439 2510/303/1613
f 2497/188/1427 2510/303/1613 2498/189/1603
f 2498/189/1603 2510/303/1613 2511/304/1614
f 2498/189/1603 2511/304/1614 2499/190/1604
f 2499/190/1604 2511/304/1614 2512/305/1615
f 2499/190/1604 2512/305/1615 2500/191/1605
f 2500/191/1605 2512/305/1615 2513/306/1616
f 2500/191/1605 2513/306/1616 2501/192/1606
f 2501/192/1606 2513/306/1616 2514/307/1617
f 2501/192/1606 2514/307/1617 2502/193/2072
f 2502/193/2072 2514/307/1617 2515/308/1433
f 2502/193/2072 2515/308/1433 2503/194/1421
f 2503/194/1421 2515/308/1433 2516/309/1618
f 2503/194/1421 2516/309/1618 2504/195/1608
f 2504/195/1608 2516/309/1618 2517/310/1619
f 2504/195/1608 2517/310/1619 2505/196/1609
f 2505/196/1609 2517/310/1619 2518/305/1620
f 2505/196/1609 2518/305/1620 2506/191/1610
f 2506/191/1610 2518/305/1620 2519/304/1621
f 2506/191/1610 2519/304/1621 2507/197/1611
f 2507/197/1611 2519/304/1621 2520/311/1622
f 2507/197/1611 2520/311/1622 2508/189/1612
f 2508/189/1612 2520/311/1622 2509/302/1439
f 2508/189/1612 2509/302/1439 2497/188/1427
f 2509/302/1439 2521/312/1451 2522/313/1623
f 2509/302/1439 2522/313/1623 2510/303/1613
f 2510/303/1613 2522/313/1623 2523/314/1624
f 2510/303/1613 2523/314/1624 2511/304/1614
f 2511/304/1614 2523/314/1624 2524/315/1625
f 2511/304/1614 2524/315/1625 2512/305/1615
f 2512/305/1615 2524/315/1625 2525/316/1626
f 2512/305/1615 2525/316/1626 2513/306/1616
f 2513/306/1616 2525/316/1626 2526/317/1627
f 2513/306/1616 2526/317/1627 2514/307/1617
f 2514/307/1617 2526/317/1627 2527/318/1445
f 2514/307/1617 2527/318/1445 2515/308/1433
f 2515/308/1433 2527/318/1445 2528/319/1628
f 2515/308/1433 2528/319/1628 2516/309/1618
f 2516/309/1618 2528/319/1628 2529/320/1629
f 2516/309/1618 2529/320/1629 2517/310/1619
f 2517/310/1619 2529/320/1629 2530/315/1630
f 2517/310/1619 2530/315/1630 2518/305/1620
f 2518/305/1620 2530/315/1630 2531/321/1631
f 2518/305/1620 2531/321/1631 2519/304/1621
f 2519/304/1621 2531/321/1631 2532/313/2073
f 2519/304/1621 2532/313/2073 2520/311/1622
f 2520/311/1622 2532/313/2073 2521/312/1451
f 2520/311/1622 2521/312/1451 2509/302/1439
f 2521/312/1451 2533/322/1463 2534/323/1633
f 2521/312/1451 2534/323/1633 2522/313/1623
f 2522/313/1623 2534/323/1633 2535/324/1634
f 2522/313/1623 2535/324/1634 2523/314/1624
f 2523/314/1624 2535/324/1634 2536/325/1635
f 2523/314/1624 2536/325/1635 2524/315/1625
f 2524/315/1625 2536/325/1635 2537/326/1636
f 2524/315/1625 2537/326/1636 2525/316/1626
f 2525/316/1626 2537/326/1636 2538/327/1637
f 2525/316/1626 2538/327/1637 2526/317/1627
f 2526/317/1627 2538/327/1637 2539/328/1457
f 2526/317/1627 2539/328/1457 2527/318/1445
f 2527/318/1445 2539/328/1457 2540/329/1638
f 2527/318/1445 2540/329/1638 2528/319/1628
f 2528/319/1628 2540/329/1638 2541/326/1639
f 2528/319/1628 2541/326/1639 2529/320/1629
f 2529/320/1629 2541/326/1639 2542/325/1640
f 2529/320/1629 2542/325/1640 2530/315/1630
f 2530/315/1630 2542/325/1640 2543/324/1641
f 2530/315/1630 2543/324/1641 2531/321/1631
f 2531/321/1631 2543/324/1641 2544/323/1642
f 2531/321/1631 2544/323/1642 2532/313/2073
f 2532/313/2073 2544/323/1642 2533/322/1463
f 2532/313/2073 2533/322/1463 2521/312/1451
f 2533/322/1463 2545/330/1475 2546/331/1643
f 2533/322/1463 2546/331/1643 2534/323/1633
f 2534/323/1633 2546/331/1643 2547/332/1644
f 2534/323/1633 2547/332/1644 2535/324/1634
f 2535/324/1634 2547/332/1644 2548/333/1645
f 2535/324/1634 2548/333/1645 2536/325/1635
f 2536/325/1635 2548/333/1645 2549/334/1646
f 2536/325/1635 2549/334/1646 2537/326/1636
f 2537/326/1636 2549/334/1646 2550/335/1647
f 2537/326/1636 2550/335/1647 2538/327/1637
f 2538/327/1637 2550/335/1647 2551/336/1469
f 2538/327/1637 2551/336/1469 2539/328/1457
f 2539/328/1457 2551/336/1469 2552/337/1648
f 2539/328/1457 2552/337/1648 2540/329/1638
f 2540/329/1638 2552/337/1648 2553/334/1649
f 2540/329/1638 2553/334/1649 2541/326/1639
f 2541/326/1639 2553/334/1649 2554/333/1650
f 2541/326/1639 2554/333/1650 2542/325/1640
f 2542/325/1640 2554/333/1650 2555/332/1651
f 2542/325/1640 2555/332/1651 2543/324/1641
f 2543/324/1641 2555/332/1651 2556/331/1652
f 2543/324/1641 2556/331/1652 2544/323/1642
f 2544/323/1642 2556/331/1652 2545/330/1475
f 2544/323/1642 2545/330/1475 2533/322/1463
f 2545/330/1475 2557/338/1487 2558/339/1653
f 2545/330/1475 2558/339/1653 2546/331/1643
f 2546/331/1643 2558/339/1653 2559/340/1654
f 2546/331/1643 2559/340/1654 2547/332/1644
f 2547/332/1644 2559/340/1654 2560/341/1655
f 2547/332/1644 2560/341/1655 2548/333/1645
f 2548/333/1645 2560/341/1655 2561/342/1656
f 2548/333/1645 2561/342/1656 2549/334/1646
f 2549/334/1646 2561/342/1656 2562/343/1657
f 2549/334/1646 2562/343/1657 2550/335/1647
f 2550/335/1647 2562/343/1657 2563/344/1481
f 2550/335/1647 2563/344/1481 2551/336/1469
f 2551/336/1469 2563/344/1481 2564/345/1658
f 2551/336/1469 2564/345/1658 2552/337/1648
f 2552/337/1648 2564/345/1658 2565/342/1659
f 2552/337/1648 2565/342/1659 2553/334/1649
f 2553/334/1649 2565/342/1659 2566/341/1660
f 2553/334/1649 2566/341/1660 2554/333/1650
f 2554/333/1650 2566/341/1660 2567/340/1661
f 2554/333/1650 2567/340/1661 2555/332/1651
f 2555/332/1651 2567/340/1661 2568/346/1662
f 2555/332/1651 2568/346/1662 2556/331/1652
f 2556/331/1652 2568/346/1662 2557/338/1487
f 2556/331/1652 2557/338/1487 2545/330/1475
f 2557/338/1487 2569/347/1499 2570/348/1663
f 2557/338/1487 2570/348/1663 2558/339/1653
f 2558/339/1653 2570/348/1663 2571/349/1664
f 2558/339/1653 2571/349/1664 2559/340/1654
f 2559/340/1654 2571/349/1664 2572/350/1665
f 2559/340/1654 2572/350/1665 2560/341/1655
f 2560/341/1655 2572/350/1665 2573/351/1666
f 2560/341/1655 2573/351/1666 2561/342/1656
f 2561/342/1656 2573/351/1666 2574/352/1667
f 2561/342/1656 2574/352/1667 2562/343/1657
f 2562/343/1657 2574/352/1667 2575/353/2074
f 2562/343/1657 2575/353/2074 2563/344/1481
f 2563/344/1481 2575/353/2074 2576/354/1668
f 2563/344/1481 2576/354/1668 2564/345/1658
f 2564/345/1658 2576/354/1668 2577/355/1669
f 2564/345/1658 2577/355/1669 2565/342/1659
f 2565/342/1659 2577/355/1669 2578/350/1670
f 2565/342/1659 2578/350/1670 2566/341/1660
f 2566/341/1660 2578/350/1670 2579/356/1671
f 2566/341/1660 2579/356/1671 2567/340/1661
f 2567/340/1661 2579/356/1671 2580/357/1672
f 2567/340/1661 2580/357/1672 2568/346/1662
f 2568/346/1662 2580/357/1672 2569/347/1499
f 2568/346/1662 2569/347/1499 2557/338/1487
f 2569/347/1499 2581/358/1673 2582/359/1674
f 2569/347/1499 2582/359/1674 2570/348/1663
f 2570/348/1663 2582/359/1674 2583/360/1675
f 2570/348/1663 2583/360/1675 2571/349/1664
f 2571/349/1664 2583/360/1675 2584/361/1676
f 2571/349/1664 2584/361/1676 2572/350/1665
f 2572/350/1665 2584/361/1676 2585/362/1677
f 2572/350/1665 2585/362/1677 2573/351/1666
f 2573/351/1666 2585/362/1677 2586/363/1678
f 2573/351/1666 2586/363/1678 2574/352/1667
f 2574/352/1667 2586/363/1678 2587/364/1679
f 2574/352/1667 2587/364/1679 2575/353/2074
f 2575/353/2074 2587/364/1679 2588/365/1680
f 2575/353/2074 2588/365/1680 2576/354/1668
f 2576/354/1668 2588/365/1680 2589/366/1681
f 2576/354/1668 2589/366/1681 2577/355/1669
f 2577/355/1669 2589/366/1681 2590/361/1682
f 2577/355/1669 2590/361/1682 2578/350/1670
f 2578/350/1670 2590/361/1682 2591/360/1683
f 2578/350/1670 2591/360/1683 2579/356/1671
f 2579/356/1671 2591/360/1683 2592/367/1684
f 2579/356/1671 2592/367/1684 2580/357/1672
f 2580/357/1672 2592/367/1684 2581/358/1673
f 2580/357/1672 2581/358/1673 2569/347/1499
f 2581/358/1673 2593/368/1523 2594/369/1685
f 2581/358/1673 2594/369/1685 2582/359/1674
f 2582/359/1674 2594/369/1685 2595/370/1686
f 2582/359/1674 2595/370/1686 2583/360/1675
f 2583/360/1675 2595/370/1686 2596/371/1687
f 2583/360/1675 2596/371/1687 2584/361/1676
f 2584/361/1676 2596/371/1687 2597/372/1688
f 2584/361/1676 2597/372/1688 2585/362/1677
f 2585/362/1677 2597/372/1688 2598/373/1689
f 2585/362/1677 2598/373/1689 2586/363/1678
f 2586/363/1678 2598/373/1689 2599/374/1517
f 2586/363/1678 2599/374/1517 2587/364/1679
f 2587/364/1679 2599/374/1517 2600/375/1690
f 2587/364/1679 2600/375/1690 2588/365/1680
f 2588/365/1680 2600/375/1690 2601/372/1691
f 2588/365/1680 2601/372/1691 2589/366/1681
f 2589/366/1681 2601/372/1691 2602/371/1692
f 2589/366/1681 2602/371/1692 2590/361/1682
f 2590/361/1682 2602/371/1692 2603/376/1693
f 2590/361/1682 2603/376/1693 2591/360/1683
f 2591/360/1683 2603/376/1693 2604/377/2075
f 2591/360/1683 2604/377/2075 2592/367/1684
f 2592/367/1684 2604/377/2075 2593/368/1523
f 2592/367/1684 2593/368/1523 2581/358/1673
f 2593/368/1523 2605/378/1535 2606/379/1695
f 2593/368/1523 2606/379/1695 2594/369/1685
f 2594/369/1685 2606/379/1695 2607/380/1696
f 2594/369/1685 2607/380/1696 2595/370/1686
f 2595/370/1686 2607/380/1696 2608/381/1697
f 2595/370/1686 2608/381/1697 2596/371/1687
f 2596/371/1687 2608/381/1697 2609/382/1698
f 2596/371/1687 2609/382/1698 2597/372/1688
f 2597/372/1688 2609/382/1698 2610/383/1699
f 2597/372/1688 2610/383/1699 2598/373/1689
f 2598/373/1689 2610/383/1699 2611/384/1529
f 2598/373/1689 2611/384/1529 2599/374/1517
f 2599/374/1517 2611/384/1529 2612/385/1700
f 2599/374/1517 2612/385/1700 2600/375/1690
f 2600/375/1690 2612/385/1700 2613/386/1701
f 2600/375/1690 2613/386/1701 2601/372/1691
f 2601/372/1691 2613/386/1701 2614/387/1702
f 2601/372/1691 2614/387/1702 2602/371/1692
f 2602/371/1692 2614/387/1702 2615/388/1703
f 2602/371/1692 2615/388/1703 2603/376/1693
f 2603/376/1693 2615/388/1703 2616/389/1704
f 2603/376/1693 2616/389/1704 2604/377/2075
f 2604/377/2075 2616/389/1704 2605/378/1535
f 2604/377/2075 2605/378/1535 2593/368/1523
f 2605/378/1535 2233/210/1349 2236/213/1352
f 2605/378/1535 2236/213/1352 2606/379/1695
f 2606/379/1695 2236/213/1352 2238/215/1354
f 2606/379/1695 2238/215/1354 2607/380/1696
f 2607/380/1696 2238/215/1354 2240/217/1356
f 2607/380/1696 2240/217/1356 2608/381/1697
f 2608/381/1697 2240/217/1356 2242/219/1358
f 2608/381/1697 2242/219/1358 2609/382/1698
f 2609/382/1698 2242/219/1358 2244/221/2061
f 2609/382/1698 2244/221/2061 2610/383/1699
f 2610/383/1699 2244/221/2061 2246/223/1362
f 2610/383/1699 2246/223/1362 2611/384/1529
f 2611/384/1529 2246/223/1362 2248/225/1364
f 2611/384/1529 2248/225/1364 2612/385/1700
f 2612/385/1700 2248/225/1364 2250/227/1366
f 2612/385/1700 2250/227/1366 2613/386/1701
f 2613/386/1701 2250/227/1366 2252/229/1368
f 2613/386/1701 2252/229/1368 2614/387/1702
f 2614/387/1702 2252/229/1368 2254/231/1370
f 2614/387/1702 2254/231/1370 2615/388/1703
f 2615/388/1703 2254/231/1370 2256/233/1372
f 2615/388/1703 2256/233/1372 2616/389/1704
f 2616/389/1704 2256/233/1372 2233/210/1349
f 2616/389/1704 2233/210/1349 2605/378/1535
f 2617/210/2076 2618/211/2077 2619/212/2078
f 2617/210/2076 2619/212/2078 2620/213/2079
f 2620/213/2079 2619/212/2078 2621/214/2080
f 2620/213/2079 2621/214/2080 2622/215/2081
f 2622/215/2081 2621/214/2080 2623/216/2082
f 2622/215/2081 2623/216/2082 2624/217/2083
f 2624/217/2083 2623/216/2082 2625/218/2084
f 2624/217/2083 2625/218/2084 2626/219/2085
f 2626/219/2085 2625/218/2084 2627/220/2086
f 2626/219/2085 2627/220/2086 2628/221/2087
f 2628/221/2087 2627/220/2086 2629/222/2088
f 2628/221/2087 2629/222/2088 2630/223/2089
f 2630/223/2089 2629/222/2088 2631/224/2090
f 2630/223/2089 2631/224/2090 2632/225/2091
f 2632/225/2091 2631/224/2090 2633/226/2092
f 2632/225/2091 2633/226/2092 2634/227/2093
f 2634/227/2093 2633/226/2092 2635/228/2094
f 2634/227/2093 2635/228/2094 2636/229/2095
f 2636/229/2095 2635/228/2094 2637/230/2096
f 2636/229/2095 2637/230/2096 2638/231/2097
f 2638/231/2097 2637/230/2096 2639/232/2098
f 2638/231/2097 2639/232/2098 2640/233/2099
f 2640/233/2099 2639/232/2098 2618/211/2077
f 2640/233/2099 2618/211/2077 2617/210/2076
f 2618/211/2077 2641/234/2100 2642/235/2101
f 2618/211/2077 2642/235/2101 2619/212/2078
f 2619/212/2078 2642/235/2101 2643/236/2102
f 2619/212/2078 2643/236/2102 2621/214/2080
f 2621/214/2080 2643/236/2102 2644/237/2103
f 2621/214/2080 2644/237/2103 2623/216/2082
f 2623/216/2082 2644/237/2103 2645/238/2104
f 2623/216/2082 2645/238/2104 2625/218/2084
f 2625/218/2084 2645/238/2104 2646/239/2105
f 2625/218/2084 2646/239/2105 2627/220/2086
f 2627/220/2086 2646/239/2105 2647/240/2106
f 2627/220/2086 2647/240/2106 2629/222/2088
f 2629/222/2088 2647/240/2106 2648/239/2107
f 2629/222/2088 2648/239/2107 2631/224/2090
f 2631/224/2090 2648/239/2107 2649/241/2108
f 2631/224/2090 2649/241/2108 2633/226/2092
f 2633/226/2092 2649/241/2108 2650/242/2109
f 2633/226/2092 2650/242/2109 2635/228/2094
f 2635/228/2094 2650/242/2109 2651/236/2110
f 2635/228/2094 2651/236/2110 2637/230/2096
f 2637/230/2096 2651/236/2110 2652/243/2111
f 2637/230/2096 2652/243/2111 2639/232/2098
f 2639/232/2098 2652/243/2111 2641/234/2100
f 2639/232/2098 2641/234/2100 2618/211/2077
f 2641/234/2100 2653/244/2112 2654/245/2113
f 2641/234/2100 2654/245/2113 2642/235/2101
f 2642/235/2101 2654/245/2113 2655/246/2114
f 2642/235/2101 2655/246/2114 2643/236/2102
f 2643/236/2102 2655/246/2114 2656/247/2115
f 2643/236/2102 2656/247/2115 2644/237/2103
f 2644/237/2103 2656/247/2115 2657/248/2116
f 2644/237/2103 2657/248/2116 2645/238/2104
f 2645/238/2104 2657/248/2116 2658/249/2117
f 2645/238/2104 2658/249/2117 2646/239/2105
f 2646/239/2105 2658/249/2117 2659/250/2118
f 2646/239/2105 2659/250/2118 2647/240/2106
f 2647/240/2106 2659/250/2118 2660/251/2119
f 2647/240/2106 2660/251/2119 2648/239/2107
f 2648/239/2107 2660/251/2119 2661/252/2120
f 2648/239/2107 2661/252/2120 2649/241/2108
f 2649/241/2108 2661/252/2120 2662/247/2121
f 2649/241/2108 2662/247/2121 2650/242/2109
f 2650/242/2109 2662/247/2121 2663/246/2122
f 2650/242/2109 2663/246/2122 2651/236/2110
f 2651/236/2110 2663/246/2122 2664/253/2123
f 2651/236/2110 2664/253/2123 2652/243/2111
f 2652/243/2111 2664/253/2123 2653/244/2112
f 2652/243/2111 2653/244/2112 2641/234/2100
f 2653/244/2112 2665/254/2124 2666/255/2125
f 2653/244/2112 2666/255/2125 2654/245/2113
f 2654/245/2113 2666/255/2125 2667/256/2126
f 2654/245/2113 2667/256/2126 2655/246/2114
f 2655/246/2114 2667/256/2126 2668/257/2127
f 2655/246/2114 2668/257/2127 2656/247/2115
f 2656/247/2115 2668/257/2127 2669/258/2128
f 2656/247/2115 2669/258/2128 2657/248/2116
f 2657/248/2116 2669/258/2128 2670/259/2129
f 2657/248/2116 2670/259/2129 2658/249/2117
f 2658/249/2117 2670/259/2129 2671/260/2130
f 2658/249/2117 2671/260/2130 2659/250/2118
f 2659/250/2118 2671/260/2130 2672/261/2131
f 2659/250/2118 2672/261/2131 2660/251/2119
f 2660/251/2119 2672/261/2131 2673/262/2132
f 2660/251/2119 2673/262/2132 2661/252/2120
f 2661/252/2120 2673/262/2132 2674/257/2133
f 2661/252/2120 2674/257/2133 2662/247/2121
f 2662/247/2121 2674/257/2133 2675/256/2134
f 2662/247/2121 2675/256/2134 2663/246/2122
f 2663/246/2122 2675/256/2134 2676/263/2135
f 2663/246/2122 2676/263/2135 2664/253/2123
f 2664/253/2123 2676/263/2135 2665/254/2124
f 2664/253/2123 2665/254/2124 2653/244/2112
f 2665/254/2124 2677/264/2136 2678/265/2137
f 2665/254/2124 2678/265/2137 2666/255/2125
f 2666/255/2125 2678/265/2137 2679/266/2138
f 2666/255/2125 2679/266/2138 2667/256/2126
f 2667/256/2126 2679/266/2138 2680/267/2139
f 2667/256/2126 2680/267/2139 2668/257/2127
f 2668/257/2127 2680/267/2139 2681/268/2140
f 2668/257/2127 2681/268/2140 2669/258/2128
f 2669/258/2128 2681/268/2140 2682/269/2141
f 2669/258/2128 2682/269/2141 2670/259/2129
f 2670/259/2129 2682/269/2141 2683/270/2142
f 2670/259/2129 2683/270/2142 2671/260/2130
f 2671/260/2130 2683/270/2142 2684/271/2143
f 2671/260/2130 2684/271/2143 2672/261/2131
f 2672/261/2131 2684/271/2143 2685/272/2144
f 2672/261/2131 2685/272/2144 2673/262/2132
f 2673/262/2132 2685/272/2144 2686/267/2145
f 2673/262/2132 2686/267/2145 2674/257/2133
f 2674/257/2133 2686/267/2145 2687/266/2146
f 2674/257/2133 2687/266/2146 2675/256/2134
f 2675/256/2134 2687/266/2146 2688/273/2147
f 2675/256/2134 2688/273/2147 2676/263/2135
f 2676/263/2135 2688/273/2147 2677/264/2136
f 2676/263/2135 2677/264/2136 2665/254/2124
f 2677/264/2136 2689/274/2148 2690/275/2149
f 2677/264/2136 2690/275/2149 2678/265/2137
f 2678/265/2137 2690/275/2149 2691/276/2150
f 2678/265/2137 2691/276/2150 2679/266/2138
f 2679/266/2138 2691/276/2150 2692/277/2151
f 2679/266/2138 2692/277/2151 2680/267/2139
f 2680/267/2139 2692/277/2151 2693/278/2152
f 2680/267/2139 2693/278/2152 2681/268/2140
f 2681/268/2140 2693/278/2152 2694/279/2153
f 2681/268/2140 2694/279/2153 2682/269/2141
f 2682/269/2141 2694/279/2153 2695/280/2154
f 2682/269/2141 2695/280/2154 2683/270/2142
f 2683/270/2142 2695/280/2154 2696/281/2155
f 2683/270/2142 2696/281/2155 2684/271/2143
f 2684/271/2143 2696/281/2155 2697/282/2156
f 2684/271/2143 2697/282/2156 2685/272/2144
f 2685/272/2144 2697/282/2156 2698/277/2157
f 2685/272/2144 2698/277/2157 2686/267/2145
f 2686/267/2145 2698/277/2157 2699/283/2158
f 2686/267/2145 2699/283/2158 2687/266/2146
f 2687/266/2146 2699/283/2158 2700/284/2159
f 2687/266/2146 2700/284/2159 2688/273/2147
f 2688/273/2147 2700/284/2159 2689/274/2148
f 2688/273/2147 2689/274/2148 2677/264/2136
f 2689/274/2148 2701/285/2160 2702/286/2161
f 2689/274/2148 2702/286/2161 2690/275/2149
f 2690/275/2149 2702/286/2161 2703/287/2162
f 2690/275/2149 2703/287/2162 2691/276/2150
f 2691/276/2150 2703/287/2162 2704/288/2163
f 2691/276/2150 2704/288/2163 2692/277/2151
f 2692/277/2151 2704/288/2163 2705/289/2164
f 2692/277/2151 2705/289/2164 2693/278/2152
f 2693/278/2152 2705/289/2164 2706/290/2165
f 2693/278/2152 2706/290/2165 2694/279/2153
f 2694/279/2153 2706/290/2165 2707/291/2166
f 2694/279/2153 2707/291/2166 2695/280/2154
f 2695/280/2154 2707/291/2166 2708/292/2167
f 2695/280/2154 2708/292/2167 2696/281/2155
f 2696/281/2155 2708/292/2167 2709/293/2168
f 2696/281/2155 2709/293/2168 2697/282/2156
f 2697/282/2156 2709/293/2168 2710/288/2169
f 2697/282/2156 2710/288/2169 2698/277/2157
f 2698/277/2157 2710/288/2169 2711/287/2170
f 2698/277/2157 2711/287/2170 2699/283/2158
f 2699/283/2158 2711/287/2170 2712/286/2171
f 2699/283/2158 2712/286/2171 2700/284/2159
f 2700/284/2159 2712/286/2171 2701/285/2160
f 2700/284/2159 2701/285/2160 2689/274/2148
f 2701/285/2160 2713/294/2172 2714/295/2173
f 2701/285/2160 2714/295/2173 2702/286/2161
f 2702/286/2161 2714/295/2173 2715/296/2174
f 2702/286/2161 2715/296/2174 2703/287/2162
f 2703/287/2162 2715/296/2174 2716/297/2175
f 2703/287/2162 2716/297/2175 2704/288/2163
f 2704/288/2163 2716/297/2175 2717/298/2176
f 2704/288/2163 2717/298/2176 2705/289/2164
f 2705/289/2164 2717/298/2176 2718/299/2177
f 2705/289/2164 2718/299/2177 2706/290/2165
f 2706/290/2165 2718/299/2177 2719/300/2178
f 2706/290/2165 2719/300/2178 2707/291/2166
f 2707/291/2166 2719/300/2178 2720/301/2179
f 2707/291/2166 2720/301/2179 2708/292/2167
f 2708/292/2167 2720/301/2179 2721/298/2180
f 2708/292/2167 2721/298/2180 2709/293/2168
f 2709/293/2168 2721/298/2180 2722/297/2181
f 2709/293/2168 2722/297/2181 2710/288/2169
f 2710/288/2169 2722/297/2181 2723/296/2182
f 2710/288/2169 2723/296/2182 2711/287/2170
f 2711/287/2170 2723/296/2182 2724/295/2183
f 2711/287/2170 2724/295/2183 2712/286/2171
f 2712/286/2171 2724/295/2183 2713/294/2172
f 2712/286/2171 2713/294/2172 2701/285/2160
f 2713/294/2172 2725/41/2184 2726/42/2185
f 2713/294/2172 2726/42/2185 2714/295/2173
f 2714/295/2173 2726/42/2185 2727/44/2186
f 2714/295/2173 2727/44/2186 2715/296/2174
f 2715/296/2174 2727/44/2186 2728/46/2187
f 2715/296/2174 2728/46/2187 2716/297/2175
f 2716/297/2175 2728/46/2187 2729/48/2188
f 2716/297/2175 2729/48/2188 2717/298/2176
f 2717/298/2176 2729/48/2188 2730/50/2189
f 2717/298/2176 2730/50/2189 2718/299/2177
f 2718/299/2177 2730/50/2189 2731/52/2190
f 2718/299/2177 2731/52/2190 2719/300/2178
f 2719/300/2178 2731/52/2190 2732/54/2191
f 2719/300/2178 2732/54/2191 2720/301/2179
f 2720/301/2179 2732/54/2191 2733/56/2192
f 2720/301/2179 2733/56/2192 2721/298/2180
f 2721/298/2180 2733/56/2192 2734/46/2193
f 2721/298/2180 2734/46/2193 2722/297/2181
f 2722/297/2181 2734/46/2193 2735/59/2194
f 2722/297/2181 2735/59/2194 2723/296/2182
f 2723/296/2182 2735/59/2194 2736/61/2195
f 2723/296/2182 2736/61/2195 2724/295/2183
f 2724/295/2183 2736/61/2195 2725/41/2184
f 2724/295/2183 2725/41/2184 2713/294/2172
f 2725/41/2184 2737/62/2196 2738/63/2197
f 2725/41/2184 2738/63/2197 2726/42/2185
f 2726/42/2185 2738/63/2197 2739/64/2198
f 2726/42/2185 2739/64/2198 2727/44/2186
f 2727/44/2186 2739/64/2198 2740/65/2199
f 2727/44/2186 2740/65/2199 2728/46/2187
f 2728/46/2187 2740/65/2199 2741/66/2200
f 2728/46/2187 2741/66/2200 2729/48/2188
f 2729/48/2188 2741/66/2200 2742/67/2201
f 2729/48/2188 2742/67/2201 2730/50/2189
f 2730/50/2189 2742/67/2201 2743/68/2202
f 2730/50/2189 2743/68/2202 2731/52/2190
f 2731/52/2190 2743/68/2202 2744/69/2203
f 2731/52/2190 2744/69/2203 2732/54/2191
f 2732/54/2191 2744/69/2203 2745/70/2204
f 2732/54/2191 2745/70/2204 2733/56/2192
f 2733/56/2192 2745/70/2204 2746/65/2205
f 2733/56/2192 2746/65/2205 2734/46/2193
f 2734/46/2193 2746/65/2205 2747/64/2206
f 2734/46/2193 2747/64/2206 2735/59/2194
f 2735/59/2194 2747/64/2206 2748/63/2207
f 2735/59/2194 2748/63/2207 2736/61/2195
f 2736/61/2195 2748/63/2207 2737/62/2196
f 2736/61/2195 2737/62/2196 2725/41/2184
f 2737/62/2196 2749/71/2208 2750/72/2209
f 2737/62/2196 2750/72/2209 2738/63/2197
f 2738/63/2197 2750/72/2209 2751/73/2210
f 2738/63/2197 2751/73/2210 2739/64/2198
f 2739/64/2198 2751/73/2210 2752/74/2211
f 2739/64/2198 2752/74/2211 2740/65/2199
f 2740/65/2199 2752/74/2211 2753/75/2212
f 2740/65/2199 2753/75/2212 2741/66/2200
f 2741/66/2200 2753/75/2212 2754/76/2213
f 2741/66/2200 2754/76/2213 2742/67/2201
f 2742/67/2201 2754/76/2213 2755/77/2214
f 2742/67/2201 2755/77/2214 2743/68/2202
f 2743/68/2202 2755/77/2214 2756/78/2215
f 2743/68/2202 2756/78/2215 2744/69/2203
f 2744/69/2203 2756/78/2215 2757/75/2216
f 2744/69/2203 2757/75/2216 2745/70/2204
f 2745/70/2204 2757/75/2216 2758/74/2217
f 2745/70/2204 2758/74/2217 2746/65/2205
f 2746/65/2205 2758/74/2217 2759/79/2218
f 2746/65/2205 2759/79/2218 2747/64/2206
f 2747/64/2206 2759/79/2218 2760/80/2219
f 2747/64/2206 2760/80/2219 2748/63/2207
f 2748/63/2207 2760/80/2219 2749/71/2208
f 2748/63/2207 2749/71/2208 2737/62/2196
f 2749/71/2208 2761/81/2220 2762/82/2221
f 2749/71/2208 2762/82/2221 2750/72/2209
f 2750/72/2209 2762/82/2221 2763/83/2222
f 2750/72/2209 2763/83/2222 2751/73/2210
f 2751/73/2210 2763/83/2222 2764/84/2223
f 2751/73/2210 2764/84/2223 2752/74/2211
f 2752/74/2211 2764/84/2223 2765/85/2224
f 2752/74/2211 2765/85/2224 2753/75/2212
f 2753/75/2212 2765/85/2224 2766/86/2225
f 2753/75/2212 2766/86/2225 2754/76/2213
f 2754/76/2213 2766/86/2225 2767/87/2226
f 2754/76/2213 2767/87/2226 2755/77/2214
f 2755/77/2214 2767/87/2226 2768/88/2227
f 2755/77/2214 2768/88/2227 2756/78/2215
f 2756/78/2215 2768/88/2227 2769/89/2228
f 2756/78/2215 2769/89/2228 2757/75/2216
f 2757/75/2216 2769/89/2228 2770/84/2229
f 2757/75/2216 2770/84/2229 2758/74/2217
f 2758/74/2217 2770/84/2229 2771/90/2230
f 2758/74/2217 2771/90/2230 2759/79/2218
f 2759/79/2218 2771/90/2230 2772/91/2231
f 2759/79/2218 2772/91/2231 2760/80/2219
f 2760/80/2219 2772/91/2231 2761/81/2220
f 2760/80/2219 2761/81/2220 2749/71/2208
f 2761/81/2220 2773/92/2232 2774/93/2233
f 2761/81/2220 2774/93/2233 2762/82/2221
f 2762/82/2221 2774/93/2233 2775/94/2234
f 2762/82/2221 2775/94/2234 2763/83/2222
f 2763/83/2222 2775/94/2234 2776/95/2235
f 2763/83/2222 2776/95/2235 2764/84/2223
f 2764/84/2223 2776/95/2235 2777/96/2236
f 2764/84/2223 2777/96/2236 2765/85/2224
f 2765/85/2224 2777/96/2236 2778/97/2237
f 2765/85/2224 2778/97/2237 2766/86/2225
f 2766/86/2225 2778/97/2237 2779/98/2238
f 2766/86/2225 2779/98/2238 2767/87/2226
f 2767/87/2226 2779/98/2238 2780/99/2239
f 2767/87/2226 2780/99/2239 2768/88/2227
f 2768/88/2227 2780/99/2239 2781/100/2240
f 2768/88/2227 2781/100/2240 2769/89/2228
f 2769/89/2228 2781/100/2240 2782/95/2241
f 2769/89/2228 2782/95/2241 2770/84/2229
f 2770/84/2229 2782/95/2241 2783/94/2242
f 2770/84/2229 2783/94/2242 2771/90/2230
f 2771/90/2230 2783/94/2242 2784/93/2243
f 2771/90/2230 2784/93/2243 2772/91/2231
f 2772/91/2231 2784/93/2243 2773/92/2232
f 2772/91/2231 2773/92/2232 2761/81/2220
f 2773/92/2232 2785/101/2244 2786/102/2245
f 2773/92/2232 2786/102/2245 2774/93/2233
f 2774/93/2233 2786/102/2245 2787/103/2246
f 2774/93/2233 2787/103/2246 2775/94/2234
f 2775/94/2234 2787/103/2246 2788/104/2247
f 2775/94/2234 2788/104/2247 2776/95/2235
f 2776/95/2235 2788/104/2247 2789/105/2248
f 2776/95/2235 2789/105/2248 2777/96/2236
f 2777/96/2236 2789/105/2248 2790/106/2249
f 2777/96/2236 2790/106/2249 2778/97/2237
f 2778/97/2237 2790/106/2249 2791/107/2250
f 2778/97/2237 2791/107/2250 2779/98/2238
f 2779/98/2238 2791/107/2250 2792/106/2251
f 2779/98/2238 2792/106/2251 2780/99/2239
f 2780/99/2239 2792/106/2251 2793/108/2252
f 2780/99/2239 2793/108/2252 2781/100/2240
f 2781/100/2240 2793/108/2252 2794/104/2253
f 2781/100/2240 2794/104/2253 2782/95/2241
f 2782/95/2241 2794/104/2253 2795/109/2254
f 2782/95/2241 2795/109/2254 2783/94/2242
f 2783/94/2242 2795/109/2254 2796/110/2255
f 2783/94/2242 2796/110/2255 2784/93/2243
f 2784/93/2243 2796/110/2255 2785/101/2244
f 2784/93/2243 2785/101/2244 2773/92/2232
f 2785/101/2244 2797/111/2256 2798/112/2257
f 2785/101/2244 2798/112/2257 2786/102/2245
f 2786/102/2245 2798/112/2257 2799/113/2258
f 2786/102/2245 2799/113/2258 2787/103/2246
f 2787/103/2246 2799/113/2258 2800/114/2259
f 2787/103/2246 2800/114/2259 2788/104/2247
f 2788/104/2247 2800/114/2259 2801/115/2260
f 2788/104/2247 2801/115/2260 2789/105/2248
f 2789/105/2248 2801/115/2260 2802/116/2261
f 2789/105/2248 2802/116/2261 2790/106/2249
f 2790/106/2249 2802/116/2261 2803/117/2262
f 2790/106/2249 2803/117/2262 2791/107/2250
f 2791/107/2250 2803/117/2262 2804/118/2263
f 2791/107/2250 2804/118/2263 2792/106/2251
f 2792/106/2251 2804/118/2263 2805/119/2264
f 2792/106/2251 2805/119/2264 2793/108/2252
f 2793/108/2252 2805/119/2264 2806/120/2265
f 2793/108/2252 2806/120/2265 2794/104/2253
f 2794/104/2253 2806/120/2265 2807/121/2266
f 2794/104/2253 2807/121/2266 2795/109/2254
f 2795/109/2254 2807/121/2266 2808/122/2267
f 2795/109/2254 2808/122/2267 2796/110/2255
f 2796/110/2255 2808/122/2267 2797/111/2256
f 2796/110/2255 2797/111/2256 2785/101/2244
f 2797/111/2256 2809/123/2089 2810/124/2268
f 2797/111/2256 2810/124/2268 2798/112/2257
f 2798/112/2257 2810/124/2268 2811/125/2269
f 2798/112/2257 2811/125/2269 2799/113/2258
f 2799/113/2258 2811/125/2269 2812/126/2270
f 2799/113/2258 2812/126/2270 2800/114/2259
f 2800/114/2259 2812/126/2270 2813/127/2271
f 2800/114/2259 2813/127/2271 2801/115/2260
f 2801/115/2260 2813/127/2271 2814/128/2272
f 2801/115/2260 2814/128/2272 2802/116/2261
f 2802/116/2261 2814/128/2272 2815/129/2076
f 2802/116/2261 2815/129/2076 2803/117/2262
f 2803/117/2262 2815/129/2076 2816/130/2273
f 2803/117/2262 2816/130/2273 2804/118/2263
f 2804/118/2263 2816/130/2273 2817/131/2274
f 2804/118/2263 2817/131/2274 2805/119/2264
f 2805/119/2264 2817/131/2274 2818/132/2275
f 2805/119/2264 2818/132/2275 2806/120/2265
f 2806/120/2265 2818/132/2275 2819/133/2276
f 2806/120/2265 2819/133/2276 2807/121/2266
f 2807/121/2266 2819/133/2276 2820/134/2277
f 2807/121/2266 2820/134/2277 2808/122/2267
f 2808/122/2267 2820/134/2277 2809/123/2089
f 2808/122/2267 2809/123/2089 2797/111/2256
f 2809/123/2089 2821/135/2088 2822/136/2278
f 2809/123/2089 2822/136/2278 2810/124/2268
f 2810/124/2268 2822/136/2278 2823/137/2279
f 2810/124/2268 2823/137/2279 2811/125/2269
f 2811/125/2269 2823/137/2279 2824/138/2280
f 2811/125/2269 2824/138/2280 2812/126/2270
f 2812/126/2270 2824/138/2280 2825/139/2281
f 2812/126/2270 2825/139/2281 2813/127/2271
f 2813/127/2271 2825/139/2281 2826/140/2282
f 2813/127/2271 2826/140/2282 2814/128/2272
f 2814/128/2272 2826/140/2282 2827/141/2077
f 2814/128/2272 2827/141/2077 2815/129/2076
f 2815/129/2076 2827/141/2077 2828/142/2283
f 2815/129/2076 2828/142/2283 2816/130/2273
f 2816/130/2273 2828/142/2283 2829/143/2284
f 2816/130/2273 2829/143/2284 2817/131/2274
f 2817/131/2274 2829/143/2284 2830/144/2285
f 2817/131/2274 2830/144/2285 2818/132/2275
f 2818/132/2275 2830/144/2285 2831/145/2286
f 2818/132/2275 2831/145/2286 2819/133/2276
f 2819/133/2276 2831/145/2286 2832/136/2287
f 2819/133/2276 2832/136/2287 2820/134/2277
f 2820/134/2277 2832/136/2287 2821/135/2088
f 2820/134/2277 2821/135/2088 2809/123/2089
f 2821/135/2088 2833/146/2288 2834/147/2289
f 2821/135/2088 2834/147/2289 2822/136/2278
f 2822/136/2278 2834/147/2289 2835/148/2290
f 2822/136/2278 2835/148/2290 2823/137/2279
f 2823/137/2279 2835/148/2290 2836/149/2291
f 2823/137/2279 2836/149/2291 2824/138/2280
f 2824/138/2280 2836/149/2291 2837/150/2292
f 2824/138/2280 2837/150/2292 2825/139/2281
f 2825/139/2281 2837/150/2292 2838/151/2293
f 2825/139/2281 2838/151/2293 2826/140/2282
f 2826/140/2282 2838/151/2293 2839/152/2294
f 2826/140/2282 2839/152/2294 2827/141/2077
f 2827/141/2077 2839/152/2294 2840/153/2295
f 2827/141/2077 2840/153/2295 2828/142/2283
f 2828/142/2283 2840/153/2295 2841/154/2296
f 2828/142/2283 2841/154/2296 2829/143/2284
f 2829/143/2284 2841/154/2296 2842/155/2297
f 2829/143/2284 2842/155/2297 2830/144/2285
f 2830/144/2285 2842/155/2297 2843/148/2298
f 2830/144/2285 2843/148/2298 2831/145/2286
f 2831/145/2286 2843/148/2298 2844/147/2299
f 2831/145/2286 2844/147/2299 2832/136/2287
f 2832/136/2287 2844/147/2299 2833/146/2288
f 2832/136/2287 2833/146/2288 2821/135/2088
f 2833/146/2288 2845/156/2118 2846/157/2300
f 2833/146/2288 2846/157/2300 2834/147/2289
f 2834/147/2289 2846/157/2300 2847/158/2301
f 2834/147/2289 2847/158/2301 2835/148/2290
f 2835/148/2290 2847/158/2301 2848/159/2302
f 2835/148/2290 2848/159/2302 2836/149/2291
f 2836/149/2291 2848/159/2302 2849/160/2303
f 2836/149/2291 2849/160/2303 2837/150/2292
f 2837/150/2292 2849/160/2303 2850/161/2304
f 2837/150/2292 2850/161/2304 2838/151/2293
f 2838/151/2293 2850/161/2304 2851/162/2112
f 2838/151/2293 2851/162/2112 2839/152/2294
f 2839/152/2294 2851/162/2112 2852/163/2305
f 2839/152/2294 2852/163/2305 2840/153/2295
f 2840/153/2295 2852/163/2305 2853/164/2306
f 2840/153/2295 2853/164/2306 2841/154/2296
f 2841/154/2296 2853/164/2306 2854/159/2307
f 2841/154/2296 2854/159/2307 2842/155/2297
f 2842/155/2297 2854/159/2307 2855/158/2308
f 2842/155/2297 2855/158/2308 2843/148/2298
f 2843/148/2298 2855/158/2308 2856/165/2309
f 2843/148/2298 2856/165/2309 2844/147/2299
f 2844/147/2299 2856/165/2309 2845/156/2118
f 2844/147/2299 2845/156/2118 2833/146/2288
f 2845/156/2118 2857/166/2310 2858/167/2311
f 2845/156/2118 2858/167/2311 2846/157/2300
f 2846/157/2300 2858/167/2311 2859/168/2312
f 2846/157/2300 2859/168/2312 2847/158/2301
f 2847/158/2301 2859/168/2312 2860/169/2313
f 2847/158/2301 2860/169/2313 2848/159/2302
f 2848/159/2302 2860/169/2313 2861/170/2314
f 2848/159/2302 2861/170/2314 2849/160/2303
f 2849/160/2303 2861/170/2314 2862/171/2315
f 2849/160/2303 2862/171/2315 2850/161/2304
f 2850/161/2304 2862/171/2315 2863/172/2316
f 2850/161/2304 2863/172/2316 2851/162/2112
f 2851/162/2112 2863/172/2316 2864/173/2317
f 2851/162/2112 2864/173/2317 2852/163/2305
f 2852/163/2305 2864/173/2317 2865/174/2318
f 2852/163/2305 2865/174/2318 2853/164/2306
f 2853/164/2306 2865/174/2318 2866/169/2319
f 2853/164/2306 2866/169/2319 2854/159/2307
f 2854/159/2307 2866/169/2319 2867/175/2320
f 2854/159/2307 2867/175/2320 2855/158/2308
f 2855/158/2308 2867/175/2320 2868/176/2321
f 2855/158/2308 2868/176/2321 2856/165/2309
f 2856/165/2309 2868/176/2321 2857/166/2310
f 2856/165/2309 2857/166/2310 2845/156/2118
f 2857/166/2310 2869/177/2322 2870/178/2323
f 2857/166/2310 2870/178/2323 2858/167/2311
f 2858/167/2311 2870/178/2323 2871/179/2324
f 2858/167/2311 2871/179/2324 2859/168/2312
f 2859/168/2312 2871/179/2324 2872/180/2325
f 2859/168/2312 2872/180/2325 2860/169/2313
f 2860/169/2313 2872/180/2325 2873/181/2326
f 2860/169/2313 2873/181/2326 2861/170/2314
f 2861/170/2314 2873/181/2326 2874/182/2327
f 2861/170/2314 2874/182/2327 2862/171/2315
f 2862/171/2315 2874/182/2327 2875/183/2328
f 2862/171/2315 2875/183/2328 2863/172/2316
f 2863/172/2316 2875/183/2328 2876/184/2329
f 2863/172/2316 2876/184/2329 2864/173/2317
f 2864/173/2317 2876/184/2329 2877/185/2330
f 2864/173/2317 2877/185/2330 2865/174/2318
f 2865/174/2318 2877/185/2330 2878/180/2331
f 2865/174/2318 2878/180/2331 2866/169/2319
f 2866/169/2319 2878/180/2331 2879/186/2332
f 2866/169/2319 2879/186/2332 2867/175/2320
f 2867/175/2320 2879/186/2332 2880/187/2333
f 2867/175/2320 2880/187/2333 2868/176/2321
f 2868/176/2321 2880/187/2333 2869/177/2322
f 2868/176/2321 2869/177/2322 2857/166/2310
f 2869/177/2322 2881/188/2154 2882/189/2334
f 2869/177/2322 2882/189/2334 2870/178/2323
f 2870/178/2323 2882/189/2334 2883/190/2335
f 2870/178/2323 2883/190/2335 2871/179/2324
f 2871/179/2324 2883/190/2335 2884/191/2336
f 2871/179/2324 2884/191/2336 2872/180/2325
f 2872/180/2325 2884/191/2336 2885/192/2337
f 2872/180/2325 2885/192/2337 2873/181/2326
f 2873/181/2326 2885/192/2337 2886/193/2338
f 2873/181/2326 2886/193/2338 2874/182/2327
f 2874/182/2327 2886/193/2338 2887/194/2148
f 2874/182/2327 2887/194/2148 2875/183/2328
f 2875/183/2328 2887/194/2148 2888/195/2339
f 2875/183/2328 2888/195/2339 2876/184/2329
f 2876/184/2329 2888/195/2339 2889/196/2340
f 2876/184/2329 2889/196/2340 2877/185/2330
f 2877/185/2330 2889/196/2340 2890/191/2341
f 2877/185/2330 2890/191/2341 2878/180/2331
f 2878/180/2331 2890/191/2341 2891/197/2342
f 2878/180/2331 2891/197/2342 2879/186/2332
f 2879/186/2332 2891/197/2342 2892/189/2343
f 2879/186/2332 2892/189/2343 2880/187/2333
f 2880/187/2333 2892/189/2343 2881/188/2154
f 2880/187/2333 2881/188/2154 2869/177/2322
f 2881/188/2154 2893/302/2166 2894/303/2344
f 2881/188/2154 2894/303/2344 2882/189/2334
f 2882/189/2334 2894/303/2344 2895/304/2345
f 2882/189/2334 2895/304/2345 2883/190/2335
f 2883/190/2335 2895/304/2345 2896/305/2346
f 2883/190/2335 2896/305/2346 2884/191/2336
f 2884/191/2336 2896/305/2346 2897/306/2347
f 2884/191/2336 2897/306/2347 2885/192/2337
f 2885/192/2337 2897/306/2347 2898/307/2348
f 2885/192/2337 2898/307/2348 2886/193/2338
f 2886/193/2338 2898/307/2348 2899/308/2160
f 2886/193/2338 2899/308/2160 2887/194/2148
f 2887/194/2148 2899/308/2160 2900/309/2349
f 2887/194/2148 2900/309/2349 2888/195/2339
f 2888/195/2339 2900/309/2349 2901/310/2350
f 2888/195/2339 2901/310/2350 2889/196/2340
f 2889/196/2340 2901/310/2350 2902/305/2351
f 2889/196/2340 2902/305/2351 2890/191/2341
f 2890/191/2341 2902/305/2351 2903/304/2352
f 2890/191/2341 2903/304/2352 2891/197/2342
f 2891/197/2342 2903/304/2352 2904/311/2353
f 2891/197/2342 2904/311/2353 2892/189/2343
f 2892/189/2343 2904/311/2353 2893/302/2166
f 2892/189/2343 2893/302/2166 2881/188/2154
f 2893/302/2166 2905/312/2178 2906/313/2354
f 2893/302/2166 2906/313/2354 2894/303/2344
f 2894/303/2344 2906/313/2354 2907/314/2355
f 2894/303/2344 2907/314/2355 2895/304/2345
f 2895/304/2345 2907/314/2355 2908/315/2356
f 2895/304/2345 2908/315/2356 2896/305/2346
f 2896/305/2346 2908/315/2356 2909/316/2357
f 2896/305/2346 2909/316/2357 2897/306/2347
f 2897/306/2347 2909/316/2357 2910/317/2358
f 2897/306/2347 2910/317/2358 2898/307/2348
f 2898/307/2348 2910/317/2358 2911/318/2172
f 2898/307/2348 2911/318/2172 2899/308/2160
f 2899/308/2160 2911/318/2172 2912/319/2359
f 2899/308/2160 2912/319/2359 2900/309/2349
f 2900/309/2349 2912/319/2359 2913/320/2360
f 2900/309/2349 2913/320/2360 2901/310/2350
f 2901/310/2350 2913/320/2360 2914/315/2361
f 2901/310/2350 2914/315/2361 2902/305/2351
f 2902/305/2351 2914/315/2361 2915/321/2362
f 2902/305/2351 2915/321/2362 2903/304/2352
f 2903/304/2352 2915/321/2362 2916/313/2363
f 2903/304/2352 2916/313/2363 2904/311/2353
f 2904/311/2353 2916/313/2363 2905/312/2178
f 2904/311/2353 2905/312/2178 2893/302/2166
f 2905/312/2178 2917/322/2190 2918/323/2364
f 2905/312/2178 2918/323/2364 2906/313/2354
f 2906/313/2354 2918/323/2364 2919/324/2365
f 2906/313/2354 2919/324/2365 2907/314/2355
f 2907/314/2355 2919/324/2365 2920/325/2366
f 2907/314/2355 2920/325/2366 2908/315/2356
f 2908/315/2356 2920/325/2366 2921/326/2367
f 2908/315/2356 2921/326/2367 2909/316/2357
f 2909/316/2357 2921/326/2367 2922/327/2368
f 2909/316/2357 2922/327/2368 2910/317/2358
f 2910/317/2358 2922/327/2368 2923/328/2184
f 2910/317/2358 2923/328/2184 2911/318/2172
f 2911/318/2172 2923/328/2184 2924/329/2369
f 2911/318/2172 2924/329/2369 2912/319/2359
f 2912/319/2359 2924/329/2369 2925/326/2370
f 2912/319/2359 2925/326/2370 2913/320/2360
f 2913/320/2360 2925/326/2370 2926/325/2371
f 2913/320/2360 2926/325/2371 2914/315/2361
f 2914/315/2361 2926/325/2371 2927/324/2372
f 2914/315/2361 2927/324/2372 2915/321/2362
f 2915/321/2362 2927/324/2372 2928/323/2373
f 2915/321/2362 2928/323/2373 2916/313/2363
f 2916/313/2363 2928/323/2373 2917/322/2190
f 2916/313/2363 2917/322/2190 2905/312/2178
f 2917/322/2190 2929/330/2374 2930/331/2375
f 2917/322/2190 2930/331/2375 2918/323/2364
f 2918/323/2364 2930/331/2375 2931/332/2376
f 2918/323/2364 2931/332/2376 2919/324/2365
f 2919/324/2365 2931/332/2376 2932/333/2377
f 2919/324/2365 2932/333/2377 2920/325/2366
f 2920/325/2366 2932/333/2377 2933/334/2378
f 2920/325/2366 2933/334/2378 2921/326/2367
f 2921/326/2367 2933/334/2378 2934/335/2379
f 2921/326/2367 2934/335/2379 2922/327/2368
f 2922/327/2368 2934/335/2379 2935/336/2196
f 2922/327/2368 2935/336/2196 2923/328/2184
f 2923/328/2184 2935/336/2196 2936/337/2380
f 2923/328/2184 2936/337/2380 2924/329/2369
f 2924/329/2369 2936/337/2380 2937/334/2381
f 2924/329/2369 2937/334/2381 2925/326/2370
f 2925/326/2370 2937/334/2381 2938/333/2382
f 2925/326/2370 2938/333/2382 2926/325/2371
f 2926/325/2371 2938/333/2382 2939/332/2383
f 2926/325/2371 2939/332/2383 2927/324/2372
f 2927/324/2372 2939/332/2383 2940/331/2384
f 2927/324/2372 2940/331/2384 2928/323/2373
f 2928/323/2373 2940/331/2384 2929/330/2374
f 2928/323/2373 2929/330/2374 2917/322/2190
f 2929/330/2374 2941/338/2214 2942/339/2385
f 2929/330/2374 2942/339/2385 2930/331/2375
f 2930/331/2375 2942/339/2385 2943/340/2386
f 2930/331/2375 2943/340/2386 2931/332/2376
f 2931/332/2376 2943/340/2386 2944/341/2387
f 2931/332/2376 2944/341/2387 2932/333/2377
f 2932/333/2377 2944/341/2387 2945/342/2388
f 2932/333/2377 2945/342/2388 2933/334/2378
f 2933/334/2378 2945/342/2388 2946/343/2389
f 2933/334/2378 2946/343/2389 2934/335/2379
f 2934/335/2379 2946/343/2389 2947/344/2208
f 2934/335/2379 2947/344/2208 2935/336/2196
f 2935/336/2196 2947/344/2208 2948/345/2390
f 2935/336/2196 2948/345/2390 2936/337/2380
f 2936/337/2380 2948/345/2390 2949/342/2391
f 2936/337/2380 2949/342/2391 2937/334/2381
f 2937/334/2381 2949/342/2391 2950/341/2392
f 2937/334/2381 2950/341/2392 2938/333/2382
f 2938/333/2382 2950/341/2392 2951/340/2393
f 2938/333/2382 2951/340/2393 2939/332/2383
f 2939/332/2383 2951/340/2393 2952/346/2394
f 2939/332/2383 2952/346/2394 2940/331/2384
f 2940/331/2384 2952/346/2394 2941/338/2214
f 2940/331/2384 2941/338/2214 2929/330/2374
f 2941/338/2214 2953/347/2395 2954/348/2396
f 2941/338/2214 2954/348/2396 2942/339/2385
f 2942/339/2385 2954/348/2396 2955/349/2397
f 2942/339/2385 2955/349/2397 2943/340/2386
f 2943/340/2386 2955/349/2397 2956/350/2398
f 2943/340/2386 2956/350/2398 2944/341/2387
f 2944/341/2387 2956/350/2398 2957/351/2399
f 2944/341/2387 2957/351/2399 2945/342/2388
f 2945/342/2388 2957/351/2399 2958/352/2400
f 2945/342/2388 2958/352/2400 2946/343/2389
f 2946/343/2389 2958/352/2400 2959/353/2401
f 2946/343/2389 2959/353/2401 2947/344/2208
f 2947/344/2208 2959/353/2401 2960/354/2402
f 2947/344/2208 2960/354/2402 2948/345/2390
f 2948/345/2390 2960/354/2402 2961/355/2403
f 2948/345/2390 2961/355/2403 2949/342/2391
f 2949/342/2391 2961/355/2403 2962/350/2404
f 2949/342/2391 2962/350/2404 2950/341/2392
f 2950/341/2392 2962/350/2404 2963/356/2405
f 2950/341/2392 2963/356/2405 2951/340/2393
f 2951/340/2393 2963/356/2405 2964/357/2406
f 2951/340/2393 2964/357/2406 2952/346/2394
f 2952/346/2394 2964/357/2406 2953/347/2395
f 2952/346/2394 2953/347/2395 2941/338/2214
f 2953/347/2395 2965/358/2407 2966/359/2408
f 2953/347/2395 2966/359/2408 2954/348/2396
f 2954/348/2396 2966/359/2408 2967/360/2409
f 2954/348/2396 2967/360/2409 2955/349/2397
f 2955/349/2397 2967/360/2409 2968/361/2410
f 2955/349/2397 2968/361/2410 2956/350/2398
f 2956/350/2398 2968/361/2410 2969/362/2411
f 2956/350/2398 2969/362/2411 2957/351/2399
f 2957/351/2399 2969/362/2411 2970/363/2412
f 2957/351/2399 2970/363/2412 2958/352/2400
f 2958/352/2400 2970/363/2412 2971/364/2413
f 2958/352/2400 2971/364/2413 2959/353/2401
f 2959/353/2401 2971/364/2413 2972/365/2414
f 2959/353/2401 2972/365/2414 2960/354/2402
f 2960/354/2402 2972/365/2414 2973/366/2415
f 2960/354/2402 2973/366/2415 2961/355/2403
f 2961/355/2403 2973/366/2415 2974/361/2416
f 2961/355/2403 2974/361/2416 2962/350/2404
f 2962/350/2404 2974/361/2416 2975/360/2417
f 2962/350/2404 2975/360/2417 2963/356/2405
f 2963/356/2405 2975/360/2417 2976/367/2418
f 2963/356/2405 2976/367/2418 2964/357/2406
f 2964/357/2406 2976/367/2418 2965/358/2407
f 2964/357/2406 2965/358/2407 2953/347/2395
f 2965/358/2407 2977/368/2250 2978/369/2419
f 2965/358/2407 2978/369/2419 2966/359/2408
f 2966/359/2408 2978/369/2419 2979/370/2420
f 2966/359/2408 2979/370/2420 2967/360/2409
f 2967/360/2409 2979/370/2420 2980/371/2421
f 2967/360/2409 2980/371/2421 2968/361/2410
f 2968/361/2410 2980/371/2421 2981/372/2422
f 2968/361/2410 2981/372/2422 2969/362/2411
f 2969/362/2411 2981/372/2422 2982/373/2423
f 2969/362/2411 2982/373/2423 2970/363/2412
f 2970/363/2412 2982/373/2423 2983/374/2244
f 2970/363/2412 2983/374/2244 2971/364/2413
f 2971/364/2413 2983/374/2244 2984/375/2424
f 2971/364/2413 2984/375/2424 2972/365/2414
f 2972/365/2414 2984/375/2424 2985/372/2425
f 2972/365/2414 2985/372/2425 2973/366/2415
f 2973/366/2415 2985/372/2425 2986/371/2426
f 2973/366/2415 2986/371/2426 2974/361/2416
f 2974/361/2416 2986/371/2426 2987/376/2427
f 2974/361/2416 2987/376/2427 2975/360/2417
f 2975/360/2417 2987/376/2427 2988/377/2428
f 2975/360/2417 2988/377/2428 2976/367/2418
f 2976/367/2418 2988/377/2428 2977/368/2250
f 2976/367/2418 2977/368/2250 2965/358/2407
f 2977/368/2250 2989/378/2429 2990/379/2430
f 2977/368/2250 2990/379/2430 2978/369/2419
f 2978/369/2419 2990/379/2430 2991/380/2431
f 2978/369/2419 2991/380/2431 2979/370/2420
f 2979/370/2420 2991/380/2431 2992/381/2432
f 2979/370/2420 2992/381/2432 2980/371/2421
f 2980/371/2421 2992/381/2432 2993/382/2433
f 2980/371/2421 2993/382/2433 2981/372/2422
f 2981/372/2422 2993/382/2433 2994/383/2434
f 2981/372/2422 2994/383/2434 2982/373/2423
f 2982/373/2423 2994/383/2434 2995/384/2435
f 2982/373/2423 2995/384/2435 2983/374/2244
f 2983/374/2244 2995/384/2435 2996/385/2436
f 2983/374/2244 2996/385/2436 2984/375/2424
f 2984/375/2424 2996/385/2436 2997/386/2437
f 2984/375/2424 2997/386/2437 2985/372/2425
f 2985/372/2425 2997/386/2437 2998/387/2438
f 2985/372/2425 2998/387/2438 2986/371/2426
f 2986/371/2426 2998/387/2438 2999/388/2439
f 2986/371/2426 2999/388/2439 2987/376/2427
f 2987/376/2427 2999/388/2439 3000/389/2440
f 2987/376/2427 3000/389/2440 2988/377/2428
f 2988/377/2428 3000/389/2440 2989/378/2429
f 2988/377/2428 2989/378/2429 2977/368/2250
f 2989/378/2429 2617/210/2076 2620/213/2079
f 2989/378/2429 2620/213/2079 2990/379/2430
f 2990/379/2430 2620/213/2079 2622/215/2081
f 2990/379/2430 2622/215/2081 2991/380/2431
f 2991/380/2431 2622/215/2081 2624/217/2083
f 2991/380/2431 2624/217/2083 2992/381/2432
f 2992/381/2432 2624/217/2083 2626/219/2085
f 2992/381/2432 2626/219/2085 2993/382/2433
f 2993/382/2433 2626/219/2085 2628/221/2087
f 2993/382/2433 2628/221/2087 2994/383/2434
f 2994/383/2434 2628/221/2087 2630/223/2089
f 2994/383/2434 2630/223/2089 2995/384/2435
f 2995/384/2435 2630/223/2089 2632/225/2091
f 2995/384/2435 2632/225/2091 2996/385/2436
f 2996/385/2436 2632/225/2091 2634/227/2093
f 2996/385/2436 2634/227/2093 2997/386/2437
f 2997/386/2437 2634/227/2093 2636/229/2095
f 2997/386/2437 2636/229/2095 2998/387/2438
f 2998/387/2438 2636/229/2095 2638/231/2097
f 2998/387/2438 2638/231/2097 2999/388/2439
f 2999/388/2439 2638/231/2097 2640/233/2099
f 2999/388/2439 2640/233/2099 3000/389/2440
f 3000/389/2440 2640/233/2099 2617/210/2076
f 3000/389/2440 2617/210/2076 2989/378/2429
o Sphere001_02_-_Default_0
v 1.849469 3.409723 3.046516
v 2.210513 3.649317 2.438384
v 1.889132 3.792148 2.533820
v 1.073756 2.671252 3.997795
v 1.849469 3.409723 3.046516
v 0.963071 3.423598 3.423584
v -0.963071 0.233875 4.818654
v -0.418526 0.955038 4.801257
v -0.963071 0.944575 4.748655
v -0.963071 -0.944559 4.748657
v -0.632980 -0.949778 4.774894
v -0.904581 -0.724785 4.800639
v 0.963072 -2.689893 4.025721
v 1.869893 -2.536476 3.802702
v 0.963072 -2.085302 4.348879
v 4.164201 -2.840144 1.006866
v 3.490663 -2.862467 2.187129
v 3.490662 -3.224950 1.335822
v 1.849468 3.409723 -3.046517
v 1.889131 3.792148 -2.533821
v 2.210512 3.649317 -2.438385
v 1.073754 2.671252 -3.997795
v 0.963070 3.423598 -3.423584
v 1.849468 3.409723 -3.046517
v -0.963073 0.233875 -4.818654
v -0.963073 0.944575 -4.748655
v -0.418528 0.955038 -4.801257
v -0.963073 -0.944559 -4.748657
v -0.904583 -0.724785 -4.800639
v -0.632982 -0.949778 -4.774894
v 0.963070 -2.689893 -4.025721
v 0.963070 -2.085302 -4.348879
v 1.869892 -2.536476 -3.802703
v 4.164201 -2.840144 -1.006868
v 3.490662 -3.224950 -1.335823
v 3.490662 -2.862467 -2.187130
v -4.834347 -1.163895 0.231515
v -4.834347 -1.186697 0.000001
v -4.560770 -1.889134 0.000001
v -4.560770 -1.852834 0.368554
v -4.560770 -1.745331 0.722943
v -4.834347 -1.096365 0.454131
v -4.834347 -1.163895 0.231515
v -4.834346 -0.986702 0.659296
v -4.834347 -1.096365 0.454131
v -4.560770 -1.570756 1.049549
v -4.560769 -1.335818 1.335822
v -4.834346 -0.839121 0.839123
v -4.834346 -0.986702 0.659296
v -4.834346 -0.659293 0.986704
v -4.834346 -0.839121 0.839123
v -4.560769 -1.049544 1.570759
v -4.560769 -0.722938 1.745333
v -4.834346 -0.454128 1.096367
v -4.834346 -0.659293 0.986704
v -4.560769 -0.368549 1.852835
v -4.834346 -0.231512 1.163896
v -4.834346 -0.454128 1.096367
v -4.834346 0.000002 1.186698
v -4.834346 -0.231512 1.163896
v -4.560769 0.000003 1.889134
v -4.834346 0.231515 1.163896
v -4.834346 0.000002 1.186698
v -4.560769 0.368555 1.852834
v -4.834346 0.454131 1.096365
v -4.834346 0.231515 1.163896
v -4.560769 0.722943 1.745331
v -4.834346 0.659295 0.986702
v -4.834346 0.454131 1.096365
v -4.560769 1.049549 1.570756
v -4.560769 1.335821 1.335817
v -4.834346 0.839123 0.839121
v -4.834346 0.659295 0.986702
v -4.834346 0.986704 0.659293
v -4.834346 0.839123 0.839121
v -4.560770 1.570759 1.049544
v -4.834346 1.096366 0.454128
v -4.834346 0.986704 0.659293
v -4.560770 1.745333 0.722937
v -4.560770 1.852835 0.368549
v -4.834346 1.163895 0.231512
v -4.834346 1.096366 0.454128
v -4.834346 1.186697 0.000001
v -4.834346 1.163895 0.231512
v -4.560770 1.889133 0.000001
v -4.104585 -2.689898 0.535058
v -4.560770 -1.852834 0.368554
v -4.104585 -2.742597 0.000001
v -4.560770 -1.745331 0.722943
v -4.104585 -2.533828 1.049550
v -4.560770 -1.570756 1.049549
v -4.104584 -2.280384 1.523708
v -4.104584 -1.939306 1.939312
v -4.560769 -1.335818 1.335822
v -4.104584 -1.523702 2.280388
v -4.560769 -1.049544 1.570759
v -4.560769 -0.722938 1.745333
v -4.104584 -1.049543 2.533831
v -4.104584 -0.535050 2.689899
v -4.560769 -0.368549 1.852835
v -4.560769 0.000003 1.889134
v -4.104584 0.000004 2.742597
v -4.560769 0.368555 1.852834
v -4.104584 0.535058 2.689898
v -4.104584 1.049550 2.533827
v -4.560769 0.722943 1.745331
v -4.560769 1.049549 1.570756
v -4.104584 1.523709 2.280383
v -4.104584 1.939312 1.939305
v -4.560769 1.335821 1.335817
v -4.560770 1.570759 1.049544
v -4.104584 2.280388 1.523701
v -4.560770 1.745333 0.722937
v -4.104585 2.533831 1.049542
v -4.560770 1.852835 0.368549
v -4.104585 2.689899 0.535049
v -4.104585 2.742596 0.000001
v -4.560770 1.889133 0.000001
v -3.490661 -3.423590 0.680999
v -4.104585 -2.689898 0.535058
v -3.490662 -3.490663 0.000001
v -3.490661 -3.224951 1.335823
v -4.104585 -2.533828 1.049550
v -4.104584 -2.280384 1.523708
v -3.490661 -2.902378 1.939312
v -3.490661 -2.468269 2.468275
v -4.104584 -1.939306 1.939312
v -4.104584 -1.523702 2.280388
v -3.490661 -1.939305 2.902383
v -3.490661 -1.335814 3.224954
v -4.104584 -1.049543 2.533831
v -3.490661 -0.680990 3.423592
v -4.104584 -0.535050 2.689899
v -4.104584 0.000004 2.742597
v -3.490661 0.000005 3.490663
v -4.104584 0.535058 2.689898
v -3.490661 0.681000 3.423590
v -3.490661 1.335824 3.224950
v -4.104584 1.049550 2.533827
v -4.104584 1.523709 2.280383
v -3.490661 1.939314 2.902377
v -3.490661 2.468276 2.468267
v -4.104584 1.939312 1.939305
v -4.104584 2.280388 1.523701
v -3.490662 2.902384 1.939303
v -4.104585 2.533831 1.049542
v -3.490662 3.224954 1.335813
v -4.104585 2.689899 0.535049
v -3.490662 3.423592 0.680988
v -3.490662 3.490663 0.000001
v -4.104585 2.742596 0.000001
v -3.490661 -3.423590 0.680999
v -2.742595 -4.104586 0.000001
v -2.742595 -4.025716 0.800770
v -2.742595 -3.792141 1.570762
v -3.490661 -3.224951 1.335823
v -2.742594 -3.412836 2.280390
v -3.490661 -2.902378 1.939312
v -2.742594 -2.902377 2.902384
v -3.490661 -2.468269 2.468275
v -3.490661 -1.939305 2.902383
v -2.742594 -2.280381 3.412841
v -2.742594 -1.570752 3.792145
v -3.490661 -1.335814 3.224954
v -2.742594 -0.800759 4.025718
v -3.490661 -0.680990 3.423592
v -2.742594 0.000006 4.104586
v -3.490661 0.000005 3.490663
v -2.742594 0.800772 4.025716
v -3.490661 0.681000 3.423590
v -3.490661 1.335824 3.224950
v -2.742594 1.570763 3.792140
v -3.490661 1.939314 2.902377
v -2.742594 2.280392 3.412834
v -2.742595 2.902385 2.902375
v -3.490661 2.468276 2.468267
v -2.742595 3.412843 2.280379
v -3.490662 2.902384 1.939303
v -2.742595 3.792146 1.570749
v -3.490662 3.224954 1.335813
v -3.490662 3.423592 0.680988
v -2.742595 4.025719 0.800757
v -2.742595 4.104586 0.000001
v -3.490662 3.490663 0.000001
v -2.742595 -4.025716 0.800770
v -1.889132 -4.560771 0.000000
v -1.889132 -4.473136 0.889767
v -1.889132 -4.213601 1.745336
v -2.742595 -3.792141 1.570762
v -2.742594 -3.412836 2.280390
v -1.889132 -3.792139 2.533834
v -2.742594 -2.902377 2.902384
v -1.889132 -3.224948 3.224956
v -1.889132 -2.533823 3.792146
v -2.742594 -2.280381 3.412841
v -1.889132 -1.745325 4.213605
v -2.742594 -1.570752 3.792145
v -2.742594 -0.800759 4.025718
v -1.889132 -0.889755 4.473138
v -2.742594 0.000006 4.104586
v -1.889132 0.000007 4.560771
v -2.742594 0.800772 4.025716
v -1.889132 0.889770 4.473135
v -1.889132 1.745339 4.213600
v -2.742594 1.570763 3.792140
v -2.742594 2.280392 3.412834
v -1.889132 2.533836 3.792137
v -1.889132 3.224958 3.224946
v -2.742595 2.902385 2.902375
v -2.742595 3.412843 2.280379
v -1.889132 3.792147 2.533821
v -2.742595 3.792146 1.570749
v -1.889133 4.213606 1.745323
v -1.889133 4.473139 0.889753
v -2.742595 4.025719 0.800757
v -1.889133 4.560771 0.000000
v -2.742595 4.104586 0.000001
v -0.963071 -4.748656 0.944572
v -1.889132 -4.473136 0.889767
v -0.963071 -4.841689 0.000000
v -1.889132 -4.213601 1.745336
v -0.963071 -4.473135 1.852839
v -0.963071 -4.025714 2.689903
v -1.889132 -3.792139 2.533834
v -0.963071 -3.423586 3.423595
v -1.889132 -3.224948 3.224956
v -0.963071 -2.689893 4.025720
v -1.889132 -2.533823 3.792146
v -1.889132 -1.745325 4.213605
v -0.963071 -1.852827 4.473139
v -1.889132 -0.889755 4.473138
v -0.963071 1.852842 4.473133
v -1.889132 1.745339 4.213600
v -0.963071 2.689906 4.025712
v -1.889132 2.533836 3.792137
v -0.963071 3.423597 3.423584
v -1.889132 3.224958 3.224946
v -1.889132 3.792147 2.533821
v -0.963071 4.025723 2.689890
v -1.889133 4.213606 1.745323
v -0.963071 4.473141 1.852825
v -1.889133 4.473139 0.889753
v -0.963072 4.748659 0.944556
v -0.963072 4.841689 0.000000
v -1.889133 4.560771 0.000000
v 0.000000 -4.841688 0.963077
v -0.963071 -4.748656 0.944572
v -0.000000 -4.936543 0.000000
v -0.963071 -4.473135 1.852839
v 0.000000 -4.560769 1.889138
v -0.963071 -4.025714 2.689903
v 0.000000 -4.104582 2.742601
v -0.963071 -3.423586 3.423595
v 0.000000 -3.490659 3.490667
v 0.000001 -2.742591 4.104589
v -0.963071 -2.689893 4.025720
v 0.000001 -1.889127 4.560773
v -0.963071 -1.852827 4.473139
v 0.000000 2.742604 4.104580
v -0.963071 2.689906 4.025712
v 0.000000 1.889141 4.560767
v 0.000000 3.490670 3.490656
v -0.963071 3.423597 3.423584
v -0.963071 4.025723 2.689890
v 0.000000 4.104591 2.742588
v -0.963071 4.473141 1.852825
v -0.000000 4.560775 1.889124
v -0.000000 4.841691 0.963061
v -0.963072 4.748659 0.944556
v -0.963072 4.841689 0.000000
v -0.000001 4.936543 0.000000
v 0.963071 -4.841689 -0.000000
v 0.963071 -4.748656 0.944571
v 0.963071 -4.473135 1.852839
v 0.963071 -4.748656 0.944571
v 0.963072 -4.025714 2.689903
v 0.963071 -4.473135 1.852839
v 0.963072 -3.423587 3.423595
v 0.963072 -4.025714 2.689903
v 0.963072 -3.423587 3.423595
v 1.073756 2.671252 3.997795
v 0.963071 4.025723 2.689890
v 0.963071 3.423598 3.423584
v 0.963071 4.473141 1.852824
v 0.963071 4.025723 2.689890
v 0.963071 4.473141 1.852824
v 0.963071 4.748659 0.944556
v 0.963071 4.748659 0.944556
v 0.963071 4.841689 -0.000000
v 0.963071 -4.841689 -0.000000
v 1.889132 -4.560771 -0.000000
v 1.889132 -4.473136 0.889767
v 1.889132 -4.213601 1.745336
v 1.889132 -4.473136 0.889767
v 1.889132 -4.213601 1.745336
v 1.889132 -3.792140 2.533833
v 1.889132 -3.792140 2.533833
v 1.889133 -3.224948 3.224956
v 1.889132 4.213607 1.745322
v 1.889132 3.792148 2.533820
v 1.889132 4.473139 0.889752
v 1.889132 4.213607 1.745322
v 1.889132 4.560771 -0.000000
v 1.889132 4.473139 0.889752
v 2.742596 -4.025716 0.800769
v 1.889132 -4.560771 -0.000000
v 2.742595 -4.104586 -0.000001
v 2.742596 -3.792141 1.570760
v 2.742596 -4.025716 0.800769
v 2.742596 -3.412835 2.280389
v 2.742596 -3.792141 1.570760
v 2.742596 -2.902376 2.902383
v 2.742596 -3.412835 2.280389
v 2.795307 3.983291 0.792316
v 2.851375 4.015312 -0.000001
v 3.490662 -3.423590 0.680997
v 2.742595 -4.104586 -0.000001
v 3.490662 -3.490663 -0.000001
v 3.490662 -3.423590 0.680997
v 3.490662 -3.224950 1.335822
v 3.490663 -2.862467 2.187129
v 3.490662 -3.490663 -0.000001
v 4.333032 -2.734087 -0.000001
v 4.294358 -2.788610 0.465790
v 4.294358 -2.788610 0.465790
v 4.164201 -2.840144 1.006866
v 2.210513 3.649317 2.438384
v 2.591372 3.866824 1.601681
v 0.605751 -1.868500 4.510976
v 0.255796 -1.686034 4.602171
v 0.058490 -1.522587 4.671961
v 2.801085 -2.785630 2.998194
v 1.869893 -2.536476 3.802702
v 1.889133 -3.224948 3.224956
v 1.869893 -2.536476 3.802702
v 0.249783 1.762649 4.579545
v 1.073756 2.671252 3.997795
v 1.849469 3.409723 3.046516
v 2.591372 3.866824 1.601681
v 2.795307 3.983291 0.792316
v 2.801085 -2.785630 2.998194
v 2.742596 -2.902376 2.902383
v 3.490663 -2.862467 2.187129
v -4.834347 -1.163895 -0.231513
v -4.560770 -1.852834 -0.368553
v -4.560770 -1.745331 -0.722941
v -4.834347 -1.163895 -0.231513
v -4.834347 -1.096365 -0.454130
v -4.834346 -0.986702 -0.659294
v -4.560770 -1.570756 -1.049547
v -4.834347 -1.096365 -0.454130
v -4.560770 -1.335818 -1.335820
v -4.834346 -0.986702 -0.659294
v -4.834346 -0.839121 -0.839122
v -4.834346 -0.659293 -0.986703
v -4.560770 -1.049544 -1.570757
v -4.834346 -0.839121 -0.839122
v -4.560770 -0.722938 -1.745332
v -4.834346 -0.659293 -0.986703
v -4.834346 -0.454128 -1.096365
v -4.560770 -0.368549 -1.852834
v -4.834346 -0.454128 -1.096365
v -4.834346 -0.231512 -1.163894
v -4.834347 0.000002 -1.186696
v -4.560770 0.000003 -1.889132
v -4.834346 -0.231512 -1.163894
v -4.834346 0.231515 -1.163894
v -4.560770 0.368555 -1.852832
v -4.834347 0.000002 -1.186696
v -4.834346 0.454131 -1.096363
v -4.560770 0.722943 -1.745329
v -4.834346 0.231515 -1.163894
v -4.834346 0.659295 -0.986700
v -4.560770 1.049549 -1.570754
v -4.834346 0.454131 -1.096363
v -4.560770 1.335821 -1.335815
v -4.834346 0.659295 -0.986700
v -4.834346 0.839123 -0.839119
v -4.834346 0.986704 -0.659291
v -4.560770 1.570759 -1.049542
v -4.834346 0.839123 -0.839119
v -4.834346 1.096366 -0.454126
v -4.560770 1.745333 -0.722935
v -4.834346 0.986704 -0.659291
v -4.560770 1.852835 -0.368547
v -4.834346 1.096366 -0.454126
v -4.834346 1.163895 -0.231510
v -4.834346 1.163895 -0.231510
v -4.104585 -2.689898 -0.535056
v -4.560770 -1.852834 -0.368553
v -4.560770 -1.745331 -0.722941
v -4.104585 -2.533828 -1.049548
v -4.560770 -1.570756 -1.049547
v -4.104585 -2.280384 -1.523707
v -4.104585 -1.939306 -1.939310
v -4.560770 -1.335818 -1.335820
v -4.104585 -1.523702 -2.280387
v -4.560770 -1.049544 -1.570757
v -4.560770 -0.722938 -1.745332
v -4.104585 -1.049543 -2.533829
v -4.104585 -0.535050 -2.689898
v -4.560770 -0.368549 -1.852834
v -4.560770 0.000003 -1.889132
v -4.104585 0.000004 -2.742595
v -4.560770 0.368555 -1.852832
v -4.104585 0.535058 -2.689896
v -4.104585 1.049550 -2.533826
v -4.560770 0.722943 -1.745329
v -4.560770 1.049549 -1.570754
v -4.104585 1.523709 -2.280382
v -4.104585 1.939312 -1.939304
v -4.560770 1.335821 -1.335815
v -4.560770 1.570759 -1.049542
v -4.104585 2.280388 -1.523699
v -4.560770 1.745333 -0.722935
v -4.104585 2.533831 -1.049540
v -4.560770 1.852835 -0.368547
v -4.104585 2.689899 -0.535047
v -3.490662 -3.423590 -0.680997
v -4.104585 -2.689898 -0.535056
v -3.490662 -3.224951 -1.335822
v -4.104585 -2.533828 -1.049548
v -4.104585 -2.280384 -1.523707
v -3.490662 -2.902378 -1.939311
v -3.490662 -2.468269 -2.468273
v -4.104585 -1.939306 -1.939310
v -4.104585 -1.523702 -2.280387
v -3.490662 -1.939305 -2.902382
v -3.490663 -1.335814 -3.224953
v -4.104585 -1.049543 -2.533829
v -3.490663 -0.680990 -3.423591
v -4.104585 -0.535050 -2.689898
v -4.104585 0.000004 -2.742595
v -3.490663 0.000005 -3.490662
v -4.104585 0.535058 -2.689896
v -3.490663 0.681000 -3.423589
v -3.490663 1.335824 -3.224948
v -4.104585 1.049550 -2.533826
v -4.104585 1.523709 -2.280382
v -3.490662 1.939314 -2.902375
v -3.490662 2.468276 -2.468266
v -4.104585 1.939312 -1.939304
v -4.104585 2.280388 -1.523699
v -3.490663 2.902384 -1.939302
v -4.104585 2.533831 -1.049540
v -3.490662 3.224954 -1.335811
v -4.104585 2.689899 -0.535047
v -3.490662 3.423592 -0.680986
v -3.490662 -3.423590 -0.680997
v -2.742595 -4.025716 -0.800769
v -2.742595 -3.792141 -1.570760
v -3.490662 -3.224951 -1.335822
v -2.742595 -3.412836 -2.280389
v -3.490662 -2.902378 -1.939311
v -2.742595 -2.902377 -2.902383
v -3.490662 -2.468269 -2.468273
v -3.490662 -1.939305 -2.902382
v -2.742596 -2.280381 -3.412840
v -2.742596 -1.570752 -3.792144
v -3.490663 -1.335814 -3.224953
v -2.742596 -0.800759 -4.025717
v -3.490663 -0.680990 -3.423591
v -2.742596 0.000006 -4.104585
v -3.490663 0.000005 -3.490662
v -2.742596 0.800772 -4.025715
v -3.490663 0.681000 -3.423589
v -3.490663 1.335824 -3.224948
v -2.742596 1.570763 -3.792139
v -3.490662 1.939314 -2.902375
v -2.742596 2.280392 -3.412833
v -2.742596 2.902385 -2.902374
v -3.490662 2.468276 -2.468266
v -2.742596 3.412843 -2.280378
v -3.490663 2.902384 -1.939302
v -2.742596 3.792146 -1.570748
v -3.490662 3.224954 -1.335811
v -3.490662 3.423592 -0.680986
v -2.742596 4.025719 -0.800756
v -2.742595 -4.025716 -0.800769
v -1.889133 -4.473136 -0.889766
v -1.889133 -4.213601 -1.745336
v -2.742595 -3.792141 -1.570760
v -2.742595 -3.412836 -2.280389
v -1.889133 -3.792139 -2.533833
v -2.742595 -2.902377 -2.902383
v -1.889133 -3.224948 -3.224955
v -1.889133 -2.533823 -3.792145
v -2.742596 -2.280381 -3.412840
v -1.889133 -1.745325 -4.213604
v -2.742596 -1.570752 -3.792144
v -2.742596 -0.800759 -4.025717
v -1.889134 -0.889755 -4.473137
v -2.742596 0.000006 -4.104585
v -1.889134 0.000007 -4.560770
v -2.742596 0.800772 -4.025715
v -1.889134 0.889770 -4.473135
v -1.889134 1.745339 -4.213599
v -2.742596 1.570763 -3.792139
v -2.742596 2.280392 -3.412833
v -1.889134 2.533836 -3.792136
v -1.889133 3.224958 -3.224945
v -2.742596 2.902385 -2.902374
v -2.742596 3.412843 -2.280378
v -1.889133 3.792147 -2.533820
v -2.742596 3.792146 -1.570748
v -1.889133 4.213606 -1.745322
v -1.889133 4.473139 -0.889752
v -2.742596 4.025719 -0.800756
v -0.963072 -4.748656 -0.944571
v -1.889133 -4.473136 -0.889766
v -1.889133 -4.213601 -1.745336
v -0.963072 -4.473135 -1.852839
v -0.963072 -4.025714 -2.689902
v -1.889133 -3.792139 -2.533833
v -0.963072 -3.423586 -3.423594
v -1.889133 -3.224948 -3.224955
v -0.963072 -2.689893 -4.025720
v -1.889133 -2.533823 -3.792145
v -1.889133 -1.745325 -4.213604
v -0.963072 -1.852827 -4.473139
v -1.889134 -0.889755 -4.473137
v -0.963073 1.852842 -4.473133
v -1.889134 1.745339 -4.213599
v -0.963073 2.689906 -4.025712
v -1.889134 2.533836 -3.792136
v -0.963073 3.423597 -3.423583
v -1.889133 3.224958 -3.224945
v -1.889133 3.792147 -2.533820
v -0.963072 4.025723 -2.689889
v -1.889133 4.213606 -1.745322
v -0.963072 4.473141 -1.852824
v -1.889133 4.473139 -0.889752
v -0.963072 4.748659 -0.944556
v -0.000000 -4.841688 -0.963077
v -0.963072 -4.748656 -0.944571
v -0.963072 -4.473135 -1.852839
v -0.000001 -4.560769 -1.889138
v -0.963072 -4.025714 -2.689902
v -0.000001 -4.104582 -2.742601
v -0.963072 -3.423586 -3.423594
v -0.000001 -3.490659 -3.490667
v -0.000001 -2.742591 -4.104589
v -0.963072 -2.689893 -4.025720
v -0.000001 -1.889127 -4.560773
v -0.963072 -1.852827 -4.473139
v -0.000001 2.742604 -4.104580
v -0.000001 1.889141 -4.560767
v -0.963073 2.689906 -4.025712
v -0.000001 3.490670 -3.490656
v -0.963073 3.423597 -3.423583
v -0.963072 4.025723 -2.689889
v -0.000001 4.104591 -2.742588
v -0.963072 4.473141 -1.852824
v -0.000001 4.560775 -1.889124
v -0.000001 4.841691 -0.963061
v -0.963072 4.748659 -0.944556
v 0.963071 -4.748656 -0.944572
v 0.963071 -4.473135 -1.852839
v 0.963071 -4.748656 -0.944572
v 0.963071 -4.025714 -2.689903
v 0.963071 -4.473135 -1.852839
v 0.963070 -3.423587 -3.423595
v 0.963071 -4.025714 -2.689903
v 0.963070 -3.423587 -3.423595
v 1.073754 2.671252 -3.997795
v 0.963070 4.025723 -2.689890
v 0.963070 3.423598 -3.423584
v 0.963070 4.473141 -1.852825
v 0.963070 4.025723 -2.689890
v 0.963071 4.748659 -0.944556
v 0.963070 4.473141 -1.852825
v 0.963071 4.748659 -0.944556
v 1.889132 -4.473136 -0.889767
v 1.889132 -4.213601 -1.745337
v 1.889132 -4.473136 -0.889767
v 1.889132 -3.792140 -2.533834
v 1.889132 -4.213601 -1.745337
v 1.889131 -3.224948 -3.224957
v 1.889132 -3.792140 -2.533834
v 1.889131 4.213607 -1.745323
v 1.889131 3.792148 -2.533821
v 1.889131 4.473139 -0.889753
v 1.889131 4.213607 -1.745323
v 1.889131 4.473139 -0.889753
v 2.742595 -4.025716 -0.800770
v 2.742595 -3.792141 -1.570762
v 2.742595 -4.025716 -0.800770
v 2.742595 -3.412835 -2.280390
v 2.742595 -3.792141 -1.570762
v 2.742595 -2.902376 -2.902384
v 2.742595 -3.412835 -2.280390
v 2.795306 3.983291 -0.792317
v 3.490662 -3.423590 -0.680999
v 3.490662 -3.423590 -0.680999
v 3.490662 -2.862467 -2.187130
v 3.490662 -3.224950 -1.335823
v 4.294358 -2.788610 -0.465792
v 4.164201 -2.840144 -1.006868
v 4.294358 -2.788610 -0.465792
v 2.210512 3.649317 -2.438385
v 2.591371 3.866824 -1.601682
v 0.058488 -1.522587 -4.671961
v 0.255794 -1.686034 -4.602171
v 0.605749 -1.868500 -4.510976
v 1.869892 -2.536476 -3.802703
v 2.801084 -2.785630 -2.998195
v 1.869892 -2.536476 -3.802703
v 1.889131 -3.224948 -3.224957
v 0.249781 1.762649 -4.579545
v 1.073754 2.671252 -3.997795
v 1.849468 3.409723 -3.046517
v 2.591371 3.866824 -1.601682
v 2.795306 3.983291 -0.792317
v 2.801084 -2.785630 -2.998195
v 3.490662 -2.862467 -2.187130
v 2.742595 -2.902376 -2.902384
v -1.349903 -0.355884 4.812354
v -0.963071 0.233875 4.818654
v -0.418526 0.955038 4.801257
v 0.249783 1.762649 4.579545
v 0.963072 -2.085302 4.348879
v 0.605751 -1.868500 4.510976
v 0.000001 -1.889127 4.560773
v 0.058490 -1.522587 4.671961
v -0.632980 -0.949778 4.774894
v -0.963071 -0.944559 4.748657
v -0.963071 -0.944559 4.748657
v -0.904581 -0.724785 4.800639
v -1.349903 -0.355884 4.812354
v -0.963073 0.233875 -4.818654
v -1.349905 -0.355884 -4.812353
v 0.249781 1.762649 -4.579545
v -0.418528 0.955038 -4.801257
v -0.000001 -1.889127 -4.560773
v 0.605749 -1.868500 -4.510976
v 0.963070 -2.085302 -4.348879
v -0.963073 -0.944559 -4.748657
v -0.632982 -0.949778 -4.774894
v 0.058488 -1.522587 -4.671961
v -1.349905 -0.355884 -4.812353
v -0.904583 -0.724785 -4.800639
v -0.963073 -0.944559 -4.748657
vn 0.3210 0.7109 0.6258
vn 0.4711 0.7514 0.4620
vn 0.3803 0.7721 0.5091
vn 0.1649 0.5740 0.8021
vn 0.3209 0.7109 0.6258
vn 0.1998 0.6875 0.6982
vn -0.2548 0.1138 0.9603
vn -0.0810 0.2276 0.9704
vn -0.1891 0.1948 0.9624
vn -0.2169 -0.2420 0.9457
vn -0.0895 -0.2669 0.9596
vn -0.2586 -0.2005 0.9449
vn 0.1921 -0.5464 0.8152
vn 0.3370 -0.5747 0.7458
vn 0.1544 -0.4677 0.8703
vn 0.5974 -0.7763 0.2011
vn 0.5846 -0.7070 0.3981
vn 0.6078 -0.7477 0.2673
vn 0.3210 0.7109 -0.6258
vn 0.3803 0.7721 -0.5091
vn 0.4711 0.7514 -0.4620
vn 0.1649 0.5740 -0.8021
vn 0.1998 0.6875 -0.6982
vn 0.3209 0.7109 -0.6258
vn -0.2548 0.1138 -0.9603
vn -0.1890 0.1949 -0.9624
vn -0.0810 0.2276 -0.9704
vn -0.2169 -0.2420 -0.9457
vn -0.2586 -0.2005 -0.9449
vn -0.0895 -0.2669 -0.9596
vn 0.1921 -0.5464 -0.8152
vn 0.1544 -0.4677 -0.8703
vn 0.3370 -0.5747 -0.7458
vn 0.5974 -0.7763 -0.2011
vn 0.6078 -0.7477 -0.2673
vn 0.5846 -0.7070 -0.3981
vn -0.9318 -0.3559 0.0708
vn -0.9318 -0.3629 -0.0000
vn -0.9071 -0.4209 -0.0000
vn -0.9071 -0.4129 0.0821
vn -0.9071 -0.3889 0.1611
vn -0.9318 -0.3353 0.1389
vn -0.9318 -0.3018 0.2016
vn -0.9071 -0.3500 0.2338
vn -0.9071 -0.2977 0.2976
vn -0.9318 -0.2566 0.2566
vn -0.9318 -0.3017 0.2016
vn -0.9071 -0.3500 0.2339
vn -0.9318 -0.2016 0.3017
vn -0.9071 -0.2976 0.2977
vn -0.9071 -0.2339 0.3500
vn -0.9071 -0.1611 0.3889
vn -0.9318 -0.1389 0.3353
vn -0.9318 -0.2016 0.3018
vn -0.9071 -0.2338 0.3500
vn -0.9071 -0.0821 0.4128
vn -0.9318 -0.0708 0.3559
vn -0.9318 -0.0000 0.3629
vn -0.9071 -0.0821 0.4129
vn -0.9071 -0.0000 0.4209
vn -0.9318 0.0708 0.3559
vn -0.9071 0.0821 0.4129
vn -0.9318 0.1389 0.3353
vn -0.9071 0.1611 0.3889
vn -0.9318 0.2016 0.3018
vn -0.9071 0.2338 0.3500
vn -0.9071 0.2976 0.2977
vn -0.9318 0.2566 0.2566
vn -0.9318 0.2016 0.3017
vn -0.9071 0.2339 0.3500
vn -0.9318 0.3017 0.2016
vn -0.9071 0.2977 0.2976
vn -0.9071 0.3500 0.2339
vn -0.9318 0.3353 0.1389
vn -0.9318 0.3018 0.2016
vn -0.9071 0.3500 0.2338
vn -0.9071 0.3889 0.1611
vn -0.9071 0.4128 0.0821
vn -0.9318 0.3559 0.0708
vn -0.9318 0.3629 -0.0000
vn -0.9071 0.4129 0.0821
vn -0.9071 0.4210 -0.0000
vn -0.8287 -0.5490 0.1092
vn -0.9071 -0.4210 -0.0000
vn -0.8287 -0.5598 -0.0000
vn -0.8287 -0.5172 0.2142
vn -0.8287 -0.5171 0.2142
vn -0.8287 -0.4654 0.3110
vn -0.8287 -0.3958 0.3958
vn -0.9071 -0.2977 0.2977
vn -0.8287 -0.3110 0.4654
vn -0.8287 -0.2142 0.5171
vn -0.8287 -0.1092 0.5490
vn -0.8287 -0.2142 0.5172
vn -0.9071 -0.0000 0.4210
vn -0.8287 -0.0000 0.5598
vn -0.8287 0.1092 0.5490
vn -0.8287 0.2142 0.5172
vn -0.8287 0.2142 0.5171
vn -0.8287 0.3110 0.4654
vn -0.8287 0.3958 0.3958
vn -0.9071 0.2977 0.2977
vn -0.8287 0.4654 0.3110
vn -0.8287 0.5172 0.2142
vn -0.8287 0.5490 0.1092
vn -0.8287 0.5597 -0.0000
vn -0.7041 -0.6965 0.1385
vn -0.8286 -0.5491 0.1092
vn -0.8286 -0.5598 -0.0000
vn -0.7041 -0.7101 -0.0000
vn -0.7041 -0.6561 0.2717
vn -0.8286 -0.5172 0.2142
vn -0.8286 -0.5490 0.1092
vn -0.7041 -0.6965 0.1386
vn -0.8286 -0.4654 0.3110
vn -0.8286 -0.5172 0.2143
vn -0.7041 -0.6561 0.2718
vn -0.7041 -0.5904 0.3945
vn -0.7041 -0.5021 0.5021
vn -0.8286 -0.3958 0.3958
vn -0.8286 -0.3110 0.4655
vn -0.7041 -0.3945 0.5904
vn -0.7041 -0.2718 0.6561
vn -0.8286 -0.2142 0.5172
vn -0.8286 -0.3110 0.4654
vn -0.7041 -0.3945 0.5905
vn -0.7041 -0.1385 0.6965
vn -0.8286 -0.1092 0.5490
vn -0.7041 -0.2717 0.6561
vn -0.8286 -0.0000 0.5598
vn -0.7041 -0.0000 0.7101
vn -0.8286 0.1092 0.5490
vn -0.7041 0.1385 0.6965
vn -0.7041 0.2717 0.6561
vn -0.8286 0.2142 0.5172
vn -0.7041 0.1386 0.6965
vn -0.8286 0.3110 0.4654
vn -0.8286 0.2143 0.5172
vn -0.7041 0.2718 0.6561
vn -0.7041 0.3945 0.5904
vn -0.7041 0.5021 0.5021
vn -0.8286 0.3958 0.3958
vn -0.8286 0.4654 0.3110
vn -0.8286 0.3959 0.3958
vn -0.7041 0.5904 0.3945
vn -0.8286 0.5172 0.2142
vn -0.8286 0.4655 0.3110
vn -0.7041 0.5905 0.3945
vn -0.7041 0.6561 0.2718
vn -0.8286 0.5490 0.1092
vn -0.7041 0.6561 0.2717
vn -0.7041 0.6965 0.1385
vn -0.7041 0.7101 -0.0000
vn -0.8286 0.5598 -0.0000
vn -0.7040 -0.6965 0.1385
vn -0.5528 -0.8333 -0.0000
vn -0.5528 -0.8173 0.1625
vn -0.5528 -0.7699 0.3189
vn -0.7040 -0.6561 0.2717
vn -0.7040 -0.6965 0.1386
vn -0.5528 -0.8173 0.1626
vn -0.5528 -0.6929 0.4629
vn -0.7040 -0.5905 0.3945
vn -0.7040 -0.6561 0.2718
vn -0.5528 -0.5893 0.5892
vn -0.7040 -0.5022 0.5021
vn -0.7040 -0.5905 0.3946
vn -0.5528 -0.6929 0.4630
vn -0.7040 -0.3946 0.5905
vn -0.7040 -0.5021 0.5022
vn -0.5528 -0.5892 0.5893
vn -0.5528 -0.4630 0.6929
vn -0.5528 -0.3189 0.7699
vn -0.7040 -0.2718 0.6561
vn -0.7040 -0.3945 0.5905
vn -0.5528 -0.4629 0.6929
vn -0.5528 -0.1626 0.8173
vn -0.7040 -0.1386 0.6965
vn -0.7040 -0.2717 0.6561
vn -0.5528 -0.0000 0.8333
vn -0.7040 -0.0000 0.7102
vn -0.7040 -0.1385 0.6965
vn -0.5528 -0.1625 0.8173
vn -0.5528 0.1625 0.8173
vn -0.7040 0.1385 0.6965
vn -0.7040 0.2717 0.6561
vn -0.7040 0.1386 0.6965
vn -0.5528 0.1626 0.8173
vn -0.5528 0.3189 0.7699
vn -0.7040 0.3945 0.5905
vn -0.7040 0.2718 0.6561
vn -0.5528 0.4629 0.6929
vn -0.5528 0.5892 0.5893
vn -0.7040 0.5021 0.5022
vn -0.7040 0.3946 0.5905
vn -0.5528 0.4630 0.6929
vn -0.5528 0.6929 0.4630
vn -0.7040 0.5905 0.3946
vn -0.7040 0.5022 0.5021
vn -0.5528 0.5893 0.5892
vn -0.5528 0.7699 0.3189
vn -0.7040 0.6561 0.2718
vn -0.7040 0.5905 0.3945
vn -0.5528 0.6929 0.4629
vn -0.7040 0.6965 0.1386
vn -0.7040 0.6561 0.2717
vn -0.5528 0.8173 0.1626
vn -0.5528 0.8333 -0.0000
vn -0.7040 0.6965 0.1385
vn -0.5528 0.8173 0.1625
vn -0.5527 -0.8334 -0.0000
vn -0.3806 -0.9247 -0.0000
vn -0.3806 -0.9070 0.1804
vn -0.3806 -0.8544 0.3539
vn -0.3806 -0.8543 0.3539
vn -0.3806 -0.7689 0.5137
vn -0.5528 -0.5893 0.5893
vn -0.3806 -0.7689 0.5138
vn -0.3806 -0.6539 0.6539
vn -0.3806 -0.5138 0.7689
vn -0.3806 -0.3539 0.8543
vn -0.3806 -0.5137 0.7689
vn -0.3806 -0.3539 0.8544
vn -0.3968 -0.2054 0.8946
vn -0.3968 -0.2054 0.8947
vn -0.3943 0.0073 0.9189
vn -0.3943 0.0073 0.9190
vn -0.3815 0.1864 0.9054
vn -0.3806 0.3539 0.8544
vn -0.3816 0.1864 0.9054
vn -0.3806 0.3539 0.8543
vn -0.3806 0.5137 0.7689
vn -0.3806 0.6539 0.6539
vn -0.5528 0.5893 0.5893
vn -0.3806 0.5138 0.7689
vn -0.3806 0.7689 0.5138
vn -0.3806 0.7689 0.5137
vn -0.3806 0.8543 0.3539
vn -0.3806 0.9070 0.1804
vn -0.3806 0.8544 0.3539
vn -0.3806 0.9247 -0.0000
vn -0.5527 0.8334 -0.0000
vn -0.1940 -0.9622 0.1914
vn -0.3805 -0.9070 0.1804
vn -0.3805 -0.9248 -0.0000
vn -0.1939 -0.9810 -0.0000
vn -0.3805 -0.8544 0.3539
vn -0.1939 -0.9622 0.1914
vn -0.1940 -0.9063 0.3754
vn -0.1940 -0.8157 0.5450
vn -0.3805 -0.7689 0.5137
vn -0.1939 -0.9063 0.3754
vn -0.1940 -0.6937 0.6937
vn -0.3805 -0.6539 0.6539
vn -0.3805 -0.7689 0.5138
vn -0.1939 -0.8157 0.5450
vn -0.1940 -0.5450 0.8157
vn -0.3805 -0.5138 0.7689
vn -0.1939 -0.6937 0.6937
vn -0.3805 -0.3539 0.8544
vn -0.1939 -0.5450 0.8157
vn -0.1926 -0.3741 0.9072
vn -0.1926 -0.3740 0.9072
vn -0.1880 0.3734 0.9084
vn -0.3805 0.3539 0.8544
vn -0.1891 0.1949 0.9624
vn -0.1940 0.5450 0.8157
vn -0.3805 0.5137 0.7689
vn -0.1881 0.3734 0.9084
vn -0.1940 0.6937 0.6937
vn -0.3805 0.6539 0.6539
vn -0.3805 0.5138 0.7689
vn -0.1939 0.5450 0.8157
vn -0.3805 0.7689 0.5138
vn -0.1939 0.6937 0.6937
vn -0.1940 0.8157 0.5450
vn -0.3805 0.8544 0.3539
vn -0.1939 0.8157 0.5450
vn -0.1940 0.9063 0.3754
vn -0.3805 0.9070 0.1805
vn -0.1939 0.9063 0.3754
vn -0.1940 0.9622 0.1914
vn -0.1939 0.9810 -0.0000
vn -0.3805 0.9248 -0.0000
vn -0.3805 0.9070 0.1804
vn -0.1939 0.9622 0.1914
vn -0.0000 -0.9808 0.1951
vn -0.0000 -1.0000 -0.0000
vn -0.1939 -0.9064 0.3754
vn -0.0000 -0.9239 0.3827
vn -0.0000 -0.8315 0.5556
vn -0.0000 -0.7071 0.7071
vn -0.0002 -0.5562 0.8310
vn -0.0058 -0.3850 0.9229
vn -0.1925 -0.3741 0.9072
vn 0.0101 0.5511 0.8344
vn -0.0148 0.3890 0.9211
vn 0.0027 0.7051 0.7091
vn 0.0101 0.5512 0.8343
vn 0.0028 0.7052 0.7090
vn -0.0000 0.8315 0.5556
vn -0.0000 0.9239 0.3827
vn -0.0000 0.9808 0.1951
vn -0.1939 0.9064 0.3754
vn -0.0000 1.0000 -0.0000
vn 0.1939 -0.9810 -0.0000
vn 0.1939 -0.9622 0.1914
vn 0.1939 -0.9064 0.3754
vn 0.1939 -0.8157 0.5450
vn 0.1939 -0.9063 0.3754
vn 0.1934 -0.6941 0.6934
vn 0.1920 -0.5464 0.8152
vn 0.1997 0.6875 0.6982
vn 0.1913 0.8176 0.5431
vn 0.1939 0.9063 0.3754
vn 0.1939 0.9064 0.3754
vn 0.1939 0.9622 0.1914
vn 0.1939 0.9810 -0.0000
vn 0.3805 -0.9248 -0.0000
vn 0.3805 -0.9070 0.1804
vn 0.3805 -0.8544 0.3539
vn 0.1940 -0.9622 0.1914
vn 0.3805 -0.9070 0.1805
vn 0.1940 -0.9063 0.3754
vn 0.3805 -0.7689 0.5138
vn 0.1935 -0.6941 0.6934
vn 0.1940 -0.8157 0.5450
vn 0.3754 -0.6600 0.6507
vn 0.3822 0.8543 0.3522
vn 0.1914 0.8176 0.5431
vn 0.3802 0.7722 0.5091
vn 0.3864 0.9052 0.1767
vn 0.1940 0.9063 0.3754
vn 0.3822 0.8543 0.3521
vn 0.3889 0.9213 -0.0000
vn 0.1940 0.9622 0.1914
vn 0.3864 0.9052 0.1766
vn 0.5528 -0.8173 0.1626
vn 0.3806 -0.9070 0.1804
vn 0.3806 -0.9247 -0.0000
vn 0.5527 -0.8334 -0.0000
vn 0.5465 -0.7770 0.3125
vn 0.3806 -0.8544 0.3539
vn 0.5269 -0.7161 0.4579
vn 0.3806 -0.7689 0.5137
vn 0.3806 -0.8543 0.3539
vn 0.4959 -0.6430 0.5836
vn 0.3806 -0.7689 0.5138
vn 0.3865 0.9052 0.1766
vn 0.4836 0.8617 0.1534
vn 0.4878 0.8730 -0.0000
vn 0.6297 -0.7665 0.1264
vn 0.5528 -0.8173 0.1625
vn 0.5528 -0.8333 -0.0000
vn 0.6409 -0.7676 -0.0000
vn 0.5269 -0.7161 0.4578
vn 0.6297 -0.7665 0.1263
vn 0.6479 -0.7617 -0.0000
vn 0.6316 -0.7713 0.0789
vn 0.6078 -0.7477 0.2672
vn 0.6316 -0.7713 0.0790
vn 0.5974 -0.7764 0.2011
vn 0.4711 0.7514 0.4619
vn 0.4754 0.8223 0.3128
vn 0.3823 0.8543 0.3522
vn -0.0057 -0.3849 0.9229
vn 0.0953 -0.4437 0.8911
vn 0.0873 -0.3034 0.9489
vn -0.0347 -0.2907 0.9562
vn 0.4894 -0.6172 0.6161
vn 0.3370 -0.5747 0.7457
vn 0.3754 -0.6600 0.6508
vn 0.0403 0.3846 0.9222
vn 0.1649 0.5739 0.8021
vn 0.3802 0.7721 0.5091
vn 0.1998 0.6875 0.6981
vn 0.4836 0.8617 0.1535
vn 0.5846 -0.7069 0.3981
vn -0.9318 -0.3559 -0.0708
vn -0.9071 -0.4129 -0.0821
vn -0.9071 -0.3889 -0.1611
vn -0.9318 -0.3353 -0.1389
vn -0.9318 -0.3018 -0.2016
vn -0.9071 -0.3500 -0.2338
vn -0.9071 -0.2977 -0.2976
vn -0.9071 -0.3500 -0.2339
vn -0.9318 -0.3017 -0.2016
vn -0.9318 -0.2566 -0.2566
vn -0.9318 -0.2016 -0.3017
vn -0.9071 -0.2339 -0.3500
vn -0.9071 -0.2976 -0.2977
vn -0.9071 -0.1611 -0.3889
vn -0.9071 -0.2338 -0.3500
vn -0.9318 -0.2016 -0.3018
vn -0.9318 -0.1389 -0.3353
vn -0.9071 -0.0821 -0.4129
vn -0.9318 -0.0708 -0.3559
vn -0.9318 -0.0000 -0.3629
vn -0.9071 -0.0000 -0.4209
vn -0.9318 0.0708 -0.3559
vn -0.9071 0.0821 -0.4129
vn -0.9318 0.1389 -0.3353
vn -0.9071 0.1611 -0.3889
vn -0.9071 0.0821 -0.4128
vn -0.9318 0.2016 -0.3018
vn -0.9071 0.2338 -0.3500
vn -0.9071 0.2976 -0.2977
vn -0.9071 0.2339 -0.3500
vn -0.9318 0.2016 -0.3017
vn -0.9318 0.2566 -0.2566
vn -0.9318 0.3017 -0.2016
vn -0.9071 0.3500 -0.2339
vn -0.9071 0.2977 -0.2976
vn -0.9318 0.3353 -0.1389
vn -0.9071 0.3889 -0.1611
vn -0.9071 0.3500 -0.2338
vn -0.9318 0.3018 -0.2016
vn -0.9071 0.4129 -0.0821
vn -0.9318 0.3559 -0.0708
vn -0.8287 -0.5490 -0.1092
vn -0.8287 -0.5172 -0.2142
vn -0.8287 -0.4654 -0.3110
vn -0.8287 -0.5171 -0.2142
vn -0.8287 -0.3958 -0.3958
vn -0.9071 -0.2977 -0.2977
vn -0.8287 -0.3110 -0.4654
vn -0.8287 -0.2142 -0.5171
vn -0.8287 -0.1092 -0.5490
vn -0.8287 -0.2142 -0.5172
vn -0.9071 -0.0000 -0.4210
vn -0.8287 -0.0000 -0.5598
vn -0.8287 0.1092 -0.5490
vn -0.8287 0.2142 -0.5172
vn -0.8287 0.3110 -0.4654
vn -0.8287 0.2142 -0.5171
vn -0.8287 0.3958 -0.3958
vn -0.9071 0.2977 -0.2977
vn -0.8287 0.4654 -0.3110
vn -0.8287 0.5171 -0.2142
vn -0.8287 0.5490 -0.1092
vn -0.8287 0.5172 -0.2142
vn -0.7041 -0.6965 -0.1385
vn -0.8286 -0.5491 -0.1092
vn -0.7041 -0.6561 -0.2717
vn -0.8286 -0.5490 -0.1092
vn -0.8286 -0.5172 -0.2142
vn -0.8286 -0.4654 -0.3110
vn -0.7041 -0.5905 -0.3945
vn -0.7041 -0.6561 -0.2718
vn -0.8286 -0.5172 -0.2143
vn -0.7041 -0.5021 -0.5021
vn -0.7041 -0.5904 -0.3945
vn -0.8286 -0.3958 -0.3958
vn -0.8286 -0.3110 -0.4654
vn -0.7041 -0.3945 -0.5904
vn -0.7041 -0.2718 -0.6561
vn -0.8286 -0.2142 -0.5172
vn -0.7041 -0.1385 -0.6965
vn -0.7041 -0.2717 -0.6561
vn -0.8286 -0.1092 -0.5490
vn -0.8286 -0.0000 -0.5598
vn -0.7041 -0.0000 -0.7101
vn -0.8286 0.1092 -0.5490
vn -0.7041 0.1385 -0.6965
vn -0.7041 0.2717 -0.6561
vn -0.8286 0.2142 -0.5172
vn -0.8286 0.3110 -0.4655
vn -0.7041 0.3945 -0.5905
vn -0.7041 0.2718 -0.6561
vn -0.8286 0.2143 -0.5172
vn -0.7041 0.5021 -0.5021
vn -0.7041 0.3945 -0.5904
vn -0.8286 0.3110 -0.4654
vn -0.8286 0.3958 -0.3958
vn -0.8286 0.4654 -0.3110
vn -0.7041 0.5904 -0.3945
vn -0.8286 0.3959 -0.3958
vn -0.8286 0.5172 -0.2142
vn -0.7041 0.6561 -0.2718
vn -0.8286 0.4655 -0.3110
vn -0.8286 0.5490 -0.1092
vn -0.7041 0.6965 -0.1385
vn -0.7041 0.6561 -0.2717
vn -0.8286 0.5491 -0.1092
vn -0.7040 -0.6965 -0.1385
vn -0.5528 -0.8173 -0.1625
vn -0.5528 -0.7699 -0.3189
vn -0.5528 -0.8173 -0.1626
vn -0.7040 -0.6965 -0.1386
vn -0.7040 -0.6561 -0.2717
vn -0.5528 -0.6929 -0.4629
vn -0.7040 -0.6561 -0.2718
vn -0.7040 -0.5905 -0.3945
vn -0.5528 -0.5893 -0.5892
vn -0.5528 -0.6929 -0.4630
vn -0.7040 -0.5905 -0.3946
vn -0.7040 -0.5022 -0.5021
vn -0.7040 -0.3946 -0.5905
vn -0.5528 -0.4630 -0.6929
vn -0.5528 -0.5892 -0.5893
vn -0.7040 -0.5021 -0.5022
vn -0.5528 -0.3189 -0.7699
vn -0.5528 -0.4629 -0.6929
vn -0.7040 -0.3945 -0.5905
vn -0.7040 -0.2718 -0.6561
vn -0.5528 -0.1626 -0.8173
vn -0.7040 -0.2717 -0.6561
vn -0.7040 -0.1386 -0.6965
vn -0.5528 -0.0000 -0.8333
vn -0.5528 -0.1625 -0.8173
vn -0.7040 -0.1385 -0.6965
vn -0.7040 -0.0000 -0.7102
vn -0.5528 0.1625 -0.8173
vn -0.7040 0.1385 -0.6965
vn -0.7040 0.2717 -0.6561
vn -0.5528 0.3189 -0.7699
vn -0.5528 0.1626 -0.8173
vn -0.7040 0.1386 -0.6965
vn -0.7040 0.3945 -0.5905
vn -0.5528 0.4629 -0.6929
vn -0.7040 0.2718 -0.6561
vn -0.5528 0.5892 -0.5893
vn -0.5528 0.4630 -0.6929
vn -0.7040 0.3946 -0.5905
vn -0.7040 0.5021 -0.5022
vn -0.5528 0.6929 -0.4630
vn -0.5528 0.5893 -0.5892
vn -0.7040 0.5022 -0.5021
vn -0.7040 0.5905 -0.3946
vn -0.5528 0.7699 -0.3189
vn -0.5528 0.6929 -0.4629
vn -0.7040 0.5905 -0.3945
vn -0.7040 0.6561 -0.2718
vn -0.7040 0.6965 -0.1386
vn -0.5528 0.8173 -0.1626
vn -0.7040 0.6561 -0.2717
vn -0.5528 0.8173 -0.1625
vn -0.7040 0.6965 -0.1385
vn -0.3806 -0.9070 -0.1804
vn -0.3806 -0.8544 -0.3539
vn -0.3806 -0.7689 -0.5137
vn -0.3806 -0.8543 -0.3539
vn -0.5528 -0.5893 -0.5893
vn -0.3806 -0.6539 -0.6539
vn -0.3806 -0.7689 -0.5138
vn -0.3806 -0.5138 -0.7689
vn -0.3806 -0.3539 -0.8543
vn -0.3806 -0.5137 -0.7689
vn -0.3968 -0.2054 -0.8946
vn -0.3806 -0.3539 -0.8544
vn -0.3943 0.0073 -0.9189
vn -0.3968 -0.2054 -0.8947
vn -0.3815 0.1864 -0.9054
vn -0.3806 0.3539 -0.8544
vn -0.3816 0.1864 -0.9054
vn -0.3806 0.5137 -0.7689
vn -0.3806 0.3539 -0.8543
vn -0.3806 0.6539 -0.6539
vn -0.3806 0.5138 -0.7689
vn -0.5528 0.5893 -0.5893
vn -0.3806 0.7689 -0.5138
vn -0.3806 0.8543 -0.3539
vn -0.3806 0.7689 -0.5137
vn -0.3806 0.9070 -0.1804
vn -0.3806 0.8544 -0.3539
vn -0.1939 -0.9622 -0.1914
vn -0.3805 -0.9070 -0.1804
vn -0.3805 -0.8544 -0.3539
vn -0.1939 -0.9063 -0.3754
vn -0.1940 -0.9622 -0.1914
vn -0.3805 -0.9070 -0.1805
vn -0.1939 -0.8157 -0.5450
vn -0.1940 -0.9063 -0.3754
vn -0.3805 -0.7689 -0.5138
vn -0.1939 -0.6937 -0.6937
vn -0.1940 -0.8157 -0.5450
vn -0.3805 -0.6539 -0.6539
vn -0.1939 -0.5450 -0.8157
vn -0.1940 -0.6937 -0.6937
vn -0.3805 -0.5138 -0.7689
vn -0.3805 -0.3539 -0.8544
vn -0.1926 -0.3741 -0.9072
vn -0.1940 -0.5450 -0.8157
vn -0.3805 -0.5137 -0.7689
vn -0.1926 -0.3740 -0.9072
vn -0.1880 0.3734 -0.9084
vn -0.1891 0.1949 -0.9624
vn -0.3805 0.3539 -0.8544
vn -0.1940 0.5450 -0.8157
vn -0.1881 0.3734 -0.9084
vn -0.3805 0.5138 -0.7689
vn -0.1939 0.6937 -0.6937
vn -0.3805 0.6539 -0.6539
vn -0.3805 0.7689 -0.5138
vn -0.1939 0.8157 -0.5450
vn -0.1940 0.6937 -0.6937
vn -0.3805 0.8544 -0.3539
vn -0.1939 0.9063 -0.3754
vn -0.1940 0.8157 -0.5450
vn -0.3805 0.7689 -0.5137
vn -0.3805 0.9070 -0.1804
vn -0.1939 0.9622 -0.1914
vn -0.1940 0.9063 -0.3754
vn -0.1940 0.9622 -0.1914
vn -0.0000 -0.9808 -0.1951
vn -0.1939 -0.9064 -0.3754
vn -0.0000 -0.9239 -0.3827
vn -0.0000 -0.8315 -0.5556
vn -0.0000 -0.7071 -0.7071
vn -0.0002 -0.5562 -0.8310
vn -0.0057 -0.3850 -0.9229
vn -0.1925 -0.3741 -0.9072
vn 0.0101 0.5511 -0.8344
vn -0.0148 0.3890 -0.9211
vn -0.1939 0.5450 -0.8157
vn 0.0027 0.7051 -0.7091
vn 0.0101 0.5512 -0.8343
vn -0.0000 0.8315 -0.5556
vn 0.0028 0.7052 -0.7090
vn -0.0000 0.9239 -0.3827
vn -0.0000 0.9808 -0.1951
vn -0.1939 0.9064 -0.3754
vn 0.1939 -0.9622 -0.1914
vn 0.1939 -0.9064 -0.3754
vn 0.1939 -0.8157 -0.5450
vn 0.1939 -0.9063 -0.3754
vn 0.1934 -0.6941 -0.6934
vn 0.1920 -0.5464 -0.8152
vn 0.1997 0.6875 -0.6982
vn 0.1913 0.8176 -0.5431
vn 0.1939 0.9063 -0.3754
vn 0.1939 0.9622 -0.1914
vn 0.1939 0.9064 -0.3754
vn 0.1940 -0.9622 -0.1914
vn 0.3805 -0.9070 -0.1804
vn 0.3805 -0.8544 -0.3539
vn 0.1940 -0.9063 -0.3754
vn 0.1940 -0.8157 -0.5450
vn 0.3805 -0.7689 -0.5137
vn 0.1935 -0.6941 -0.6934
vn 0.3754 -0.6600 -0.6507
vn 0.3805 -0.7689 -0.5138
vn 0.3822 0.8543 -0.3522
vn 0.3802 0.7722 -0.5091
vn 0.1940 0.9063 -0.3754
vn 0.3864 0.9052 -0.1767
vn 0.3822 0.8543 -0.3521
vn 0.1940 0.9622 -0.1914
vn 0.3864 0.9052 -0.1766
vn 0.5528 -0.8173 -0.1626
vn 0.3806 -0.9070 -0.1804
vn 0.5465 -0.7770 -0.3125
vn 0.3806 -0.8544 -0.3539
vn 0.5269 -0.7161 -0.4578
vn 0.3806 -0.8543 -0.3539
vn 0.3806 -0.7689 -0.5137
vn 0.4959 -0.6430 -0.5836
vn 0.5269 -0.7161 -0.4579
vn 0.3806 -0.7689 -0.5138
vn 0.4836 0.8617 -0.1534
vn 0.3865 0.9052 -0.1766
vn 0.6297 -0.7665 -0.1264
vn 0.5528 -0.8173 -0.1625
vn 0.6297 -0.7665 -0.1263
vn 0.6316 -0.7713 -0.0789
vn 0.6078 -0.7477 -0.2672
vn 0.5974 -0.7764 -0.2010
vn 0.6316 -0.7713 -0.0790
vn 0.4711 0.7514 -0.4619
vn 0.3823 0.8543 -0.3522
vn 0.4754 0.8223 -0.3128
vn -0.0057 -0.3849 -0.9229
vn -0.0347 -0.2907 -0.9562
vn 0.0873 -0.3034 -0.9489
vn 0.0953 -0.4437 -0.8911
vn 0.3370 -0.5747 -0.7457
vn 0.4894 -0.6172 -0.6161
vn 0.3754 -0.6600 -0.6508
vn 0.0403 0.3846 -0.9222
vn 0.1649 0.5739 -0.8021
vn 0.1998 0.6875 -0.6981
vn 0.1914 0.8176 -0.5431
vn 0.3802 0.7721 -0.5091
vn 0.4836 0.8617 -0.1535
vn 0.5846 -0.7069 -0.3981
vn -0.3373 -0.0805 0.9380
vn 0.0402 0.3846 0.9222
vn -0.0057 -0.3850 0.9229
vn 0.1543 -0.4677 0.8703
vn -0.1925 -0.3740 0.9072
vn -0.2587 -0.2004 0.9449
vn -0.3373 -0.0805 0.9379
vn -0.3373 -0.0805 -0.9380
vn 0.0402 0.3846 -0.9222
vn 0.1543 -0.4677 -0.8703
vn -0.1925 -0.3740 -0.9072
vn -0.2587 -0.2004 -0.9449
vn -0.3373 -0.0805 -0.9379
vt 0.888268 0.625000
vt 0.906250 0.648535
vt 0.906250 0.625000
vt 0.843967 0.569970
vt 0.875000 0.609495
vt 0.875000 0.562500
vt 0.757737 0.437500
vt 0.781250 0.472839
vt 0.781250 0.437500
vt 0.718750 0.437500
vt 0.718750 0.455126
vt 0.725881 0.437500
vt 0.656250 0.562500
vt 0.656747 0.621078
vt 0.680211 0.562500
vt 0.563771 0.820668
vt 0.602052 0.751625
vt 0.562500 0.750000
vt 0.519630 0.062500
vt 0.500000 0.062500
vt 0.500000 0.125000
vt 0.531250 0.125000
vt 0.562500 0.125000
vt 0.550880 0.062500
vt 0.531250 0.062500
vt 0.582130 0.062500
vt 0.562500 0.062500
vt 0.593750 0.125000
vt 0.625000 0.125000
vt 0.613380 0.062500
vt 0.593750 0.062500
vt 0.644630 0.062500
vt 0.625000 0.062500
vt 0.656250 0.125000
vt 0.687500 0.125000
vt 0.675880 0.062500
vt 0.656250 0.062500
vt 0.718750 0.125000
vt 0.707130 0.062500
vt 0.687500 0.062500
vt 0.738380 0.062500
vt 0.718750 0.062500
vt 0.750000 0.125000
vt 0.769630 0.062500
vt 0.750000 0.062500
vt 0.781250 0.125000
vt 0.800880 0.062500
vt 0.781250 0.062500
vt 0.812500 0.125000
vt 0.832130 0.062500
vt 0.812500 0.062500
vt 0.843750 0.125000
vt 0.875000 0.125000
vt 0.863381 0.062500
vt 0.843750 0.062500
vt 0.894630 0.062500
vt 0.875000 0.062500
vt 0.906250 0.125000
vt 0.925880 0.062500
vt 0.906250 0.062500
vt 0.937500 0.125000
vt 0.968750 0.125000
vt 0.957131 0.062500
vt 0.937500 0.062500
vt 0.988381 0.062500
vt 0.968750 0.062500
vt 1.000000 0.125000
vt 0.531250 0.187500
vt 0.521525 0.125000
vt 0.500000 0.187500
vt 0.552775 0.125000
vt 0.562500 0.187500
vt 0.584025 0.125000
vt 0.593750 0.187500
vt 0.625000 0.187500
vt 0.615275 0.125000
vt 0.656250 0.187500
vt 0.646526 0.125000
vt 0.677775 0.125000
vt 0.687500 0.187500
vt 0.718750 0.187500
vt 0.709026 0.125000
vt 0.740276 0.125000
vt 0.750000 0.187500
vt 0.771526 0.125000
vt 0.781250 0.187500
vt 0.812500 0.187500
vt 0.802776 0.125000
vt 0.834026 0.125000
vt 0.843750 0.187500
vt 0.875000 0.187500
vt 0.865276 0.125000
vt 0.896526 0.125000
vt 0.906250 0.187500
vt 0.927776 0.125000
vt 0.937500 0.187500
vt 0.959026 0.125000
vt 0.968750 0.187500
vt 1.000000 0.187500
vt 0.990276 0.125000
vt 0.531250 0.250000
vt 0.524553 0.187500
vt 0.500000 0.250000
vt 0.562500 0.250000
vt 0.555803 0.187500
vt 0.587053 0.187500
vt 0.593750 0.250000
vt 0.625000 0.250000
vt 0.618303 0.187500
vt 0.649553 0.187500
vt 0.656250 0.250000
vt 0.687500 0.250000
vt 0.680803 0.187500
vt 0.718750 0.250000
vt 0.712053 0.187500
vt 0.743303 0.187500
vt 0.750000 0.250000
vt 0.774553 0.187500
vt 0.781250 0.250000
vt 0.812500 0.250000
vt 0.805803 0.187500
vt 0.837053 0.187500
vt 0.843750 0.250000
vt 0.875000 0.250000
vt 0.868303 0.187500
vt 0.899553 0.187500
vt 0.906250 0.250000
vt 0.930803 0.187500
vt 0.937500 0.250000
vt 0.962053 0.187500
vt 0.968750 0.250000
vt 1.000000 0.250000
vt 0.993303 0.187500
vt 0.526576 0.250000
vt 0.500000 0.312500
vt 0.531250 0.312500
vt 0.562500 0.312500
vt 0.557826 0.250000
vt 0.593750 0.312500
vt 0.589076 0.250000
vt 0.625000 0.312500
vt 0.620326 0.250000
vt 0.651576 0.250000
vt 0.656250 0.312500
vt 0.687500 0.312500
vt 0.682826 0.250000
vt 0.718750 0.312500
vt 0.714076 0.250000
vt 0.750000 0.312500
vt 0.745326 0.250000
vt 0.781250 0.312500
vt 0.776576 0.250000
vt 0.807826 0.250000
vt 0.812500 0.312500
vt 0.839076 0.250000
vt 0.843750 0.312500
vt 0.875000 0.312500
vt 0.870326 0.250000
vt 0.906250 0.312500
vt 0.901576 0.250000
vt 0.937500 0.312500
vt 0.932826 0.250000
vt 0.964076 0.250000
vt 0.968750 0.312500
vt 1.000000 0.312500
vt 0.995326 0.250000
vt 0.528124 0.312500
vt 0.500000 0.375000
vt 0.531250 0.375000
vt 0.562500 0.375000
vt 0.559374 0.312500
vt 0.590624 0.312500
vt 0.593750 0.375000
vt 0.621874 0.312500
vt 0.625000 0.375000
vt 0.656250 0.375000
vt 0.653124 0.312500
vt 0.687500 0.375000
vt 0.684374 0.312500
vt 0.715624 0.312500
vt 0.718750 0.375000
vt 0.746874 0.312500
vt 0.750000 0.375000
vt 0.778124 0.312500
vt 0.781250 0.375000
vt 0.812500 0.375000
vt 0.809374 0.312500
vt 0.840624 0.312500
vt 0.843750 0.375000
vt 0.875000 0.375000
vt 0.871874 0.312500
vt 0.903124 0.312500
vt 0.906250 0.375000
vt 0.934374 0.312500
vt 0.937500 0.375000
vt 0.968750 0.375000
vt 0.965624 0.312500
vt 1.000000 0.375000
vt 0.996875 0.312500
vt 0.531250 0.437500
vt 0.529437 0.375000
vt 0.500000 0.437500
vt 0.560687 0.375000
vt 0.562500 0.437500
vt 0.593750 0.437500
vt 0.591937 0.375000
vt 0.625000 0.437500
vt 0.623187 0.375000
vt 0.656250 0.437500
vt 0.654437 0.375000
vt 0.685687 0.375000
vt 0.687500 0.437500
vt 0.716937 0.375000
vt 0.812500 0.437500
vt 0.810687 0.375000
vt 0.843750 0.437500
vt 0.841937 0.375000
vt 0.875000 0.437500
vt 0.873187 0.375000
vt 0.904437 0.375000
vt 0.906250 0.437500
vt 0.935687 0.375000
vt 0.937500 0.437500
vt 0.966937 0.375000
vt 0.968750 0.437500
vt 1.000000 0.437500
vt 0.998187 0.375000
vt 0.531250 0.500000
vt 0.530650 0.437500
vt 0.500000 0.500000
vt 0.561900 0.437500
vt 0.562500 0.500000
vt 0.593150 0.437500
vt 0.593750 0.500000
vt 0.624400 0.437500
vt 0.625000 0.500000
vt 0.656250 0.500000
vt 0.655650 0.437500
vt 0.687500 0.500000
vt 0.686900 0.437500
vt 0.843750 0.500000
vt 0.843150 0.437500
vt 0.812500 0.500000
vt 0.875000 0.500000
vt 0.874400 0.437500
vt 0.905650 0.437500
vt 0.906250 0.500000
vt 0.936900 0.437500
vt 0.937500 0.500000
vt 0.968750 0.500000
vt 0.968150 0.437500
vt 0.999400 0.437500
vt 1.000000 0.500000
vt 0.500600 0.562500
vt 0.531250 0.562500
vt 0.562500 0.562500
vt 0.531851 0.562500
vt 0.593750 0.562500
vt 0.563100 0.562500
vt 0.625000 0.562500
vt 0.594350 0.562500
vt 0.625601 0.562500
vt 0.844351 0.562500
vt 0.906250 0.562500
vt 0.875601 0.562500
vt 0.937500 0.562500
vt 0.906851 0.562500
vt 0.938101 0.562500
vt 0.968750 0.562500
vt 0.969351 0.562500
vt 1.000000 0.562500
vt 0.500000 0.562500
vt 0.501813 0.625000
vt 0.531250 0.625000
vt 0.562500 0.625000
vt 0.533063 0.625000
vt 0.564313 0.625000
vt 0.593750 0.625000
vt 0.595563 0.625000
vt 0.625000 0.625000
vt 0.937500 0.625000
vt 0.908063 0.625000
vt 0.968750 0.625000
vt 0.939313 0.625000
vt 1.000000 0.625000
vt 0.970563 0.625000
vt 0.531250 0.687500
vt 0.500000 0.625000
vt 0.503126 0.687500
vt 0.562500 0.687500
vt 0.534376 0.687500
vt 0.593750 0.687500
vt 0.565626 0.687500
vt 0.625000 0.687500
vt 0.596876 0.687500
vt 0.972132 0.691816
vt 0.999917 0.696407
vt 0.531250 0.750000
vt 0.500000 0.687500
vt 0.504674 0.750000
vt 0.535924 0.750000
vt 0.567174 0.750000
vt 0.593750 0.750000
vt 0.500000 0.750000
vt 0.510253 0.843168
vt 0.531026 0.837976
vt 0.540901 0.837976
vt 0.562430 0.820503
vt 0.907427 0.648535
vt 0.937500 0.676426
vt 0.687500 0.535515
vt 0.694232 0.512804
vt 0.700111 0.500000
vt 0.630866 0.687500
vt 0.659047 0.625000
vt 0.626813 0.625000
vt 0.655963 0.623985
vt 0.812689 0.519667
vt 0.838894 0.562500
vt 0.876363 0.609495
vt 0.940072 0.676426
vt 0.968710 0.691816
vt 0.629498 0.698848
vt 0.630496 0.687500
vt 0.594128 0.750000
vt 0.756289 0.437500
vt 0.748442 0.425582
vt 0.780904 0.472839
vt 0.799432 0.500000
vt 0.688112 0.500000
vt 0.678821 0.562500
vt 0.687764 0.535515
vt 0.699869 0.500000
vt 0.718150 0.437500
vt 0.718319 0.455126
vt 0.724544 0.437500
vt 0.716825 0.437500
vt 0.750000 0.425582
s 1
usemtl 02_-_Default
f 3001/390/2441 3002/391/2442 3003/392/2443
f 3004/393/2444 3005/394/2445 3006/395/2446
f 3007/396/2447 3008/397/2448 3009/398/2449
f 3010/399/2450 3011/400/2451 3012/401/2452
f 3013/402/2453 3014/403/2454 3015/404/2455
f 3016/405/2456 3017/406/2457 3018/407/2458
f 3019/390/2459 3020/392/2460 3021/391/2461
f 3022/393/2462 3023/395/2463 3024/394/2464
f 3025/396/2465 3026/398/2466 3027/397/2467
f 3028/399/2468 3029/401/2469 3030/400/2470
f 3031/402/2471 3032/404/2472 3033/403/2473
f 3034/405/2474 3035/407/2475 3036/406/2476
f 3037/408/2477 3038/409/2478 3039/410/2479
f 3037/408/2477 3039/410/2479 3040/411/2480
f 3041/412/2481 3042/413/2482 3043/414/2477
f 3041/412/2481 3043/414/2477 3040/411/2480
f 3044/415/2483 3045/416/2482 3041/412/2481
f 3044/415/2483 3041/412/2481 3046/417/2484
f 3047/418/2485 3048/419/2486 3049/420/2487
f 3047/418/2485 3049/420/2487 3046/417/2488
f 3050/421/2489 3051/422/2486 3047/418/2490
f 3050/421/2489 3047/418/2490 3052/423/2491
f 3053/424/2492 3054/425/2493 3055/426/2494
f 3053/424/2492 3055/426/2494 3052/423/2495
f 3056/427/2496 3057/428/2497 3058/429/2493
f 3056/427/2496 3058/429/2493 3053/424/2492
f 3059/430/2498 3060/431/2497 3056/427/2499
f 3059/430/2498 3056/427/2499 3061/432/2500
f 3062/433/2501 3063/434/2498 3061/432/2500
f 3062/433/2501 3061/432/2500 3064/435/2502
f 3065/436/2503 3066/437/2501 3064/435/2502
f 3065/436/2503 3064/435/2502 3067/438/2504
f 3068/439/2505 3069/440/2503 3067/438/2504
f 3068/439/2505 3067/438/2504 3070/441/2506
f 3071/442/2507 3072/443/2508 3073/444/2509
f 3071/442/2507 3073/444/2509 3070/441/2510
f 3074/445/2511 3075/446/2508 3071/442/2512
f 3074/445/2511 3071/442/2512 3076/447/2513
f 3077/448/2514 3078/449/2515 3076/447/2516
f 3077/448/2514 3076/447/2516 3079/450/2517
f 3080/451/2518 3081/452/2519 3082/453/2514
f 3080/451/2518 3082/453/2514 3079/450/2517
f 3083/454/2520 3084/455/2519 3080/451/2521
f 3083/454/2520 3080/451/2521 3085/456/2522
f 3086/457/2523 3087/458/2480 3039/410/2524
f 3086/457/2523 3039/410/2524 3088/459/2525
f 3089/460/2481 3040/411/2480 3086/457/2523
f 3089/460/2481 3086/457/2523 3090/461/2526
f 3091/462/2488 3041/412/2481 3090/461/2527
f 3091/462/2488 3090/461/2527 3092/463/2528
f 3093/464/2529 3094/465/2530 3046/417/2488
f 3093/464/2529 3046/417/2488 3092/463/2528
f 3095/466/2531 3096/467/2491 3047/418/2530
f 3095/466/2531 3047/418/2530 3093/464/2529
f 3097/468/2492 3052/423/2491 3095/466/2531
f 3097/468/2492 3095/466/2531 3098/469/2532
f 3099/470/2533 3100/471/2499 3053/424/2492
f 3099/470/2533 3053/424/2492 3098/469/2534
f 3101/472/2535 3056/427/2499 3099/470/2533
f 3101/472/2535 3099/470/2533 3102/473/2536
f 3103/474/2502 3061/432/2535 3102/473/2536
f 3103/474/2502 3102/473/2536 3104/475/2537
f 3105/476/2538 3106/477/2504 3064/435/2502
f 3105/476/2538 3064/435/2502 3104/475/2537
f 3107/478/2510 3067/438/2504 3105/476/2539
f 3107/478/2510 3105/476/2539 3108/479/2540
f 3109/480/2541 3110/481/2542 3070/441/2510
f 3109/480/2541 3070/441/2510 3108/479/2540
f 3111/482/2513 3071/442/2542 3109/480/2541
f 3111/482/2513 3109/480/2541 3112/483/2543
f 3113/484/2517 3076/447/2513 3112/483/2543
f 3113/484/2517 3112/483/2543 3114/485/2544
f 3115/486/2521 3079/450/2517 3114/485/2544
f 3115/486/2521 3114/485/2544 3116/487/2545
f 3117/488/2546 3118/489/2522 3080/451/2521
f 3117/488/2546 3080/451/2521 3116/487/2545
f 3119/490/2547 3120/491/2548 3088/459/2549
f 3119/490/2547 3088/459/2549 3121/492/2550
f 3122/493/2551 3123/494/2552 3086/457/2553
f 3122/493/2551 3086/457/2553 3119/490/2554
f 3124/495/2555 3090/461/2556 3122/493/2557
f 3124/495/2555 3122/493/2557 3125/496/2558
f 3126/497/2559 3127/498/2560 3092/463/2555
f 3126/497/2559 3092/463/2555 3125/496/2558
f 3128/499/2561 3093/464/2560 3126/497/2559
f 3128/499/2561 3126/497/2559 3129/500/2562
f 3130/501/2563 3131/502/2564 3095/466/2565
f 3130/501/2563 3095/466/2565 3129/500/2566
f 3132/503/2567 3133/504/2568 3098/469/2564
f 3132/503/2567 3098/469/2564 3130/501/2569
f 3134/505/2570 3099/470/2568 3132/503/2567
f 3134/505/2570 3132/503/2567 3135/506/2571
f 3136/507/2572 3102/473/2570 3135/506/2571
f 3136/507/2572 3135/506/2571 3137/508/2573
f 3138/509/2574 3139/510/2575 3104/475/2572
f 3138/509/2574 3104/475/2572 3137/508/2576
f 3140/511/2577 3105/476/2578 3138/509/2579
f 3140/511/2577 3138/509/2579 3141/512/2580
f 3142/513/2581 3143/514/2582 3108/479/2577
f 3142/513/2581 3108/479/2577 3141/512/2580
f 3144/515/2583 3109/480/2584 3142/513/2581
f 3144/515/2583 3142/513/2581 3145/516/2585
f 3146/517/2586 3112/483/2587 3145/516/2588
f 3146/517/2586 3145/516/2588 3147/518/2589
f 3148/519/2590 3114/485/2586 3147/518/2591
f 3148/519/2590 3147/518/2591 3149/520/2592
f 3150/521/2593 3151/522/2594 3116/487/2590
f 3150/521/2593 3116/487/2590 3149/520/2592
f 3152/523/2595 3121/492/2550 3153/524/2596
f 3152/523/2595 3153/524/2596 3154/525/2597
f 3155/526/2598 3156/527/2599 3119/490/2600
f 3155/526/2598 3119/490/2600 3154/525/2601
f 3157/528/2602 3158/529/2603 3122/493/2604
f 3157/528/2602 3122/493/2604 3155/526/2598
f 3159/530/2605 3160/531/2606 3125/496/2607
f 3159/530/2605 3125/496/2607 3157/528/2608
f 3161/532/2609 3126/497/2610 3159/530/2611
f 3161/532/2609 3159/530/2611 3162/533/2612
f 3163/534/2613 3164/535/2614 3129/500/2615
f 3163/534/2613 3129/500/2615 3162/533/2616
f 3165/536/2617 3166/537/2618 3130/501/2619
f 3165/536/2617 3130/501/2619 3163/534/2613
f 3167/538/2620 3168/539/2621 3132/503/2622
f 3167/538/2620 3132/503/2622 3165/536/2623
f 3169/540/2624 3170/541/2625 3135/506/2621
f 3169/540/2624 3135/506/2621 3167/538/2620
f 3171/542/2626 3137/508/2627 3169/540/2628
f 3171/542/2626 3169/540/2628 3172/543/2629
f 3173/544/2630 3138/509/2631 3172/543/2629
f 3173/544/2630 3172/543/2629 3174/545/2632
f 3175/546/2633 3176/547/2634 3141/512/2635
f 3175/546/2633 3141/512/2635 3174/545/2636
f 3177/548/2637 3178/549/2638 3142/513/2639
f 3177/548/2637 3142/513/2639 3175/546/2640
f 3179/550/2641 3180/551/2642 3145/516/2643
f 3179/550/2641 3145/516/2643 3177/548/2644
f 3181/552/2645 3147/518/2646 3179/550/2641
f 3181/552/2645 3179/550/2641 3182/553/2647
f 3183/554/2648 3184/555/2593 3149/520/2649
f 3183/554/2648 3149/520/2649 3182/553/2650
f 3185/556/2601 3153/524/2651 3186/557/2652
f 3185/556/2601 3186/557/2652 3187/558/2653
f 3188/559/2654 3189/560/2598 3154/525/2601
f 3188/559/2654 3154/525/2601 3187/558/2653
f 3190/561/2608 3155/526/2598 3188/559/2655
f 3190/561/2608 3188/559/2655 3191/562/2656
f 3192/563/2657 3157/528/2608 3191/562/2658
f 3192/563/2657 3191/562/2658 3193/564/2659
f 3194/565/2660 3195/566/2612 3159/530/2657
f 3194/565/2660 3159/530/2657 3193/564/2659
f 3196/567/2661 3197/568/2613 3162/533/2612
f 3196/567/2661 3162/533/2612 3194/565/2662
f 3198/569/2617 3163/534/2613 3196/567/2663
f 3198/569/2617 3196/567/2663 3199/570/2664
f 3200/571/2620 3165/536/2617 3199/570/2665
f 3200/571/2620 3199/570/2665 3201/572/2666
f 3202/573/2628 3167/538/2620 3201/572/2667
f 3202/573/2628 3201/572/2667 3203/574/2668
f 3204/575/2669 3205/576/2629 3169/540/2628
f 3204/575/2669 3169/540/2628 3203/574/2670
f 3206/577/2636 3172/543/2629 3204/575/2671
f 3206/577/2636 3204/575/2671 3207/578/2672
f 3208/579/2673 3209/580/2674 3174/545/2636
f 3208/579/2673 3174/545/2636 3207/578/2675
f 3210/581/2637 3175/546/2674 3208/579/2673
f 3210/581/2637 3208/579/2673 3211/582/2676
f 3212/583/2641 3177/548/2637 3211/582/2677
f 3212/583/2641 3211/582/2677 3213/584/2678
f 3214/585/2679 3215/586/2647 3179/550/2641
f 3214/585/2679 3179/550/2641 3213/584/2680
f 3216/587/2681 3217/588/2682 3182/553/2647
f 3216/587/2681 3182/553/2647 3214/585/2679
f 3218/589/2683 3219/590/2684 3186/557/2685
f 3218/589/2683 3186/557/2685 3220/591/2686
f 3221/592/2687 3187/558/2684 3218/589/2688
f 3221/592/2687 3218/589/2688 3222/593/2689
f 3223/594/2690 3224/595/2691 3188/559/2687
f 3223/594/2690 3188/559/2687 3222/593/2692
f 3225/596/2693 3226/597/2694 3191/562/2695
f 3225/596/2693 3191/562/2695 3223/594/2696
f 3227/598/2697 3228/599/2698 3193/564/2694
f 3227/598/2697 3193/564/2694 3225/596/2699
f 3229/600/2700 3194/565/2698 3227/598/2701
f 3229/600/2700 3227/598/2701 3230/601/2702
f 3010/399/2450 3231/602/2665 3196/567/2700
f 3010/399/2450 3196/567/2700 3230/601/2703
f 3232/603/2704 3233/604/2705 3203/574/2668
f 3232/603/2704 3203/574/2668 3009/398/2706
f 3234/605/2707 3235/606/2708 3204/575/2705
f 3234/605/2707 3204/575/2705 3232/603/2709
f 3236/607/2710 3237/608/2711 3207/578/2712
f 3236/607/2710 3207/578/2712 3234/605/2713
f 3238/609/2714 3208/579/2711 3236/607/2715
f 3238/609/2714 3236/607/2715 3239/610/2716
f 3240/611/2717 3211/582/2714 3239/610/2718
f 3240/611/2717 3239/610/2718 3241/612/2719
f 3242/613/2720 3213/584/2717 3241/612/2721
f 3242/613/2720 3241/612/2721 3243/614/2722
f 3244/615/2723 3245/616/2724 3214/585/2725
f 3244/615/2723 3214/585/2725 3243/614/2726
f 3246/617/2727 3247/618/2688 3220/591/2686
f 3246/617/2727 3220/591/2686 3248/619/2728
f 3249/620/2729 3218/589/2688 3246/617/2727
f 3249/620/2729 3246/617/2727 3250/621/2730
f 3251/622/2696 3222/593/2692 3250/621/2730
f 3251/622/2696 3250/621/2730 3252/623/2731
f 3253/624/2699 3223/594/2696 3252/623/2731
f 3253/624/2699 3252/623/2731 3254/625/2732
f 3255/626/2733 3256/627/2701 3225/596/2699
f 3255/626/2733 3225/596/2699 3254/625/2732
f 3257/628/2734 3258/629/2735 3227/598/2701
f 3257/628/2734 3227/598/2701 3255/626/2733
f 3259/630/2736 3260/631/2713 3232/603/2704
f 3259/630/2736 3232/603/2704 3261/632/2737
f 3262/633/2738 3263/634/2715 3234/605/2713
f 3262/633/2738 3234/605/2713 3259/630/2739
f 3264/635/2718 3236/607/2715 3262/633/2740
f 3264/635/2718 3262/633/2740 3265/636/2741
f 3266/637/2721 3239/610/2718 3265/636/2741
f 3266/637/2721 3265/636/2741 3267/638/2742
f 3268/639/2743 3269/640/2726 3241/612/2744
f 3268/639/2743 3241/612/2744 3267/638/2742
f 3270/641/2723 3243/614/2726 3268/639/2743
f 3270/641/2723 3268/639/2743 3271/642/2745
f 3246/617/2727 3248/619/2728 3272/643/2746
f 3246/617/2727 3272/643/2746 3273/644/2747
f 3274/645/2748 3250/621/2730 3246/617/2727
f 3274/645/2748 3246/617/2727 3275/646/2747
f 3276/647/2749 3252/623/2731 3250/621/2730
f 3276/647/2749 3250/621/2730 3277/648/2750
f 3278/649/2751 3254/625/2732 3252/623/2731
f 3278/649/2751 3252/623/2731 3279/650/2749
f 3255/626/2733 3254/625/2732 3280/651/2751
f 3255/626/2733 3280/651/2751 3013/402/2752
f 3006/395/2753 3262/633/2738 3259/630/2739
f 3006/395/2753 3259/630/2739 3281/652/2444
f 3282/653/2754 3265/636/2741 3262/633/2740
f 3282/653/2754 3262/633/2740 3283/654/2753
f 3284/655/2755 3267/638/2742 3265/636/2741
f 3284/655/2755 3265/636/2741 3285/656/2754
f 3268/639/2743 3267/638/2742 3286/657/2756
f 3268/639/2743 3286/657/2756 3287/658/2757
f 3271/642/2745 3268/639/2743 3288/659/2757
f 3271/642/2745 3288/659/2757 3289/660/2758
f 3273/644/2747 3290/661/2746 3291/662/2759
f 3273/644/2747 3291/662/2759 3292/663/2760
f 3293/664/2761 3274/645/2750 3273/644/2762
f 3293/664/2761 3273/644/2762 3294/665/2763
f 3276/647/2749 3274/645/2764 3295/666/2761
f 3276/647/2749 3295/666/2761 3296/667/2765
f 3278/649/2766 3276/647/2767 3297/668/2765
f 3278/649/2766 3297/668/2765 3298/669/2768
f 3299/670/2769 3284/655/2755 3282/653/2770
f 3299/670/2769 3282/653/2770 3300/671/2771
f 3301/672/2772 3287/658/2757 3284/655/2773
f 3301/672/2772 3284/655/2773 3302/673/2774
f 3303/674/2775 3289/660/2758 3287/658/2776
f 3303/674/2775 3287/658/2776 3304/675/2777
f 3305/676/2778 3292/663/2779 3306/677/2780
f 3305/676/2778 3306/677/2780 3307/678/2781
f 3308/679/2782 3293/664/2783 3292/663/2779
f 3308/679/2782 3292/663/2779 3309/680/2778
f 3310/681/2784 3296/667/2785 3293/664/2786
f 3310/681/2784 3293/664/2786 3311/682/2782
f 3312/683/2787 3298/669/2768 3296/667/2788
f 3312/683/2787 3296/667/2788 3313/684/2784
f 3303/674/2775 3301/672/2789 3314/685/2790
f 3303/674/2775 3314/685/2790 3315/686/2791
f 3316/687/2792 3305/676/2793 3317/688/2794
f 3316/687/2792 3317/688/2794 3318/689/2795
f 3308/679/2782 3305/676/2778 3319/690/2792
f 3308/679/2782 3319/690/2792 3018/407/2458
f 3310/681/2796 3308/679/2782 3320/691/2458
f 3310/681/2796 3320/691/2458 3321/692/2457
f 3316/687/2797 3322/693/2795 3323/694/2798
f 3316/687/2797 3323/694/2798 3324/695/2799
f 3018/407/2800 3316/687/2792 3325/696/2801
f 3018/407/2800 3325/696/2801 3326/697/2802
f 3327/698/2803 3328/699/2804 3299/670/2805
f 3327/698/2803 3299/670/2805 3003/392/2443
f 3257/628/2806 3329/700/2807 3330/701/2808
f 3257/628/2806 3330/701/2808 3331/702/2809
f 3298/669/2768 3312/683/2787 3332/703/2810
f 3298/669/2768 3332/703/2810 3333/704/2811
f 3278/649/2751 3334/705/2812 3335/706/2811
f 3278/649/2751 3335/706/2811 3013/402/2453
f 3336/707/2813 3337/708/2814 3259/630/2736
f 3336/707/2813 3259/630/2736 3261/632/2737
f 3338/709/2445 3003/392/2815 3282/653/2754
f 3338/709/2445 3282/653/2754 3006/395/2816
f 3339/710/2804 3340/711/2817 3301/672/2789
f 3339/710/2804 3301/672/2789 3299/670/2805
f 3341/712/2810 3342/713/2787 3310/681/2784
f 3341/712/2810 3310/681/2784 3343/714/2818
f 3344/408/2819 3345/411/2820 3039/410/2479
f 3344/408/2819 3039/410/2479 3038/409/2478
f 3346/412/2821 3345/411/2820 3347/414/2819
f 3346/412/2821 3347/414/2819 3348/413/2822
f 3349/415/2823 3350/417/2824 3346/412/2821
f 3349/415/2823 3346/412/2821 3351/416/2822
f 3352/418/2825 3350/417/2826 3353/420/2827
f 3352/418/2825 3353/420/2827 3354/419/2828
f 3355/421/2829 3356/423/2830 3352/418/2831
f 3355/421/2829 3352/418/2831 3357/422/2828
f 3358/424/2832 3356/423/2833 3359/426/2834
f 3358/424/2832 3359/426/2834 3360/425/2835
f 3361/427/2836 3358/424/2832 3362/429/2835
f 3361/427/2836 3362/429/2835 3363/428/2837
f 3364/430/2838 3365/432/2839 3361/427/2836
f 3364/430/2838 3361/427/2836 3366/431/2837
f 3367/433/2840 3368/435/2841 3365/432/2839
f 3367/433/2840 3365/432/2839 3369/434/2838
f 3370/436/2842 3371/438/2843 3368/435/2844
f 3370/436/2842 3368/435/2844 3372/437/2840
f 3373/439/2845 3374/441/2846 3371/438/2843
f 3373/439/2845 3371/438/2843 3375/440/2842
f 3376/442/2847 3374/441/2848 3377/444/2849
f 3376/442/2847 3377/444/2849 3378/443/2850
f 3379/445/2851 3380/447/2852 3376/442/2853
f 3379/445/2851 3376/442/2853 3381/446/2850
f 3382/448/2854 3383/450/2855 3380/447/2856
f 3382/448/2854 3380/447/2856 3384/449/2857
f 3385/451/2858 3383/450/2855 3386/453/2854
f 3385/451/2858 3386/453/2854 3387/452/2859
f 3083/454/2520 3085/456/2522 3385/451/2858
f 3083/454/2520 3385/451/2858 3388/455/2859
f 3389/457/2860 3088/459/2525 3039/410/2524
f 3389/457/2860 3039/410/2524 3390/458/2820
f 3391/460/2821 3392/461/2861 3389/457/2860
f 3391/460/2821 3389/457/2860 3345/411/2820
f 3393/462/2826 3394/463/2862 3392/461/2863
f 3393/462/2826 3392/461/2863 3346/412/2821
f 3395/464/2864 3394/463/2862 3350/417/2826
f 3395/464/2864 3350/417/2826 3396/465/2865
f 3397/466/2866 3395/464/2864 3352/418/2865
f 3397/466/2866 3352/418/2865 3398/467/2830
f 3399/468/2832 3400/469/2867 3397/466/2866
f 3399/468/2832 3397/466/2866 3356/423/2830
f 3401/470/2868 3400/469/2869 3358/424/2832
f 3401/470/2868 3358/424/2832 3402/471/2836
f 3403/472/2870 3404/473/2871 3401/470/2868
f 3403/472/2870 3401/470/2868 3361/427/2836
f 3405/474/2841 3406/475/2872 3404/473/2871
f 3405/474/2841 3404/473/2871 3365/432/2870
f 3407/476/2873 3406/475/2872 3368/435/2841
f 3407/476/2873 3368/435/2841 3408/477/2843
f 3409/478/2848 3410/479/2874 3407/476/2875
f 3409/478/2848 3407/476/2875 3371/438/2843
f 3411/480/2876 3410/479/2874 3374/441/2848
f 3411/480/2876 3374/441/2848 3412/481/2877
f 3413/482/2852 3414/483/2878 3411/480/2876
f 3413/482/2852 3411/480/2876 3376/442/2877
f 3415/484/2855 3416/485/2879 3414/483/2878
f 3415/484/2855 3414/483/2878 3380/447/2852
f 3417/486/2858 3418/487/2880 3416/485/2881
f 3417/486/2858 3416/485/2881 3383/450/2855
f 3117/488/2546 3418/487/2880 3385/451/2858
f 3117/488/2546 3385/451/2858 3118/489/2522
f 3419/490/2882 3121/492/2550 3088/459/2549
f 3419/490/2882 3088/459/2549 3420/491/2883
f 3421/493/2884 3419/490/2882 3389/457/2885
f 3421/493/2884 3389/457/2885 3422/494/2886
f 3423/495/2887 3424/496/2888 3421/493/2889
f 3423/495/2887 3421/493/2889 3392/461/2890
f 3425/497/2891 3424/496/2892 3394/463/2887
f 3425/497/2891 3394/463/2887 3426/498/2893
f 3427/499/2894 3428/500/2895 3425/497/2891
f 3427/499/2894 3425/497/2891 3395/464/2893
f 3429/501/2896 3428/500/2895 3397/466/2894
f 3429/501/2896 3397/466/2894 3430/502/2897
f 3431/503/2898 3429/501/2899 3400/469/2897
f 3431/503/2898 3400/469/2897 3432/504/2900
f 3433/505/2901 3434/506/2902 3431/503/2898
f 3433/505/2901 3431/503/2898 3401/470/2900
f 3435/507/2903 3436/508/2904 3434/506/2902
f 3435/507/2903 3434/506/2902 3404/473/2901
f 3437/509/2905 3436/508/2904 3406/475/2903
f 3437/509/2905 3406/475/2903 3438/510/2906
f 3439/511/2907 3440/512/2908 3437/509/2909
f 3439/511/2907 3437/509/2909 3407/476/2910
f 3441/513/2911 3440/512/2912 3410/479/2913
f 3441/513/2911 3410/479/2913 3442/514/2914
f 3443/515/2915 3444/516/2916 3441/513/2911
f 3443/515/2915 3441/513/2911 3411/480/2917
f 3445/517/2918 3446/518/2919 3444/516/2916
f 3445/517/2918 3444/516/2916 3414/483/2920
f 3447/519/2921 3448/520/2922 3446/518/2923
f 3447/519/2921 3446/518/2923 3416/485/2918
f 3150/521/2593 3448/520/2922 3418/487/2924
f 3150/521/2593 3418/487/2924 3151/522/2594
f 3449/523/2925 3450/525/2926 3153/524/2596
f 3449/523/2925 3153/524/2596 3121/492/2550
f 3451/526/2927 3450/525/2928 3419/490/2929
f 3451/526/2927 3419/490/2929 3452/527/2930
f 3453/528/2931 3451/526/2927 3421/493/2932
f 3453/528/2931 3421/493/2932 3454/529/2933
f 3455/530/2934 3453/528/2935 3424/496/2936
f 3455/530/2934 3424/496/2936 3456/531/2937
f 3457/532/2938 3458/533/2939 3455/530/2940
f 3457/532/2938 3455/530/2940 3425/497/2941
f 3459/534/2942 3458/533/2943 3428/500/2944
f 3459/534/2942 3428/500/2944 3460/535/2945
f 3461/536/2946 3459/534/2942 3429/501/2947
f 3461/536/2946 3429/501/2947 3462/537/2948
f 3463/538/2949 3461/536/2950 3431/503/2951
f 3463/538/2949 3431/503/2951 3464/539/2952
f 3465/540/2953 3463/538/2949 3434/506/2952
f 3465/540/2953 3434/506/2952 3466/541/2954
f 3467/542/2955 3468/543/2956 3465/540/2957
f 3467/542/2955 3465/540/2957 3436/508/2958
f 3469/544/2959 3470/545/2960 3468/543/2956
f 3469/544/2959 3468/543/2956 3437/509/2961
f 3471/546/2962 3470/545/2963 3440/512/2964
f 3471/546/2962 3440/512/2964 3472/547/2965
f 3473/548/2966 3471/546/2967 3441/513/2968
f 3473/548/2966 3441/513/2968 3474/549/2969
f 3475/550/2970 3473/548/2971 3444/516/2972
f 3475/550/2970 3444/516/2972 3476/551/2973
f 3477/552/2974 3478/553/2975 3475/550/2970
f 3477/552/2974 3475/550/2970 3446/518/2976
f 3183/554/2648 3478/553/2977 3448/520/2978
f 3183/554/2648 3448/520/2978 3184/555/2593
f 3479/556/2928 3480/558/2979 3186/557/2652
f 3479/556/2928 3186/557/2652 3153/524/2651
f 3481/559/2980 3480/558/2979 3450/525/2928
f 3481/559/2980 3450/525/2928 3482/560/2927
f 3483/561/2935 3484/562/2981 3481/559/2982
f 3483/561/2935 3481/559/2982 3451/526/2927
f 3485/563/2983 3486/564/2984 3484/562/2985
f 3485/563/2983 3484/562/2985 3453/528/2935
f 3487/565/2986 3486/564/2984 3455/530/2983
f 3487/565/2986 3455/530/2983 3488/566/2939
f 3489/567/2987 3487/565/2988 3458/533/2939
f 3489/567/2987 3458/533/2939 3490/568/2942
f 3491/569/2946 3492/570/2989 3489/567/2990
f 3491/569/2946 3489/567/2990 3459/534/2942
f 3493/571/2949 3494/572/2991 3492/570/2992
f 3493/571/2949 3492/570/2992 3461/536/2946
f 3495/573/2957 3496/574/2993 3494/572/2991
f 3495/573/2957 3494/572/2991 3463/538/2949
f 3497/575/2994 3496/574/2995 3465/540/2957
f 3497/575/2994 3465/540/2957 3498/576/2956
f 3499/577/2963 3500/578/2996 3497/575/2997
f 3499/577/2963 3497/575/2997 3468/543/2956
f 3501/579/2998 3500/578/2999 3470/545/2963
f 3501/579/2998 3470/545/2963 3502/580/3000
f 3503/581/2966 3504/582/3001 3501/579/2998
f 3503/581/2966 3501/579/2998 3471/546/3000
f 3505/583/2970 3506/584/3002 3504/582/3003
f 3505/583/2970 3504/582/3003 3473/548/2966
f 3507/585/3004 3506/584/3005 3475/550/2970
f 3507/585/3004 3475/550/2970 3508/586/2975
f 3216/587/2681 3507/585/3004 3478/553/2975
f 3216/587/2681 3478/553/2975 3217/588/2682
f 3509/589/3006 3220/591/2686 3186/557/2685
f 3509/589/3006 3186/557/2685 3510/590/3007
f 3511/592/3008 3512/593/3009 3509/589/3010
f 3511/592/3008 3509/589/3010 3480/558/3011
f 3513/594/3012 3512/593/3013 3481/559/3008
f 3513/594/3012 3481/559/3008 3514/595/3014
f 3515/596/3015 3513/594/3016 3484/562/3014
f 3515/596/3015 3484/562/3014 3516/597/3017
f 3517/598/3018 3515/596/3019 3486/564/3017
f 3517/598/3018 3486/564/3017 3518/599/3020
f 3519/600/3021 3520/601/3022 3517/598/3023
f 3519/600/3021 3517/598/3023 3487/565/3024
f 3028/399/2468 3520/601/3025 3489/567/3021
f 3028/399/2468 3489/567/3021 3521/602/2992
f 3522/603/3026 3026/398/3027 3496/574/2993
f 3522/603/3026 3496/574/2993 3523/604/3028
f 3524/605/3029 3522/603/3030 3497/575/3028
f 3524/605/3029 3497/575/3028 3525/606/3031
f 3526/607/3032 3524/605/3029 3500/578/3031
f 3526/607/3032 3500/578/3031 3527/608/3033
f 3528/609/3034 3529/610/3035 3526/607/3036
f 3528/609/3034 3526/607/3036 3501/579/3033
f 3530/611/3037 3531/612/3038 3529/610/3039
f 3530/611/3037 3529/610/3039 3504/582/3040
f 3532/613/3041 3533/614/3042 3531/612/3043
f 3532/613/3041 3531/612/3043 3506/584/3037
f 3244/615/2723 3533/614/3044 3507/585/3041
f 3244/615/2723 3507/585/3041 3245/616/2724
f 3534/617/3045 3248/619/2728 3220/591/2686
f 3534/617/3045 3220/591/2686 3535/618/3006
f 3536/620/3046 3537/621/3047 3534/617/3045
f 3536/620/3046 3534/617/3045 3509/589/3006
f 3538/622/3012 3539/623/3048 3537/621/3047
f 3538/622/3012 3537/621/3047 3512/593/3009
f 3540/624/3015 3541/625/3049 3539/623/3048
f 3540/624/3015 3539/623/3048 3513/594/3012
f 3542/626/3050 3541/625/3049 3515/596/3015
f 3542/626/3050 3515/596/3015 3543/627/3018
f 3544/628/3051 3542/626/3050 3517/598/3018
f 3544/628/3051 3517/598/3018 3545/629/3052
f 3546/630/3053 3547/632/3054 3522/603/3026
f 3546/630/3053 3522/603/3026 3548/631/3055
f 3549/633/3056 3546/630/3057 3524/605/3055
f 3549/633/3056 3524/605/3055 3550/634/3032
f 3551/635/3035 3552/636/3058 3549/633/3059
f 3551/635/3035 3549/633/3059 3526/607/3032
f 3553/637/3038 3554/638/3060 3552/636/3058
f 3553/637/3038 3552/636/3058 3529/610/3035
f 3555/639/3061 3554/638/3060 3531/612/3062
f 3555/639/3061 3531/612/3062 3556/640/3042
f 3270/641/2723 3271/642/2745 3555/639/3061
f 3270/641/2723 3555/639/3061 3533/614/3042
f 3534/617/3045 3557/644/3063 3272/643/2746
f 3534/617/3045 3272/643/2746 3248/619/2728
f 3558/645/3064 3559/646/3063 3534/617/3045
f 3558/645/3064 3534/617/3045 3537/621/3047
f 3560/647/3065 3561/648/3066 3537/621/3047
f 3560/647/3065 3537/621/3047 3539/623/3048
f 3562/649/3067 3563/650/3065 3539/623/3048
f 3562/649/3067 3539/623/3048 3541/625/3049
f 3542/626/3050 3031/402/3068 3564/651/3067
f 3542/626/3050 3564/651/3067 3541/625/3049
f 3023/395/3069 3565/652/2462 3546/630/3057
f 3023/395/3069 3546/630/3057 3549/633/3056
f 3566/653/3070 3567/654/3069 3549/633/3059
f 3566/653/3070 3549/633/3059 3552/636/3058
f 3568/655/3071 3569/656/3070 3552/636/3058
f 3568/655/3071 3552/636/3058 3554/638/3060
f 3555/639/3061 3570/658/3072 3571/657/3073
f 3555/639/3061 3571/657/3073 3554/638/3060
f 3271/642/2745 3289/660/2758 3572/659/3072
f 3271/642/2745 3572/659/3072 3555/639/3061
f 3557/644/3074 3573/663/3075 3291/662/2759
f 3557/644/3074 3291/662/2759 3290/661/2746
f 3574/664/3076 3575/665/3075 3557/644/3063
f 3574/664/3076 3557/644/3063 3558/645/3077
f 3560/647/3078 3576/667/3079 3577/666/3076
f 3560/647/3078 3577/666/3076 3558/645/3066
f 3562/649/3080 3578/669/3081 3579/668/3082
f 3562/649/3080 3579/668/3082 3560/647/3065
f 3580/670/3083 3581/671/3084 3566/653/3070
f 3580/670/3083 3566/653/3070 3568/655/3085
f 3582/672/3086 3583/673/3087 3568/655/3071
f 3582/672/3086 3568/655/3071 3570/658/3088
f 3303/674/2775 3584/675/3089 3570/658/3072
f 3303/674/2775 3570/658/3072 3289/660/2758
f 3585/676/3090 3307/678/2781 3306/677/2780
f 3585/676/3090 3306/677/2780 3573/663/3091
f 3586/679/3092 3587/680/3090 3573/663/3091
f 3586/679/3092 3573/663/3091 3574/664/3093
f 3588/681/3094 3589/682/3092 3574/664/3095
f 3588/681/3094 3574/664/3095 3576/667/3096
f 3590/683/3097 3591/684/3098 3576/667/3099
f 3590/683/3097 3576/667/3099 3578/669/3081
f 3303/674/2775 3315/686/2791 3592/685/3100
f 3303/674/2775 3592/685/3100 3582/672/3101
f 3593/687/3102 3318/689/2795 3317/688/2794
f 3593/687/3102 3317/688/2794 3585/676/3103
f 3586/679/3092 3035/407/2475 3594/690/3102
f 3586/679/3092 3594/690/3102 3585/676/3090
f 3588/681/3094 3595/692/2476 3596/691/2475
f 3588/681/3094 3596/691/2475 3586/679/3092
f 3593/687/3104 3597/695/3105 3323/694/2798
f 3593/687/3104 3323/694/2798 3322/693/2795
f 3035/407/3106 3598/697/3107 3599/696/3108
f 3035/407/3106 3599/696/3108 3593/687/3102
f 3600/698/3109 3020/392/2460 3580/670/3110
f 3600/698/3109 3580/670/3110 3601/699/3111
f 3544/628/3112 3602/702/3113 3603/701/3114
f 3544/628/3112 3603/701/3114 3604/700/3115
f 3578/669/3081 3605/704/3116 3606/703/3117
f 3578/669/3081 3606/703/3117 3590/683/3097
f 3562/649/3067 3031/402/2471 3607/706/3116
f 3562/649/3067 3607/706/3116 3608/705/3118
f 3609/707/3119 3547/632/3054 3546/630/3053
f 3609/707/3119 3546/630/3053 3610/708/3120
f 3611/709/2464 3023/395/3121 3566/653/3122
f 3611/709/2464 3566/653/3122 3020/392/3123
f 3612/710/3111 3580/670/3110 3582/672/3101
f 3612/710/3111 3582/672/3101 3613/711/3124
f 3614/712/3117 3615/714/3125 3588/681/3098
f 3614/712/3117 3588/681/3098 3616/713/3097
f 3618/715/2447 3201/572/2667 3617/716/3126
f 3201/572/2667 3618/715/2447 3203/574/2668
f 3203/574/2668 3618/715/2447 3009/398/2706
f 3619/717/2448 3232/603/2704 3009/398/2706
f 3232/603/2704 3619/717/2448 3620/718/3127
f 3232/603/2704 3620/718/3127 3261/632/2737
f 3013/402/2752 3623/719/3128 3255/626/2733
f 3623/719/3128 3013/402/2752 3621/720/3129
f 3623/719/3128 3621/720/3129 3622/721/2807
f 3624/722/2809 3230/601/3130 3257/628/2806
f 3230/601/3130 3624/722/2809 3626/723/2450
f 3626/723/2450 3624/722/2809 3625/724/2451
f 3628/725/3131 3199/570/2665 3627/726/2450
f 3199/570/2665 3628/725/3131 3201/572/2666
f 3201/572/2666 3628/725/3131 3629/727/3132
f 3494/572/2991 3630/715/2465 3631/716/3133
f 3630/715/2465 3494/572/2991 3496/574/2993
f 3630/715/2465 3496/574/2993 3026/398/3027
f 3522/603/3026 3633/717/2467 3026/398/3027
f 3633/717/2467 3522/603/3026 3632/718/3134
f 3632/718/3134 3522/603/3026 3547/632/3054
f 3634/719/3112 3031/402/3068 3542/626/3050
f 3031/402/3068 3634/719/3112 3636/720/3135
f 3636/720/3135 3634/719/3112 3635/721/3115
f 3520/601/3136 3639/722/3113 3544/628/3112
f 3639/722/3113 3520/601/3136 3637/723/2468
f 3639/722/3113 3637/723/2468 3638/724/2470
f 3492/570/2992 3641/725/3137 3642/726/2468
f 3641/725/3137 3492/570/2992 3494/572/2991
f 3641/725/3137 3494/572/2991 3640/727/3138
o Sphere001_07_-_Default_0
v 3.671525 -2.906631 1.160646
v 3.447637 -2.867709 1.828273
v 3.970674 -2.882643 0.943001
v 3.671524 -2.906631 -1.160648
v 3.970674 -2.882643 -0.943003
v 3.447636 -2.867709 -1.828275
v 1.354246 3.258593 2.283720
v 1.016104 3.034196 2.853279
v 1.016104 3.034196 1.226839
v 1.710948 3.462304 1.500088
v -1.980335 -0.492561 4.375237
v -1.563260 -0.838064 4.467727
v -1.605281 -0.803254 1.921011
v -1.980335 -0.492561 1.881243
v -0.148727 -1.909233 4.224848
v -0.146867 -1.910203 1.816579
v -0.476485 -1.738341 1.853304
v -0.476484 -1.738342 4.310259
v 1.035232 -2.534841 3.561500
v 2.411055 -2.768191 2.733296
v 2.590640 -2.760797 1.207379
v 1.027365 -2.522445 1.541255
v -0.536896 1.491595 0.000000
v -0.482116 1.491595 1.050822
v -1.100749 0.672312 1.059539
v -1.170481 0.652511 0.000000
v 1.016104 3.034196 0.699054
v 0.240942 2.236072 0.881054
v 0.155140 2.204130 -0.000000
v 0.961324 3.034196 -0.000000
v -0.712025 -1.543221 1.881409
v -0.661275 -1.585262 4.375623
v -1.259895 -1.089369 1.922860
v -1.308886 -1.048786 4.472027
v 3.447637 -2.867709 1.828273
v 3.671525 -2.906631 1.160646
v 3.721559 -2.935991 -0.000001
v 3.705110 -2.919262 0.447926
v 4.147191 -2.858210 0.436245
v 4.226190 -2.802298 -0.000001
v -1.691757 -0.776996 0.000000
v -2.035115 -0.492561 0.000000
v -1.980336 -0.492561 1.071933
v -1.618917 -0.791958 1.094593
v -0.146263 -1.910518 1.035088
v -0.200243 -1.910935 0.000000
v -0.531265 -1.738341 0.000000
v -0.476485 -1.738341 1.056014
v 2.582047 -2.758397 0.687965
v 2.515887 -2.755218 -0.000001
v 0.972586 -2.522445 -0.000000
v 1.027365 -2.522445 0.878208
v -0.482116 1.491595 1.844192
v -1.089644 0.687019 1.859216
v 0.264481 2.260308 1.536551
v -0.805086 -1.511509 0.000000
v -0.728494 -1.529578 1.072028
v -1.277720 -1.119982 0.000000
v -1.243997 -1.102539 1.095647
v 3.705110 -2.919262 0.447926
v 3.721559 -2.935991 -0.000001
v -0.482116 1.491594 4.289068
v -1.108035 0.735209 4.496718
v 0.289593 2.342565 3.744218
v 1.901948 3.571383 0.742060
v 1.954460 3.601373 -0.000000
v -1.618039 0.059789 4.513011
v -1.538751 0.092248 1.870322
v -1.531795 0.101460 1.065613
v -1.579027 0.111456 0.000000
v -0.963071 0.233875 4.818654
v -1.349903 -0.355884 4.812354
v -0.904581 -0.724785 4.800639
v -0.632980 -0.949778 4.774894
v 0.058490 -1.522587 4.671961
v 0.255796 -1.686034 4.602171
v 0.605751 -1.868500 4.510976
v 0.963072 -2.085302 4.348879
v 0.185930 -2.112284 4.073034
v 1.869893 -2.536476 3.802702
v 2.801085 -2.785630 2.998194
v 3.490663 -2.862467 2.187129
v 3.490663 -2.862467 2.187129
v 4.164201 -2.840144 1.006866
v 4.294358 -2.788610 0.465790
v 4.333032 -2.734087 -0.000001
v 2.851375 4.015312 -0.000001
v 2.795307 3.983291 0.792316
v 2.591372 3.866824 1.601681
v 2.210513 3.649317 2.438384
v 1.849469 3.409723 3.046516
v 1.073756 2.671252 3.997795
v 0.249783 1.762649 4.579545
v -0.418526 0.955038 4.801257
v 1.016103 3.034196 -1.226840
v 1.016102 3.034196 -2.853279
v 1.354245 3.258593 -2.283720
v 1.710947 3.462304 -1.500088
v -1.980337 -0.492561 -4.375237
v -1.980336 -0.492561 -1.881242
v -1.605282 -0.803254 -1.921010
v -1.563262 -0.838064 -4.467726
v -0.476486 -1.738341 -1.853304
v -0.146867 -1.910203 -1.816579
v -0.148728 -1.909233 -4.224848
v -0.476486 -1.738342 -4.310259
v 1.035231 -2.534841 -3.561501
v 1.027365 -2.522445 -1.541256
v 2.590640 -2.760797 -1.207380
v 2.411054 -2.768191 -2.733297
v -1.100750 0.672312 -1.059538
v -0.482117 1.491595 -1.050822
v 0.240942 2.236072 -0.881054
v 1.016103 3.034196 -0.699054
v -0.712026 -1.543221 -1.881409
v -0.661277 -1.585262 -4.375623
v -1.259896 -1.089369 -1.922859
v -1.308888 -1.048786 -4.472026
v 3.671524 -2.906631 -1.160648
v 3.447636 -2.867709 -1.828275
v 4.147191 -2.858210 -0.436247
v 3.705110 -2.919262 -0.447928
v -1.980336 -0.492561 -1.071932
v -1.618917 -0.791958 -1.094592
v -0.146263 -1.910518 -1.035088
v -0.476485 -1.738341 -1.056014
v 2.582047 -2.758397 -0.687966
v 1.027365 -2.522445 -0.878209
v -1.089645 0.687019 -1.859216
v -0.482117 1.491595 -1.844192
v 0.264480 2.260308 -1.536551
v -0.728494 -1.529578 -1.072028
v -1.243997 -1.102539 -1.095646
v 3.705110 -2.919262 -0.447928
v -1.108037 0.735209 -4.496718
v -0.482117 1.491594 -4.289068
v 0.289592 2.342565 -3.744218
v 1.901947 3.571383 -0.742061
v -1.538752 0.092248 -1.870322
v -1.618041 0.059789 -4.513010
v -1.531796 0.101460 -1.065612
v -0.963073 0.233875 -4.818654
v -1.349905 -0.355884 -4.812353
v -0.904583 -0.724785 -4.800639
v -0.632982 -0.949778 -4.774894
v 0.058488 -1.522587 -4.671961
v 0.255794 -1.686034 -4.602171
v 0.605749 -1.868500 -4.510976
v 0.185928 -2.112284 -4.073034
v 0.963070 -2.085302 -4.348879
v 1.869892 -2.536476 -3.802703
v 2.801084 -2.785630 -2.998195
v 3.490662 -2.862467 -2.187130
v 3.490662 -2.862467 -2.187130
v 4.164201 -2.840144 -1.006868
v 4.294358 -2.788610 -0.465792
v 2.795306 3.983291 -0.792317
v 2.591371 3.866824 -1.601682
v 2.210512 3.649317 -2.438385
v 1.849468 3.409723 -3.046517
v 1.073754 2.671252 -3.997795
v 0.249781 1.762649 -4.579545
v -0.418528 0.955038 -4.801257
vn -0.0218 0.9987 -0.0463
vn 0.0148 0.9995 -0.0274
vn -0.1630 0.9861 -0.0326
vn -0.0218 0.9987 0.0463
vn -0.1630 0.9861 0.0326
vn 0.0148 0.9995 0.0274
vn 0.4796 -0.8767 -0.0372
vn 0.5600 -0.8202 -0.1168
vn 0.6246 -0.7809 0.0052
vn 0.4718 -0.8816 -0.0161
vn 0.9152 0.1335 -0.3803
vn 0.5738 0.6614 -0.4830
vn 0.6379 0.7701 -0.0000
vn 0.9923 0.1236 0.0031
vn 0.3508 0.8655 -0.3576
vn 0.4639 0.8859 0.0020
vn 0.5532 0.8330 -0.0000
vn 0.4472 0.8095 -0.3804
vn 0.2563 0.9454 -0.2013
vn 0.1145 0.9919 -0.0551
vn 0.1410 0.9900 0.0037
vn 0.3157 0.9489 0.0055
vn 0.7589 -0.6512 -0.0000
vn 0.7580 -0.6520 -0.0195
vn 0.7978 -0.6026 -0.0207
vn 0.7980 -0.6027 -0.0000
vn 0.6177 -0.7862 -0.0171
vn 0.7159 -0.6978 -0.0224
vn 0.7148 -0.6993 -0.0000
vn 0.6202 -0.7844 -0.0000
vn 0.5067 0.7279 -0.4620
vn 0.5363 0.6902 -0.4857
vn -0.0217 0.9987 -0.0463
vn -0.0332 0.9994 -0.0000
vn -0.0090 1.0000 -0.0040
vn -0.2855 0.9583 0.0095
vn -0.3637 0.9315 -0.0000
vn 0.6381 0.7700 -0.0000
vn 0.9936 0.1134 -0.0000
vn 0.9928 0.1168 -0.0258
vn 0.6381 0.7698 -0.0157
vn 0.4618 0.8869 -0.0123
vn 0.4613 0.8873 -0.0000
vn 0.5551 0.8318 -0.0000
vn 0.5517 0.8339 -0.0143
vn 0.1447 0.9894 -0.0079
vn 0.1458 0.9893 -0.0000
vn 0.3151 0.9491 -0.0000
vn 0.3069 0.9517 -0.0088
vn 0.7598 -0.6502 0.0045
vn 0.7949 -0.6067 0.0063
vn 0.7178 -0.6962 0.0047
vn 0.6376 0.7704 -0.0000
vn 0.6374 0.7704 -0.0161
vn 0.6378 0.7702 -0.0000
vn 0.6377 0.7702 -0.0157
vn -0.0331 0.9995 -0.0000
vn 0.6519 -0.6753 -0.3450
vn 0.6948 -0.5714 -0.4367
vn 0.6046 -0.7611 -0.2350
vn 0.4639 -0.8858 -0.0126
vn 0.4613 -0.8872 -0.0000
vn 0.7389 -0.4815 -0.4713
vn 0.8025 -0.5966 0.0064
vn 0.7978 -0.6026 -0.0205
vn 0.4876 -0.3425 -0.8030
vn 0.4990 0.0749 -0.8634
vn 0.3543 0.4277 -0.8316
vn 0.3036 0.4810 -0.8225
vn 0.2644 0.5858 -0.7661
vn 0.2220 0.6970 -0.6818
vn 0.1949 0.7584 -0.6220
vn 0.1557 0.8394 -0.5207
vn 0.3355 0.8899 -0.3090
vn 0.1029 0.9588 -0.2647
vn 0.0779 0.9928 -0.0914
vn 0.0344 0.9988 -0.0358
vn 0.0343 0.9988 -0.0358
vn -0.2105 0.9769 -0.0375
vn -0.3964 0.9180 0.0121
vn -0.4809 0.8768 -0.0000
vn 0.4190 -0.9080 -0.0000
vn 0.4194 -0.9077 -0.0151
vn 0.4204 -0.9068 -0.0325
vn 0.4239 -0.9034 -0.0647
vn 0.4366 -0.8845 -0.1641
vn 0.4561 -0.8181 -0.3501
vn 0.4720 -0.6994 -0.5367
vn 0.4782 -0.5314 -0.6992
vn 0.6246 -0.7809 -0.0052
vn 0.5600 -0.8202 0.1168
vn 0.4796 -0.8767 0.0372
vn 0.4717 -0.8816 0.0161
vn 0.9152 0.1335 0.3803
vn 0.9923 0.1236 -0.0031
vn 0.5738 0.6614 0.4830
vn 0.4639 0.8859 -0.0020
vn 0.3508 0.8655 0.3576
vn 0.4472 0.8095 0.3804
vn 0.2563 0.9454 0.2013
vn 0.3157 0.9489 -0.0055
vn 0.1410 0.9900 -0.0037
vn 0.1145 0.9919 0.0551
vn 0.7978 -0.6026 0.0207
vn 0.7580 -0.6519 0.0195
vn 0.7159 -0.6979 0.0223
vn 0.6177 -0.7862 0.0172
vn 0.5067 0.7279 0.4620
vn 0.5363 0.6902 0.4857
vn -0.0217 0.9987 0.0463
vn -0.2855 0.9583 -0.0095
vn -0.0090 1.0000 0.0040
vn 0.9928 0.1168 0.0258
vn 0.6379 0.7700 0.0159
vn 0.4618 0.8869 0.0124
vn 0.5514 0.8341 0.0142
vn 0.1447 0.9894 0.0079
vn 0.3069 0.9517 0.0088
vn 0.7949 -0.6067 -0.0063
vn 0.7598 -0.6502 -0.0045
vn 0.7178 -0.6962 -0.0047
vn 0.6374 0.7704 0.0161
vn 0.6377 0.7702 0.0157
vn 0.6948 -0.5714 0.4367
vn 0.6519 -0.6753 0.3450
vn 0.6042 -0.7614 0.2349
vn 0.4639 -0.8858 0.0126
vn 0.8025 -0.5966 -0.0064
vn 0.7389 -0.4816 0.4713
vn 0.7978 -0.6026 0.0205
vn 0.4876 -0.3425 0.8030
vn 0.4990 0.0749 0.8634
vn 0.3543 0.4277 0.8316
vn 0.3036 0.4810 0.8225
vn 0.2644 0.5858 0.7661
vn 0.2220 0.6970 0.6818
vn 0.1949 0.7584 0.6220
vn 0.3356 0.8899 0.3090
vn 0.1557 0.8394 0.5207
vn 0.1029 0.9588 0.2647
vn 0.0779 0.9928 0.0914
vn 0.0344 0.9988 0.0358
vn 0.0343 0.9988 0.0358
vn -0.2105 0.9769 0.0375
vn -0.3964 0.9180 -0.0121
vn 0.4194 -0.9077 0.0151
vn 0.4204 -0.9068 0.0325
vn 0.4239 -0.9034 0.0647
vn 0.4366 -0.8845 0.1641
vn 0.4561 -0.8181 0.3501
vn 0.4720 -0.6994 0.5367
vn 0.4782 -0.5314 0.6992
vt 0.629377 0.312500
vt 0.593750 0.312500
vt 0.610625 0.312500
vt 1.000000 0.000000
vt 0.656250 0.312500
vt 0.640938 0.312500
vt 0.625000 0.312500
vt 0.593750 0.250000
s 1
usemtl 07_-_Default
f 3643/728/3139 3644/729/3140 3645/730/3141
f 3646/728/3142 3647/730/3143 3648/729/3144
f 3649/731/3145 3650/731/3146 3651/731/3147
f 3649/731/3145 3651/731/3147 3652/731/3148
f 3653/731/3149 3654/731/3150 3655/731/3151
f 3653/731/3149 3655/731/3151 3656/731/3152
f 3657/731/3153 3658/731/3154 3659/731/3155
f 3657/731/3153 3659/731/3155 3660/731/3156
f 3661/731/3157 3662/731/3158 3663/731/3159
f 3661/731/3157 3663/731/3159 3664/731/3160
f 3665/731/3161 3666/731/3162 3667/731/3163
f 3665/731/3161 3667/731/3163 3668/731/3164
f 3669/731/3165 3670/731/3166 3671/731/3167
f 3669/731/3165 3671/731/3167 3672/731/3168
f 3660/731/3156 3659/731/3155 3673/731/3151
f 3660/731/3156 3673/731/3151 3674/731/3169
f 3674/731/3169 3673/731/3151 3675/731/3151
f 3674/731/3169 3675/731/3151 3676/731/3170
f 3676/731/3170 3675/731/3151 3655/731/3151
f 3676/731/3170 3655/731/3151 3654/731/3150
f 3677/731/3140 3678/731/3171 3663/731/3159
f 3677/731/3140 3663/731/3159 3662/731/3158
f 3679/732/3172 3680/733/3173 3681/734/3174
f 3679/732/3172 3681/734/3174 3682/735/3175
f 3683/731/3176 3684/731/3177 3685/731/3178
f 3683/731/3176 3685/731/3178 3686/731/3179
f 3687/731/3180 3688/731/3181 3689/731/3182
f 3687/731/3180 3689/731/3182 3690/731/3183
f 3691/731/3184 3692/731/3185 3693/731/3186
f 3691/731/3184 3693/731/3186 3694/731/3187
f 3695/731/3188 3696/731/3189 3667/731/3163
f 3695/731/3188 3667/731/3163 3666/731/3162
f 3651/731/3147 3697/731/3190 3670/731/3166
f 3651/731/3147 3670/731/3166 3669/731/3165
f 3694/731/3187 3693/731/3186 3688/731/3181
f 3694/731/3187 3688/731/3181 3687/731/3180
f 3690/731/3183 3689/731/3182 3698/731/3191
f 3690/731/3183 3698/731/3191 3699/731/3192
f 3699/731/3192 3698/731/3191 3700/731/3193
f 3699/731/3192 3700/731/3193 3701/731/3194
f 3700/731/3193 3683/731/3176 3686/731/3179
f 3700/731/3193 3686/731/3179 3701/731/3194
f 3702/731/3173 3703/731/3195 3692/731/3185
f 3702/731/3173 3692/731/3185 3691/731/3184
f 3686/731/3179 3685/731/3178 3656/731/3152
f 3686/731/3179 3656/731/3152 3655/731/3151
f 3658/731/3154 3687/731/3180 3690/731/3183
f 3658/731/3154 3690/731/3183 3659/731/3155
f 3663/731/3159 3691/731/3184 3694/731/3187
f 3663/731/3159 3694/731/3187 3664/731/3160
f 3664/731/3160 3694/731/3187 3687/731/3180
f 3664/731/3160 3687/731/3180 3658/731/3154
f 3659/731/3155 3690/731/3183 3699/731/3192
f 3659/731/3155 3699/731/3192 3673/731/3151
f 3673/731/3151 3699/731/3192 3701/731/3194
f 3673/731/3151 3701/731/3194 3675/731/3151
f 3701/731/3194 3686/731/3179 3655/731/3151
f 3701/731/3194 3655/731/3151 3675/731/3151
f 3678/731/3171 3702/731/3173 3691/731/3184
f 3678/731/3171 3691/731/3184 3663/731/3159
f 3704/731/3196 3705/731/3197 3696/731/3189
f 3704/731/3196 3696/731/3189 3695/731/3188
f 3650/731/3146 3706/731/3198 3697/731/3190
f 3650/731/3146 3697/731/3190 3651/731/3147
f 3680/733/3173 3643/728/3139 3645/730/3141
f 3680/733/3173 3645/730/3141 3681/734/3174
f 3669/731/3165 3707/731/3199 3652/731/3148
f 3669/731/3165 3652/731/3148 3651/731/3147
f 3669/731/3165 3672/731/3168 3708/731/3200
f 3669/731/3165 3708/731/3200 3707/731/3199
f 3706/731/3198 3704/731/3196 3695/731/3188
f 3706/731/3198 3695/731/3188 3697/731/3190
f 3697/731/3190 3695/731/3188 3666/731/3162
f 3697/731/3190 3666/731/3162 3670/731/3166
f 3670/731/3166 3666/731/3162 3665/731/3161
f 3670/731/3166 3665/731/3161 3671/731/3167
f 3709/731/3201 3710/731/3202 3696/731/3189
f 3709/731/3201 3696/731/3189 3705/731/3197
f 3696/731/3189 3710/731/3202 3711/731/3203
f 3696/731/3189 3711/731/3203 3667/731/3163
f 3711/731/3203 3712/731/3164 3668/731/3164
f 3711/731/3203 3668/731/3164 3667/731/3163
f 3709/731/3201 3653/731/3149 3656/731/3152
f 3709/731/3201 3656/731/3152 3710/731/3202
f 3710/731/3202 3656/731/3152 3685/731/3178
f 3710/731/3202 3685/731/3178 3711/731/3203
f 3685/731/3178 3684/731/3177 3712/731/3164
f 3685/731/3178 3712/731/3164 3711/731/3203
f 3713/731/3204 3714/731/3205 3653/731/3149
f 3713/731/3204 3653/731/3149 3709/731/3201
f 3714/731/3205 3715/731/3206 3654/731/3150
f 3714/731/3205 3654/731/3150 3653/731/3149
f 3715/731/3206 3716/731/3207 3676/731/3170
f 3715/731/3206 3676/731/3170 3654/731/3150
f 3716/731/3207 3717/731/3208 3674/731/3169
f 3716/731/3207 3674/731/3169 3676/731/3170
f 3717/731/3208 3718/731/3209 3660/731/3156
f 3717/731/3208 3660/731/3156 3674/731/3169
f 3718/731/3209 3719/731/3210 3657/731/3153
f 3718/731/3209 3657/731/3153 3660/731/3156
f 3719/731/3210 3720/731/3211 3721/731/3212
f 3719/731/3210 3721/731/3212 3657/731/3153
f 3720/731/3211 3722/731/3213 3661/731/3157
f 3720/731/3211 3661/731/3157 3721/731/3212
f 3722/731/3213 3723/731/3214 3662/731/3158
f 3722/731/3213 3662/731/3158 3661/731/3157
f 3723/731/3214 3724/731/3215 3677/731/3140
f 3723/731/3214 3677/731/3140 3662/731/3158
f 3725/729/3216 3726/730/3217 3645/730/3141
f 3725/729/3216 3645/730/3141 3644/729/3140
f 3726/730/3217 3727/734/3218 3681/734/3174
f 3726/730/3217 3681/734/3174 3645/730/3141
f 3727/734/3218 3728/735/3219 3682/735/3175
f 3727/734/3218 3682/735/3175 3681/734/3174
f 3729/731/3220 3730/731/3221 3707/731/3199
f 3729/731/3220 3707/731/3199 3708/731/3200
f 3730/731/3221 3731/731/3222 3652/731/3148
f 3730/731/3221 3652/731/3148 3707/731/3199
f 3731/731/3222 3732/731/3223 3649/731/3145
f 3731/731/3222 3649/731/3145 3652/731/3148
f 3732/731/3223 3733/731/3224 3650/731/3146
f 3732/731/3223 3650/731/3146 3649/731/3145
f 3733/731/3224 3734/731/3225 3706/731/3198
f 3733/731/3224 3706/731/3198 3650/731/3146
f 3734/731/3225 3735/731/3226 3704/731/3196
f 3734/731/3225 3704/731/3196 3706/731/3198
f 3735/731/3226 3736/731/3227 3705/731/3197
f 3735/731/3226 3705/731/3197 3704/731/3196
f 3736/731/3227 3713/731/3204 3709/731/3201
f 3736/731/3227 3709/731/3201 3705/731/3197
f 3737/731/3228 3738/731/3229 3739/731/3230
f 3737/731/3228 3739/731/3230 3740/731/3231
f 3741/731/3232 3742/731/3233 3743/731/3151
f 3741/731/3232 3743/731/3151 3744/731/3234
f 3745/731/3155 3746/731/3235 3747/731/3236
f 3745/731/3155 3747/731/3236 3748/731/3237
f 3749/731/3238 3750/731/3239 3751/731/3240
f 3749/731/3238 3751/731/3240 3752/731/3241
f 3665/731/3161 3668/731/3164 3753/731/3242
f 3665/731/3161 3753/731/3242 3754/731/3243
f 3671/731/3167 3755/731/3244 3756/731/3245
f 3671/731/3167 3756/731/3245 3672/731/3168
f 3757/731/3151 3745/731/3155 3748/731/3237
f 3757/731/3151 3748/731/3237 3758/731/3246
f 3759/731/3151 3757/731/3151 3758/731/3246
f 3759/731/3151 3758/731/3246 3760/731/3247
f 3743/731/3151 3759/731/3151 3760/731/3247
f 3743/731/3151 3760/731/3247 3744/731/3234
f 3751/731/3240 3761/731/3248 3762/731/3144
f 3751/731/3240 3762/731/3144 3752/731/3241
f 3679/732/3172 3682/735/3175 3763/734/3249
f 3679/732/3172 3763/734/3249 3764/733/3250
f 3765/731/3251 3684/731/3177 3683/731/3176
f 3765/731/3251 3683/731/3176 3766/731/3252
f 3767/731/3253 3768/731/3254 3689/731/3182
f 3767/731/3253 3689/731/3182 3688/731/3181
f 3769/731/3255 3770/731/3256 3693/731/3186
f 3769/731/3255 3693/731/3186 3692/731/3185
f 3753/731/3242 3771/731/3257 3772/731/3258
f 3753/731/3242 3772/731/3258 3754/731/3243
f 3755/731/3244 3773/731/3259 3737/731/3228
f 3755/731/3244 3737/731/3228 3756/731/3245
f 3770/731/3256 3767/731/3253 3688/731/3181
f 3770/731/3256 3688/731/3181 3693/731/3186
f 3768/731/3254 3774/731/3260 3698/731/3191
f 3768/731/3254 3698/731/3191 3689/731/3182
f 3774/731/3260 3775/731/3261 3700/731/3193
f 3774/731/3260 3700/731/3193 3698/731/3191
f 3766/731/3252 3683/731/3176 3700/731/3193
f 3766/731/3252 3700/731/3193 3775/731/3261
f 3776/731/3250 3769/731/3255 3692/731/3185
f 3776/731/3250 3692/731/3185 3703/731/3195
f 3742/731/3233 3765/731/3251 3766/731/3252
f 3742/731/3233 3766/731/3252 3743/731/3151
f 3746/731/3235 3745/731/3155 3768/731/3254
f 3746/731/3235 3768/731/3254 3767/731/3253
f 3751/731/3240 3750/731/3239 3770/731/3256
f 3751/731/3240 3770/731/3256 3769/731/3255
f 3750/731/3239 3746/731/3235 3767/731/3253
f 3750/731/3239 3767/731/3253 3770/731/3256
f 3745/731/3155 3757/731/3151 3774/731/3260
f 3745/731/3155 3774/731/3260 3768/731/3254
f 3757/731/3151 3759/731/3151 3775/731/3261
f 3757/731/3151 3775/731/3261 3774/731/3260
f 3743/731/3151 3766/731/3252 3775/731/3261
f 3743/731/3151 3775/731/3261 3759/731/3151
f 3761/731/3248 3751/731/3240 3769/731/3255
f 3761/731/3248 3769/731/3255 3776/731/3250
f 3771/731/3257 3777/731/3262 3778/731/3263
f 3771/731/3257 3778/731/3263 3772/731/3258
f 3773/731/3259 3779/731/3264 3738/731/3229
f 3773/731/3259 3738/731/3229 3737/731/3228
f 3764/733/3250 3763/734/3249 3647/730/3143
f 3764/733/3250 3647/730/3143 3646/728/3142
f 3740/731/3231 3780/731/3265 3756/731/3245
f 3740/731/3231 3756/731/3245 3737/731/3228
f 3756/731/3245 3780/731/3265 3708/731/3200
f 3756/731/3245 3708/731/3200 3672/731/3168
f 3779/731/3264 3773/731/3259 3772/731/3258
f 3779/731/3264 3772/731/3258 3778/731/3263
f 3773/731/3259 3755/731/3244 3754/731/3243
f 3773/731/3259 3754/731/3243 3772/731/3258
f 3755/731/3244 3671/731/3167 3665/731/3161
f 3755/731/3244 3665/731/3161 3754/731/3243
f 3771/731/3257 3781/731/3266 3782/731/3267
f 3771/731/3257 3782/731/3267 3777/731/3262
f 3771/731/3257 3753/731/3242 3783/731/3268
f 3771/731/3257 3783/731/3268 3781/731/3266
f 3668/731/3164 3712/731/3164 3783/731/3268
f 3668/731/3164 3783/731/3268 3753/731/3242
f 3782/731/3267 3781/731/3266 3742/731/3233
f 3782/731/3267 3742/731/3233 3741/731/3232
f 3781/731/3266 3783/731/3268 3765/731/3251
f 3781/731/3266 3765/731/3251 3742/731/3233
f 3712/731/3164 3684/731/3177 3765/731/3251
f 3712/731/3164 3765/731/3251 3783/731/3268
f 3784/731/3269 3782/731/3267 3741/731/3232
f 3784/731/3269 3741/731/3232 3785/731/3270
f 3785/731/3270 3741/731/3232 3744/731/3234
f 3785/731/3270 3744/731/3234 3786/731/3271
f 3786/731/3271 3744/731/3234 3760/731/3247
f 3786/731/3271 3760/731/3247 3787/731/3272
f 3787/731/3272 3760/731/3247 3758/731/3246
f 3787/731/3272 3758/731/3246 3788/731/3273
f 3788/731/3273 3758/731/3246 3748/731/3237
f 3788/731/3273 3748/731/3237 3789/731/3274
f 3789/731/3274 3748/731/3237 3747/731/3236
f 3789/731/3274 3747/731/3236 3790/731/3275
f 3790/731/3275 3747/731/3236 3791/731/3276
f 3790/731/3275 3791/731/3276 3792/731/3277
f 3792/731/3277 3791/731/3276 3749/731/3238
f 3792/731/3277 3749/731/3238 3793/731/3278
f 3793/731/3278 3749/731/3238 3752/731/3241
f 3793/731/3278 3752/731/3241 3794/731/3279
f 3794/731/3279 3752/731/3241 3762/731/3144
f 3794/731/3279 3762/731/3144 3795/731/3280
f 3796/729/3281 3648/729/3144 3647/730/3143
f 3796/729/3281 3647/730/3143 3797/730/3282
f 3797/730/3282 3647/730/3143 3763/734/3249
f 3797/730/3282 3763/734/3249 3798/734/3283
f 3798/734/3283 3763/734/3249 3682/735/3175
f 3798/734/3283 3682/735/3175 3728/735/3219
f 3729/731/3220 3708/731/3200 3780/731/3265
f 3729/731/3220 3780/731/3265 3799/731/3284
f 3799/731/3284 3780/731/3265 3740/731/3231
f 3799/731/3284 3740/731/3231 3800/731/3285
f 3800/731/3285 3740/731/3231 3739/731/3230
f 3800/731/3285 3739/731/3230 3801/731/3286
f 3801/731/3286 3739/731/3230 3738/731/3229
f 3801/731/3286 3738/731/3229 3802/731/3287
f 3802/731/3287 3738/731/3229 3779/731/3264
f 3802/731/3287 3779/731/3264 3803/731/3288
f 3803/731/3288 3779/731/3264 3778/731/3263
f 3803/731/3288 3778/731/3263 3804/731/3289
f 3804/731/3289 3778/731/3263 3777/731/3262
f 3804/731/3289 3777/731/3262 3805/731/3290
f 3805/731/3290 3777/731/3262 3782/731/3267
f 3805/731/3290 3782/731/3267 3784/731/3269
f 3664/731/3160 3721/731/3212 3661/731/3157
f 3721/731/3212 3664/731/3160 3658/731/3154
f 3721/731/3212 3658/731/3154 3657/731/3153
f 3791/731/3276 3750/731/3239 3749/731/3238
f 3750/731/3239 3791/731/3276 3746/731/3235
f 3746/731/3235 3791/731/3276 3747/731/3236
o Sphere001_08_-_Default_0
v 0.455235 2.447620 3.846572
v 2.057710 3.772598 1.516068
v 3.362544 1.306142 1.990112
v 0.800204 2.643011 3.942993
v 3.707513 1.501532 2.086533
v 2.402679 3.967989 1.612489
v -1.265794 0.410693 4.129140
v 0.820090 2.643050 3.474675
v 0.946192 0.371775 3.968941
v -1.182858 0.429032 4.528218
v 1.029128 0.390114 4.368020
v 0.903027 2.661389 3.873754
v -2.042692 -0.327199 4.169678
v -0.333378 -0.592164 3.870816
v 0.046538 -1.927543 3.886275
v -1.792150 -0.522590 4.425666
v 0.297080 -2.122934 4.142263
v -0.082837 -0.527608 4.126803
v 0.004595 -1.792035 4.085785
v 2.287152 -0.508743 3.128943
v 2.204007 -2.901927 2.654899
v 0.349565 -1.987426 4.182206
v 2.548977 -3.097317 2.751320
v 2.632121 -0.704134 3.225364
v 2.137547 -2.580383 2.621139
v 4.141103 -0.209115 1.625960
v 3.152209 -2.865146 0.056469
v 3.547498 -3.108013 0.200343
v 4.536392 -0.451982 1.769833
v 2.532837 -2.823249 2.765012
v 0.455234 2.447620 -3.846572
v 3.362543 1.306142 -1.990113
v 2.057709 3.772598 -1.516069
v 0.800203 2.643011 -3.942994
v 2.402679 3.967989 -1.612490
v 3.707512 1.501532 -2.086534
v -1.265796 0.410693 -4.129139
v 0.946191 0.371775 -3.968942
v 0.820089 2.643050 -3.474675
v -1.182860 0.429032 -4.528217
v 0.903025 2.661389 -3.873754
v 1.029127 0.390114 -4.368020
v -2.042694 -0.327199 -4.169677
v 0.046537 -1.927543 -3.886275
v -0.333380 -0.592164 -3.870816
v -1.792152 -0.522590 -4.425665
v -0.082839 -0.527608 -4.126803
v 0.297078 -2.122934 -4.142263
v 0.004593 -1.792035 -4.085785
v 2.204006 -2.901927 -2.654900
v 2.287151 -0.508743 -3.128944
v 0.349563 -1.987426 -4.182206
v 2.632120 -0.704134 -3.225365
v 2.548976 -3.097317 -2.751321
v 2.137546 -2.580383 -2.621140
v 3.152209 -2.865146 -0.056471
v 4.141102 -0.209115 -1.625962
v 3.547498 -3.108013 -0.200344
v 2.532836 -2.823249 -2.765013
v 4.536391 -0.451982 -1.769835
v 2.567474 3.827955 1.622272
v 2.224008 3.484489 1.622273
v 4.327537 1.593212 0.001853
v 4.671003 1.936677 0.001853
v 0.455235 2.447620 3.846572
v 3.362544 1.306142 1.990112
v 3.707513 1.501532 2.086533
v 0.800204 2.643011 3.942993
v 3.362544 1.306142 1.990112
v 2.057710 3.772598 1.516068
v 2.402679 3.967989 1.612489
v 3.707513 1.501532 2.086533
v 2.057710 3.772598 1.516068
v 0.455235 2.447620 3.846572
v 0.800204 2.643011 3.942993
v 2.402679 3.967989 1.612489
v -1.265794 0.410693 4.129140
v 0.946192 0.371775 3.968941
v 1.029128 0.390114 4.368020
v -1.182858 0.429032 4.528218
v 0.946192 0.371775 3.968941
v 0.820090 2.643050 3.474675
v 0.903027 2.661389 3.873754
v 1.029128 0.390114 4.368020
v 0.820090 2.643050 3.474675
v -1.265794 0.410693 4.129140
v -1.182858 0.429032 4.528218
v 0.903027 2.661389 3.873754
v -2.042692 -0.327199 4.169678
v -1.792150 -0.522590 4.425666
v -0.082837 -0.527608 4.126803
v -0.333378 -0.592164 3.870816
v -0.333378 -0.592164 3.870816
v -0.082837 -0.527608 4.126803
v 0.297080 -2.122934 4.142263
v 0.046538 -1.927543 3.886275
v 0.046538 -1.927543 3.886275
v 0.297080 -2.122934 4.142263
v -1.792150 -0.522590 4.425666
v -2.042692 -0.327199 4.169678
v 0.004595 -1.792035 4.085785
v 0.349565 -1.987426 4.182206
v 2.632121 -0.704134 3.225364
v 2.287152 -0.508743 3.128943
v 2.287152 -0.508743 3.128943
v 2.632121 -0.704134 3.225364
v 2.548977 -3.097317 2.751320
v 2.204007 -2.901927 2.654899
v 2.204007 -2.901927 2.654899
v 2.548977 -3.097317 2.751320
v 0.349565 -1.987426 4.182206
v 0.004595 -1.792035 4.085785
v 2.137547 -2.580383 2.621139
v 3.152209 -2.865146 0.056469
v 3.547498 -3.108013 0.200343
v 2.532837 -2.823249 2.765012
v 3.152209 -2.865146 0.056469
v 4.141103 -0.209115 1.625960
v 4.536392 -0.451982 1.769833
v 3.547498 -3.108013 0.200343
v 2.532837 -2.823249 2.765012
v 4.536392 -0.451982 1.769833
v 4.141103 -0.209115 1.625960
v 2.137547 -2.580383 2.621139
v 4.327537 1.593212 0.001853
v 4.327537 1.593212 -0.000001
v 4.671003 1.936677 -0.000001
v 4.671003 1.936677 0.001853
v -1.291645 3.190119 3.779967
v -1.164075 3.272249 3.682927
v -1.268695 3.313329 3.607193
v -1.373844 3.222394 3.720463
v -1.389246 3.331101 3.543812
v -1.468560 3.236358 3.670665
v -1.521096 3.324885 3.495220
v -1.572154 3.231474 3.632487
v -1.659178 3.294918 3.463284
v -1.680645 3.207929 3.607395
v -1.798186 3.242353 3.449233
v -1.789863 3.166629 3.596355
v -1.932778 3.169209 3.453606
v -1.895611 3.109160 3.599791
v -2.057781 3.078297 3.476234
v -1.993825 3.037731 3.617570
v -2.168392 2.973111 3.516248
v -2.080731 2.955087 3.649009
v -2.260360 2.857693 3.572111
v -2.152990 2.864404 3.692900
v -2.330150 2.736479 3.641676
v -2.207824 2.769166 3.747557
v -2.375081 2.614127 3.722269
v -2.243126 2.673035 3.810878
v -2.393425 2.495338 3.810793
v -2.257539 2.579703 3.880431
v -2.384480 2.384679 3.903847
v -2.250510 2.492758 3.953543
v -2.348586 2.286400 3.997854
v -2.222309 2.415541 4.027403
v -2.287125 2.204279 4.089201
v -2.174020 2.351020 4.099174
v -2.202458 2.141473 4.174378
v -2.107497 2.301673 4.166098
v -2.097838 2.100394 4.250113
v -2.025298 2.269398 4.225603
v -1.977288 2.082622 4.313494
v -1.930582 2.255434 4.275401
v -1.845437 2.088838 4.362086
v -1.826988 2.260318 4.313579
v -1.707355 2.118805 4.394021
v -1.718497 2.283863 4.338670
v -1.568347 2.171371 4.408072
v -1.609279 2.325163 4.349710
v -1.433755 2.244515 4.403700
v -1.503531 2.382632 4.346274
v -1.308752 2.335427 4.381071
v -1.405317 2.454062 4.328496
v -1.198142 2.440613 4.341056
v -1.318411 2.536705 4.297056
v -1.106174 2.556031 4.285193
v -1.246152 2.627389 4.253165
v -1.036384 2.677245 4.215628
v -1.191318 2.722626 4.198508
v -0.991453 2.799597 4.135035
v -1.156016 2.818758 4.135186
v -0.973108 2.918385 4.046511
v -1.141603 2.912089 4.065633
v -0.982055 3.029045 3.953458
v -1.148632 2.999034 3.992522
v -1.017948 3.127323 3.859451
v -1.176833 3.076251 3.918661
v -1.079409 3.209444 3.768104
v -1.225123 3.140772 3.846890
v -1.164075 3.272249 3.682927
v -1.291645 3.190119 3.779967
v -1.052896 3.324124 3.585633
v -1.175915 3.372427 3.496578
v -1.317668 3.393326 3.422050
v -1.472707 3.386017 3.364912
v -1.635075 3.350779 3.327360
v -1.798530 3.288969 3.310838
v -1.956794 3.202961 3.315979
v -2.103782 3.096060 3.342587
v -2.233847 2.972374 3.389640
v -2.341989 2.836657 3.455327
v -2.424054 2.694124 3.537127
v -2.476887 2.550253 3.631894
v -2.498458 2.410573 3.735987
v -2.487939 2.280451 3.845407
v -2.445733 2.164887 3.955947
v -2.373462 2.068324 4.063360
v -2.273904 1.994471 4.163518
v -2.150885 1.946168 4.252573
v -2.009131 1.925269 4.327101
v -1.854092 1.932579 4.384239
v -1.691725 1.967816 4.421790
v -1.528269 2.029627 4.438313
v -1.370005 2.115635 4.433171
v -1.223018 2.222537 4.406563
v -1.092953 2.346222 4.359511
v -0.984811 2.481939 4.293823
v -0.902746 2.624472 4.212023
v -0.849913 2.768343 4.117256
v -0.828342 2.908024 4.013162
v -0.838862 3.038146 3.903743
v -0.881068 3.153709 3.793203
v -0.953339 3.250272 3.685790
v -1.052896 3.324124 3.585633
v -0.962378 3.343748 3.491823
v -1.099070 3.397420 3.392871
v -1.256577 3.420641 3.310060
v -1.428847 3.412519 3.246572
v -1.609261 3.373366 3.204846
v -1.790883 3.304686 3.186488
v -1.966736 3.209119 3.192201
v -2.130060 3.090337 3.221766
v -2.274580 2.952905 3.274047
v -2.394742 2.802104 3.347036
v -2.485927 2.643730 3.437926
v -2.544633 2.483869 3.543226
v -2.568602 2.328665 3.658889
v -2.556913 2.184080 3.780469
v -2.510016 2.055673 3.903295
v -2.429713 1.948378 4.022646
v -2.319090 1.866317 4.133936
v -2.182398 1.812645 4.232888
v -2.024890 1.789424 4.315699
v -1.852620 1.797546 4.379187
v -1.672207 1.836700 4.420912
v -1.490584 1.905380 4.439271
v -1.314732 2.000948 4.433558
v -1.151407 2.119730 4.403992
v -1.006888 2.257162 4.351710
v -0.886726 2.407963 4.278722
v -0.795541 2.566336 4.187831
v -0.736836 2.726197 4.082531
v -0.712867 2.881402 3.966869
v -0.724556 3.025986 3.845289
v -0.771453 3.154393 3.722463
v -0.851756 3.261688 3.603112
v -0.962378 3.343748 3.491823
v -0.896001 3.030345 2.999520
v -1.041112 3.087323 2.894473
v -1.208321 3.111975 2.806561
v -1.391202 3.103353 2.739162
v -1.582728 3.061788 2.694866
v -1.775538 2.988878 2.675377
v -1.962222 2.887424 2.681442
v -2.135606 2.761325 2.712828
v -2.289028 2.615428 2.768330
v -2.416591 2.455340 2.845814
v -2.513392 2.287210 2.942303
v -2.575714 2.117503 3.054089
v -2.601159 1.952739 3.176875
v -2.588750 1.799249 3.305944
v -2.538965 1.662933 3.436335
v -2.453716 1.549029 3.563038
v -2.336279 1.461913 3.681183
v -2.191168 1.404935 3.786230
v -2.023959 1.380284 3.874141
v -1.841077 1.388906 3.941540
v -1.649552 1.430472 3.985835
v -1.456742 1.503382 4.005325
v -1.270058 1.604836 3.999260
v -1.096674 1.730935 3.967873
v -0.943252 1.876832 3.912371
v -0.815690 2.036921 3.834887
v -0.718888 2.205050 3.738398
v -0.656567 2.374757 3.626612
v -0.631122 2.539522 3.503825
v -0.643531 2.693011 3.374756
v -0.693317 2.829327 3.244365
v -0.778566 2.943231 3.117663
v -0.896001 3.030345 2.999520
v 2.224008 3.484489 1.622273
v 2.567474 3.827955 1.622272
v 2.567474 3.827955 -0.000001
v 2.224008 3.484489 -0.000000
v 2.567474 3.827955 -1.622273
v 4.671003 1.936677 -0.001855
v 4.327537 1.593212 -0.001855
v 2.224008 3.484489 -1.622274
v 0.455234 2.447620 -3.846572
v 0.800203 2.643011 -3.942994
v 3.707512 1.501532 -2.086534
v 3.362543 1.306142 -1.990113
v 3.362543 1.306142 -1.990113
v 3.707512 1.501532 -2.086534
v 2.402679 3.967989 -1.612490
v 2.057709 3.772598 -1.516069
v 2.057709 3.772598 -1.516069
v 2.402679 3.967989 -1.612490
v 0.800203 2.643011 -3.942994
v 0.455234 2.447620 -3.846572
v -1.265796 0.410693 -4.129139
v -1.182860 0.429032 -4.528217
v 1.029127 0.390114 -4.368020
v 0.946191 0.371775 -3.968942
v 0.946191 0.371775 -3.968942
v 1.029127 0.390114 -4.368020
v 0.903025 2.661389 -3.873754
v 0.820089 2.643050 -3.474675
v 0.820089 2.643050 -3.474675
v 0.903025 2.661389 -3.873754
v -1.182860 0.429032 -4.528217
v -1.265796 0.410693 -4.129139
v -2.042694 -0.327199 -4.169677
v -0.333380 -0.592164 -3.870816
v -0.082839 -0.527608 -4.126803
v -1.792152 -0.522590 -4.425665
v -0.333380 -0.592164 -3.870816
v 0.046537 -1.927543 -3.886275
v 0.297078 -2.122934 -4.142263
v -0.082839 -0.527608 -4.126803
v 0.046537 -1.927543 -3.886275
v -2.042694 -0.327199 -4.169677
v -1.792152 -0.522590 -4.425665
v 0.297078 -2.122934 -4.142263
v 0.004593 -1.792035 -4.085785
v 2.287151 -0.508743 -3.128944
v 2.632120 -0.704134 -3.225365
v 0.349563 -1.987426 -4.182206
v 2.287151 -0.508743 -3.128944
v 2.204006 -2.901927 -2.654900
v 2.548976 -3.097317 -2.751321
v 2.632120 -0.704134 -3.225365
v 2.204006 -2.901927 -2.654900
v 0.004593 -1.792035 -4.085785
v 0.349563 -1.987426 -4.182206
v 2.548976 -3.097317 -2.751321
v 2.137546 -2.580383 -2.621140
v 2.532836 -2.823249 -2.765013
v 3.547498 -3.108013 -0.200344
v 3.152209 -2.865146 -0.056471
v 3.152209 -2.865146 -0.056471
v 3.547498 -3.108013 -0.200344
v 4.536391 -0.451982 -1.769835
v 4.141102 -0.209115 -1.625962
v 2.532836 -2.823249 -2.765013
v 2.137546 -2.580383 -2.621140
v 4.141102 -0.209115 -1.625962
v 4.536391 -0.451982 -1.769835
v 4.327537 1.593212 -0.001855
v 4.671003 1.936677 -0.001855
v -1.291646 3.190119 -3.779966
v -1.373845 3.222394 -3.720462
v -1.268696 3.313329 -3.607192
v -1.164077 3.272249 -3.682926
v -1.468562 3.236358 -3.670664
v -1.389247 3.331101 -3.543811
v -1.572155 3.231474 -3.632486
v -1.521097 3.324885 -3.495219
v -1.680646 3.207929 -3.607395
v -1.659179 3.294918 -3.463284
v -1.789864 3.166629 -3.596354
v -1.798187 3.242353 -3.449232
v -1.895612 3.109160 -3.599790
v -1.932779 3.169209 -3.453605
v -1.993826 3.037731 -3.617569
v -2.057782 3.078297 -3.476233
v -2.080733 2.955087 -3.649008
v -2.168393 2.973111 -3.516248
v -2.152991 2.864404 -3.692899
v -2.260361 2.857693 -3.572110
v -2.207825 2.769166 -3.747556
v -2.330151 2.736479 -3.641675
v -2.243127 2.673035 -3.810877
v -2.375082 2.614127 -3.722268
v -2.257540 2.579703 -3.880430
v -2.393427 2.495338 -3.810792
v -2.250512 2.492758 -3.953542
v -2.384481 2.384679 -3.903846
v -2.222311 2.415541 -4.027402
v -2.348588 2.286400 -3.997853
v -2.174021 2.351020 -4.099174
v -2.287127 2.204279 -4.089200
v -2.107499 2.301673 -4.166097
v -2.202460 2.141473 -4.174377
v -2.025300 2.269398 -4.225602
v -2.097840 2.100394 -4.250112
v -1.930583 2.255434 -4.275400
v -1.977289 2.082622 -4.313493
v -1.826989 2.260318 -4.313578
v -1.845439 2.088838 -4.362085
v -1.718499 2.283863 -4.338669
v -1.707357 2.118805 -4.394020
v -1.609281 2.325163 -4.349709
v -1.568349 2.171371 -4.408071
v -1.503533 2.382632 -4.346273
v -1.433757 2.244515 -4.403699
v -1.405318 2.454062 -4.328495
v -1.308754 2.335427 -4.381070
v -1.318412 2.536705 -4.297055
v -1.198143 2.440613 -4.341055
v -1.246154 2.627389 -4.253164
v -1.106176 2.556031 -4.285193
v -1.191320 2.722626 -4.198507
v -1.036386 2.677245 -4.215628
v -1.156018 2.818758 -4.135186
v -0.991455 2.799597 -4.135035
v -1.141605 2.912089 -4.065633
v -0.973110 2.918385 -4.046511
v -1.148634 2.999034 -3.992521
v -0.982056 3.029045 -3.953457
v -1.176835 3.076251 -3.918661
v -1.017950 3.127323 -3.859451
v -1.225125 3.140772 -3.846890
v -1.079411 3.209444 -3.768103
v -1.291646 3.190119 -3.779966
v -1.164077 3.272249 -3.682926
v -1.175916 3.372427 -3.496578
v -1.052897 3.324124 -3.585632
v -1.317669 3.393326 -3.422050
v -1.472708 3.386017 -3.364912
v -1.635076 3.350779 -3.327360
v -1.798532 3.288969 -3.310837
v -1.956795 3.202961 -3.315978
v -2.103783 3.096060 -3.342587
v -2.233848 2.972374 -3.389639
v -2.341990 2.836657 -3.455326
v -2.424055 2.694124 -3.537126
v -2.476888 2.550253 -3.631893
v -2.498460 2.410573 -3.735986
v -2.487940 2.280451 -3.845406
v -2.445735 2.164887 -3.955946
v -2.373464 2.068324 -4.063359
v -2.273906 1.994471 -4.163517
v -2.150887 1.946168 -4.252572
v -2.009133 1.925269 -4.327100
v -1.854094 1.932579 -4.384238
v -1.691727 1.967816 -4.421789
v -1.528271 2.029627 -4.438312
v -1.370007 2.115635 -4.433170
v -1.223019 2.222537 -4.406562
v -1.092955 2.346222 -4.359511
v -0.984812 2.481939 -4.293823
v -0.902748 2.624472 -4.212023
v -0.849915 2.768343 -4.117256
v -0.828344 2.908024 -4.013162
v -0.838863 3.038146 -3.903743
v -0.881069 3.153709 -3.793203
v -0.953340 3.250272 -3.685789
v -1.052897 3.324124 -3.585632
v -1.099071 3.397420 -3.392871
v -0.962379 3.343748 -3.491823
v -1.256578 3.420641 -3.310059
v -1.428849 3.412519 -3.246571
v -1.609262 3.373366 -3.204846
v -1.790885 3.304686 -3.186487
v -1.966737 3.209119 -3.192200
v -2.130062 3.090337 -3.221765
v -2.274582 2.952905 -3.274046
v -2.394743 2.802104 -3.347035
v -2.485929 2.643730 -3.437925
v -2.544634 2.483869 -3.543225
v -2.568603 2.328665 -3.658888
v -2.556914 2.184080 -3.780468
v -2.510017 2.055673 -3.903294
v -2.429714 1.948378 -4.022645
v -2.319092 1.866317 -4.133935
v -2.182400 1.812645 -4.232887
v -2.024892 1.789424 -4.315698
v -1.852622 1.797546 -4.379186
v -1.672209 1.836700 -4.420911
v -1.490586 1.905380 -4.439270
v -1.314734 2.000948 -4.433557
v -1.151409 2.119730 -4.403992
v -1.006889 2.257162 -4.351710
v -0.886728 2.407963 -4.278722
v -0.795543 2.566336 -4.187831
v -0.736838 2.726197 -4.082531
v -0.712869 2.881402 -3.966868
v -0.724558 3.025986 -3.845288
v -0.771455 3.154393 -3.722462
v -0.851758 3.261688 -3.603111
v -0.962379 3.343748 -3.491823
v -1.041113 3.087323 -2.894472
v -0.896003 3.030345 -2.999519
v -1.208322 3.111975 -2.806560
v -1.391204 3.103353 -2.739161
v -1.582729 3.061788 -2.694866
v -1.775539 2.988878 -2.675376
v -1.962223 2.887424 -2.681441
v -2.135607 2.761325 -2.712827
v -2.289029 2.615428 -2.768329
v -2.416592 2.455340 -2.845813
v -2.513394 2.287210 -2.942302
v -2.575715 2.117503 -3.054088
v -2.601160 1.952739 -3.176874
v -2.588752 1.799249 -3.305943
v -2.538966 1.662933 -3.436334
v -2.453717 1.549029 -3.563037
v -2.336281 1.461913 -3.681182
v -2.191169 1.404935 -3.786229
v -2.023960 1.380284 -3.874140
v -1.841079 1.388906 -3.941539
v -1.649553 1.430472 -3.985834
v -1.456744 1.503382 -4.005324
v -1.270059 1.604836 -3.999259
v -1.096675 1.730935 -3.967873
v -0.943254 1.876832 -3.912371
v -0.815691 2.036921 -3.834887
v -0.718889 2.205050 -3.738398
v -0.656568 2.374757 -3.626612
v -0.631124 2.539522 -3.503825
v -0.643532 2.693011 -3.374756
v -0.693318 2.829327 -3.244365
v -0.778567 2.943231 -3.117662
v -0.896003 3.030345 -2.999519
v 2.567474 3.827955 -1.622273
v 2.224008 3.484489 -1.622274
v 2.224008 3.484489 1.622273
v 4.327537 1.593212 -0.000001
v 4.327537 1.593212 0.001853
v 4.327537 1.593212 -0.001855
v 2.224008 3.484489 -1.622274
v 2.567474 3.827955 -1.622273
v 4.671003 1.936677 -0.000001
v 4.671003 1.936677 -0.001855
v 4.671003 1.936677 0.001853
v 2.567474 3.827955 1.622272
vn -0.5995 -0.4450 -0.6652
vn 0.5995 0.4450 0.6652
vn -0.0743 -0.2160 -0.9736
vn 0.0743 0.2160 0.9736
vn -0.1814 -0.0630 -0.9814
vn 0.1722 0.0505 0.9838
vn -0.4675 0.1874 -0.8639
vn 0.4675 -0.1874 0.8639
vn -0.7810 0.5066 -0.3652
vn 0.7810 -0.5066 0.3652
vn -0.5995 -0.4450 0.6652
vn 0.5995 0.4450 -0.6652
vn -0.0743 -0.2160 0.9736
vn 0.0743 0.2160 -0.9736
vn -0.1814 -0.0630 0.9814
vn 0.1722 0.0505 -0.9838
vn -0.4675 0.1874 0.8639
vn 0.4675 -0.1874 -0.8639
vn -0.7810 0.5066 0.3652
vn 0.7810 -0.5066 -0.3652
vn 0.3518 -0.3518 0.8674
vn 0.1864 -0.6794 0.7097
vn 0.2862 -0.0327 -0.9576
vn -0.5155 0.8474 0.1273
vn -0.0140 -0.9987 0.0488
vn 0.9789 0.0100 -0.2039
vn -0.7087 0.6960 0.1153
vn 0.1038 0.9833 0.1497
vn 0.1038 0.9833 0.1496
vn 0.7256 0.1811 -0.6639
vn 0.7256 0.1811 -0.6638
vn -0.6089 -0.7932 -0.0095
vn 0.0604 0.5254 0.8487
vn 0.3534 0.1699 -0.9199
vn -0.4796 -0.8755 -0.0581
vn -0.4943 -0.8636 -0.0997
vn 0.4851 0.3039 -0.8199
vn -0.0629 0.4309 0.9002
vn 0.7071 -0.7071 -0.0000
vn -0.0646 0.8020 0.5938
vn -0.0080 0.8358 0.5489
vn -0.0795 0.8655 0.4946
vn -0.1242 0.8269 0.5485
vn -0.1581 0.8805 0.4468
vn -0.1895 0.8398 0.5087
vn -0.2400 0.8809 0.4080
vn -0.2575 0.8407 0.4763
vn -0.3215 0.8674 0.3797
vn -0.3252 0.8302 0.4527
vn -0.3996 0.8417 0.3631
vn -0.3900 0.8096 0.4387
vn -0.4717 0.8055 0.3586
vn -0.4497 0.7802 0.4348
vn -0.5357 0.7609 0.3662
vn -0.5025 0.7437 0.4409
vn -0.5897 0.7095 0.3857
vn -0.5472 0.7015 0.4565
vn -0.6324 0.6534 0.4161
vn -0.5824 0.6552 0.4813
vn -0.6624 0.5940 0.4565
vn -0.6070 0.6059 0.5142
vn -0.6785 0.5331 0.5054
vn -0.6201 0.5552 0.5543
vn -0.6797 0.4725 0.5611
vn -0.6208 0.5045 0.6002
vn -0.6654 0.4140 0.6212
vn -0.6085 0.4554 0.6499
vn -0.6355 0.3596 0.6832
vn -0.5831 0.4097 0.7015
vn -0.5908 0.3114 0.7444
vn -0.5453 0.3692 0.7525
vn -0.5326 0.2714 0.8017
vn -0.4964 0.3356 0.8006
vn -0.4634 0.2415 0.8526
vn -0.4384 0.3105 0.8434
vn -0.3864 0.2229 0.8950
vn -0.3740 0.2949 0.8793
vn -0.3052 0.2163 0.9274
vn -0.3062 0.2895 0.9069
vn -0.2231 0.2219 0.9492
vn -0.2379 0.2943 0.9256
vn -0.1435 0.2395 0.9602
vn -0.1719 0.3092 0.9353
vn -0.0692 0.2684 0.9608
vn -0.1105 0.3334 0.9363
vn -0.0027 0.3077 0.9515
vn -0.0558 0.3662 0.9289
vn 0.0539 0.3563 0.9328
vn -0.0095 0.4065 0.9136
vn 0.0987 0.4127 0.9055
vn 0.0271 0.4530 0.8911
vn 0.1301 0.4752 0.8702
vn 0.0526 0.5046 0.8618
vn 0.1468 0.5418 0.8276
vn 0.0659 0.5594 0.8263
vn 0.1477 0.6099 0.7786
vn 0.0661 0.6154 0.7854
vn 0.1322 0.6766 0.7243
vn 0.0528 0.6704 0.7401
vn 0.1003 0.7387 0.6665
vn 0.0259 0.7216 0.6918
vn 0.0529 0.7928 0.6072
vn -0.0138 0.7663 0.6423
vn -0.0079 0.8358 0.5490
vn 0.1186 0.8919 0.4364
vn 0.0201 0.9320 0.3619
vn -0.0880 0.9508 0.2969
vn -0.1999 0.9487 0.2448
vn -0.3104 0.9276 0.2077
vn -0.4152 0.8903 0.1868
vn -0.5113 0.8398 0.1824
vn -0.5962 0.7790 0.1941
vn -0.6682 0.7103 0.2212
vn -0.7257 0.6358 0.2627
vn -0.7671 0.5575 0.3174
vn -0.7908 0.4770 0.3836
vn -0.7950 0.3964 0.4592
vn -0.7784 0.3180 0.5413
vn -0.7401 0.2445 0.6264
vn -0.6807 0.1791 0.7103
vn -0.6020 0.1247 0.7887
vn -0.5076 0.0841 0.8575
vn -0.4023 0.0592 0.9136
vn -0.2915 0.0508 0.9552
vn -0.1802 0.0590 0.9819
vn -0.0729 0.0830 0.9939
vn 0.0267 0.1218 0.9922
vn 0.1156 0.1741 0.9779
vn 0.1916 0.2384 0.9521
vn 0.2524 0.3133 0.9155
vn 0.2962 0.3967 0.8689
vn 0.3210 0.4862 0.8127
vn 0.3249 0.5789 0.7478
vn 0.3066 0.6708 0.6753
vn 0.2652 0.7570 0.5972
vn 0.2017 0.8324 0.5162
vn 0.4838 0.8751 0.0109
vn 0.3133 0.9459 -0.0848
vn 0.1282 0.9792 -0.1572
vn -0.0573 0.9773 -0.2038
vn -0.2325 0.9461 -0.2257
vn -0.3914 0.8921 -0.2255
vn -0.5316 0.8215 -0.2063
vn -0.6525 0.7384 -0.1704
vn -0.7542 0.6457 -0.1196
vn -0.8367 0.5449 -0.0549
vn -0.8991 0.4371 0.0227
vn -0.9398 0.3228 0.1126
vn -0.9556 0.2030 0.2135
vn -0.9429 0.0797 0.3235
vn -0.8973 -0.0437 0.4392
vn -0.8159 -0.1614 0.5552
vn -0.6987 -0.2655 0.6643
vn -0.5502 -0.3480 0.7590
vn -0.3799 -0.4026 0.8328
vn -0.1994 -0.4265 0.8822
vn -0.0196 -0.4206 0.9070
vn 0.1512 -0.3879 0.9092
vn 0.3076 -0.3320 0.8917
vn 0.4466 -0.2563 0.8572
vn 0.5663 -0.1632 0.8079
vn 0.6650 -0.0545 0.7449
vn 0.7404 0.0683 0.6687
vn 0.7892 0.2033 0.5795
vn 0.8069 0.3475 0.4776
vn 0.7882 0.4958 0.3647
vn 0.7282 0.6402 0.2445
vn 0.6255 0.7704 0.1236
vn 0.6455 0.6808 -0.3463
vn 0.4516 0.7802 -0.4329
vn 0.2387 0.8379 -0.4908
vn 0.0249 0.8545 -0.5188
vn -0.1764 0.8358 -0.5198
vn -0.3577 0.7896 -0.4986
vn -0.5163 0.7226 -0.4597
vn -0.6522 0.6398 -0.4065
vn -0.7662 0.5444 -0.3414
vn -0.8589 0.4380 -0.2656
vn -0.9299 0.3211 -0.1794
vn -0.9775 0.1940 -0.0832
vn -0.9981 0.0574 0.0226
vn -0.9868 -0.0868 0.1366
vn -0.9379 -0.2347 0.2556
vn -0.8464 -0.3793 0.3738
vn -0.7113 -0.5106 0.4831
vn -0.5375 -0.6176 0.5743
vn -0.3367 -0.6911 0.6396
vn -0.1246 -0.7269 0.6754
vn 0.0837 -0.7262 0.6824
vn 0.2775 -0.6939 0.6645
vn 0.4507 -0.6360 0.6264
vn 0.6013 -0.5574 0.5724
vn 0.7289 -0.4618 0.5054
vn 0.8334 -0.3510 0.4268
vn 0.9138 -0.2259 0.3375
vn 0.9675 -0.0870 0.2374
vn 0.9898 0.0647 0.1269
vn 0.9741 0.2261 0.0078
vn 0.9133 0.3904 -0.1161
vn 0.8030 0.5466 -0.2375
vn 0.6455 0.6807 -0.3463
vn -0.7071 0.7071 -0.0000
vn 0.3518 -0.3518 -0.8674
vn 0.1864 -0.6794 -0.7097
vn 0.2862 -0.0327 0.9576
vn -0.5155 0.8474 -0.1273
vn -0.0140 -0.9987 -0.0488
vn 0.9789 0.0100 0.2039
vn -0.7087 0.6960 -0.1153
vn 0.1038 0.9833 -0.1497
vn 0.1038 0.9833 -0.1496
vn 0.7256 0.1811 0.6639
vn 0.7256 0.1811 0.6638
vn -0.6089 -0.7932 0.0095
vn 0.0604 0.5254 -0.8487
vn 0.3534 0.1699 0.9199
vn -0.4796 -0.8755 0.0581
vn -0.4943 -0.8636 0.0997
vn 0.4851 0.3039 0.8199
vn -0.0629 0.4309 -0.9002
vn -0.0646 0.8020 -0.5938
vn -0.1242 0.8269 -0.5485
vn -0.0795 0.8655 -0.4946
vn -0.0080 0.8358 -0.5489
vn -0.1895 0.8398 -0.5087
vn -0.1581 0.8805 -0.4468
vn -0.2575 0.8407 -0.4763
vn -0.2400 0.8809 -0.4080
vn -0.3252 0.8302 -0.4527
vn -0.3215 0.8674 -0.3797
vn -0.3900 0.8096 -0.4387
vn -0.3996 0.8417 -0.3631
vn -0.4497 0.7802 -0.4348
vn -0.4717 0.8055 -0.3586
vn -0.5025 0.7437 -0.4409
vn -0.5357 0.7609 -0.3662
vn -0.5472 0.7015 -0.4565
vn -0.5897 0.7095 -0.3857
vn -0.5824 0.6552 -0.4813
vn -0.6324 0.6534 -0.4161
vn -0.6070 0.6059 -0.5142
vn -0.6624 0.5940 -0.4565
vn -0.6201 0.5552 -0.5543
vn -0.6785 0.5331 -0.5054
vn -0.6208 0.5045 -0.6002
vn -0.6797 0.4725 -0.5611
vn -0.6085 0.4554 -0.6499
vn -0.6654 0.4140 -0.6212
vn -0.5831 0.4097 -0.7015
vn -0.6355 0.3596 -0.6832
vn -0.5453 0.3692 -0.7525
vn -0.5908 0.3114 -0.7444
vn -0.4964 0.3356 -0.8006
vn -0.5326 0.2714 -0.8017
vn -0.4384 0.3105 -0.8434
vn -0.4634 0.2415 -0.8526
vn -0.3740 0.2949 -0.8793
vn -0.3864 0.2229 -0.8950
vn -0.3062 0.2895 -0.9069
vn -0.3052 0.2163 -0.9274
vn -0.2379 0.2943 -0.9256
vn -0.2231 0.2219 -0.9492
vn -0.1719 0.3092 -0.9353
vn -0.1435 0.2395 -0.9602
vn -0.1105 0.3334 -0.9363
vn -0.0692 0.2684 -0.9608
vn -0.0558 0.3662 -0.9289
vn -0.0027 0.3077 -0.9515
vn -0.0095 0.4065 -0.9136
vn 0.0539 0.3563 -0.9328
vn 0.0271 0.4530 -0.8911
vn 0.0987 0.4127 -0.9055
vn 0.0526 0.5046 -0.8618
vn 0.1301 0.4752 -0.8702
vn 0.0659 0.5594 -0.8263
vn 0.1468 0.5418 -0.8276
vn 0.0661 0.6154 -0.7854
vn 0.1477 0.6099 -0.7786
vn 0.0528 0.6704 -0.7401
vn 0.1322 0.6766 -0.7243
vn 0.0259 0.7216 -0.6918
vn 0.1003 0.7387 -0.6665
vn -0.0138 0.7663 -0.6423
vn 0.0529 0.7928 -0.6072
vn -0.0079 0.8358 -0.5490
vn 0.0201 0.9320 -0.3619
vn 0.1186 0.8919 -0.4364
vn -0.0880 0.9508 -0.2969
vn -0.1999 0.9487 -0.2448
vn -0.3104 0.9276 -0.2077
vn -0.4152 0.8903 -0.1868
vn -0.5113 0.8398 -0.1824
vn -0.5962 0.7790 -0.1941
vn -0.6682 0.7103 -0.2212
vn -0.7257 0.6358 -0.2627
vn -0.7671 0.5575 -0.3174
vn -0.7908 0.4770 -0.3836
vn -0.7950 0.3964 -0.4592
vn -0.7784 0.3180 -0.5413
vn -0.7401 0.2445 -0.6264
vn -0.6807 0.1791 -0.7103
vn -0.6020 0.1247 -0.7887
vn -0.5076 0.0841 -0.8575
vn -0.4023 0.0592 -0.9136
vn -0.2915 0.0508 -0.9552
vn -0.1802 0.0590 -0.9819
vn -0.0729 0.0830 -0.9939
vn 0.0267 0.1218 -0.9922
vn 0.1156 0.1741 -0.9779
vn 0.1916 0.2384 -0.9521
vn 0.2524 0.3133 -0.9155
vn 0.2962 0.3967 -0.8689
vn 0.3210 0.4862 -0.8127
vn 0.3249 0.5789 -0.7478
vn 0.3066 0.6708 -0.6753
vn 0.2652 0.7570 -0.5972
vn 0.2017 0.8324 -0.5162
vn 0.3133 0.9459 0.0848
vn 0.4838 0.8751 -0.0109
vn 0.1282 0.9792 0.1572
vn -0.0573 0.9773 0.2038
vn -0.2325 0.9461 0.2257
vn -0.3914 0.8921 0.2255
vn -0.5316 0.8215 0.2063
vn -0.6525 0.7384 0.1704
vn -0.7542 0.6457 0.1196
vn -0.8367 0.5449 0.0549
vn -0.8991 0.4371 -0.0227
vn -0.9398 0.3228 -0.1126
vn -0.9556 0.2030 -0.2135
vn -0.9429 0.0797 -0.3235
vn -0.8973 -0.0437 -0.4392
vn -0.8159 -0.1614 -0.5552
vn -0.6987 -0.2655 -0.6643
vn -0.5502 -0.3480 -0.7590
vn -0.3799 -0.4026 -0.8328
vn -0.1994 -0.4265 -0.8822
vn -0.0196 -0.4206 -0.9070
vn 0.1512 -0.3879 -0.9092
vn 0.3076 -0.3320 -0.8917
vn 0.4466 -0.2563 -0.8572
vn 0.5663 -0.1632 -0.8079
vn 0.6650 -0.0545 -0.7449
vn 0.7404 0.0683 -0.6687
vn 0.7892 0.2033 -0.5795
vn 0.8069 0.3475 -0.4776
vn 0.7882 0.4958 -0.3647
vn 0.7282 0.6402 -0.2445
vn 0.6255 0.7704 -0.1236
vn 0.4516 0.7802 0.4329
vn 0.6455 0.6808 0.3463
vn 0.2387 0.8379 0.4908
vn 0.0249 0.8545 0.5188
vn -0.1764 0.8358 0.5198
vn -0.3577 0.7896 0.4986
vn -0.5163 0.7226 0.4597
vn -0.6522 0.6398 0.4065
vn -0.7662 0.5444 0.3414
vn -0.8589 0.4380 0.2656
vn -0.9299 0.3211 0.1794
vn -0.9775 0.1940 0.0832
vn -0.9981 0.0574 -0.0226
vn -0.9868 -0.0868 -0.1366
vn -0.9379 -0.2347 -0.2556
vn -0.8464 -0.3793 -0.3738
vn -0.7113 -0.5106 -0.4831
vn -0.5375 -0.6176 -0.5743
vn -0.3367 -0.6911 -0.6396
vn -0.1246 -0.7269 -0.6754
vn 0.0837 -0.7262 -0.6824
vn 0.2775 -0.6939 -0.6645
vn 0.4507 -0.6360 -0.6264
vn 0.6013 -0.5574 -0.5724
vn 0.7289 -0.4618 -0.5054
vn 0.8334 -0.3510 -0.4268
vn 0.9138 -0.2259 -0.3375
vn 0.9675 -0.0870 -0.2374
vn 0.9898 0.0647 -0.1269
vn 0.9741 0.2261 -0.0078
vn 0.9133 0.3904 0.1161
vn 0.8030 0.5466 0.2375
vn 0.6455 0.6807 0.3463
vn -0.6685 -0.7437 -0.0000
vn -0.6686 -0.7436 -0.0000
vn 0.6685 0.7437 -0.0000
vn 0.6686 0.7436 -0.0000
vt 1.000000 1.000000
vt 1.000000 0.000000
vt 0.000000 0.000000
vt 0.000000 1.000000
vt 0.500000 0.000000
vt 0.000000 0.187500
vt 0.000000 0.250000
vt 0.031250 0.250000
vt 0.031250 0.187500
vt 0.062500 0.250000
vt 0.062500 0.187500
vt 0.093750 0.250000
vt 0.093750 0.187500
vt 0.125000 0.250000
vt 0.125000 0.187500
vt 0.156250 0.250000
vt 0.156250 0.187500
vt 0.187500 0.250000
vt 0.187500 0.187500
vt 0.218750 0.250000
vt 0.218750 0.187500
vt 0.250000 0.250000
vt 0.250000 0.187500
vt 0.281250 0.250000
vt 0.281250 0.187500
vt 0.312500 0.250000
vt 0.312500 0.187500
vt 0.343750 0.250000
vt 0.343750 0.187500
vt 0.375000 0.250000
vt 0.375000 0.187500
vt 0.406250 0.250000
vt 0.406250 0.187500
vt 0.437500 0.250000
vt 0.437500 0.187500
vt 0.468750 0.250000
vt 0.468750 0.187500
vt 0.500000 0.250000
vt 0.500000 0.187500
vt 0.531250 0.250000
vt 0.531250 0.187500
vt 0.562500 0.250000
vt 0.562500 0.187500
vt 0.593750 0.250000
vt 0.593750 0.187500
vt 0.625000 0.250000
vt 0.625000 0.187500
vt 0.656250 0.250000
vt 0.656250 0.187500
vt 0.687500 0.250000
vt 0.687500 0.187500
vt 0.718750 0.250000
vt 0.718750 0.187500
vt 0.750000 0.250000
vt 0.750000 0.187500
vt 0.781250 0.250000
vt 0.781250 0.187500
vt 0.812500 0.250000
vt 0.812500 0.187500
vt 0.843750 0.250000
vt 0.843750 0.187500
vt 0.875000 0.250000
vt 0.875000 0.187500
vt 0.906250 0.250000
vt 0.906250 0.187500
vt 0.937500 0.250000
vt 0.937500 0.187500
vt 0.968750 0.250000
vt 0.968750 0.187500
vt 1.000000 0.250000
vt 1.000000 0.187500
vt 0.000000 0.312500
vt 0.031250 0.312500
vt 0.062500 0.312500
vt 0.093750 0.312500
vt 0.125000 0.312500
vt 0.156250 0.312500
vt 0.187500 0.312500
vt 0.218750 0.312500
vt 0.250000 0.312500
vt 0.281250 0.312500
vt 0.312500 0.312500
vt 0.343750 0.312500
vt 0.375000 0.312500
vt 0.406250 0.312500
vt 0.437500 0.312500
vt 0.468750 0.312500
vt 0.500000 0.312500
vt 0.531250 0.312500
vt 0.562500 0.312500
vt 0.593750 0.312500
vt 0.625000 0.312500
vt 0.656250 0.312500
vt 0.687500 0.312500
vt 0.718750 0.312500
vt 0.750000 0.312500
vt 0.781250 0.312500
vt 0.812500 0.312500
vt 0.843750 0.312500
vt 0.875000 0.312500
vt 0.906250 0.312500
vt 0.937500 0.312500
vt 0.968750 0.312500
vt 1.000000 0.312500
vt 0.000000 0.375000
vt 0.031250 0.375000
vt 0.062500 0.375000
vt 0.093750 0.375000
vt 0.125000 0.375000
vt 0.156250 0.375000
vt 0.187500 0.375000
vt 0.218750 0.375000
vt 0.250000 0.375000
vt 0.281250 0.375000
vt 0.312500 0.375000
vt 0.343750 0.375000
vt 0.375000 0.375000
vt 0.406250 0.375000
vt 0.437500 0.375000
vt 0.468750 0.375000
vt 0.500000 0.375000
vt 0.531250 0.375000
vt 0.562500 0.375000
vt 0.593750 0.375000
vt 0.625000 0.375000
vt 0.656250 0.375000
vt 0.687500 0.375000
vt 0.718750 0.375000
vt 0.750000 0.375000
vt 0.781250 0.375000
vt 0.812500 0.375000
vt 0.843750 0.375000
vt 0.875000 0.375000
vt 0.906250 0.375000
vt 0.937500 0.375000
vt 0.968750 0.375000
vt 1.000000 0.375000
vt 0.000000 0.437500
vt 0.031250 0.437500
vt 0.062500 0.437500
vt 0.093750 0.437500
vt 0.125000 0.437500
vt 0.156250 0.437500
vt 0.187500 0.437500
vt 0.218750 0.437500
vt 0.250000 0.437500
vt 0.281250 0.437500
vt 0.312500 0.437500
vt 0.343750 0.437500
vt 0.375000 0.437500
vt 0.406250 0.437500
vt 0.437500 0.437500
vt 0.468750 0.437500
vt 0.500000 0.437500
vt 0.531250 0.437500
vt 0.562500 0.437500
vt 0.593750 0.437500
vt 0.625000 0.437500
vt 0.656250 0.437500
vt 0.687500 0.437500
vt 0.718750 0.437500
vt 0.750000 0.437500
vt 0.781250 0.437500
vt 0.812500 0.437500
vt 0.843750 0.437500
vt 0.875000 0.437500
vt 0.906250 0.437500
vt 0.937500 0.437500
vt 0.968750 0.437500
vt 1.000000 0.437500
s 0
usemtl 08_-_Default
f 3806/736/3291 3807/737/3291 3808/738/3291
f 3809/739/3292 3810/736/3292 3811/738/3292
f 3812/736/3293 3813/737/3293 3814/738/3293
f 3815/739/3294 3816/736/3294 3817/738/3294
f 3818/736/3295 3819/738/3295 3820/737/3295
f 3821/739/3296 3822/738/3296 3823/736/3296
s 1
f 3824/736/3297 3825/738/3297 3826/737/3297
s 0
f 3827/739/3298 3828/738/3298 3829/736/3298
f 3830/739/3299 3831/740/3299 3832/736/3299
f 3833/739/3300 3834/740/3300 3835/736/3300
f 3836/736/3301 3837/738/3301 3838/737/3301
f 3839/739/3302 3840/738/3302 3841/736/3302
f 3842/736/3303 3843/738/3303 3844/737/3303
f 3845/739/3304 3846/738/3304 3847/736/3304
f 3848/736/3305 3849/737/3305 3850/738/3305
f 3851/739/3306 3852/736/3306 3853/738/3306
s 1
f 3854/736/3307 3855/737/3307 3856/738/3307
s 0
f 3857/739/3308 3858/736/3308 3859/738/3308
f 3860/739/3309 3861/736/3309 3862/740/3309
f 3863/739/3310 3864/736/3310 3865/740/3310
f 3866/739/3311 3867/736/3311 3868/737/3311
f 3866/739/3311 3868/737/3311 3869/738/3311
f 3870/739/3312 3871/736/3312 3872/737/3312
f 3870/739/3312 3872/737/3312 3873/738/3312
f 3874/739/3313 3875/736/3313 3876/737/3313
f 3874/739/3313 3876/737/3313 3877/738/3313
f 3878/739/3314 3879/736/3314 3880/737/3314
f 3878/739/3314 3880/737/3314 3881/738/3314
f 3882/739/3315 3883/736/3315 3884/737/3315
f 3882/739/3315 3884/737/3315 3885/738/3315
f 3886/739/3316 3887/736/3316 3888/737/3316
f 3886/739/3316 3888/737/3316 3889/738/3316
f 3890/739/3317 3891/736/3317 3892/737/3317
s 1
f 3890/739/3317 3892/737/3317 3893/738/3317
f 3894/739/3318 3895/738/3318 3896/737/3319
f 3894/739/3318 3896/737/3319 3897/736/3319
f 3898/739/3320 3899/738/3320 3900/737/3321
f 3898/739/3320 3900/737/3321 3901/736/3320
s 0
f 3902/739/3322 3903/738/3322 3904/737/3322
f 3902/739/3322 3904/737/3322 3905/736/3322
f 3906/739/3323 3907/738/3323 3908/737/3323
f 3906/739/3323 3908/737/3323 3909/736/3323
f 3910/739/3324 3911/738/3324 3912/737/3324
f 3910/739/3324 3912/737/3324 3913/736/3324
f 3914/739/3325 3915/738/3325 3916/737/3325
f 3914/739/3325 3916/737/3325 3917/736/3325
f 3918/736/3326 3919/739/3326 3920/738/3326
f 3918/736/3326 3920/738/3326 3921/737/3326
f 3922/739/3327 3923/738/3327 3924/737/3327
f 3922/739/3327 3924/737/3327 3925/736/3327
f 3926/739/3328 3927/738/3328 3928/737/3328
f 3926/739/3328 3928/737/3328 3929/736/3328
f 3930/738/3329 3931/738/3329 3932/737/3329
f 3930/738/3329 3932/737/3329 3933/737/3329
s 1
f 3934/741/3330 3935/742/3331 3936/743/3332
f 3934/741/3330 3936/743/3332 3937/744/3333
f 3937/744/3333 3936/743/3332 3938/745/3334
f 3937/744/3333 3938/745/3334 3939/746/3335
f 3939/746/3335 3938/745/3334 3940/747/3336
f 3939/746/3335 3940/747/3336 3941/748/3337
f 3941/748/3337 3940/747/3336 3942/749/3338
f 3941/748/3337 3942/749/3338 3943/750/3339
f 3943/750/3339 3942/749/3338 3944/751/3340
f 3943/750/3339 3944/751/3340 3945/752/3341
f 3945/752/3341 3944/751/3340 3946/753/3342
f 3945/752/3341 3946/753/3342 3947/754/3343
f 3947/754/3343 3946/753/3342 3948/755/3344
f 3947/754/3343 3948/755/3344 3949/756/3345
f 3949/756/3345 3948/755/3344 3950/757/3346
f 3949/756/3345 3950/757/3346 3951/758/3347
f 3951/758/3347 3950/757/3346 3952/759/3348
f 3951/758/3347 3952/759/3348 3953/760/3349
f 3953/760/3349 3952/759/3348 3954/761/3350
f 3953/760/3349 3954/761/3350 3955/762/3351
f 3955/762/3351 3954/761/3350 3956/763/3352
f 3955/762/3351 3956/763/3352 3957/764/3353
f 3957/764/3353 3956/763/3352 3958/765/3354
f 3957/764/3353 3958/765/3354 3959/766/3355
f 3959/766/3355 3958/765/3354 3960/767/3356
f 3959/766/3355 3960/767/3356 3961/768/3357
f 3961/768/3357 3960/767/3356 3962/769/3358
f 3961/768/3357 3962/769/3358 3963/770/3359
f 3963/770/3359 3962/769/3358 3964/771/3360
f 3963/770/3359 3964/771/3360 3965/772/3361
f 3965/772/3361 3964/771/3360 3966/773/3362
f 3965/772/3361 3966/773/3362 3967/774/3363
f 3967/774/3363 3966/773/3362 3968/775/3364
f 3967/774/3363 3968/775/3364 3969/776/3365
f 3969/776/3365 3968/775/3364 3970/777/3366
f 3969/776/3365 3970/777/3366 3971/778/3367
f 3971/778/3367 3970/777/3366 3972/779/3368
f 3971/778/3367 3972/779/3368 3973/780/3369
f 3973/780/3369 3972/779/3368 3974/781/3370
f 3973/780/3369 3974/781/3370 3975/782/3371
f 3975/782/3371 3974/781/3370 3976/783/3372
f 3975/782/3371 3976/783/3372 3977/784/3373
f 3977/784/3373 3976/783/3372 3978/785/3374
f 3977/784/3373 3978/785/3374 3979/786/3375
f 3979/786/3375 3978/785/3374 3980/787/3376
f 3979/786/3375 3980/787/3376 3981/788/3377
f 3981/788/3377 3980/787/3376 3982/789/3378
f 3981/788/3377 3982/789/3378 3983/790/3379
f 3983/790/3379 3982/789/3378 3984/791/3380
f 3983/790/3379 3984/791/3380 3985/792/3381
f 3985/792/3381 3984/791/3380 3986/793/3382
f 3985/792/3381 3986/793/3382 3987/794/3383
f 3987/794/3383 3986/793/3382 3988/795/3384
f 3987/794/3383 3988/795/3384 3989/796/3385
f 3989/796/3385 3988/795/3384 3990/797/3386
f 3989/796/3385 3990/797/3386 3991/798/3387
f 3991/798/3387 3990/797/3386 3992/799/3388
f 3991/798/3387 3992/799/3388 3993/800/3389
f 3993/800/3389 3992/799/3388 3994/801/3390
f 3993/800/3389 3994/801/3390 3995/802/3391
f 3995/802/3391 3994/801/3390 3996/803/3392
f 3995/802/3391 3996/803/3392 3997/804/3393
f 3997/804/3393 3996/803/3392 3998/805/3394
f 3997/804/3393 3998/805/3394 3999/806/3330
f 3935/742/3331 4000/807/3395 4001/808/3396
f 3935/742/3331 4001/808/3396 3936/743/3332
f 3936/743/3332 4001/808/3396 4002/809/3397
f 3936/743/3332 4002/809/3397 3938/745/3334
f 3938/745/3334 4002/809/3397 4003/810/3398
f 3938/745/3334 4003/810/3398 3940/747/3336
f 3940/747/3336 4003/810/3398 4004/811/3399
f 3940/747/3336 4004/811/3399 3942/749/3338
f 3942/749/3338 4004/811/3399 4005/812/3400
f 3942/749/3338 4005/812/3400 3944/751/3340
f 3944/751/3340 4005/812/3400 4006/813/3401
f 3944/751/3340 4006/813/3401 3946/753/3342
f 3946/753/3342 4006/813/3401 4007/814/3402
f 3946/753/3342 4007/814/3402 3948/755/3344
f 3948/755/3344 4007/814/3402 4008/815/3403
f 3948/755/3344 4008/815/3403 3950/757/3346
f 3950/757/3346 4008/815/3403 4009/816/3404
f 3950/757/3346 4009/816/3404 3952/759/3348
f 3952/759/3348 4009/816/3404 4010/817/3405
f 3952/759/3348 4010/817/3405 3954/761/3350
f 3954/761/3350 4010/817/3405 4011/818/3406
f 3954/761/3350 4011/818/3406 3956/763/3352
f 3956/763/3352 4011/818/3406 4012/819/3407
f 3956/763/3352 4012/819/3407 3958/765/3354
f 3958/765/3354 4012/819/3407 4013/820/3408
f 3958/765/3354 4013/820/3408 3960/767/3356
f 3960/767/3356 4013/820/3408 4014/821/3409
f 3960/767/3356 4014/821/3409 3962/769/3358
f 3962/769/3358 4014/821/3409 4015/822/3410
f 3962/769/3358 4015/822/3410 3964/771/3360
f 3964/771/3360 4015/822/3410 4016/823/3411
f 3964/771/3360 4016/823/3411 3966/773/3362
f 3966/773/3362 4016/823/3411 4017/824/3412
f 3966/773/3362 4017/824/3412 3968/775/3364
f 3968/775/3364 4017/824/3412 4018/825/3413
f 3968/775/3364 4018/825/3413 3970/777/3366
f 3970/777/3366 4018/825/3413 4019/826/3414
f 3970/777/3366 4019/826/3414 3972/779/3368
f 3972/779/3368 4019/826/3414 4020/827/3415
f 3972/779/3368 4020/827/3415 3974/781/3370
f 3974/781/3370 4020/827/3415 4021/828/3416
f 3974/781/3370 4021/828/3416 3976/783/3372
f 3976/783/3372 4021/828/3416 4022/829/3417
f 3976/783/3372 4022/829/3417 3978/785/3374
f 3978/785/3374 4022/829/3417 4023/830/3418
f 3978/785/3374 4023/830/3418 3980/787/3376
f 3980/787/3376 4023/830/3418 4024/831/3419
f 3980/787/3376 4024/831/3419 3982/789/3378
f 3982/789/3378 4024/831/3419 4025/832/3420
f 3982/789/3378 4025/832/3420 3984/791/3380
f 3984/791/3380 4025/832/3420 4026/833/3421
f 3984/791/3380 4026/833/3421 3986/793/3382
f 3986/793/3382 4026/833/3421 4027/834/3422
f 3986/793/3382 4027/834/3422 3988/795/3384
f 3988/795/3384 4027/834/3422 4028/835/3423
f 3988/795/3384 4028/835/3423 3990/797/3386
f 3990/797/3386 4028/835/3423 4029/836/3424
f 3990/797/3386 4029/836/3424 3992/799/3388
f 3992/799/3388 4029/836/3424 4030/837/3425
f 3992/799/3388 4030/837/3425 3994/801/3390
f 3994/801/3390 4030/837/3425 4031/838/3426
f 3994/801/3390 4031/838/3426 3996/803/3392
f 3996/803/3392 4031/838/3426 4032/839/3395
f 3996/803/3392 4032/839/3395 3998/805/3394
f 4000/807/3395 4033/840/3427 4034/841/3428
f 4000/807/3395 4034/841/3428 4001/808/3396
f 4001/808/3396 4034/841/3428 4035/842/3429
f 4001/808/3396 4035/842/3429 4002/809/3397
f 4002/809/3397 4035/842/3429 4036/843/3430
f 4002/809/3397 4036/843/3430 4003/810/3398
f 4003/810/3398 4036/843/3430 4037/844/3431
f 4003/810/3398 4037/844/3431 4004/811/3399
f 4004/811/3399 4037/844/3431 4038/845/3432
f 4004/811/3399 4038/845/3432 4005/812/3400
f 4005/812/3400 4038/845/3432 4039/846/3433
f 4005/812/3400 4039/846/3433 4006/813/3401
f 4006/813/3401 4039/846/3433 4040/847/3434
f 4006/813/3401 4040/847/3434 4007/814/3402
f 4007/814/3402 4040/847/3434 4041/848/3435
f 4007/814/3402 4041/848/3435 4008/815/3403
f 4008/815/3403 4041/848/3435 4042/849/3436
f 4008/815/3403 4042/849/3436 4009/816/3404
f 4009/816/3404 4042/849/3436 4043/850/3437
f 4009/816/3404 4043/850/3437 4010/817/3405
f 4010/817/3405 4043/850/3437 4044/851/3438
f 4010/817/3405 4044/851/3438 4011/818/3406
f 4011/818/3406 4044/851/3438 4045/852/3439
f 4011/818/3406 4045/852/3439 4012/819/3407
f 4012/819/3407 4045/852/3439 4046/853/3440
f 4012/819/3407 4046/853/3440 4013/820/3408
f 4013/820/3408 4046/853/3440 4047/854/3441
f 4013/820/3408 4047/854/3441 4014/821/3409
f 4014/821/3409 4047/854/3441 4048/855/3442
f 4014/821/3409 4048/855/3442 4015/822/3410
f 4015/822/3410 4048/855/3442 4049/856/3443
f 4015/822/3410 4049/856/3443 4016/823/3411
f 4016/823/3411 4049/856/3443 4050/857/3444
f 4016/823/3411 4050/857/3444 4017/824/3412
f 4017/824/3412 4050/857/3444 4051/858/3445
f 4017/824/3412 4051/858/3445 4018/825/3413
f 4018/825/3413 4051/858/3445 4052/859/3446
f 4018/825/3413 4052/859/3446 4019/826/3414
f 4019/826/3414 4052/859/3446 4053/860/3447
f 4019/826/3414 4053/860/3447 4020/827/3415
f 4020/827/3415 4053/860/3447 4054/861/3448
f 4020/827/3415 4054/861/3448 4021/828/3416
f 4021/828/3416 4054/861/3448 4055/862/3449
f 4021/828/3416 4055/862/3449 4022/829/3417
f 4022/829/3417 4055/862/3449 4056/863/3450
f 4022/829/3417 4056/863/3450 4023/830/3418
f 4023/830/3418 4056/863/3450 4057/864/3451
f 4023/830/3418 4057/864/3451 4024/831/3419
f 4024/831/3419 4057/864/3451 4058/865/3452
f 4024/831/3419 4058/865/3452 4025/832/3420
f 4025/832/3420 4058/865/3452 4059/866/3453
f 4025/832/3420 4059/866/3453 4026/833/3421
f 4026/833/3421 4059/866/3453 4060/867/3454
f 4026/833/3421 4060/867/3454 4027/834/3422
f 4027/834/3422 4060/867/3454 4061/868/3455
f 4027/834/3422 4061/868/3455 4028/835/3423
f 4028/835/3423 4061/868/3455 4062/869/3456
f 4028/835/3423 4062/869/3456 4029/836/3424
f 4029/836/3424 4062/869/3456 4063/870/3457
f 4029/836/3424 4063/870/3457 4030/837/3425
f 4030/837/3425 4063/870/3457 4064/871/3458
f 4030/837/3425 4064/871/3458 4031/838/3426
f 4031/838/3426 4064/871/3458 4065/872/3427
f 4031/838/3426 4065/872/3427 4032/839/3395
f 4033/840/3427 4066/873/3459 4067/874/3460
f 4033/840/3427 4067/874/3460 4034/841/3428
f 4034/841/3428 4067/874/3460 4068/875/3461
f 4034/841/3428 4068/875/3461 4035/842/3429
f 4035/842/3429 4068/875/3461 4069/876/3462
f 4035/842/3429 4069/876/3462 4036/843/3430
f 4036/843/3430 4069/876/3462 4070/877/3463
f 4036/843/3430 4070/877/3463 4037/844/3431
f 4037/844/3431 4070/877/3463 4071/878/3464
f 4037/844/3431 4071/878/3464 4038/845/3432
f 4038/845/3432 4071/878/3464 4072/879/3465
f 4038/845/3432 4072/879/3465 4039/846/3433
f 4039/846/3433 4072/879/3465 4073/880/3466
f 4039/846/3433 4073/880/3466 4040/847/3434
f 4040/847/3434 4073/880/3466 4074/881/3467
f 4040/847/3434 4074/881/3467 4041/848/3435
f 4041/848/3435 4074/881/3467 4075/882/3468
f 4041/848/3435 4075/882/3468 4042/849/3436
f 4042/849/3436 4075/882/3468 4076/883/3469
f 4042/849/3436 4076/883/3469 4043/850/3437
f 4043/850/3437 4076/883/3469 4077/884/3470
f 4043/850/3437 4077/884/3470 4044/851/3438
f 4044/851/3438 4077/884/3470 4078/885/3471
f 4044/851/3438 4078/885/3471 4045/852/3439
f 4045/852/3439 4078/885/3471 4079/886/3472
f 4045/852/3439 4079/886/3472 4046/853/3440
f 4046/853/3440 4079/886/3472 4080/887/3473
f 4046/853/3440 4080/887/3473 4047/854/3441
f 4047/854/3441 4080/887/3473 4081/888/3474
f 4047/854/3441 4081/888/3474 4048/855/3442
f 4048/855/3442 4081/888/3474 4082/889/3475
f 4048/855/3442 4082/889/3475 4049/856/3443
f 4049/856/3443 4082/889/3475 4083/890/3476
f 4049/856/3443 4083/890/3476 4050/857/3444
f 4050/857/3444 4083/890/3476 4084/891/3477
f 4050/857/3444 4084/891/3477 4051/858/3445
f 4051/858/3445 4084/891/3477 4085/892/3478
f 4051/858/3445 4085/892/3478 4052/859/3446
f 4052/859/3446 4085/892/3478 4086/893/3479
f 4052/859/3446 4086/893/3479 4053/860/3447
f 4053/860/3447 4086/893/3479 4087/894/3480
f 4053/860/3447 4087/894/3480 4054/861/3448
f 4054/861/3448 4087/894/3480 4088/895/3481
f 4054/861/3448 4088/895/3481 4055/862/3449
f 4055/862/3449 4088/895/3481 4089/896/3482
f 4055/862/3449 4089/896/3482 4056/863/3450
f 4056/863/3450 4089/896/3482 4090/897/3483
f 4056/863/3450 4090/897/3483 4057/864/3451
f 4057/864/3451 4090/897/3483 4091/898/3484
f 4057/864/3451 4091/898/3484 4058/865/3452
f 4058/865/3452 4091/898/3484 4092/899/3485
f 4058/865/3452 4092/899/3485 4059/866/3453
f 4059/866/3453 4092/899/3485 4093/900/3486
f 4059/866/3453 4093/900/3486 4060/867/3454
f 4060/867/3454 4093/900/3486 4094/901/3487
f 4060/867/3454 4094/901/3487 4061/868/3455
f 4061/868/3455 4094/901/3487 4095/902/3488
f 4061/868/3455 4095/902/3488 4062/869/3456
f 4062/869/3456 4095/902/3488 4096/903/3489
f 4062/869/3456 4096/903/3489 4063/870/3457
f 4063/870/3457 4096/903/3489 4097/904/3490
f 4063/870/3457 4097/904/3490 4064/871/3458
f 4064/871/3458 4097/904/3490 4098/905/3491
f 4064/871/3458 4098/905/3491 4065/872/3427
s 0
f 4099/736/3492 4100/737/3492 4101/737/3492
f 4099/736/3492 4101/737/3492 4102/736/3492
f 4103/739/3493 4104/738/3493 4105/737/3493
f 4103/739/3493 4105/737/3493 4106/736/3493
f 4107/739/3494 4108/738/3494 4109/737/3494
f 4107/739/3494 4109/737/3494 4110/736/3494
f 4111/739/3495 4112/738/3495 4113/737/3495
f 4111/739/3495 4113/737/3495 4114/736/3495
f 4115/739/3496 4116/738/3496 4117/737/3496
f 4115/739/3496 4117/737/3496 4118/736/3496
f 4119/739/3497 4120/738/3497 4121/737/3497
f 4119/739/3497 4121/737/3497 4122/736/3497
f 4123/739/3498 4124/738/3498 4125/737/3498
f 4123/739/3498 4125/737/3498 4126/736/3498
f 4127/739/3499 4128/738/3499 4129/737/3499
f 4127/739/3499 4129/737/3499 4130/736/3499
s 1
f 4131/739/3500 4132/736/3501 4133/737/3501
f 4131/739/3500 4133/737/3501 4134/738/3500
f 4135/739/3502 4136/736/3502 4137/737/3503
f 4135/739/3502 4137/737/3503 4138/738/3502
s 0
f 4139/739/3504 4140/736/3504 4141/737/3504
f 4139/739/3504 4141/737/3504 4142/738/3504
f 4143/739/3505 4144/736/3505 4145/737/3505
f 4143/739/3505 4145/737/3505 4146/738/3505
f 4147/739/3506 4148/736/3506 4149/737/3506
f 4147/739/3506 4149/737/3506 4150/738/3506
f 4151/739/3507 4152/736/3507 4153/737/3507
f 4151/739/3507 4153/737/3507 4154/738/3507
f 4155/736/3508 4156/737/3508 4157/738/3508
f 4155/736/3508 4157/738/3508 4158/739/3508
f 4159/739/3509 4160/736/3509 4161/737/3509
f 4159/739/3509 4161/737/3509 4162/738/3509
f 4163/739/3510 4164/736/3510 4165/737/3510
f 4163/739/3510 4165/737/3510 4166/738/3510
f 3932/737/3329 3931/738/3329 4167/738/3329
f 3932/737/3329 4167/738/3329 4168/737/3329
s 1
f 4169/741/3511 4170/744/3512 4171/743/3513
f 4169/741/3511 4171/743/3513 4172/742/3514
f 4170/744/3512 4173/746/3515 4174/745/3516
f 4170/744/3512 4174/745/3516 4171/743/3513
f 4173/746/3515 4175/748/3517 4176/747/3518
f 4173/746/3515 4176/747/3518 4174/745/3516
f 4175/748/3517 4177/750/3519 4178/749/3520
f 4175/748/3517 4178/749/3520 4176/747/3518
f 4177/750/3519 4179/752/3521 4180/751/3522
f 4177/750/3519 4180/751/3522 4178/749/3520
f 4179/752/3521 4181/754/3523 4182/753/3524
f 4179/752/3521 4182/753/3524 4180/751/3522
f 4181/754/3523 4183/756/3525 4184/755/3526
f 4181/754/3523 4184/755/3526 4182/753/3524
f 4183/756/3525 4185/758/3527 4186/757/3528
f 4183/756/3525 4186/757/3528 4184/755/3526
f 4185/758/3527 4187/760/3529 4188/759/3530
f 4185/758/3527 4188/759/3530 4186/757/3528
f 4187/760/3529 4189/762/3531 4190/761/3532
f 4187/760/3529 4190/761/3532 4188/759/3530
f 4189/762/3531 4191/764/3533 4192/763/3534
f 4189/762/3531 4192/763/3534 4190/761/3532
f 4191/764/3533 4193/766/3535 4194/765/3536
f 4191/764/3533 4194/765/3536 4192/763/3534
f 4193/766/3535 4195/768/3537 4196/767/3538
f 4193/766/3535 4196/767/3538 4194/765/3536
f 4195/768/3537 4197/770/3539 4198/769/3540
f 4195/768/3537 4198/769/3540 4196/767/3538
f 4197/770/3539 4199/772/3541 4200/771/3542
f 4197/770/3539 4200/771/3542 4198/769/3540
f 4199/772/3541 4201/774/3543 4202/773/3544
f 4199/772/3541 4202/773/3544 4200/771/3542
f 4201/774/3543 4203/776/3545 4204/775/3546
f 4201/774/3543 4204/775/3546 4202/773/3544
f 4203/776/3545 4205/778/3547 4206/777/3548
f 4203/776/3545 4206/777/3548 4204/775/3546
f 4205/778/3547 4207/780/3549 4208/779/3550
f 4205/778/3547 4208/779/3550 4206/777/3548
f 4207/780/3549 4209/782/3551 4210/781/3552
f 4207/780/3549 4210/781/3552 4208/779/3550
f 4209/782/3551 4211/784/3553 4212/783/3554
f 4209/782/3551 4212/783/3554 4210/781/3552
f 4211/784/3553 4213/786/3555 4214/785/3556
f 4211/784/3553 4214/785/3556 4212/783/3554
f 4213/786/3555 4215/788/3557 4216/787/3558
f 4213/786/3555 4216/787/3558 4214/785/3556
f 4215/788/3557 4217/790/3559 4218/789/3560
f 4215/788/3557 4218/789/3560 4216/787/3558
f 4217/790/3559 4219/792/3561 4220/791/3562
f 4217/790/3559 4220/791/3562 4218/789/3560
f 4219/792/3561 4221/794/3563 4222/793/3564
f 4219/792/3561 4222/793/3564 4220/791/3562
f 4221/794/3563 4223/796/3565 4224/795/3566
f 4221/794/3563 4224/795/3566 4222/793/3564
f 4223/796/3565 4225/798/3567 4226/797/3568
f 4223/796/3565 4226/797/3568 4224/795/3566
f 4225/798/3567 4227/800/3569 4228/799/3570
f 4225/798/3567 4228/799/3570 4226/797/3568
f 4227/800/3569 4229/802/3571 4230/801/3572
f 4227/800/3569 4230/801/3572 4228/799/3570
f 4229/802/3571 4231/804/3573 4232/803/3574
f 4229/802/3571 4232/803/3574 4230/801/3572
f 4231/804/3573 4233/806/3511 4234/805/3575
f 4231/804/3573 4234/805/3575 4232/803/3574
f 4172/742/3514 4171/743/3513 4235/808/3576
f 4172/742/3514 4235/808/3576 4236/807/3577
f 4171/743/3513 4174/745/3516 4237/809/3578
f 4171/743/3513 4237/809/3578 4235/808/3576
f 4174/745/3516 4176/747/3518 4238/810/3579
f 4174/745/3516 4238/810/3579 4237/809/3578
f 4176/747/3518 4178/749/3520 4239/811/3580
f 4176/747/3518 4239/811/3580 4238/810/3579
f 4178/749/3520 4180/751/3522 4240/812/3581
f 4178/749/3520 4240/812/3581 4239/811/3580
f 4180/751/3522 4182/753/3524 4241/813/3582
f 4180/751/3522 4241/813/3582 4240/812/3581
f 4182/753/3524 4184/755/3526 4242/814/3583
f 4182/753/3524 4242/814/3583 4241/813/3582
f 4184/755/3526 4186/757/3528 4243/815/3584
f 4184/755/3526 4243/815/3584 4242/814/3583
f 4186/757/3528 4188/759/3530 4244/816/3585
f 4186/757/3528 4244/816/3585 4243/815/3584
f 4188/759/3530 4190/761/3532 4245/817/3586
f 4188/759/3530 4245/817/3586 4244/816/3585
f 4190/761/3532 4192/763/3534 4246/818/3587
f 4190/761/3532 4246/818/3587 4245/817/3586
f 4192/763/3534 4194/765/3536 4247/819/3588
f 4192/763/3534 4247/819/3588 4246/818/3587
f 4194/765/3536 4196/767/3538 4248/820/3589
f 4194/765/3536 4248/820/3589 4247/819/3588
f 4196/767/3538 4198/769/3540 4249/821/3590
f 4196/767/3538 4249/821/3590 4248/820/3589
f 4198/769/3540 4200/771/3542 4250/822/3591
f 4198/769/3540 4250/822/3591 4249/821/3590
f 4200/771/3542 4202/773/3544 4251/823/3592
f 4200/771/3542 4251/823/3592 4250/822/3591
f 4202/773/3544 4204/775/3546 4252/824/3593
f 4202/773/3544 4252/824/3593 4251/823/3592
f 4204/775/3546 4206/777/3548 4253/825/3594
f 4204/775/3546 4253/825/3594 4252/824/3593
f 4206/777/3548 4208/779/3550 4254/826/3595
f 4206/777/3548 4254/826/3595 4253/825/3594
f 4208/779/3550 4210/781/3552 4255/827/3596
f 4208/779/3550 4255/827/3596 4254/826/3595
f 4210/781/3552 4212/783/3554 4256/828/3597
f 4210/781/3552 4256/828/3597 4255/827/3596
f 4212/783/3554 4214/785/3556 4257/829/3598
f 4212/783/3554 4257/829/3598 4256/828/3597
f 4214/785/3556 4216/787/3558 4258/830/3599
f 4214/785/3556 4258/830/3599 4257/829/3598
f 4216/787/3558 4218/789/3560 4259/831/3600
f 4216/787/3558 4259/831/3600 4258/830/3599
f 4218/789/3560 4220/791/3562 4260/832/3601
f 4218/789/3560 4260/832/3601 4259/831/3600
f 4220/791/3562 4222/793/3564 4261/833/3602
f 4220/791/3562 4261/833/3602 4260/832/3601
f 4222/793/3564 4224/795/3566 4262/834/3603
f 4222/793/3564 4262/834/3603 4261/833/3602
f 4224/795/3566 4226/797/3568 4263/835/3604
f 4224/795/3566 4263/835/3604 4262/834/3603
f 4226/797/3568 4228/799/3570 4264/836/3605
f 4226/797/3568 4264/836/3605 4263/835/3604
f 4228/799/3570 4230/801/3572 4265/837/3606
f 4228/799/3570 4265/837/3606 4264/836/3605
f 4230/801/3572 4232/803/3574 4266/838/3607
f 4230/801/3572 4266/838/3607 4265/837/3606
f 4232/803/3574 4234/805/3575 4267/839/3577
f 4232/803/3574 4267/839/3577 4266/838/3607
f 4236/807/3577 4235/808/3576 4268/841/3608
f 4236/807/3577 4268/841/3608 4269/840/3609
f 4235/808/3576 4237/809/3578 4270/842/3610
f 4235/808/3576 4270/842/3610 4268/841/3608
f 4237/809/3578 4238/810/3579 4271/843/3611
f 4237/809/3578 4271/843/3611 4270/842/3610
f 4238/810/3579 4239/811/3580 4272/844/3612
f 4238/810/3579 4272/844/3612 4271/843/3611
f 4239/811/3580 4240/812/3581 4273/845/3613
f 4239/811/3580 4273/845/3613 4272/844/3612
f 4240/812/3581 4241/813/3582 4274/846/3614
f 4240/812/3581 4274/846/3614 4273/845/3613
f 4241/813/3582 4242/814/3583 4275/847/3615
f 4241/813/3582 4275/847/3615 4274/846/3614
f 4242/814/3583 4243/815/3584 4276/848/3616
f 4242/814/3583 4276/848/3616 4275/847/3615
f 4243/815/3584 4244/816/3585 4277/849/3617
f 4243/815/3584 4277/849/3617 4276/848/3616
f 4244/816/3585 4245/817/3586 4278/850/3618
f 4244/816/3585 4278/850/3618 4277/849/3617
f 4245/817/3586 4246/818/3587 4279/851/3619
f 4245/817/3586 4279/851/3619 4278/850/3618
f 4246/818/3587 4247/819/3588 4280/852/3620
f 4246/818/3587 4280/852/3620 4279/851/3619
f 4247/819/3588 4248/820/3589 4281/853/3621
f 4247/819/3588 4281/853/3621 4280/852/3620
f 4248/820/3589 4249/821/3590 4282/854/3622
f 4248/820/3589 4282/854/3622 4281/853/3621
f 4249/821/3590 4250/822/3591 4283/855/3623
f 4249/821/3590 4283/855/3623 4282/854/3622
f 4250/822/3591 4251/823/3592 4284/856/3624
f 4250/822/3591 4284/856/3624 4283/855/3623
f 4251/823/3592 4252/824/3593 4285/857/3625
f 4251/823/3592 4285/857/3625 4284/856/3624
f 4252/824/3593 4253/825/3594 4286/858/3626
f 4252/824/3593 4286/858/3626 4285/857/3625
f 4253/825/3594 4254/826/3595 4287/859/3627
f 4253/825/3594 4287/859/3627 4286/858/3626
f 4254/826/3595 4255/827/3596 4288/860/3628
f 4254/826/3595 4288/860/3628 4287/859/3627
f 4255/827/3596 4256/828/3597 4289/861/3629
f 4255/827/3596 4289/861/3629 4288/860/3628
f 4256/828/3597 4257/829/3598 4290/862/3630
f 4256/828/3597 4290/862/3630 4289/861/3629
f 4257/829/3598 4258/830/3599 4291/863/3631
f 4257/829/3598 4291/863/3631 4290/862/3630
f 4258/830/3599 4259/831/3600 4292/864/3632
f 4258/830/3599 4292/864/3632 4291/863/3631
f 4259/831/3600 4260/832/3601 4293/865/3633
f 4259/831/3600 4293/865/3633 4292/864/3632
f 4260/832/3601 4261/833/3602 4294/866/3634
f 4260/832/3601 4294/866/3634 4293/865/3633
f 4261/833/3602 4262/834/3603 4295/867/3635
f 4261/833/3602 4295/867/3635 4294/866/3634
f 4262/834/3603 4263/835/3604 4296/868/3636
f 4262/834/3603 4296/868/3636 4295/867/3635
f 4263/835/3604 4264/836/3605 4297/869/3637
f 4263/835/3604 4297/869/3637 4296/868/3636
f 4264/836/3605 4265/837/3606 4298/870/3638
f 4264/836/3605 4298/870/3638 4297/869/3637
f 4265/837/3606 4266/838/3607 4299/871/3639
f 4265/837/3606 4299/871/3639 4298/870/3638
f 4266/838/3607 4267/839/3577 4300/872/3609
f 4266/838/3607 4300/872/3609 4299/871/3639
f 4269/840/3609 4268/841/3608 4301/874/3640
f 4269/840/3609 4301/874/3640 4302/873/3641
f 4268/841/3608 4270/842/3610 4303/875/3642
f 4268/841/3608 4303/875/3642 4301/874/3640
f 4270/842/3610 4271/843/3611 4304/876/3643
f 4270/842/3610 4304/876/3643 4303/875/3642
f 4271/843/3611 4272/844/3612 4305/877/3644
f 4271/843/3611 4305/877/3644 4304/876/3643
f 4272/844/3612 4273/845/3613 4306/878/3645
f 4272/844/3612 4306/878/3645 4305/877/3644
f 4273/845/3613 4274/846/3614 4307/879/3646
f 4273/845/3613 4307/879/3646 4306/878/3645
f 4274/846/3614 4275/847/3615 4308/880/3647
f 4274/846/3614 4308/880/3647 4307/879/3646
f 4275/847/3615 4276/848/3616 4309/881/3648
f 4275/847/3615 4309/881/3648 4308/880/3647
f 4276/848/3616 4277/849/3617 4310/882/3649
f 4276/848/3616 4310/882/3649 4309/881/3648
f 4277/849/3617 4278/850/3618 4311/883/3650
f 4277/849/3617 4311/883/3650 4310/882/3649
f 4278/850/3618 4279/851/3619 4312/884/3651
f 4278/850/3618 4312/884/3651 4311/883/3650
f 4279/851/3619 4280/852/3620 4313/885/3652
f 4279/851/3619 4313/885/3652 4312/884/3651
f 4280/852/3620 4281/853/3621 4314/886/3653
f 4280/852/3620 4314/886/3653 4313/885/3652
f 4281/853/3621 4282/854/3622 4315/887/3654
f 4281/853/3621 4315/887/3654 4314/886/3653
f 4282/854/3622 4283/855/3623 4316/888/3655
f 4282/854/3622 4316/888/3655 4315/887/3654
f 4283/855/3623 4284/856/3624 4317/889/3656
f 4283/855/3623 4317/889/3656 4316/888/3655
f 4284/856/3624 4285/857/3625 4318/890/3657
f 4284/856/3624 4318/890/3657 4317/889/3656
f 4285/857/3625 4286/858/3626 4319/891/3658
f 4285/857/3625 4319/891/3658 4318/890/3657
f 4286/858/3626 4287/859/3627 4320/892/3659
f 4286/858/3626 4320/892/3659 4319/891/3658
f 4287/859/3627 4288/860/3628 4321/893/3660
f 4287/859/3627 4321/893/3660 4320/892/3659
f 4288/860/3628 4289/861/3629 4322/894/3661
f 4288/860/3628 4322/894/3661 4321/893/3660
f 4289/861/3629 4290/862/3630 4323/895/3662
f 4289/861/3629 4323/895/3662 4322/894/3661
f 4290/862/3630 4291/863/3631 4324/896/3663
f 4290/862/3630 4324/896/3663 4323/895/3662
f 4291/863/3631 4292/864/3632 4325/897/3664
f 4291/863/3631 4325/897/3664 4324/896/3663
f 4292/864/3632 4293/865/3633 4326/898/3665
f 4292/864/3632 4326/898/3665 4325/897/3664
f 4293/865/3633 4294/866/3634 4327/899/3666
f 4293/865/3633 4327/899/3666 4326/898/3665
f 4294/866/3634 4295/867/3635 4328/900/3667
f 4294/866/3634 4328/900/3667 4327/899/3666
f 4295/867/3635 4296/868/3636 4329/901/3668
f 4295/867/3635 4329/901/3668 4328/900/3667
f 4296/868/3636 4297/869/3637 4330/902/3669
f 4296/868/3636 4330/902/3669 4329/901/3668
f 4297/869/3637 4298/870/3638 4331/903/3670
f 4297/869/3637 4331/903/3670 4330/902/3669
f 4298/870/3638 4299/871/3639 4332/904/3671
f 4298/870/3638 4332/904/3671 4331/903/3670
f 4299/871/3639 4300/872/3609 4333/905/3672
f 4299/871/3639 4333/905/3672 4332/904/3671
s 0
f 4101/737/3492 4334/737/3492 4335/736/3492
f 4101/737/3492 4335/736/3492 4102/736/3492
f 4336/739/3673 4337/740/3673 4338/740/3673
f 4337/740/3674 4336/739/3674 4339/740/3674
f 4339/740/3674 4336/739/3674 4340/739/3674
f 4341/736/3675 4342/740/3675 4343/740/3675
f 4342/740/3675 4341/736/3675 4344/740/3675
f 4344/740/3676 4341/736/3676 4345/736/3676
o Sphere001_09_-_Default_0
v -1.738054 2.838029 4.077783
v -1.611830 2.967886 4.013137
v -1.636825 2.977701 3.995043
v -1.738054 2.838029 4.077783
v -1.665626 2.981947 3.979900
v -1.738054 2.838029 4.077783
v -1.697127 2.980462 3.968291
v -1.738054 2.838029 4.077783
v -1.730117 2.973302 3.960661
v -1.738054 2.838029 4.077783
v -1.763329 2.960743 3.957304
v -1.738054 2.838029 4.077783
v -1.795485 2.943269 3.958349
v -1.738054 2.838029 4.077783
v -1.825350 2.921548 3.963755
v -1.738054 2.838029 4.077783
v -1.851776 2.896418 3.973315
v -1.738054 2.838029 4.077783
v -1.873749 2.868843 3.986662
v -1.738054 2.838029 4.077783
v -1.890423 2.839883 4.003282
v -1.738054 2.838029 4.077783
v -1.901158 2.810651 4.022537
v -1.738054 2.838029 4.077783
v -1.905540 2.782270 4.043687
v -1.738054 2.838029 4.077783
v -1.903403 2.755832 4.065918
v -1.738054 2.838029 4.077783
v -1.894828 2.732352 4.088378
v -1.738054 2.838029 4.077783
v -1.880144 2.712732 4.110203
v -1.738054 2.838029 4.077783
v -1.859915 2.697727 4.130553
v -1.738054 2.838029 4.077783
v -1.834920 2.687912 4.148647
v -1.738054 2.838029 4.077783
v -1.806119 2.683666 4.163789
v -1.738054 2.838029 4.077783
v -1.774618 2.685151 4.175399
v -1.738054 2.838029 4.077783
v -1.741628 2.692311 4.183029
v -1.738054 2.838029 4.077783
v -1.708417 2.704870 4.186386
v -1.738054 2.838029 4.077783
v -1.676261 2.722345 4.185341
v -1.738054 2.838029 4.077783
v -1.646395 2.744065 4.179935
v -1.738054 2.838029 4.077783
v -1.619969 2.769196 4.170375
v -1.738054 2.838029 4.077783
v -1.597996 2.796771 4.157028
v -1.738054 2.838029 4.077783
v -1.581322 2.825731 4.140408
v -1.738054 2.838029 4.077783
v -1.570588 2.854963 4.121153
v -1.738054 2.838029 4.077783
v -1.566205 2.883343 4.100003
v -1.738054 2.838029 4.077783
v -1.568342 2.909781 4.077772
v -1.738054 2.838029 4.077783
v -1.576918 2.933261 4.055312
v -1.738054 2.838029 4.077783
v -1.591602 2.952881 4.033487
v -1.738054 2.838029 4.077783
v -1.611830 2.967886 4.013137
v -1.738056 2.838029 -4.077782
v -1.636827 2.977701 -3.995043
v -1.611831 2.967886 -4.013136
v -1.738056 2.838029 -4.077782
v -1.665628 2.981947 -3.979900
v -1.738056 2.838029 -4.077782
v -1.697129 2.980462 -3.968290
v -1.738056 2.838029 -4.077782
v -1.730119 2.973302 -3.960661
v -1.738056 2.838029 -4.077782
v -1.763330 2.960743 -3.957304
v -1.738056 2.838029 -4.077782
v -1.795486 2.943269 -3.958348
v -1.738056 2.838029 -4.077782
v -1.825351 2.921548 -3.963754
v -1.738056 2.838029 -4.077782
v -1.851778 2.896418 -3.973315
v -1.738056 2.838029 -4.077782
v -1.873750 2.868843 -3.986661
v -1.738056 2.838029 -4.077782
v -1.890425 2.839883 -4.003281
v -1.738056 2.838029 -4.077782
v -1.901159 2.810651 -4.022536
v -1.738056 2.838029 -4.077782
v -1.905542 2.782270 -4.043686
v -1.738056 2.838029 -4.077782
v -1.903405 2.755832 -4.065917
v -1.738056 2.838029 -4.077782
v -1.894829 2.732352 -4.088377
v -1.738056 2.838029 -4.077782
v -1.880145 2.712732 -4.110202
v -1.738056 2.838029 -4.077782
v -1.859917 2.697727 -4.130552
v -1.738056 2.838029 -4.077782
v -1.834922 2.687912 -4.148646
v -1.738056 2.838029 -4.077782
v -1.806120 2.683666 -4.163788
v -1.738056 2.838029 -4.077782
v -1.774619 2.685151 -4.175398
v -1.738056 2.838029 -4.077782
v -1.741629 2.692311 -4.183028
v -1.738056 2.838029 -4.077782
v -1.708418 2.704870 -4.186385
v -1.738056 2.838029 -4.077782
v -1.676262 2.722345 -4.185340
v -1.738056 2.838029 -4.077782
v -1.646397 2.744065 -4.179934
v -1.738056 2.838029 -4.077782
v -1.619970 2.769196 -4.170374
v -1.738056 2.838029 -4.077782
v -1.597998 2.796771 -4.157027
v -1.738056 2.838029 -4.077782
v -1.581324 2.825731 -4.140407
v -1.738056 2.838029 -4.077782
v -1.570589 2.854963 -4.121152
v -1.738056 2.838029 -4.077782
v -1.566207 2.883343 -4.100002
v -1.738056 2.838029 -4.077782
v -1.568344 2.909781 -4.077771
v -1.738056 2.838029 -4.077782
v -1.576919 2.933261 -4.055311
v -1.738056 2.838029 -4.077782
v -1.591603 2.952881 -4.033486
v -1.738056 2.838029 -4.077782
v -1.611831 2.967886 -4.013136
v -1.486094 3.082308 3.939101
v -1.535123 3.101560 3.903608
v -1.591619 3.109889 3.873904
v -1.653411 3.106976 3.851132
v -1.718123 3.092932 3.836165
v -1.783269 3.068297 3.829581
v -1.846345 3.034018 3.831630
v -1.904928 2.991413 3.842234
v -1.956766 2.942117 3.860987
v -1.999866 2.888027 3.887167
v -2.032574 2.831220 3.919769
v -2.053631 2.773880 3.957539
v -2.062228 2.718209 3.999025
v -2.058035 2.666349 4.042635
v -2.041214 2.620290 4.086691
v -2.012410 2.581805 4.129501
v -1.972731 2.552371 4.169419
v -1.923701 2.533119 4.204912
v -1.867205 2.524790 4.234615
v -1.805413 2.527703 4.257388
v -1.740701 2.541747 4.272355
v -1.675555 2.566382 4.278939
v -1.612479 2.600661 4.276891
v -1.553896 2.643267 4.266285
v -1.502059 2.692562 4.247533
v -1.458958 2.746653 4.221353
v -1.426251 2.803460 4.188751
v -1.405194 2.860800 4.150981
v -1.396597 2.916470 4.109495
v -1.400790 2.968331 4.065885
v -1.417611 3.014389 4.021829
v -1.446415 3.052874 3.979018
v -1.486094 3.082308 3.939101
v -1.365677 3.176897 3.858518
v -1.436857 3.204846 3.806990
v -1.518877 3.216938 3.763867
v -1.608584 3.212709 3.730807
v -1.702532 3.192320 3.709079
v -1.797109 3.156557 3.699519
v -1.888682 3.106791 3.702494
v -1.973730 3.044937 3.717890
v -2.048987 2.973372 3.745115
v -2.111560 2.894844 3.783122
v -2.159043 2.812373 3.830452
v -2.189613 2.729128 3.885286
v -2.202094 2.648308 3.945515
v -2.196007 2.573018 4.008826
v -2.171587 2.506152 4.072785
v -2.129770 2.450279 4.134936
v -2.072165 2.407547 4.192889
v -2.000984 2.379598 4.244416
v -1.918965 2.367506 4.287539
v -1.829257 2.371736 4.320600
v -1.735310 2.392124 4.342327
v -1.640733 2.427889 4.351888
v -1.549160 2.477654 4.348913
v -1.464111 2.539508 4.333517
v -1.388855 2.611074 4.306292
v -1.326283 2.689601 4.268284
v -1.278799 2.772072 4.220954
v -1.248230 2.855317 4.166121
v -1.235748 2.936137 4.105891
v -1.241835 3.011427 4.042580
v -1.266256 3.078293 3.978620
v -1.308073 3.134166 3.916470
v -1.365677 3.176897 3.858518
v -1.291645 3.190119 3.779967
v -1.373844 3.222394 3.720463
v -1.436857 3.204846 3.806990
v -1.365677 3.176897 3.858518
v -1.373844 3.222394 3.720463
v -1.468560 3.236358 3.670665
v -1.518877 3.216938 3.763867
v -1.436857 3.204846 3.806990
v -1.468560 3.236358 3.670665
v -1.572154 3.231474 3.632487
v -1.608584 3.212709 3.730807
v -1.518877 3.216938 3.763867
v -1.572154 3.231474 3.632487
v -1.680645 3.207929 3.607395
v -1.702532 3.192320 3.709079
v -1.608584 3.212709 3.730807
v -1.680645 3.207929 3.607395
v -1.789863 3.166629 3.596355
v -1.797109 3.156557 3.699519
v -1.702532 3.192320 3.709079
v -1.789863 3.166629 3.596355
v -1.895611 3.109160 3.599791
v -1.888682 3.106791 3.702494
v -1.797109 3.156557 3.699519
v -1.895611 3.109160 3.599791
v -1.993825 3.037731 3.617570
v -1.973730 3.044937 3.717890
v -1.888682 3.106791 3.702494
v -1.993825 3.037731 3.617570
v -2.080731 2.955087 3.649009
v -2.048987 2.973372 3.745115
v -1.973730 3.044937 3.717890
v -2.080731 2.955087 3.649009
v -2.152990 2.864404 3.692900
v -2.111560 2.894844 3.783122
v -2.048987 2.973372 3.745115
v -2.152990 2.864404 3.692900
v -2.207824 2.769166 3.747557
v -2.159043 2.812373 3.830452
v -2.111560 2.894844 3.783122
v -2.207824 2.769166 3.747557
v -2.243126 2.673035 3.810878
v -2.189613 2.729128 3.885286
v -2.159043 2.812373 3.830452
v -2.243126 2.673035 3.810878
v -2.257539 2.579703 3.880431
v -2.202094 2.648308 3.945515
v -2.189613 2.729128 3.885286
v -2.257539 2.579703 3.880431
v -2.250510 2.492758 3.953543
v -2.196007 2.573018 4.008826
v -2.202094 2.648308 3.945515
v -2.250510 2.492758 3.953543
v -2.222309 2.415541 4.027403
v -2.171587 2.506152 4.072785
v -2.196007 2.573018 4.008826
v -2.222309 2.415541 4.027403
v -2.174020 2.351020 4.099174
v -2.129770 2.450279 4.134936
v -2.171587 2.506152 4.072785
v -2.174020 2.351020 4.099174
v -2.107497 2.301673 4.166098
v -2.072165 2.407547 4.192889
v -2.129770 2.450279 4.134936
v -2.107497 2.301673 4.166098
v -2.025298 2.269398 4.225603
v -2.000984 2.379598 4.244416
v -2.072165 2.407547 4.192889
v -2.025298 2.269398 4.225603
v -1.930582 2.255434 4.275401
v -1.918965 2.367506 4.287539
v -2.000984 2.379598 4.244416
v -1.930582 2.255434 4.275401
v -1.826988 2.260318 4.313579
v -1.829257 2.371736 4.320600
v -1.918965 2.367506 4.287539
v -1.826988 2.260318 4.313579
v -1.718497 2.283863 4.338670
v -1.735310 2.392124 4.342327
v -1.829257 2.371736 4.320600
v -1.718497 2.283863 4.338670
v -1.609279 2.325163 4.349710
v -1.640733 2.427889 4.351888
v -1.735310 2.392124 4.342327
v -1.609279 2.325163 4.349710
v -1.503531 2.382632 4.346274
v -1.549160 2.477654 4.348913
v -1.640733 2.427889 4.351888
v -1.503531 2.382632 4.346274
v -1.405317 2.454062 4.328496
v -1.464111 2.539508 4.333517
v -1.549160 2.477654 4.348913
v -1.405317 2.454062 4.328496
v -1.318411 2.536705 4.297056
v -1.388855 2.611074 4.306292
v -1.464111 2.539508 4.333517
v -1.318411 2.536705 4.297056
v -1.246152 2.627389 4.253165
v -1.326283 2.689601 4.268284
v -1.388855 2.611074 4.306292
v -1.246152 2.627389 4.253165
v -1.191318 2.722626 4.198508
v -1.278799 2.772072 4.220954
v -1.326283 2.689601 4.268284
v -1.191318 2.722626 4.198508
v -1.156016 2.818758 4.135186
v -1.248230 2.855317 4.166121
v -1.278799 2.772072 4.220954
v -1.156016 2.818758 4.135186
v -1.141603 2.912089 4.065633
v -1.235748 2.936137 4.105891
v -1.248230 2.855317 4.166121
v -1.141603 2.912089 4.065633
v -1.148632 2.999034 3.992522
v -1.241835 3.011427 4.042580
v -1.235748 2.936137 4.105891
v -1.148632 2.999034 3.992522
v -1.176833 3.076251 3.918661
v -1.266256 3.078293 3.978620
v -1.241835 3.011427 4.042580
v -1.176833 3.076251 3.918661
v -1.225123 3.140772 3.846890
v -1.308073 3.134166 3.916470
v -1.266256 3.078293 3.978620
v -1.225123 3.140772 3.846890
v -1.291645 3.190119 3.779967
v -1.365677 3.176897 3.858518
v -1.308073 3.134166 3.916470
v -1.535125 3.101560 -3.903607
v -1.486095 3.082308 -3.939100
v -1.591621 3.109889 -3.873904
v -1.653413 3.106976 -3.851131
v -1.718125 3.092932 -3.836165
v -1.783271 3.068297 -3.829580
v -1.846347 3.034018 -3.831629
v -1.904930 2.991413 -3.842233
v -1.956767 2.942117 -3.860986
v -1.999868 2.888027 -3.887166
v -2.032575 2.831220 -3.919768
v -2.053632 2.773880 -3.957538
v -2.062229 2.718209 -3.999024
v -2.058036 2.666349 -4.042634
v -2.041215 2.620290 -4.086690
v -2.012412 2.581805 -4.129500
v -1.972732 2.552371 -4.169418
v -1.923703 2.533119 -4.204911
v -1.867207 2.524790 -4.234614
v -1.805415 2.527703 -4.257387
v -1.740703 2.541747 -4.272354
v -1.675557 2.566382 -4.278938
v -1.612481 2.600661 -4.276890
v -1.553898 2.643267 -4.266284
v -1.502060 2.692562 -4.247532
v -1.458960 2.746653 -4.221352
v -1.426253 2.803460 -4.188750
v -1.405196 2.860800 -4.150980
v -1.396599 2.916470 -4.109494
v -1.400791 2.968331 -4.065884
v -1.417613 3.014389 -4.021828
v -1.446416 3.052874 -3.979018
v -1.486095 3.082308 -3.939100
v -1.436859 3.204846 -3.806990
v -1.365679 3.176897 -3.858518
v -1.518878 3.216938 -3.763867
v -1.608586 3.212709 -3.730806
v -1.702533 3.192320 -3.709078
v -1.797110 3.156557 -3.699518
v -1.888683 3.106791 -3.702493
v -1.973732 3.044937 -3.717889
v -2.048989 2.973372 -3.745114
v -2.111561 2.894844 -3.783121
v -2.159044 2.812373 -3.830451
v -2.189614 2.729128 -3.885285
v -2.202096 2.648308 -3.945514
v -2.196009 2.573018 -4.008825
v -2.171588 2.506152 -4.072784
v -2.129772 2.450279 -4.134935
v -2.072166 2.407547 -4.192888
v -2.000986 2.379598 -4.244415
v -1.918967 2.367506 -4.287538
v -1.829259 2.371736 -4.320599
v -1.735312 2.392124 -4.342326
v -1.640734 2.427889 -4.351887
v -1.549162 2.477654 -4.348912
v -1.464113 2.539508 -4.333516
v -1.388857 2.611074 -4.306291
v -1.326284 2.689601 -4.268283
v -1.278801 2.772072 -4.220953
v -1.248231 2.855317 -4.166120
v -1.235750 2.936137 -4.105890
v -1.241837 3.011427 -4.042579
v -1.266258 3.078293 -3.978620
v -1.308074 3.134166 -3.916469
v -1.365679 3.176897 -3.858518
v -1.291646 3.190119 -3.779966
v -1.365679 3.176897 -3.858518
v -1.436859 3.204846 -3.806990
v -1.373845 3.222394 -3.720462
v -1.373845 3.222394 -3.720462
v -1.436859 3.204846 -3.806990
v -1.518878 3.216938 -3.763867
v -1.468562 3.236358 -3.670664
v -1.468562 3.236358 -3.670664
v -1.518878 3.216938 -3.763867
v -1.608586 3.212709 -3.730806
v -1.572155 3.231474 -3.632486
v -1.572155 3.231474 -3.632486
v -1.608586 3.212709 -3.730806
v -1.702533 3.192320 -3.709078
v -1.680646 3.207929 -3.607395
v -1.680646 3.207929 -3.607395
v -1.702533 3.192320 -3.709078
v -1.797110 3.156557 -3.699518
v -1.789864 3.166629 -3.596354
v -1.789864 3.166629 -3.596354
v -1.797110 3.156557 -3.699518
v -1.888683 3.106791 -3.702493
v -1.895612 3.109160 -3.599790
v -1.895612 3.109160 -3.599790
v -1.888683 3.106791 -3.702493
v -1.973732 3.044937 -3.717889
v -1.993826 3.037731 -3.617569
v -1.993826 3.037731 -3.617569
v -1.973732 3.044937 -3.717889
v -2.048989 2.973372 -3.745114
v -2.080733 2.955087 -3.649008
v -2.080733 2.955087 -3.649008
v -2.048989 2.973372 -3.745114
v -2.111561 2.894844 -3.783121
v -2.152991 2.864404 -3.692899
v -2.152991 2.864404 -3.692899
v -2.111561 2.894844 -3.783121
v -2.159044 2.812373 -3.830451
v -2.207825 2.769166 -3.747556
v -2.207825 2.769166 -3.747556
v -2.159044 2.812373 -3.830451
v -2.189614 2.729128 -3.885285
v -2.243127 2.673035 -3.810877
v -2.243127 2.673035 -3.810877
v -2.189614 2.729128 -3.885285
v -2.202096 2.648308 -3.945514
v -2.257540 2.579703 -3.880430
v -2.257540 2.579703 -3.880430
v -2.202096 2.648308 -3.945514
v -2.196009 2.573018 -4.008825
v -2.250512 2.492758 -3.953542
v -2.250512 2.492758 -3.953542
v -2.196009 2.573018 -4.008825
v -2.171588 2.506152 -4.072784
v -2.222311 2.415541 -4.027402
v -2.222311 2.415541 -4.027402
v -2.171588 2.506152 -4.072784
v -2.129772 2.450279 -4.134935
v -2.174021 2.351020 -4.099174
v -2.174021 2.351020 -4.099174
v -2.129772 2.450279 -4.134935
v -2.072166 2.407547 -4.192888
v -2.107499 2.301673 -4.166097
v -2.107499 2.301673 -4.166097
v -2.072166 2.407547 -4.192888
v -2.000986 2.379598 -4.244415
v -2.025300 2.269398 -4.225602
v -2.025300 2.269398 -4.225602
v -2.000986 2.379598 -4.244415
v -1.918967 2.367506 -4.287538
v -1.930583 2.255434 -4.275400
v -1.930583 2.255434 -4.275400
v -1.918967 2.367506 -4.287538
v -1.829259 2.371736 -4.320599
v -1.826989 2.260318 -4.313578
v -1.826989 2.260318 -4.313578
v -1.829259 2.371736 -4.320599
v -1.735312 2.392124 -4.342326
v -1.718499 2.283863 -4.338669
v -1.718499 2.283863 -4.338669
v -1.735312 2.392124 -4.342326
v -1.640734 2.427889 -4.351887
v -1.609281 2.325163 -4.349709
v -1.609281 2.325163 -4.349709
v -1.640734 2.427889 -4.351887
v -1.549162 2.477654 -4.348912
v -1.503533 2.382632 -4.346273
v -1.503533 2.382632 -4.346273
v -1.549162 2.477654 -4.348912
v -1.464113 2.539508 -4.333516
v -1.405318 2.454062 -4.328495
v -1.405318 2.454062 -4.328495
v -1.464113 2.539508 -4.333516
v -1.388857 2.611074 -4.306291
v -1.318412 2.536705 -4.297055
v -1.318412 2.536705 -4.297055
v -1.388857 2.611074 -4.306291
v -1.326284 2.689601 -4.268283
v -1.246154 2.627389 -4.253164
v -1.246154 2.627389 -4.253164
v -1.326284 2.689601 -4.268283
v -1.278801 2.772072 -4.220953
v -1.191320 2.722626 -4.198507
v -1.191320 2.722626 -4.198507
v -1.278801 2.772072 -4.220953
v -1.248231 2.855317 -4.166120
v -1.156018 2.818758 -4.135186
v -1.156018 2.818758 -4.135186
v -1.248231 2.855317 -4.166120
v -1.235750 2.936137 -4.105890
v -1.141605 2.912089 -4.065633
v -1.141605 2.912089 -4.065633
v -1.235750 2.936137 -4.105890
v -1.241837 3.011427 -4.042579
v -1.148634 2.999034 -3.992521
v -1.148634 2.999034 -3.992521
v -1.241837 3.011427 -4.042579
v -1.266258 3.078293 -3.978620
v -1.176835 3.076251 -3.918661
v -1.176835 3.076251 -3.918661
v -1.266258 3.078293 -3.978620
v -1.308074 3.134166 -3.916469
v -1.225125 3.140772 -3.846890
v -1.225125 3.140772 -3.846890
v -1.308074 3.134166 -3.916469
v -1.365679 3.176897 -3.858518
v -1.291646 3.190119 -3.779966
vn -0.3015 0.5993 0.7416
vn -0.2424 0.6599 0.7111
vn -0.2581 0.6666 0.6993
vn -0.2753 0.6704 0.6890
vn -0.2935 0.6712 0.6807
vn -0.3117 0.6690 0.6747
vn -0.3293 0.6641 0.6712
vn -0.3457 0.6568 0.6702
vn -0.3602 0.6472 0.6718
vn -0.3725 0.6359 0.6759
vn -0.3821 0.6232 0.6824
vn -0.3887 0.6095 0.6910
vn -0.3920 0.5953 0.7014
vn -0.3919 0.5811 0.7133
vn -0.3883 0.5674 0.7262
vn -0.3812 0.5547 0.7396
vn -0.3709 0.5436 0.7530
vn -0.3577 0.5345 0.7658
vn -0.3421 0.5278 0.7774
vn -0.3250 0.5239 0.7874
vn -0.3069 0.5227 0.7953
vn -0.2887 0.5244 0.8010
vn -0.2710 0.5289 0.8043
vn -0.2545 0.5358 0.8051
vn -0.2398 0.5451 0.8034
vn -0.2273 0.5562 0.7993
vn -0.2176 0.5689 0.7931
vn -0.2109 0.5828 0.7848
vn -0.2075 0.5973 0.7747
vn -0.2076 0.6119 0.7632
vn -0.2113 0.6261 0.7506
vn -0.2185 0.6392 0.7374
vn -0.2290 0.6507 0.7240
vn -0.2424 0.6599 0.7112
vn -0.3015 0.5993 -0.7416
vn -0.2581 0.6666 -0.6993
vn -0.2424 0.6599 -0.7111
vn -0.2753 0.6704 -0.6890
vn -0.2935 0.6712 -0.6807
vn -0.3117 0.6690 -0.6747
vn -0.3293 0.6641 -0.6712
vn -0.3457 0.6568 -0.6702
vn -0.3602 0.6472 -0.6718
vn -0.3725 0.6359 -0.6759
vn -0.3821 0.6232 -0.6824
vn -0.3887 0.6095 -0.6910
vn -0.3920 0.5953 -0.7014
vn -0.3919 0.5811 -0.7133
vn -0.3883 0.5674 -0.7262
vn -0.3812 0.5547 -0.7396
vn -0.3709 0.5436 -0.7530
vn -0.3577 0.5345 -0.7658
vn -0.3421 0.5278 -0.7774
vn -0.3250 0.5239 -0.7874
vn -0.3069 0.5227 -0.7953
vn -0.2887 0.5244 -0.8010
vn -0.2710 0.5289 -0.8043
vn -0.2545 0.5358 -0.8051
vn -0.2398 0.5451 -0.8034
vn -0.2273 0.5562 -0.7993
vn -0.2176 0.5689 -0.7931
vn -0.2109 0.5828 -0.7848
vn -0.2075 0.5973 -0.7747
vn -0.2076 0.6119 -0.7632
vn -0.2113 0.6261 -0.7506
vn -0.2185 0.6392 -0.7374
vn -0.2290 0.6507 -0.7240
vn -0.2424 0.6599 -0.7112
vn -0.1786 0.7174 0.6733
vn -0.2103 0.7309 0.6493
vn -0.2452 0.7383 0.6283
vn -0.2819 0.7397 0.6111
vn -0.3187 0.7350 0.5985
vn -0.3543 0.7248 0.5910
vn -0.3874 0.7094 0.5887
vn -0.4169 0.6898 0.5919
vn -0.4417 0.6667 0.6004
vn -0.4612 0.6409 0.6137
vn -0.4745 0.6133 0.6315
vn -0.4812 0.5848 0.6530
vn -0.4809 0.5565 0.6775
vn -0.4736 0.5293 0.7040
vn -0.4593 0.5041 0.7314
vn -0.4386 0.4820 0.7585
vn -0.4121 0.4639 0.7842
vn -0.3809 0.4504 0.8075
vn -0.3464 0.4421 0.8274
vn -0.3099 0.4395 0.8431
vn -0.2730 0.4424 0.8542
vn -0.2371 0.4509 0.8605
vn -0.2035 0.4645 0.8618
vn -0.1734 0.4829 0.8583
vn -0.1480 0.5055 0.8501
vn -0.1280 0.5313 0.8374
vn -0.1144 0.5596 0.8208
vn -0.1076 0.5893 0.8007
vn -0.1079 0.6193 0.7777
vn -0.1155 0.6484 0.7525
vn -0.1302 0.6752 0.7260
vn -0.1515 0.6986 0.6993
vn -0.1470 0.7432 0.6527
vn -0.1854 0.7596 0.6234
vn -0.2279 0.7689 0.5974
vn -0.2727 0.7708 0.5757
vn -0.3184 0.7653 0.5594
vn -0.3630 0.7526 0.5494
vn -0.4050 0.7334 0.5460
vn -0.4425 0.7084 0.5498
vn -0.4743 0.6789 0.5606
vn -0.4989 0.6459 0.5778
vn -0.5154 0.6110 0.6009
vn -0.5233 0.5753 0.6286
vn -0.5224 0.5403 0.6597
vn -0.5127 0.5070 0.6928
vn -0.4948 0.4767 0.7266
vn -0.4693 0.4502 0.7597
vn -0.4372 0.4283 0.7908
vn -0.3996 0.4119 0.8190
vn -0.3577 0.4014 0.8431
vn -0.3131 0.3974 0.8626
vn -0.2673 0.4003 0.8765
vn -0.2222 0.4101 0.8846
vn -0.1795 0.4266 0.8864
vn -0.1410 0.4495 0.8821
vn -0.1083 0.4780 0.8716
vn -0.0829 0.5110 0.8556
vn -0.0657 0.5472 0.8344
vn -0.0576 0.5850 0.8090
vn -0.0587 0.6228 0.7802
vn -0.0688 0.6589 0.7491
vn -0.0875 0.6919 0.7167
vn -0.1139 0.7203 0.6842
vn 0.1515 0.9414 0.3013
vn 0.0288 0.9754 0.2188
vn -0.1017 0.9834 0.1500
vn -0.2327 0.9675 0.0984
vn -0.3587 0.9311 0.0657
vn -0.4755 0.8781 0.0523
vn -0.5803 0.8123 0.0579
vn -0.6712 0.7368 0.0815
vn -0.7466 0.6540 0.1222
vn -0.8049 0.5659 0.1787
vn -0.8442 0.4744 0.2495
vn -0.8625 0.3812 0.3329
vn -0.8625 0.3813 0.3329
vn -0.8574 0.2889 0.4259
vn -0.8272 0.2001 0.5250
vn -0.7712 0.1185 0.6254
vn -0.6906 0.0478 0.7217
vn -0.5885 -0.0082 0.8085
vn -0.4702 -0.0467 0.8813
vn -0.3423 -0.0660 0.9373
vn -0.2113 -0.0658 0.9752
vn -0.0830 -0.0465 0.9955
vn 0.0377 -0.0096 0.9992
vn 0.1474 0.0433 0.9881
vn 0.2433 0.1108 0.9636
vn 0.3232 0.1911 0.9268
vn 0.3851 0.2825 0.8786
vn 0.4267 0.3830 0.8193
vn 0.4456 0.4897 0.7494
vn 0.4393 0.5987 0.6697
vn 0.4061 0.7047 0.5817
vn 0.4061 0.7048 0.5817
vn 0.3455 0.8015 0.4880
vn 0.3455 0.8015 0.4881
vn 0.2593 0.8823 0.3929
vn -0.2103 0.7309 -0.6493
vn -0.1786 0.7174 -0.6733
vn -0.2452 0.7383 -0.6283
vn -0.2819 0.7397 -0.6111
vn -0.3187 0.7350 -0.5985
vn -0.3543 0.7248 -0.5910
vn -0.3874 0.7094 -0.5887
vn -0.4169 0.6898 -0.5919
vn -0.4417 0.6667 -0.6004
vn -0.4612 0.6409 -0.6137
vn -0.4745 0.6133 -0.6315
vn -0.4812 0.5848 -0.6530
vn -0.4809 0.5565 -0.6775
vn -0.4736 0.5293 -0.7040
vn -0.4593 0.5041 -0.7314
vn -0.4386 0.4820 -0.7585
vn -0.4121 0.4639 -0.7842
vn -0.3809 0.4504 -0.8075
vn -0.3464 0.4421 -0.8274
vn -0.3099 0.4395 -0.8431
vn -0.2730 0.4424 -0.8542
vn -0.2371 0.4509 -0.8605
vn -0.2035 0.4645 -0.8618
vn -0.1734 0.4829 -0.8583
vn -0.1480 0.5055 -0.8501
vn -0.1280 0.5313 -0.8374
vn -0.1144 0.5596 -0.8208
vn -0.1076 0.5893 -0.8007
vn -0.1079 0.6193 -0.7777
vn -0.1155 0.6484 -0.7525
vn -0.1302 0.6752 -0.7260
vn -0.1515 0.6986 -0.6993
vn -0.1854 0.7596 -0.6234
vn -0.1470 0.7432 -0.6527
vn -0.2279 0.7689 -0.5974
vn -0.2727 0.7708 -0.5757
vn -0.3184 0.7653 -0.5594
vn -0.3630 0.7526 -0.5494
vn -0.4050 0.7334 -0.5460
vn -0.4425 0.7084 -0.5498
vn -0.4743 0.6789 -0.5606
vn -0.4989 0.6459 -0.5778
vn -0.5154 0.6110 -0.6009
vn -0.5233 0.5753 -0.6286
vn -0.5224 0.5403 -0.6597
vn -0.5127 0.5070 -0.6928
vn -0.4948 0.4767 -0.7266
vn -0.4693 0.4502 -0.7597
vn -0.4372 0.4283 -0.7908
vn -0.3996 0.4119 -0.8190
vn -0.3577 0.4014 -0.8431
vn -0.3131 0.3974 -0.8626
vn -0.2673 0.4003 -0.8765
vn -0.2222 0.4101 -0.8846
vn -0.1795 0.4266 -0.8864
vn -0.1410 0.4495 -0.8821
vn -0.1083 0.4780 -0.8716
vn -0.0829 0.5110 -0.8556
vn -0.0657 0.5472 -0.8344
vn -0.0576 0.5850 -0.8090
vn -0.0587 0.6228 -0.7802
vn -0.0688 0.6589 -0.7491
vn -0.0875 0.6919 -0.7167
vn -0.1139 0.7203 -0.6842
vn 0.1515 0.9414 -0.3013
vn 0.0288 0.9754 -0.2188
vn -0.1017 0.9834 -0.1500
vn -0.2327 0.9675 -0.0984
vn -0.3587 0.9311 -0.0657
vn -0.4755 0.8781 -0.0523
vn -0.5803 0.8123 -0.0579
vn -0.6712 0.7368 -0.0815
vn -0.7466 0.6540 -0.1222
vn -0.8049 0.5659 -0.1787
vn -0.8442 0.4744 -0.2495
vn -0.8625 0.3813 -0.3329
vn -0.8625 0.3812 -0.3329
vn -0.8574 0.2889 -0.4259
vn -0.8272 0.2001 -0.5250
vn -0.7712 0.1185 -0.6254
vn -0.6906 0.0478 -0.7217
vn -0.5885 -0.0082 -0.8085
vn -0.4702 -0.0467 -0.8813
vn -0.3423 -0.0660 -0.9373
vn -0.2113 -0.0658 -0.9752
vn -0.0830 -0.0465 -0.9955
vn 0.0377 -0.0096 -0.9992
vn 0.1474 0.0433 -0.9881
vn 0.2433 0.1108 -0.9636
vn 0.3232 0.1911 -0.9268
vn 0.3851 0.2825 -0.8786
vn 0.4267 0.3830 -0.8193
vn 0.4456 0.4897 -0.7494
vn 0.4393 0.5987 -0.6697
vn 0.4061 0.7048 -0.5817
vn 0.4061 0.7047 -0.5817
vn 0.3455 0.8015 -0.4881
vn 0.3455 0.8015 -0.4880
vn 0.2593 0.8823 -0.3929
vt 0.000000 0.000000
vt 0.000000 0.062500
vt 0.031250 0.062500
vt 0.031250 0.000000
vt 0.062500 0.062500
vt 0.062500 0.000000
vt 0.093750 0.062500
vt 0.093750 0.000000
vt 0.125000 0.062500
vt 0.125000 0.000000
vt 0.156250 0.062500
vt 0.156250 0.000000
vt 0.187500 0.062500
vt 0.187500 0.000000
vt 0.218750 0.062500
vt 0.218750 0.000000
vt 0.250000 0.062500
vt 0.250000 0.000000
vt 0.281250 0.062500
vt 0.281250 0.000000
vt 0.312500 0.062500
vt 0.312500 0.000000
vt 0.343750 0.062500
vt 0.343750 0.000000
vt 0.375000 0.062500
vt 0.375000 0.000000
vt 0.406250 0.062500
vt 0.406250 0.000000
vt 0.437500 0.062500
vt 0.437500 0.000000
vt 0.468750 0.062500
vt 0.468750 0.000000
vt 0.500000 0.062500
vt 0.500000 0.000000
vt 0.531250 0.062500
vt 0.531250 0.000000
vt 0.562500 0.062500
vt 0.562500 0.000000
vt 0.593750 0.062500
vt 0.593750 0.000000
vt 0.625000 0.062500
vt 0.625000 0.000000
vt 0.656250 0.062500
vt 0.656250 0.000000
vt 0.687500 0.062500
vt 0.687500 0.000000
vt 0.718750 0.062500
vt 0.718750 0.000000
vt 0.750000 0.062500
vt 0.750000 0.000000
vt 0.781250 0.062500
vt 0.781250 0.000000
vt 0.812500 0.062500
vt 0.812500 0.000000
vt 0.843750 0.062500
vt 0.843750 0.000000
vt 0.875000 0.062500
vt 0.875000 0.000000
vt 0.906250 0.062500
vt 0.906250 0.000000
vt 0.937500 0.062500
vt 0.937500 0.000000
vt 0.968750 0.062500
vt 0.968750 0.000000
vt 1.000000 0.062500
vt 0.000000 0.125000
vt 0.031250 0.125000
vt 0.062500 0.125000
vt 0.093750 0.125000
vt 0.125000 0.125000
vt 0.156250 0.125000
vt 0.187500 0.125000
vt 0.218750 0.125000
vt 0.250000 0.125000
vt 0.281250 0.125000
vt 0.312500 0.125000
vt 0.343750 0.125000
vt 0.375000 0.125000
vt 0.406250 0.125000
vt 0.437500 0.125000
vt 0.468750 0.125000
vt 0.500000 0.125000
vt 0.531250 0.125000
vt 0.562500 0.125000
vt 0.593750 0.125000
vt 0.625000 0.125000
vt 0.656250 0.125000
vt 0.687500 0.125000
vt 0.718750 0.125000
vt 0.750000 0.125000
vt 0.781250 0.125000
vt 0.812500 0.125000
vt 0.843750 0.125000
vt 0.875000 0.125000
vt 0.906250 0.125000
vt 0.937500 0.125000
vt 0.968750 0.125000
vt 1.000000 0.125000
vt 0.000000 0.187500
vt 0.031250 0.187500
vt 0.062500 0.187500
vt 0.093750 0.187500
vt 0.125000 0.187500
vt 0.156250 0.187500
vt 0.187500 0.187500
vt 0.218750 0.187500
vt 0.250000 0.187500
vt 0.281250 0.187500
vt 0.312500 0.187500
vt 0.343750 0.187500
vt 0.375000 0.187500
vt 0.406250 0.187500
vt 0.437500 0.187500
vt 0.468750 0.187500
vt 0.500000 0.187500
vt 0.531250 0.187500
vt 0.562500 0.187500
vt 0.593750 0.187500
vt 0.625000 0.187500
vt 0.656250 0.187500
vt 0.687500 0.187500
vt 0.718750 0.187500
vt 0.750000 0.187500
vt 0.781250 0.187500
vt 0.812500 0.187500
vt 0.843750 0.187500
vt 0.875000 0.187500
vt 0.906250 0.187500
vt 0.937500 0.187500
vt 0.968750 0.187500
vt 1.000000 0.187500
s 1
usemtl 09_-_Default
f 4346/906/3677 4347/907/3678 4348/908/3679
f 4349/909/3677 4348/908/3679 4350/910/3680
f 4351/911/3677 4350/910/3680 4352/912/3681
f 4353/913/3677 4352/912/3681 4354/914/3682
f 4355/915/3677 4354/914/3682 4356/916/3683
f 4357/917/3677 4356/916/3683 4358/918/3684
f 4359/919/3677 4358/918/3684 4360/920/3685
f 4361/921/3677 4360/920/3685 4362/922/3686
f 4363/923/3677 4362/922/3686 4364/924/3687
f 4365/925/3677 4364/924/3687 4366/926/3688
f 4367/927/3677 4366/926/3688 4368/928/3689
f 4369/929/3677 4368/928/3689 4370/930/3690
f 4371/931/3677 4370/930/3690 4372/932/3691
f 4373/933/3677 4372/932/3691 4374/934/3692
f 4375/935/3677 4374/934/3692 4376/936/3693
f 4377/937/3677 4376/936/3693 4378/938/3694
f 4379/939/3677 4378/938/3694 4380/940/3695
f 4381/941/3677 4380/940/3695 4382/942/3696
f 4383/943/3677 4382/942/3696 4384/944/3697
f 4385/945/3677 4384/944/3697 4386/946/3698
f 4387/947/3677 4386/946/3698 4388/948/3699
f 4389/949/3677 4388/948/3699 4390/950/3700
f 4391/951/3677 4390/950/3700 4392/952/3701
f 4393/953/3677 4392/952/3701 4394/954/3702
f 4395/955/3677 4394/954/3702 4396/956/3703
f 4397/957/3677 4396/956/3703 4398/958/3704
f 4399/959/3677 4398/958/3704 4400/960/3705
f 4401/961/3677 4400/960/3705 4402/962/3706
f 4403/963/3677 4402/962/3706 4404/964/3707
f 4405/965/3677 4404/964/3707 4406/966/3708
f 4407/967/3677 4406/966/3708 4408/968/3709
f 4409/969/3677 4408/968/3709 4410/970/3710
f 4411/906/3711 4412/908/3712 4413/907/3713
f 4414/909/3711 4415/910/3714 4412/908/3712
f 4416/911/3711 4417/912/3715 4415/910/3714
f 4418/913/3711 4419/914/3716 4417/912/3715
f 4420/915/3711 4421/916/3717 4419/914/3716
f 4422/917/3711 4423/918/3718 4421/916/3717
f 4424/919/3711 4425/920/3719 4423/918/3718
f 4426/921/3711 4427/922/3720 4425/920/3719
f 4428/923/3711 4429/924/3721 4427/922/3720
f 4430/925/3711 4431/926/3722 4429/924/3721
f 4432/927/3711 4433/928/3723 4431/926/3722
f 4434/929/3711 4435/930/3724 4433/928/3723
f 4436/931/3711 4437/932/3725 4435/930/3724
f 4438/933/3711 4439/934/3726 4437/932/3725
f 4440/935/3711 4441/936/3727 4439/934/3726
f 4442/937/3711 4443/938/3728 4441/936/3727
f 4444/939/3711 4445/940/3729 4443/938/3728
f 4446/941/3711 4447/942/3730 4445/940/3729
f 4448/943/3711 4449/944/3731 4447/942/3730
f 4450/945/3711 4451/946/3732 4449/944/3731
f 4452/947/3711 4453/948/3733 4451/946/3732
f 4454/949/3711 4455/950/3734 4453/948/3733
f 4456/951/3711 4457/952/3735 4455/950/3734
f 4458/953/3711 4459/954/3736 4457/952/3735
f 4460/955/3711 4461/956/3737 4459/954/3736
f 4462/957/3711 4463/958/3738 4461/956/3737
f 4464/959/3711 4465/960/3739 4463/958/3738
f 4466/961/3711 4467/962/3740 4465/960/3739
f 4468/963/3711 4469/964/3741 4467/962/3740
f 4470/965/3711 4471/966/3742 4469/964/3741
f 4472/967/3711 4473/968/3743 4471/966/3742
f 4474/969/3711 4475/970/3744 4473/968/3743
f 4347/907/3678 4476/971/3745 4477/972/3746
f 4347/907/3678 4477/972/3746 4348/908/3679
f 4348/908/3679 4477/972/3746 4478/973/3747
f 4348/908/3679 4478/973/3747 4350/910/3680
f 4350/910/3680 4478/973/3747 4479/974/3748
f 4350/910/3680 4479/974/3748 4352/912/3681
f 4352/912/3681 4479/974/3748 4480/975/3749
f 4352/912/3681 4480/975/3749 4354/914/3682
f 4354/914/3682 4480/975/3749 4481/976/3750
f 4354/914/3682 4481/976/3750 4356/916/3683
f 4356/916/3683 4481/976/3750 4482/977/3751
f 4356/916/3683 4482/977/3751 4358/918/3684
f 4358/918/3684 4482/977/3751 4483/978/3752
f 4358/918/3684 4483/978/3752 4360/920/3685
f 4360/920/3685 4483/978/3752 4484/979/3753
f 4360/920/3685 4484/979/3753 4362/922/3686
f 4362/922/3686 4484/979/3753 4485/980/3754
f 4362/922/3686 4485/980/3754 4364/924/3687
f 4364/924/3687 4485/980/3754 4486/981/3755
f 4364/924/3687 4486/981/3755 4366/926/3688
f 4366/926/3688 4486/981/3755 4487/982/3756
f 4366/926/3688 4487/982/3756 4368/928/3689
f 4368/928/3689 4487/982/3756 4488/983/3757
f 4368/928/3689 4488/983/3757 4370/930/3690
f 4370/930/3690 4488/983/3757 4489/984/3758
f 4370/930/3690 4489/984/3758 4372/932/3691
f 4372/932/3691 4489/984/3758 4490/985/3759
f 4372/932/3691 4490/985/3759 4374/934/3692
f 4374/934/3692 4490/985/3759 4491/986/3760
f 4374/934/3692 4491/986/3760 4376/936/3693
f 4376/936/3693 4491/986/3760 4492/987/3761
f 4376/936/3693 4492/987/3761 4378/938/3694
f 4378/938/3694 4492/987/3761 4493/988/3762
f 4378/938/3694 4493/988/3762 4380/940/3695
f 4380/940/3695 4493/988/3762 4494/989/3763
f 4380/940/3695 4494/989/3763 4382/942/3696
f 4382/942/3696 4494/989/3763 4495/990/3764
f 4382/942/3696 4495/990/3764 4384/944/3697
f 4384/944/3697 4495/990/3764 4496/991/3765
f 4384/944/3697 4496/991/3765 4386/946/3698
f 4386/946/3698 4496/991/3765 4497/992/3766
f 4386/946/3698 4497/992/3766 4388/948/3699
f 4388/948/3699 4497/992/3766 4498/993/3767
f 4388/948/3699 4498/993/3767 4390/950/3700
f 4390/950/3700 4498/993/3767 4499/994/3768
f 4390/950/3700 4499/994/3768 4392/952/3701
f 4392/952/3701 4499/994/3768 4500/995/3769
f 4392/952/3701 4500/995/3769 4394/954/3702
f 4394/954/3702 4500/995/3769 4501/996/3770
f 4394/954/3702 4501/996/3770 4396/956/3703
f 4396/956/3703 4501/996/3770 4502/997/3771
f 4396/956/3703 4502/997/3771 4398/958/3704
f 4398/958/3704 4502/997/3771 4503/998/3772
f 4398/958/3704 4503/998/3772 4400/960/3705
f 4400/960/3705 4503/998/3772 4504/999/3773
f 4400/960/3705 4504/999/3773 4402/962/3706
f 4402/962/3706 4504/999/3773 4505/1000/3774
f 4402/962/3706 4505/1000/3774 4404/964/3707
f 4404/964/3707 4505/1000/3774 4506/1001/3775
f 4404/964/3707 4506/1001/3775 4406/966/3708
f 4406/966/3708 4506/1001/3775 4507/1002/3776
f 4406/966/3708 4507/1002/3776 4408/968/3709
f 4408/968/3709 4507/1002/3776 4508/1003/3745
f 4408/968/3709 4508/1003/3745 4410/970/3710
f 4476/971/3745 4509/1004/3777 4510/1005/3778
f 4476/971/3745 4510/1005/3778 4477/972/3746
f 4477/972/3746 4510/1005/3778 4511/1006/3779
f 4477/972/3746 4511/1006/3779 4478/973/3747
f 4478/973/3747 4511/1006/3779 4512/1007/3780
f 4478/973/3747 4512/1007/3780 4479/974/3748
f 4479/974/3748 4512/1007/3780 4513/1008/3781
f 4479/974/3748 4513/1008/3781 4480/975/3749
f 4480/975/3749 4513/1008/3781 4514/1009/3782
f 4480/975/3749 4514/1009/3782 4481/976/3750
f 4481/976/3750 4514/1009/3782 4515/1010/3783
f 4481/976/3750 4515/1010/3783 4482/977/3751
f 4482/977/3751 4515/1010/3783 4516/1011/3784
f 4482/977/3751 4516/1011/3784 4483/978/3752
f 4483/978/3752 4516/1011/3784 4517/1012/3785
f 4483/978/3752 4517/1012/3785 4484/979/3753
f 4484/979/3753 4517/1012/3785 4518/1013/3786
f 4484/979/3753 4518/1013/3786 4485/980/3754
f 4485/980/3754 4518/1013/3786 4519/1014/3787
f 4485/980/3754 4519/1014/3787 4486/981/3755
f 4486/981/3755 4519/1014/3787 4520/1015/3788
f 4486/981/3755 4520/1015/3788 4487/982/3756
f 4487/982/3756 4520/1015/3788 4521/1016/3789
f 4487/982/3756 4521/1016/3789 4488/983/3757
f 4488/983/3757 4521/1016/3789 4522/1017/3790
f 4488/983/3757 4522/1017/3790 4489/984/3758
f 4489/984/3758 4522/1017/3790 4523/1018/3791
f 4489/984/3758 4523/1018/3791 4490/985/3759
f 4490/985/3759 4523/1018/3791 4524/1019/3792
f 4490/985/3759 4524/1019/3792 4491/986/3760
f 4491/986/3760 4524/1019/3792 4525/1020/3793
f 4491/986/3760 4525/1020/3793 4492/987/3761
f 4492/987/3761 4525/1020/3793 4526/1021/3794
f 4492/987/3761 4526/1021/3794 4493/988/3762
f 4493/988/3762 4526/1021/3794 4527/1022/3795
f 4493/988/3762 4527/1022/3795 4494/989/3763
f 4494/989/3763 4527/1022/3795 4528/1023/3796
f 4494/989/3763 4528/1023/3796 4495/990/3764
f 4495/990/3764 4528/1023/3796 4529/1024/3797
f 4495/990/3764 4529/1024/3797 4496/991/3765
f 4496/991/3765 4529/1024/3797 4530/1025/3798
f 4496/991/3765 4530/1025/3798 4497/992/3766
f 4497/992/3766 4530/1025/3798 4531/1026/3799
f 4497/992/3766 4531/1026/3799 4498/993/3767
f 4498/993/3767 4531/1026/3799 4532/1027/3800
f 4498/993/3767 4532/1027/3800 4499/994/3768
f 4499/994/3768 4532/1027/3800 4533/1028/3801
f 4499/994/3768 4533/1028/3801 4500/995/3769
f 4500/995/3769 4533/1028/3801 4534/1029/3802
f 4500/995/3769 4534/1029/3802 4501/996/3770
f 4501/996/3770 4534/1029/3802 4535/1030/3803
f 4501/996/3770 4535/1030/3803 4502/997/3771
f 4502/997/3771 4535/1030/3803 4536/1031/3804
f 4502/997/3771 4536/1031/3804 4503/998/3772
f 4503/998/3772 4536/1031/3804 4537/1032/3805
f 4503/998/3772 4537/1032/3805 4504/999/3773
f 4504/999/3773 4537/1032/3805 4538/1033/3806
f 4504/999/3773 4538/1033/3806 4505/1000/3774
f 4505/1000/3774 4538/1033/3806 4539/1034/3807
f 4505/1000/3774 4539/1034/3807 4506/1001/3775
f 4506/1001/3775 4539/1034/3807 4540/1035/3808
f 4506/1001/3775 4540/1035/3808 4507/1002/3776
f 4507/1002/3776 4540/1035/3808 4541/1036/3777
f 4507/1002/3776 4541/1036/3777 4508/1003/3745
s 0
f 4542/1004/3809 4543/1005/3809 4544/1005/3809
f 4542/1004/3809 4544/1005/3809 4545/1004/3809
f 4546/1005/3810 4547/1006/3810 4548/1006/3810
f 4546/1005/3810 4548/1006/3810 4549/1005/3810
f 4550/1006/3811 4551/1007/3811 4552/1007/3811
f 4550/1006/3811 4552/1007/3811 4553/1006/3811
f 4554/1007/3812 4555/1008/3812 4556/1008/3812
f 4554/1007/3812 4556/1008/3812 4557/1007/3812
f 4558/1008/3813 4559/1009/3813 4560/1009/3813
f 4558/1008/3813 4560/1009/3813 4561/1008/3813
f 4562/1009/3814 4563/1010/3814 4564/1010/3814
f 4562/1009/3814 4564/1010/3814 4565/1009/3814
f 4566/1010/3815 4567/1011/3815 4568/1011/3815
f 4566/1010/3815 4568/1011/3815 4569/1010/3815
f 4570/1011/3816 4571/1012/3816 4572/1012/3816
f 4570/1011/3816 4572/1012/3816 4573/1011/3816
f 4574/1012/3817 4575/1013/3817 4576/1013/3817
f 4574/1012/3817 4576/1013/3817 4577/1012/3817
f 4578/1013/3818 4579/1014/3818 4580/1014/3818
f 4578/1013/3818 4580/1014/3818 4581/1013/3818
f 4582/1014/3819 4583/1015/3819 4584/1015/3819
f 4582/1014/3819 4584/1015/3819 4585/1014/3819
f 4586/1015/3820 4587/1016/3820 4588/1016/3820
f 4586/1015/3821 4588/1016/3821 4589/1015/3821
f 4590/1016/3822 4591/1017/3822 4592/1017/3822
f 4590/1016/3822 4592/1017/3822 4593/1016/3822
f 4594/1017/3823 4595/1018/3823 4596/1018/3823
f 4594/1017/3823 4596/1018/3823 4597/1017/3823
f 4598/1018/3824 4599/1019/3824 4600/1019/3824
f 4598/1018/3824 4600/1019/3824 4601/1018/3824
f 4602/1019/3825 4603/1020/3825 4604/1020/3825
f 4602/1019/3825 4604/1020/3825 4605/1019/3825
f 4606/1020/3826 4607/1021/3826 4608/1021/3826
f 4606/1020/3826 4608/1021/3826 4609/1020/3826
f 4610/1021/3827 4611/1022/3827 4612/1022/3827
f 4610/1021/3827 4612/1022/3827 4613/1021/3827
f 4614/1022/3828 4615/1023/3828 4616/1023/3828
f 4614/1022/3828 4616/1023/3828 4617/1022/3828
f 4618/1023/3829 4619/1024/3829 4620/1024/3829
f 4618/1023/3829 4620/1024/3829 4621/1023/3829
f 4622/1024/3830 4623/1025/3830 4624/1025/3830
f 4622/1024/3830 4624/1025/3830 4625/1024/3830
f 4626/1025/3831 4627/1026/3831 4628/1026/3831
f 4626/1025/3831 4628/1026/3831 4629/1025/3831
f 4630/1026/3832 4631/1027/3832 4632/1027/3832
f 4630/1026/3832 4632/1027/3832 4633/1026/3832
f 4634/1027/3833 4635/1028/3833 4636/1028/3833
f 4634/1027/3833 4636/1028/3833 4637/1027/3833
f 4638/1028/3834 4639/1029/3834 4640/1029/3834
f 4638/1028/3834 4640/1029/3834 4641/1028/3834
f 4642/1029/3835 4643/1030/3835 4644/1030/3835
f 4642/1029/3835 4644/1030/3835 4645/1029/3835
f 4646/1030/3836 4647/1031/3836 4648/1031/3836
f 4646/1030/3836 4648/1031/3836 4649/1030/3836
f 4650/1031/3837 4651/1032/3837 4652/1032/3837
f 4650/1031/3837 4652/1032/3837 4653/1031/3837
f 4654/1032/3838 4655/1033/3838 4656/1033/3838
f 4654/1032/3838 4656/1033/3838 4657/1032/3838
f 4658/1033/3839 4659/1034/3839 4660/1034/3839
f 4658/1033/3840 4660/1034/3840 4661/1033/3840
f 4662/1034/3841 4663/1035/3841 4664/1035/3841
f 4662/1034/3842 4664/1035/3842 4665/1034/3842
f 4666/1035/3843 4667/1036/3843 4668/1036/3843
f 4666/1035/3843 4668/1036/3843 4669/1035/3843
s 1
f 4413/907/3713 4412/908/3712 4670/972/3844
f 4413/907/3713 4670/972/3844 4671/971/3845
f 4412/908/3712 4415/910/3714 4672/973/3846
f 4412/908/3712 4672/973/3846 4670/972/3844
f 4415/910/3714 4417/912/3715 4673/974/3847
f 4415/910/3714 4673/974/3847 4672/973/3846
f 4417/912/3715 4419/914/3716 4674/975/3848
f 4417/912/3715 4674/975/3848 4673/974/3847
f 4419/914/3716 4421/916/3717 4675/976/3849
f 4419/914/3716 4675/976/3849 4674/975/3848
f 4421/916/3717 4423/918/3718 4676/977/3850
f 4421/916/3717 4676/977/3850 4675/976/3849
f 4423/918/3718 4425/920/3719 4677/978/3851
f 4423/918/3718 4677/978/3851 4676/977/3850
f 4425/920/3719 4427/922/3720 4678/979/3852
f 4425/920/3719 4678/979/3852 4677/978/3851
f 4427/922/3720 4429/924/3721 4679/980/3853
f 4427/922/3720 4679/980/3853 4678/979/3852
f 4429/924/3721 4431/926/3722 4680/981/3854
f 4429/924/3721 4680/981/3854 4679/980/3853
f 4431/926/3722 4433/928/3723 4681/982/3855
f 4431/926/3722 4681/982/3855 4680/981/3854
f 4433/928/3723 4435/930/3724 4682/983/3856
f 4433/928/3723 4682/983/3856 4681/982/3855
f 4435/930/3724 4437/932/3725 4683/984/3857
f 4435/930/3724 4683/984/3857 4682/983/3856
f 4437/932/3725 4439/934/3726 4684/985/3858
f 4437/932/3725 4684/985/3858 4683/984/3857
f 4439/934/3726 4441/936/3727 4685/986/3859
f 4439/934/3726 4685/986/3859 4684/985/3858
f 4441/936/3727 4443/938/3728 4686/987/3860
f 4441/936/3727 4686/987/3860 4685/986/3859
f 4443/938/3728 4445/940/3729 4687/988/3861
f 4443/938/3728 4687/988/3861 4686/987/3860
f 4445/940/3729 4447/942/3730 4688/989/3862
f 4445/940/3729 4688/989/3862 4687/988/3861
f 4447/942/3730 4449/944/3731 4689/990/3863
f 4447/942/3730 4689/990/3863 4688/989/3862
f 4449/944/3731 4451/946/3732 4690/991/3864
f 4449/944/3731 4690/991/3864 4689/990/3863
f 4451/946/3732 4453/948/3733 4691/992/3865
f 4451/946/3732 4691/992/3865 4690/991/3864
f 4453/948/3733 4455/950/3734 4692/993/3866
f 4453/948/3733 4692/993/3866 4691/992/3865
f 4455/950/3734 4457/952/3735 4693/994/3867
f 4455/950/3734 4693/994/3867 4692/993/3866
f 4457/952/3735 4459/954/3736 4694/995/3868
f 4457/952/3735 4694/995/3868 4693/994/3867
f 4459/954/3736 4461/956/3737 4695/996/3869
f 4459/954/3736 4695/996/3869 4694/995/3868
f 4461/956/3737 4463/958/3738 4696/997/3870
f 4461/956/3737 4696/997/3870 4695/996/3869
f 4463/958/3738 4465/960/3739 4697/998/3871
f 4463/958/3738 4697/998/3871 4696/997/3870
f 4465/960/3739 4467/962/3740 4698/999/3872
f 4465/960/3739 4698/999/3872 4697/998/3871
f 4467/962/3740 4469/964/3741 4699/1000/3873
f 4467/962/3740 4699/1000/3873 4698/999/3872
f 4469/964/3741 4471/966/3742 4700/1001/3874
f 4469/964/3741 4700/1001/3874 4699/1000/3873
f 4471/966/3742 4473/968/3743 4701/1002/3875
f 4471/966/3742 4701/1002/3875 4700/1001/3874
f 4473/968/3743 4475/970/3744 4702/1003/3845
f 4473/968/3743 4702/1003/3845 4701/1002/3875
f 4671/971/3845 4670/972/3844 4703/1005/3876
f 4671/971/3845 4703/1005/3876 4704/1004/3877
f 4670/972/3844 4672/973/3846 4705/1006/3878
f 4670/972/3844 4705/1006/3878 4703/1005/3876
f 4672/973/3846 4673/974/3847 4706/1007/3879
f 4672/973/3846 4706/1007/3879 4705/1006/3878
f 4673/974/3847 4674/975/3848 4707/1008/3880
f 4673/974/3847 4707/1008/3880 4706/1007/3879
f 4674/975/3848 4675/976/3849 4708/1009/3881
f 4674/975/3848 4708/1009/3881 4707/1008/3880
f 4675/976/3849 4676/977/3850 4709/1010/3882
f 4675/976/3849 4709/1010/3882 4708/1009/3881
f 4676/977/3850 4677/978/3851 4710/1011/3883
f 4676/977/3850 4710/1011/3883 4709/1010/3882
f 4677/978/3851 4678/979/3852 4711/1012/3884
f 4677/978/3851 4711/1012/3884 4710/1011/3883
f 4678/979/3852 4679/980/3853 4712/1013/3885
f 4678/979/3852 4712/1013/3885 4711/1012/3884
f 4679/980/3853 4680/981/3854 4713/1014/3886
f 4679/980/3853 4713/1014/3886 4712/1013/3885
f 4680/981/3854 4681/982/3855 4714/1015/3887
f 4680/981/3854 4714/1015/3887 4713/1014/3886
f 4681/982/3855 4682/983/3856 4715/1016/3888
f 4681/982/3855 4715/1016/3888 4714/1015/3887
f 4682/983/3856 4683/984/3857 4716/1017/3889
f 4682/983/3856 4716/1017/3889 4715/1016/3888
f 4683/984/3857 4684/985/3858 4717/1018/3890
f 4683/984/3857 4717/1018/3890 4716/1017/3889
f 4684/985/3858 4685/986/3859 4718/1019/3891
f 4684/985/3858 4718/1019/3891 4717/1018/3890
f 4685/986/3859 4686/987/3860 4719/1020/3892
f 4685/986/3859 4719/1020/3892 4718/1019/3891
f 4686/987/3860 4687/988/3861 4720/1021/3893
f 4686/987/3860 4720/1021/3893 4719/1020/3892
f 4687/988/3861 4688/989/3862 4721/1022/3894
f 4687/988/3861 4721/1022/3894 4720/1021/3893
f 4688/989/3862 4689/990/3863 4722/1023/3895
f 4688/989/3862 4722/1023/3895 4721/1022/3894
f 4689/990/3863 4690/991/3864 4723/1024/3896
f 4689/990/3863 4723/1024/3896 4722/1023/3895
f 4690/991/3864 4691/992/3865 4724/1025/3897
f 4690/991/3864 4724/1025/3897 4723/1024/3896
f 4691/992/3865 4692/993/3866 4725/1026/3898
f 4691/992/3865 4725/1026/3898 4724/1025/3897
f 4692/993/3866 4693/994/3867 4726/1027/3899
f 4692/993/3866 4726/1027/3899 4725/1026/3898
f 4693/994/3867 4694/995/3868 4727/1028/3900
f 4693/994/3867 4727/1028/3900 4726/1027/3899
f 4694/995/3868 4695/996/3869 4728/1029/3901
f 4694/995/3868 4728/1029/3901 4727/1028/3900
f 4695/996/3869 4696/997/3870 4729/1030/3902
f 4695/996/3869 4729/1030/3902 4728/1029/3901
f 4696/997/3870 4697/998/3871 4730/1031/3903
f 4696/997/3870 4730/1031/3903 4729/1030/3902
f 4697/998/3871 4698/999/3872 4731/1032/3904
f 4697/998/3871 4731/1032/3904 4730/1031/3903
f 4698/999/3872 4699/1000/3873 4732/1033/3905
f 4698/999/3872 4732/1033/3905 4731/1032/3904
f 4699/1000/3873 4700/1001/3874 4733/1034/3906
f 4699/1000/3873 4733/1034/3906 4732/1033/3905
f 4700/1001/3874 4701/1002/3875 4734/1035/3907
f 4700/1001/3874 4734/1035/3907 4733/1034/3906
f 4701/1002/3875 4702/1003/3845 4735/1036/3877
f 4701/1002/3875 4735/1036/3877 4734/1035/3907
s 0
f 4736/1004/3908 4737/1004/3908 4738/1005/3908
f 4736/1004/3908 4738/1005/3908 4739/1005/3908
f 4740/1005/3909 4741/1005/3909 4742/1006/3909
f 4740/1005/3909 4742/1006/3909 4743/1006/3909
f 4744/1006/3910 4745/1006/3910 4746/1007/3910
f 4744/1006/3910 4746/1007/3910 4747/1007/3910
f 4748/1007/3911 4749/1007/3911 4750/1008/3911
f 4748/1007/3911 4750/1008/3911 4751/1008/3911
f 4752/1008/3912 4753/1008/3912 4754/1009/3912
f 4752/1008/3912 4754/1009/3912 4755/1009/3912
f 4756/1009/3913 4757/1009/3913 4758/1010/3913
f 4756/1009/3913 4758/1010/3913 4759/1010/3913
f 4760/1010/3914 4761/1010/3914 4762/1011/3914
f 4760/1010/3914 4762/1011/3914 4763/1011/3914
f 4764/1011/3915 4765/1011/3915 4766/1012/3915
s 1
f 4764/1011/3915 4766/1012/3915 4767/1012/3915
f 4768/1012/3916 4769/1012/3916 4770/1013/3916
s 0
f 4768/1012/3916 4770/1013/3916 4771/1013/3916
f 4772/1013/3917 4773/1013/3917 4774/1014/3917
f 4772/1013/3917 4774/1014/3917 4775/1014/3917
f 4776/1014/3918 4777/1014/3918 4778/1015/3918
f 4776/1014/3918 4778/1015/3918 4779/1015/3918
f 4780/1015/3919 4781/1015/3919 4782/1016/3919
f 4780/1015/3920 4782/1016/3920 4783/1016/3920
f 4784/1016/3921 4785/1016/3921 4786/1017/3921
f 4784/1016/3921 4786/1017/3921 4787/1017/3921
f 4788/1017/3922 4789/1017/3922 4790/1018/3922
f 4788/1017/3922 4790/1018/3922 4791/1018/3922
f 4792/1018/3923 4793/1018/3923 4794/1019/3923
f 4792/1018/3923 4794/1019/3923 4795/1019/3923
f 4796/1019/3924 4797/1019/3924 4798/1020/3924
f 4796/1019/3924 4798/1020/3924 4799/1020/3924
f 4800/1020/3925 4801/1020/3925 4802/1021/3925
f 4800/1020/3925 4802/1021/3925 4803/1021/3925
f 4804/1021/3926 4805/1021/3926 4806/1022/3926
f 4804/1021/3926 4806/1022/3926 4807/1022/3926
f 4808/1022/3927 4809/1022/3927 4810/1023/3927
f 4808/1022/3927 4810/1023/3927 4811/1023/3927
f 4812/1023/3928 4813/1023/3928 4814/1024/3928
f 4812/1023/3928 4814/1024/3928 4815/1024/3928
f 4816/1024/3929 4817/1024/3929 4818/1025/3929
f 4816/1024/3929 4818/1025/3929 4819/1025/3929
f 4820/1025/3930 4821/1025/3930 4822/1026/3930
f 4820/1025/3930 4822/1026/3930 4823/1026/3930
f 4824/1026/3931 4825/1026/3931 4826/1027/3931
f 4824/1026/3931 4826/1027/3931 4827/1027/3931
f 4828/1027/3932 4829/1027/3932 4830/1028/3932
s 1
f 4828/1027/3932 4830/1028/3932 4831/1028/3932
s 0
f 4832/1028/3933 4833/1028/3933 4834/1029/3933
f 4832/1028/3933 4834/1029/3933 4835/1029/3933
f 4836/1029/3934 4837/1029/3934 4838/1030/3934
f 4836/1029/3934 4838/1030/3934 4839/1030/3934
f 4840/1030/3935 4841/1030/3935 4842/1031/3935
f 4840/1030/3935 4842/1031/3935 4843/1031/3935
f 4844/1031/3936 4845/1031/3936 4846/1032/3936
f 4844/1031/3936 4846/1032/3936 4847/1032/3936
f 4848/1032/3937 4849/1032/3937 4850/1033/3937
f 4848/1032/3937 4850/1033/3937 4851/1033/3937
f 4852/1033/3938 4853/1033/3938 4854/1034/3938
f 4852/1033/3939 4854/1034/3939 4855/1034/3939
f 4856/1034/3940 4857/1034/3940 4858/1035/3940
f 4856/1034/3941 4858/1035/3941 4859/1035/3941
f 4860/1035/3942 4861/1035/3942 4862/1036/3942
f 4860/1035/3942 4862/1036/3942 4863/1036/3942
