# https://github.com/mikedh/trimesh
v -0.99509016 0.28377016 -0.05230189
v -0.99926574 0.29579342 -0.05301851
v -0.99904703 0.28678332 -0.03475525
v -0.99857109 0.28879505 0.00922332
v -0.99603718 0.29909980 -0.07479329
v -0.99855809 0.29661236 -0.03419617
v -0.99453036 0.28651592 0.02057357
v -0.99865905 0.29579205 -0.00258150
v -0.98705688 0.30425548 -0.02415408
v -0.99484733 0.30444980 -0.00420084
v -0.99836695 0.31562844 0.02521274
v -0.99898221 0.31335579 -0.06491845
v -0.99151755 0.32551310 -0.05942357
v -0.99507790 0.31515504 0.01469573
v -0.99920412 0.30095272 0.02698256
v -0.99665212 0.32446540 0.05228047
v -0.99662126 0.32149385 -0.08966009
v -0.99559841 0.32951291 0.02595420
v -0.99805940 0.32915066 -0.07178338
v -0.99889527 0.33445453 0.03782139
v -0.99642369 0.35462942 0.05667581
v -0.99596431 0.35567623 0.03055680
v -0.99789192 0.34905662 -0.09078994
v -0.99821292 0.35506745 -0.07717730
v -0.99912251 0.36687647 0.03892044
v -0.99584955 0.37512611 0.05232217
v -0.99789513 0.37730771 -0.06516977
v -0.99629448 0.38078650 0.01679271
v -0.99916306 0.38593601 0.03512584
v -0.99789853 0.38211536 -0.08090112
v -0.99848949 0.39561203 -0.04342028
v -0.99479625 0.39095627 -0.03595106
v -0.99480601 0.38506502 0.00880735
v -0.99483889 0.39806809 -0.07692081
v -0.99762128 0.39708630 -0.00862065
v -0.99418434 0.39227534 -0.01134479
v -0.99911219 0.39682264 0.02089709
v -0.99898792 0.40329269 -0.05437351
v -0.99880240 0.40485698 0.00453920
v -0.99568403 0.40471698 0.02909515
v -0.99859024 0.41315072 -0.02898273
v -0.99464064 0.41357072 -0.05287827
v -0.99544831 0.27690323 -0.01020981
v -0.98837946 0.31379861 -0.09045515
v -0.99448427 0.30794228 -0.04298115
v -0.98639789 0.30480063 -0.01159753
v -0.98643907 0.30837306 0.00075179
v -0.98423753 0.31533123 -0.05017637
v -0.99435762 0.34291766 -0.06799979
v -0.98623890 0.34596386 0.02732819
v -0.99403364 0.34569209 -0.09766857
v -0.98729531 0.35609032 -0.09928362
v -0.98577520 0.36909996 0.02157666
v -0.98576923 0.36190501 -0.06394969
v -0.99477735 0.37495534 -0.06002564
v -0.98546377 0.37294576 -0.05780217
v -0.98538006 0.37680178 0.05504099
v -0.99484728 0.37580150 -0.09177695
v -0.98581564 0.38660022 -0.03987718
v -0.99556382 0.41396894 0.01053842
v -0.98446537 0.41630299 -0.05250963
v -0.98424661 0.42063121 -0.03935930
v -0.99371412 0.42079250 -0.02017494
v -0.98513556 0.42194557 -0.00817780
v -0.98503008 0.27440567 -0.02928985
v -0.98670272 0.27610842 0.00118194
v -0.98566452 0.29096670 -0.07007926
v -0.98523258 0.28471332 0.02273997
v -0.98512714 0.38360608 -0.09118579
v -0.98554796 0.38033226 -0.05047971
v -0.98597943 0.38827597 -0.00388747
v -0.98549989 0.39101177 -0.02009866
v -0.99369506 0.39624561 0.04216383
v -0.98493521 0.28149501 -0.05445928
v -0.94248332 0.30395681 -0.02385038
v -0.98613774 0.35778279 0.02593044
v -0.91710915 0.38454244 -0.04310140
v -0.98625760 0.40503369 -0.07253535
v -0.94727736 0.27510689 -0.03618229
v -0.95819652 0.27346733 -0.01828085
v -0.99122940 0.31121758 0.04989380
v -0.93654720 0.39043007 -0.02260535
v -0.98500872 0.29706444 0.03903394
v -0.98655275 0.33344439 0.02442938
v -0.98555093 0.32650453 0.05664015
v -0.87414632 0.36904716 0.02044189
v -0.92888090 0.39339956 0.04511566
v -0.98649310 0.41336478 0.02109622
v -0.98313950 0.42254018 -0.02269652
v -0.92903134 0.30284324 -0.08272690
v -0.93339480 0.30225124 0.04343573
v -0.98537672 0.33675346 -0.06429105
v -0.87001515 0.37723495 -0.09516067
v -0.98471999 0.38025153 0.01120907
v -0.98579018 0.38490962 0.00408194
v -0.98613463 0.30703478 -0.03542160
v -0.90776338 0.31701298 -0.05233422
v -0.97902875 0.33400337 -0.09827381
v -0.98649729 0.34400904 0.06051469
v -0.91385777 0.40646320 0.03197974
v -0.86853241 0.27942836 -0.05242074
v -0.86896362 0.29454142 -0.07548463
v -0.87348827 0.30526467 -0.00735401
v -0.86941222 0.34152938 -0.10035666
v -0.94896020 0.36131806 -0.06374647
v -0.98615315 0.31691707 0.01357165
v -0.92542425 0.35415594 0.02639933
v -0.86909729 0.38535912 0.05170385
v -0.86826439 0.42057812 -0.04009775
v -0.98662221 0.36098481 0.05967489
v -0.86986910 0.37240178 0.05778106
v -0.86858402 0.41690237 -0.05232075
v -0.93468871 0.31409931 0.05185970
v -0.98547909 0.34991780 -0.06588126
v -0.86932656 0.42251490 -0.02342060
v -0.86887082 0.27790176 0.00957687
v -0.86132179 0.31043258 0.00386212
v -0.90945621 0.34181069 0.02618351
v -0.89910326 0.39577043 -0.08277578
v -0.86998479 0.42199604 -0.00898890
v -0.86862739 0.30282199 0.04462020
v -0.93090545 0.31794434 -0.09297176
v -0.88581364 0.38202072 0.00814065
v -0.92361649 0.32859895 0.02228696
v -0.86888849 0.32574304 0.05825552
v -0.91761739 0.35826029 -0.09972578
v -0.87578693 0.38736780 -0.03560860
v -0.86855602 0.27304733 -0.02935339
v -0.86298051 0.27315857 -0.00997393
v -0.86832284 0.29216732 0.03426693
v -0.86282044 0.30215120 -0.08369376
v -0.86063132 0.30711875 -0.00368025
v -0.87204037 0.32885760 -0.06099587
v -0.86243501 0.31837828 0.01404035
v -0.86051273 0.33678508 0.02394528
v -0.86981942 0.35012422 0.06172688
v -0.86906807 0.35697432 -0.10067977
v -0.86828053 0.39864133 -0.08163841
v -0.86813186 0.32973413 -0.09858251
v -0.86984291 0.34471582 -0.06549414
v -0.86897831 0.35754197 -0.06435617
v -0.86912737 0.36576451 -0.06136700
v -0.87301747 0.38926154 -0.01154095
v -0.87328465 0.38732452 -0.00384782
v -0.86943105 0.39865469 0.04144261
v -0.86924341 0.41131058 -0.06477704
v -0.86891245 0.41779423 0.01063395
v -0.86131789 0.27878386 0.02042906
v -0.86048699 0.30889560 0.05527899
v -0.86145387 0.30600532 -0.03291890
v -0.86182570 0.30401577 -0.01911515
v -0.86127080 0.31766968 -0.05184825
v -0.85992916 0.34098011 -0.06399612
v -0.86072454 0.35641643 0.02472216
v -0.85618163 0.35770916 -0.06118963
v -0.85998610 0.35046337 0.06632356
v -0.86144166 0.37540722 -0.05365625
v -0.86026853 0.37946301 0.05911026
v -0.86048384 0.38173471 -0.09800440
v -0.86056339 0.38354869 -0.04231532
v -0.86189647 0.38947756 -0.02194404
v -0.86054232 0.38730300 -0.00808581
v -0.86058276 0.40716915 -0.07539959
v -0.86031857 0.42223354 -0.04517656
v -0.86227164 0.41541826 0.02024980
v -0.86074612 0.42482545 -0.00885486
v -0.85331358 0.26184225 -0.02652187
v -0.86028934 0.27113317 -0.03521087
v -0.85318126 0.26844628 -0.05505470
v -0.85205998 0.26469552 0.01122777
v -0.86051708 0.28316534 -0.06573947
v -0.85282995 0.28168081 -0.07954201
v -0.85282846 0.30483606 -0.10006202
v -0.86287637 0.31481514 -0.09268799
v -0.85431499 0.31486770 0.06711981
v -0.85097874 0.32336791 -0.04605260
v -0.85126922 0.31186589 -0.01497183
v -0.85190322 0.32767247 0.01181104
v -0.85301605 0.34288364 -0.11599901
v -0.86001765 0.34388660 -0.10515643
v -0.84842234 0.37660269 0.07411095
v -0.86051386 0.37911470 0.01045496
v -0.85278001 0.41086068 -0.08659264
v -0.86036383 0.40456181 0.04100794
v -0.85307895 0.40230669 0.05559056
v -0.85240729 0.42663381 0.02286765
v -0.84494707 0.27414377 -0.07540321
v -0.84513445 0.27562936 0.03856801
v -0.85347239 0.28568711 0.04604374
v -0.84489224 0.29038133 -0.09351972
v -0.84475753 0.31414654 -0.11024045
v -0.84764295 0.33163107 -0.03287679
v -0.85146907 0.34163367 -0.05646406
v -0.84419385 0.34524069 0.07973907
v -0.84763867 0.34781980 -0.00304248
v -0.85208220 0.37002769 -0.04866343
v -0.85039458 0.35724130 0.01363901
v -0.84524726 0.36960338 -0.11782844
v -0.85211794 0.38048811 -0.10963249
v -0.85059078 0.37903235 -0.02952413
v -0.85110577 0.37943208 -0.00782154
v -0.84450888 0.39695544 -0.10614964
v -0.84527346 0.42857492 0.02734139
v -0.84960425 0.43663722 -0.01995830
v -0.84516180 0.43687282 -0.00498246
v -0.84473762 0.25805336 -0.02955081
v -0.84543509 0.26054594 0.00646420
v -0.84495895 0.26280752 -0.05172566
v -0.82414290 0.30164458 -0.10443828
v -0.84542455 0.30340633 0.06621989
v -0.84535086 0.34104393 -0.11831626
v -0.84487644 0.40354251 0.05993200
v -0.84490086 0.41768208 -0.08386921
v -0.84851363 0.43143106 -0.05569229
v -0.82886731 0.43388571 -0.05307303
v -0.82924125 0.43459452 0.01268116
v -0.82918533 0.26368063 -0.05811754
v -0.82937405 0.28335775 -0.08718014
v -0.82893219 0.28062263 0.04756229
v -0.82590958 0.29646634 0.06307722
v -0.82427773 0.32824726 -0.11738618
v -0.83054407 0.36076063 -0.11999830
v -0.82924236 0.36101344 0.07934506
v -0.82944469 0.39209437 0.06972397
v -0.82915874 0.42173884 -0.07908193
v -0.82939509 0.43864601 -0.02055433
v -0.81950243 0.25024240 -0.03146836
v -0.82786292 0.25652344 -0.01722860
v -0.82938151 0.26223752 0.01533644
v -0.81921151 0.25752516 0.02346485
v -0.81898465 0.26335009 -0.07453258
v -0.81978369 0.28067858 0.05877790
v -0.82867466 0.33220595 0.07973842
v -0.82122349 0.36312481 -0.12291924
v -0.82140654 0.35981171 0.08467673
v -0.82538403 0.41024949 -0.09682714
v -0.82920328 0.41838849 0.04414404
v -0.82077048 0.41640673 0.05449279
v -0.82001826 0.42957014 -0.07576262
v -0.81955434 0.42341972 0.04749035
v -0.81967673 0.43895746 -0.05439902
v -0.81400101 0.22364206 -0.09598026
v -0.81468466 0.22300356 -0.03604732
v -0.81536947 0.22183921 0.04768769
v -0.81582833 0.22302196 0.05704931
v -0.81938346 0.23333560 -0.09797353
v -0.81924009 0.23219456 -0.07058868
v -0.81916657 0.23179421 0.03147288
v -0.81771335 0.23549349 0.06669840
v -0.81366833 0.22692748 0.06731486
v -0.81676356 0.24175768 -0.10923586
v -0.81345151 0.23653937 0.07061236
v -0.81900382 0.24957306 -0.00136427
v -0.81909453 0.23306391 0.05926690
v -0.81948322 0.25671678 -0.05733287
v -0.81746253 0.28210123 0.06683233
v -0.81344513 0.26283259 0.07019073
v -0.81931424 0.27525452 -0.09618265
v -0.81457415 0.28928648 0.07145780
v -0.81512998 0.28130474 -0.10812886
v -0.81251513 0.30606823 -0.12471877
v -0.82107982 0.31870545 0.07910873
v -0.81338861 0.31545134 0.08933687
v -0.81390286 0.34477743 -0.13418959
v -0.81260815 0.37103495 -0.13123810
v -0.82548567 0.39322736 -0.11021999
v -0.81992239 0.40078311 0.06884648
v -0.81850821 0.40968376 -0.10601215
v -0.81883638 0.42451852 -0.09743161
v -0.81865871 0.41573607 0.06644605
v -0.81371751 0.45741427 -0.11191873
v -0.81861885 0.45102012 -0.05851025
v -0.82051630 0.44332584 -0.03451926
v -0.82005351 0.43913207 0.01500656
v -0.81864739 0.44113503 0.02942214
v -0.81906842 0.45879457 0.06612915
v -0.81345736 0.45905153 0.07296389
v -0.81959962 0.45912468 -0.09748614
v -0.81900814 0.45873462 -0.00732805
v -0.81867839 0.46719625 -0.10568619
v -0.81831500 0.46763703 0.05694527
v -0.81606324 0.46915647 0.06827977
v -0.81629272 0.47004179 -0.10653116
v -0.81422422 0.47278930 0.05892185
v -0.79725100 0.21691852 0.05773075
v -0.81480309 0.23088347 -0.10692300
v -0.80627291 0.29202998 -0.11877088
v -0.80420318 0.31701378 -0.13553685
v -0.80586541 0.33048824 0.09994220
v -0.80630335 0.34678873 -0.13862434
v -0.81143643 0.34414034 0.09846640
v -0.81388573 0.39078478 -0.12276727
v -0.81089077 0.38439653 0.09145254
v -0.81388274 0.40777446 0.07182667
v -0.81368888 0.40982169 -0.11145309
v -0.80480968 0.43497150 0.07573409
v -0.80315410 0.47374160 -0.11140891
v -0.81348771 0.47445063 -0.02549178
v -0.80408986 0.48260078 0.04413480
v -0.80398416 0.48204896 -0.09252927
v -0.80224223 0.48183612 0.06395896
v -0.79617751 0.22063283 -0.10297578
v -0.79736457 0.21648469 0.03740450
v -0.79789885 0.23536078 -0.11477422
v -0.79832600 0.23535700 0.07438416
v -0.79904695 0.28219803 0.07484699
v -0.80491535 0.30902969 0.09226126
v -0.78831505 0.35466112 0.10304022
v -0.79593487 0.35904063 -0.13940691
v -0.79826071 0.37544439 0.09791042
v -0.79041289 0.40000513 0.08926262
v -0.80355264 0.46783430 0.07601159
v -0.79723901 0.46634479 -0.12846892
v -0.80497659 0.48260096 -0.02828818
v -0.80101935 0.50668060 -0.02278314
v -0.79715822 0.51075009 0.03505843
v -0.79721726 0.49814063 0.06726284
v -0.79862860 0.50806506 -0.08041179
v -0.78896571 0.17288652 -0.03409659
v -0.79129762 0.18116584 0.01921673
v -0.78527886 0.17478473 0.04447965
v -0.79309262 0.19023202 -0.07397150
v -0.79382027 0.18830448 -0.02999992
v -0.79297963 0.19858949 0.05521408
v -0.79168869 0.19448104 -0.10772157
v -0.79307472 0.20843768 -0.09363747
v -0.79352206 0.20807783 0.05433084
v -0.78693315 0.22123399 -0.15047834
v -0.79068000 0.20188350 -0.12136546
v -0.79661634 0.21710470 -0.07798252
v -0.79548665 0.22202774 0.06987447
v -0.79219700 0.22360613 0.09743429
v -0.79306985 0.21745830 -0.11285235
v -0.79296673 0.22957337 -0.13723741
v -0.79357926 0.22428284 -0.12202798
v -0.79486046 0.23778221 0.08260595
v -0.79424243 0.24532461 -0.12228230
v -0.79113495 0.24976224 -0.15662240
v -0.79377220 0.25093382 -0.14011069
v -0.79733051 0.25718767 0.07457948
v -0.79332159 0.26573531 -0.11321778
v -0.79193106 0.27840884 -0.11149773
v -0.78920632 0.29228878 0.08208622
v -0.78992218 0.29423676 -0.12215210
v -0.78091775 0.30288697 -0.12826131
v -0.78992409 0.33686981 0.10194316
v -0.78640683 0.33704692 -0.14083928
v -0.79792295 0.38432988 -0.13250616
v -0.78636995 0.40650031 -0.14583480
v -0.79090774 0.38347012 0.10154124
v -0.79629554 0.40448085 -0.12212654
v -0.79615286 0.41337222 0.07674979
v -0.79384798 0.41534883 -0.11725849
v -0.79556567 0.44167428 -0.13148465
v -0.80342485 0.43144415 -0.11654149
v -0.79291620 0.44621541 0.09270508
v -0.79713337 0.50055472 -0.10610260
v -0.78611393 0.53366071 -0.06188877
v -0.79606768 0.52100038 -0.02576270
v -0.79035505 0.52614015 0.03515920
v -0.78473884 0.16793338 0.00816272
v -0.78370657 0.16706486 -0.06476986
v -0.78296421 0.17603661 -0.10260511
v -0.78293442 0.19575798 -0.13443340
v -0.78724289 0.28205450 -0.16740628
v -0.78964823 0.26648568 0.08161966
v -0.78957004 0.26590856 0.09094103
v -0.78780699 0.28578656 -0.15313057
v -0.78493410 0.27583977 -0.12361716
v -0.78178649 0.28522639 -0.12365196
v -0.78586338 0.28251243 0.08071897
v -0.78935586 0.26964093 0.11879360
v -0.78157264 0.30024802 -0.16275164
v -0.78522726 0.33156709 -0.13885563
v -0.78077163 0.31539148 0.09575131
v -0.77816121 0.36173518 0.12220768
v -0.77729889 0.42419159 0.09297472
v -0.78514702 0.42691091 -0.13016178
v -0.77625129 0.44864036 0.10372537
v -0.79160267 0.47022217 0.09541592
v -0.78845816 0.49525660 0.08755286
v -0.78951998 0.49729387 -0.12553167
v -0.78854955 0.52263886 -0.09305137
v -0.77485877 0.15505733 -0.03588801
v -0.77068141 0.15277036 -0.00129295
v -0.77209357 0.15773019 0.03083866
v -0.78408572 0.18938216 0.07953401
v -0.78144291 0.19270713 0.09104152
v -0.78084299 0.24679979 -0.17527869
v -0.78560520 0.23138041 0.11943075
v -0.78761496 0.25925553 0.12645598
v -0.76855579 0.26107998 0.15238769
v -0.77799538 0.29063959 -0.18651313
v -0.78029328 0.28381182 0.09521199
v -0.77186946 0.28830965 0.15335312
v -0.77903389 0.29445477 0.08914498
v -0.77728268 0.29484565 0.14297463
v -0.77642653 0.29729896 -0.13984681
v -0.76822188 0.30417950 0.10858331
v -0.78089723 0.29532778 0.12555912
v -0.76759460 0.31049678 0.10613665
v -0.77257442 0.31440854 -0.17527703
v -0.77112426 0.30983967 -0.13742532
v -0.76964169 0.31868174 -0.14520762
v -0.78018923 0.33546190 0.10419618
v -0.78228452 0.34490614 -0.15023940
v -0.78293637 0.38617423 -0.16053591
v -0.78010282 0.40711823 0.11013764
v -0.77101074 0.43812916 -0.13888321
v -0.77885584 0.45258813 -0.14347121
v -0.78532874 0.47161010 -0.14098536
v -0.78269544 0.48892926 0.09719856
v -0.77468517 0.49480504 -0.13960597
v -0.76609957 0.50711575 0.09726773
v -0.76775123 0.53265433 0.06782802
v -0.78125395 0.51542501 0.07754755
v -0.77067796 0.53292825 -0.10805683
v -0.78210664 0.53880119 -0.00770836
v -0.78048743 0.53660179 0.03936049
v -0.76962761 0.15507990 -0.06937581
v -0.77706801 0.17198382 0.06357725
v -0.76102204 0.17037444 0.08409097
v -0.76800796 0.18419005 -0.14248088
v -0.76237038 0.20327812 0.12364868
v -0.77252861 0.20771677 -0.16092619
v -0.77121256 0.22708119 0.13386226
v -0.77094163 0.27419843 -0.19358871
v -0.75950445 0.31750972 0.12256921
v -0.77285625 0.31063278 -0.18708625
v -0.76830317 0.35005363 0.12945066
v -0.78165604 0.36526497 -0.16186485
v -0.78005260 0.38813215 0.12084776
v -0.76873238 0.42551856 0.10581758
v -0.77311595 0.41514978 -0.15879527
v -0.78140831 0.42261839 -0.13368313
v -0.76794894 0.43407458 -0.13982120
v -0.76318476 0.46192576 -0.14942177
v -0.76458844 0.54665545 -0.09068740
v -0.76434932 0.55269668 -0.05221078
v -0.76483365 0.55156089 0.02744466
v -0.76862637 0.16643946 -0.11086742
v -0.75877415 0.18438910 0.10687342
v -0.76182913 0.23802170 -0.18864426
v -0.76402096 0.30034623 -0.20185245
v -0.76856972 0.31120956 -0.15371549
v -0.76781453 0.31308768 0.14123380
v -0.76230207 0.31174736 0.15902509
v -0.75367717 0.32152649 -0.20777738
v -0.76077615 0.32347201 0.11978447
v -0.75245465 0.32871407 0.13028088
v -0.75100734 0.32866960 0.14150231
v -0.76188848 0.33025274 -0.16309021
v -0.76378631 0.37972636 -0.17938784
v -0.75783404 0.40856287 -0.17712147
v -0.76261941 0.41523752 0.12613392
v -0.75829975 0.42722865 -0.16165406
v -0.75771665 0.45966032 0.11038939
v -0.77087916 0.47158230 0.10837104
v -0.75944967 0.50595157 -0.14013781
v -0.75234319 0.50633557 0.10258694
v -0.77552177 0.52032720 -0.12211494
v -0.74820620 0.53099576 0.08116584
v -0.76419722 0.54626848 0.05024959
v -0.76001268 0.55764616 -0.08877506
v -0.75530773 0.56250312 0.05219490
v -0.76011732 0.56253208 0.04172553
v -0.75934096 0.56361673 -0.08189171
v -0.75381979 0.14461908 -0.04320787
v -0.75440235 0.14703413 0.01968534
v -0.76054028 0.15799286 0.05656640
v -0.72944239 0.18518490 -0.16414863
v -0.74267281 0.21143140 0.14175498
v -0.74557562 0.22435110 -0.18902949
v -0.75086112 0.19802507 -0.16838753
v -0.74964813 0.30625236 0.17214799
v -0.73672832 0.31328733 -0.21918010
v -0.75873197 0.32958594 -0.17055902
v -0.74453629 0.34128702 -0.18444124
v -0.74752004 0.33827313 0.13840268
v -0.76221105 0.36250142 -0.17784874
v -0.75574323 0.36729577 0.14470645
v -0.74761990 0.38334383 -0.18907476
v -0.75375695 0.44593255 -0.14254372
v -0.76317441 0.43602595 0.10174971
v -0.74053004 0.45262471 -0.14177544
v -0.76374083 0.48347837 -0.14786742
v -0.74870080 0.55020629 -0.09888624
v -0.74993284 0.57158573 -0.04828929
v -0.75124267 0.57067454 0.00234494
v -0.75048554 0.56990467 0.04168316
v -0.74271086 0.57782733 -0.06285118
v -0.74318244 0.14254653 -0.04383546
v -0.74469966 0.14504687 -0.06857537
v -0.73836481 0.14620227 0.03904618
v -0.74819062 0.15507607 -0.10692632
v -0.73068343 0.18732548 0.12478825
v -0.75434585 0.27897466 -0.20664940
v -0.73826870 0.33852317 -0.20991964
v -0.74172858 0.33029165 0.16607343
v -0.75240738 0.33401238 -0.19581699
v -0.75066726 0.34242694 -0.17648826
v -0.73271656 0.34630100 0.14913724
v -0.73746547 0.35142741 -0.18628492
v -0.73117597 0.43535755 -0.17137846
v -0.75033928 0.44219476 -0.14574400
v -0.74681161 0.44512268 0.10454632
v -0.74409619 0.47060895 0.11226484
v -0.75600889 0.48649110 0.10996099
v -0.75854008 0.52695255 -0.12528058
v -0.74869143 0.54640325 0.05997404
v -0.73784082 0.56793617 0.05161658
v -0.73851428 0.57808481 -0.03914450
v -0.74368346 0.57710069 0.01828792
v -0.74471020 0.60740371 -0.07380964
v -0.74243061 0.58576507 -0.05394626
v -0.74588490 0.61118879 0.01987787
v -0.74488235 0.61387619 0.03624736
v -0.73720991 0.14065649 -0.01523893
v -0.75108530 0.16223740 0.07726056
v -0.74775500 0.23901911 0.15674873
v -0.73289730 0.25116534 -0.20717269
v -0.74731479 0.27365476 0.16997274
v -0.72472584 0.29687686 -0.22197224
v -0.74137076 0.33617133 0.14616017
v -0.72038835 0.35842013 -0.19353950
v -0.73226862 0.36079727 0.15351767
v -0.74274614 0.40667155 -0.18551560
v -0.74976467 0.39778482 0.14475205
v -0.73582270 0.41319483 0.14490458
v -0.74943897 0.47268631 -0.15172898
v -0.72903788 0.45409696 0.10387018
v -0.72879343 0.47906099 -0.15064543
v -0.72710974 0.47893746 0.11139952
v -0.75035652 0.56678271 -0.09194665
v -0.73879835 0.57705488 -0.07621148
v -0.73822704 0.57834118 0.00040135
v -0.74169860 0.57788966 0.03512983
v -0.73423904 0.58547654 -0.07771092
v -0.73298093 0.58374598 -0.03512549
v -0.73345570 0.58618286 0.00280661
v -0.74299164 0.58546116 0.02021600
v -0.73933903 0.58577292 0.01083340
v -0.73548878 0.61461725 -0.08009590
v -0.74297906 0.62317991 -0.05718166
v -0.73445628 0.61451276 0.04183821
v -0.73897335 0.62925725 -0.07616228
v -0.73763300 0.63640622 0.02045959
v -0.72374361 0.14069357 -0.05723218
v -0.72472761 0.15222557 0.06808281
v -0.74411686 0.17036455 -0.13962775
v -0.72597559 0.34336719 0.15853722
v -0.72407243 0.35222136 -0.19631840
v -0.72999861 0.39555402 -0.19293462
v -0.73606726 0.43408028 0.12862757
v -0.69147956 0.51803721 0.10098848
v -0.71123022 0.55454635 0.05937924
v -0.73431589 0.57669024 0.04362810
v -0.73443040 0.58616366 -0.04382147
v -0.73255412 0.60643603 0.00428472
v -0.73020299 0.61653488 0.00415426
v -0.73190833 0.61233904 -0.03547705
v -0.72569586 0.62527192 0.00438620
v -0.73479092 0.62631604 -0.05090414
v -0.72772871 0.16554613 0.09670456
v -0.72781410 0.29035514 0.18028702
v -0.72590816 0.33863089 -0.21754993
v -0.71434493 0.37562904 0.16175164
v -0.70687034 0.40822023 0.15222258
v -0.70871523 0.44297847 0.13106822
v -0.71776313 0.46183646 0.11267184
v -0.73265851 0.49578182 -0.14935219
v -0.69308727 0.55675282 -0.10031912
v -0.71355722 0.57110953 0.05255872
v -0.72600338 0.57740612 -0.08242209
v -0.71888509 0.60653818 -0.08118930
v -0.72990751 0.61953370 -0.04354169
v -0.70764888 0.63180229 0.04540131
v -0.73510677 0.64114602 -0.06074217
v -0.73215952 0.64078126 0.03730122
v -0.72290088 0.64867314 -0.07585366
v -0.71124526 0.65652045 -0.06652047
v -0.72018972 0.14964882 -0.10543343
v -0.70963184 0.19214818 0.13467279
v -0.71570786 0.21375350 0.15144605
v -0.71062830 0.26805336 0.17911698
v -0.71705281 0.31145487 0.18412210
v -0.70467446 0.32628771 -0.22682525
v -0.72560417 0.32874402 0.17902372
v -0.71155762 0.43601892 0.13769755
v -0.72301254 0.46674199 -0.14865864
v -0.69951382 0.47541705 0.13126851
v -0.71617846 0.48156479 0.11123452
v -0.71695678 0.48598736 -0.15176136
v -0.73027627 0.51860967 -0.13818774
v -0.71519203 0.52697916 0.09198512
v -0.69455072 0.53630249 0.08496537
v -0.70534375 0.57749100 0.04766684
v -0.70507136 0.58688709 -0.07931851
v -0.73062784 0.58566832 0.04210980
v -0.70982393 0.60501087 0.04491511
v -0.71645703 0.63461152 -0.04393659
v -0.71572655 0.63562078 0.00534255
v -0.71544357 0.65218776 -0.05673442
v -0.72494000 0.64961878 0.01909284
v -0.70595053 0.65631149 -0.07484311
v -0.69551283 0.14127308 -0.07393503
v -0.72074426 0.14048625 0.01672719
v -0.70815763 0.14539472 0.05044799
v -0.69985787 0.16468996 0.10176151
v -0.72623544 0.20390108 -0.18217268
v -0.70061066 0.24264857 0.17148355
v -0.70510133 0.34106259 0.17905024
v -0.71406204 0.35015985 -0.21335236
v -0.71842965 0.34218537 0.17072571
v -0.70639004 0.35084276 0.16204213
v -0.69219119 0.37066787 0.16823443
v -0.71564613 0.44975297 -0.15733990
v -0.70423914 0.47446987 -0.16541290
v -0.69537898 0.48899566 0.11136062
v -0.69685926 0.48061036 -0.16809491
v -0.72282897 0.49874867 0.10812525
v -0.72055166 0.53399257 -0.12575219
v -0.70013456 0.59571272 -0.07879678
v -0.69488006 0.61119018 -0.08195869
v -0.72170739 0.63914507 -0.08051442
v -0.70036698 0.64111372 -0.04301234
v -0.69804582 0.64169517 0.00407138
v -0.70678491 0.65758804 0.02037982
v -0.68848853 0.13838462 -0.04549558
v -0.68629662 0.15605883 -0.12717239
v -0.68626829 0.19395465 -0.18045867
v -0.70045590 0.22967661 -0.20393980
v -0.69514883 0.21606492 0.15668766
v -0.68483922 0.32411388 0.18792454
v -0.70089218 0.34982061 -0.21936597
v -0.70271665 0.35785647 -0.20792581
v -0.69428988 0.35732865 0.16331689
v -0.70283297 0.36572234 -0.20245939
v -0.70281864 0.38979072 -0.19885968
v -0.67641726 0.58158940 -0.08177164
v -0.68920440 0.58689385 0.04374217
v -0.69189282 0.61949215 0.04601437
v -0.69908719 0.62880152 -0.08393670
v -0.70692585 0.64827671 -0.08005543
v -0.68792419 0.64166143 -0.04312057
v -0.68838038 0.65906738 0.01982456
v -0.70627590 0.65622057 0.03735903
v -0.68816208 0.18251131 0.12747652
v -0.70720456 0.26480803 -0.21780602
v -0.69161273 0.29728004 0.18723365
v -0.67934012 0.39210507 0.15844347
v -0.69523016 0.42930592 -0.18829141
v -0.69242876 0.45222649 0.13277443
v -0.68890103 0.47481109 0.13618341
v -0.68848309 0.49180464 -0.15128389
v -0.68975920 0.60080389 -0.07646645
v -0.67595182 0.61343156 -0.08361525
v -0.68081284 0.65656481 0.03755383
v -0.67819259 0.29320516 -0.22709786
v -0.67145927 0.34206749 0.18142871
v -0.67741598 0.36443604 -0.20877727
v -0.69191446 0.41331699 0.15556879
v -0.69429733 0.43369857 0.14630555
v -0.68873735 0.44301499 -0.17520794
v -0.69042033 0.45676793 -0.17120469
v -0.67776101 0.47717990 -0.16535462
v -0.70932058 0.50943734 -0.14590394
v -0.69060050 0.60200615 0.03773117
v -0.67205241 0.63791320 -0.03077785
v -0.67996540 0.65874611 -0.06711073
v -0.69823374 0.16957675 -0.15061291
v -0.65912968 0.24062438 -0.21250212
v -0.64994284 0.41150579 -0.20464333
v -0.69157641 0.48060288 0.13149038
v -0.66822244 0.50724687 0.10844637
v -0.67847209 0.50181968 -0.14737337
v -0.64159598 0.57968957 -0.08264749
v -0.67092969 0.60623884 0.04443162
v -0.67258772 0.64513337 -0.08089519
v -0.67642285 0.64047188 -0.04414144
v -0.67889655 0.64122527 0.00533616
v -0.67664473 0.64397196 0.04291266
v -0.68502777 0.65818631 -0.05829637
v -0.66041453 0.19183209 0.13930074
v -0.64858075 0.26609952 -0.22264746
v -0.63761607 0.31622894 -0.23029453
v -0.65391931 0.36462543 -0.20475856
v -0.64564559 0.36486382 0.16629300
v -0.66918786 0.37374082 0.17162604
v -0.67561510 0.37584952 -0.20904125
v -0.67388629 0.41383411 -0.20193261
v -0.66588626 0.41586291 0.16000553
v -0.65155040 0.43650619 0.15448331
v -0.66597329 0.45584879 -0.17155049
v -0.67142251 0.45279961 0.13667082
v -0.66929534 0.47662111 0.13105494
v -0.65361489 0.46534798 -0.16404051
v -0.65873259 0.48202196 -0.14616532
v -0.67109940 0.57731639 0.04833353
v -0.67390293 0.58608224 -0.08011684
v -0.67626572 0.58560382 0.04361372
v -0.64066965 0.58572519 0.03941359
v -0.64344627 0.61343062 0.04105463
v -0.67337424 0.62296950 0.04590343
v -0.65651838 0.64673554 -0.05824824
v -0.63183690 0.14302844 -0.09011496
v -0.68501636 0.13761953 -0.01274822
v -0.64021910 0.22824716 0.16749764
v -0.67377656 0.34844090 0.17629555
v -0.65232419 0.37787979 0.17168750
v -0.66919546 0.39124666 -0.20288918
v -0.65680611 0.40279999 0.16216168
v -0.65763741 0.44490511 0.14580817
v -0.65636239 0.46492055 0.13106136
v -0.62939529 0.54386766 -0.12081920
v -0.72419055 0.55038240 -0.10434835
v -0.64293457 0.61819163 -0.07933443
v -0.65770312 0.62819048 -0.04295896
v -0.65350480 0.62283443 -0.02489874
v -0.64675187 0.63560269 0.03814898
v -0.67986873 0.65704045 -0.07490932
v -0.66195876 0.64977798 0.01863572
v -0.66224462 0.65155083 0.03382029
v -0.60393857 0.13909461 -0.06515121
v -0.67432908 0.15104245 -0.11636987
v -0.57941620 0.16592958 -0.15129713
v -0.66887424 0.35666214 0.16679422
v -0.65976066 0.37614939 -0.20917402
v -0.64192793 0.39004755 -0.20937913
v -0.65985520 0.42221307 -0.20011999
v -0.64750040 0.45469423 0.14407911
v -0.64720796 0.46687676 0.13017757
v -0.65937601 0.48444995 0.11528714
v -0.64810969 0.48891943 -0.14420116
v -0.65085992 0.48995319 0.10947256
v -0.61133332 0.53957832 0.08679160
v -0.67570220 0.56069449 0.05853870
v -0.69858298 0.57188280 -0.09270943
v -0.63450940 0.57883116 0.04288099
v -0.65810999 0.62961256 0.00425197
v -0.64834055 0.63811389 0.01776089
v -0.56983403 0.14352584 0.05350019
v -0.67700983 0.15114241 0.07437310
v -0.64415355 0.20091515 -0.18877894
v -0.67234178 0.19839337 0.14459223
v -0.65425473 0.22086434 -0.20225421
v -0.67035205 0.35781280 -0.21363687
v -0.63169451 0.35904888 -0.20776517
v -0.62686074 0.36499988 -0.19818205
v -0.64954044 0.39206341 0.17040812
v -0.64424111 0.41729454 0.16049786
v -0.64835265 0.44100749 -0.18372859
v -0.65014678 0.45695056 -0.17436241
v -0.63758186 0.46920198 -0.17811531
v -0.63981911 0.48356619 -0.15538357
v -0.64533671 0.47607661 0.11396178
v -0.64335037 0.49893875 -0.14690475
v -0.62529265 0.50767817 -0.14814128
v -0.67041187 0.55336164 -0.10416178
v -0.63544274 0.57387008 0.05139582
v -0.64201362 0.58582345 -0.07846099
v -0.64297850 0.58540788 -0.04399733
v -0.64291141 0.58362986 -0.03417155
v -0.64320212 0.59562344 -0.07828647
v -0.64284672 0.58433146 0.00229678
v -0.64720712 0.61191332 0.00396365
v -0.64632318 0.60484280 -0.04235578
v -0.63724355 0.62086343 0.01874401
v -0.64465322 0.63460120 -0.05767734
v -0.63945995 0.63004485 0.02737184
v -0.65025342 0.64187524 -0.07396287
v -0.62638655 0.28604591 -0.22795188
v -0.63536786 0.38483035 0.17095746
v -0.63437561 0.39842191 0.16963794
v -0.62833349 0.47247571 0.14605021
v -0.63513225 0.48714682 -0.17614402
v -0.63185558 0.49064538 -0.15328496
v -0.66744867 0.52080138 -0.13994268
v -0.62962594 0.55376026 0.06535504
v -0.64245162 0.56964279 0.05594354
v -0.63254095 0.57704476 -0.04240421
v -0.63558306 0.58276491 -0.07451535
v -0.63515078 0.58538357 -0.05647687
v -0.62909142 0.57664013 0.00403136
v -0.63416054 0.58531535 0.01758059
v -0.63321388 0.58676634 0.03397351
v -0.63633207 0.61908632 -0.07353384
v -0.63552630 0.61317989 -0.05929628
v -0.63501875 0.61381913 0.03350534
v -0.67692348 0.25655616 0.17893956
v -0.67559501 0.34052992 -0.22604267
v -0.63136183 0.35643777 0.16248641
v -0.61577438 0.36618302 0.15490570
v -0.63244272 0.40155427 -0.20897289
v -0.62621880 0.46088449 0.15616148
v -0.62317413 0.46476015 -0.19122961
v -0.62724169 0.48487424 0.12353056
v -0.60528019 0.49919345 -0.15209737
v -0.63897161 0.50308135 0.11111069
v -0.60817505 0.56887518 -0.09612388
v -0.62411659 0.57640707 -0.07977810
v -0.63258309 0.58213977 -0.06357234
v -0.62504610 0.57777775 0.03799139
v -0.55158361 0.15188662 0.08325938
v -0.58814603 0.21777513 -0.20217777
v -0.55891746 0.21755897 0.16258527
v -0.66199870 0.27710023 0.18562381
v -0.61884386 0.38431229 -0.19745949
v -0.61607470 0.39334743 0.16755413
v -0.60039236 0.40940363 0.16169366
v -0.62313571 0.42651941 -0.20220750
v -0.63211514 0.43211612 0.15875997
v -0.62775977 0.44202136 -0.19152980
v -0.60790689 0.46642863 0.15775809
v -0.61898840 0.48083156 -0.18663354
v -0.62004351 0.48408680 0.13810956
v -0.63240857 0.49269636 -0.17298261
v -0.62838544 0.49261982 0.11335812
v -0.59276216 0.50037576 0.11474345
v -0.61344116 0.51808564 0.10706570
v -0.60928836 0.57566389 -0.01792881
v -0.63706451 0.16038299 0.09819257
v -0.64595841 0.17775107 -0.16530322
v -0.62835915 0.34797087 -0.22325983
v -0.60540597 0.34935372 0.17460628
v -0.61409198 0.35528750 0.15745978
v -0.60451942 0.36014280 -0.19166712
v -0.60769567 0.36798110 -0.19087856
v -0.60906579 0.38106201 -0.19904301
v -0.61053783 0.39368066 -0.19768806
v -0.60211762 0.41212028 -0.19565369
v -0.61001459 0.43321437 0.15561091
v -0.59326547 0.46127400 -0.19754387
v -0.61416112 0.44972484 0.15948627
v -0.59359690 0.49443463 0.13550765
v -0.60429843 0.51814577 -0.14637581
v -0.63178031 0.57441221 -0.09085501
v -0.60218140 0.57925699 0.00561427
v -0.60785952 0.57782636 0.04137701
v -0.66753243 0.13908454 0.01700740
v -0.59870485 0.20013348 0.14882528
v -0.58809594 0.34587003 0.18003697
v -0.60837973 0.36347644 0.15471349
v -0.59937294 0.36700201 -0.19538559
v -0.60818075 0.38707006 0.16729031
v -0.60220969 0.38055003 0.17168941
v -0.60265011 0.38105343 -0.20982797
v -0.60507830 0.39248730 -0.19780483
v -0.60447898 0.43341915 -0.19531330
v -0.59594377 0.44131966 -0.19415419
v -0.60327042 0.48549880 -0.18670997
v -0.60960042 0.48310548 0.14707848
v -0.60937407 0.49626776 -0.15698677
v -0.59672240 0.49543466 0.12177129
v -0.60674145 0.57792578 -0.08134326
v -0.59753377 0.57944560 -0.04063066
v -0.57204882 0.24809874 0.17817284
v -0.59408581 0.35250373 -0.21771667
v -0.59183598 0.35765622 0.17590828
v -0.59339449 0.36480882 -0.20660171
v -0.58820878 0.37874784 -0.22124172
v -0.59420123 0.39370522 0.16671559
v -0.58443486 0.40429658 -0.19961985
v -0.58011172 0.45494594 0.15865811
v -0.58000069 0.48788001 0.14720820
v -0.57843536 0.49329242 -0.16072682
v -0.56627759 0.51096098 0.11097663
v -0.56149212 0.55425915 0.06603263
v -0.54357133 0.13707364 -0.02900984
v -0.60816598 0.23922760 -0.21348497
v -0.57751766 0.35108256 0.17905040
v -0.58565782 0.35971699 -0.21841337
v -0.58288660 0.40814684 0.15885207
v -0.59184456 0.49472425 -0.17472979
v -0.58883141 0.54191890 -0.12584622
v -0.57713002 0.35238422 -0.22067646
v -0.58009257 0.37395192 0.18783468
v -0.57837036 0.43211618 0.15001691
v -0.56713826 0.44682771 -0.19975457
v -0.57953462 0.47542238 -0.19437421
v -0.54825584 0.56722509 -0.09728228
v -0.58858125 0.57306244 0.05219298
v -0.51397736 0.15935352 0.10122220
v -0.61605970 0.17564887 0.12330219
v -0.59655579 0.31260430 -0.23074246
v -0.59118829 0.33102979 -0.22959846
v -0.54072912 0.33133006 -0.22782505
v -0.55551169 0.34992957 -0.21598129
v -0.56703145 0.35254175 0.17716160
v -0.56944480 0.37961797 0.18251814
v -0.57655283 0.37762437 -0.22687977
v -0.57886543 0.38080227 0.18654810
v -0.58460790 0.38890568 -0.21694863
v -0.57263165 0.41105439 -0.19185901
v -0.57400504 0.42516682 -0.19003872
v -0.56487497 0.48827567 -0.17566534
v -0.57395082 0.49595267 -0.15096016
v -0.57662570 0.49465826 0.12225677
v -0.55521299 0.57461176 -0.09049500
v -0.56086214 0.14702363 -0.10974989
v -0.62413072 0.15487374 -0.12872732
v -0.58104730 0.27026004 0.18530792
v -0.57336066 0.33357746 0.18720967
v -0.56752454 0.34017018 -0.22600925
v -0.57455662 0.38550917 0.18294880
v -0.56420345 0.40371388 -0.19197584
v -0.57131457 0.48246249 -0.18859603
v -0.55730981 0.53784725 0.08966175
v -0.55175001 0.55482906 -0.10623810
v -0.56756017 0.57785633 0.01863892
v -0.54040644 0.13867290 0.02063407
v -0.55188986 0.18579569 -0.17720790
v -0.61112464 0.31392927 0.19023081
v -0.54946180 0.35060091 0.16820866
v -0.55831639 0.37830631 0.16979875
v -0.56040936 0.35698808 -0.21392669
v -0.56401952 0.38134506 -0.21728444
v -0.54881113 0.38597785 -0.19856591
v -0.55146516 0.40809174 -0.19111628
v -0.55321691 0.39361138 0.15616314
v -0.56413706 0.42778381 0.14972688
v -0.54825609 0.46614244 -0.19668615
v -0.55627894 0.46893051 0.15642069
v -0.58143702 0.50518066 -0.14981975
v -0.54832731 0.57551961 -0.08740974
v -0.55701952 0.57738768 -0.07898497
v -0.55465403 0.57617438 0.04362611
v -0.52145166 0.16933478 0.11740935
v -0.51131580 0.18528409 0.13714640
v -0.55809055 0.35881833 0.17035432
v -0.54767543 0.35889629 -0.19131098
v -0.54305652 0.38793644 -0.19604475
v -0.54706773 0.38456784 0.15560048
v -0.54022603 0.41008316 0.15573245
v -0.54479888 0.43183877 0.15991732
v -0.55753766 0.43382816 -0.19839079
v -0.55690914 0.45170537 0.16043609
v -0.54961437 0.48138219 -0.16020431
v -0.54867416 0.48504021 0.12446307
v -0.55478129 0.49859026 -0.14802632
v -0.54590665 0.54753805 -0.11846599
v -0.54595254 0.57326833 -0.05083817
v -0.54628102 0.57301840 0.04270627
v -0.54843299 0.57136729 0.05250256
v -0.54663136 0.22833056 0.16905543
v -0.52442044 0.30898730 -0.23045490
v -0.53839634 0.37175688 -0.19394908
v -0.54651217 0.35728438 0.15058487
v -0.53759445 0.45462274 0.16062402
v -0.53436601 0.47078528 0.14877222
v -0.55508601 0.48334060 -0.17993819
v -0.54976626 0.48020018 0.14501939
v -0.53946901 0.48356765 -0.15489339
v -0.54995577 0.48726060 0.11242356
v -0.55899116 0.48946980 0.13620993
v -0.55138343 0.49095934 -0.14901274
v -0.55715246 0.49651184 0.11204718
v -0.55972685 0.52592366 0.10203949
v -0.50905458 0.54700094 0.07141809
v -0.53240910 0.55335731 0.06263233
v -0.53792039 0.56496955 0.05042701
v -0.53888431 0.56815080 -0.05407416
v -0.55720610 0.27931328 -0.22707815
v -0.61279361 0.29562651 0.18935300
v -0.56881562 0.32323369 0.18938918
v -0.53826230 0.35250452 -0.20224588
v -0.53156758 0.35628213 -0.19439031
v -0.54455592 0.35080864 0.15933843
v -0.54097404 0.44519556 -0.20347852
v -0.53141650 0.47073409 0.11840127
v -0.51893856 0.46499962 0.13844313
v -0.51406983 0.49123166 -0.14472176
v -0.52450251 0.49071174 0.10676065
v -0.52837291 0.55834917 0.04897873
v -0.52893442 0.56224820 -0.07843325
v -0.53069224 0.56425681 -0.03096268
v -0.53054577 0.56277889 0.01784244
v -0.43989832 0.15562972 -0.13722692
v -0.45489277 0.19233785 -0.18518467
v -0.50898428 0.20345127 -0.19381749
v -0.44825481 0.33960726 -0.22320149
v -0.52326416 0.35761467 0.15858578
v -0.52567873 0.37297784 0.16119285
v -0.53311683 0.39144790 0.15956003
v -0.50037673 0.39182937 0.16146594
v -0.52593928 0.46384233 -0.16060702
v -0.51683054 0.46652078 0.12100720
v -0.52401159 0.47919611 0.10612576
v -0.51186463 0.30251268 0.18989701
v -0.51319902 0.31593908 0.18941984
v -0.51532130 0.37724184 -0.20541770
v -0.51747789 0.44736970 0.16161348
v -0.51101827 0.45642426 0.15251118
v -0.51751917 0.45739537 -0.19334198
v -0.52701308 0.46843059 -0.18185466
v -0.51231161 0.47712248 -0.15564949
v -0.51284335 0.50641194 -0.14972924
v -0.52082210 0.51508451 -0.14830112
v -0.51047554 0.50250010 0.10874266
v -0.58558357 0.52891230 -0.13945203
v -0.53100891 0.55768278 -0.09866569
v -0.52335357 0.56173173 0.02626124
v -0.54801698 0.34314393 0.17880354
v -0.51838150 0.35039788 0.16271536
v -0.50318047 0.35781027 -0.20572210
v -0.52391075 0.40006569 -0.19846607
v -0.51848273 0.41689114 -0.20862119
v -0.52166510 0.45029993 -0.20078187
v -0.51101036 0.46031086 -0.16545456
v -0.51742806 0.46679437 -0.15555945
v -0.51270176 0.48139319 0.11371769
v -0.51209000 0.48687532 0.10793299
v -0.48142591 0.51041828 0.10613152
v -0.50824776 0.53547958 0.08774341
v -0.47658368 0.34892974 0.16436314
v -0.49594630 0.37142297 0.16507009
v -0.49053635 0.38862508 -0.20403891
v -0.52096973 0.43492681 0.16452363
v -0.50002280 0.46014842 0.13951997
v -0.49475303 0.49260989 0.11081384
v -0.48586489 0.52008605 0.10050236
v -0.51578425 0.53347979 -0.13544122
v -0.49245549 0.55791709 0.04105043
v -0.42013602 0.13805705 -0.03827622
v -0.41982812 0.13840178 0.01105926
v -0.57061751 0.17710144 -0.16706347
v -0.48785648 0.33087046 0.18561994
v -0.50891874 0.34891959 -0.21562791
v -0.49834822 0.35098626 -0.21327380
v -0.47956533 0.35735446 0.15953109
v -0.50654132 0.41671365 0.16679415
v -0.50578206 0.43493259 -0.20804641
v -0.48577842 0.48035742 0.13842016
v -0.49637852 0.47584503 -0.16959765
v -0.50603562 0.48186210 -0.15383590
v -0.49893609 0.48210829 0.13092975
v -0.49037143 0.49612448 -0.15404863
v -0.49224839 0.55366603 0.05513096
v -0.49816935 0.56176163 -0.07500209
v -0.51857837 0.56407036 -0.02540857
v -0.48078928 0.35652620 -0.20571663
v -0.48676587 0.40338746 -0.21122114
v -0.47924377 0.39858977 0.16830974
v -0.48827922 0.44769026 -0.19740732
v -0.47727365 0.43920041 0.16051030
v -0.49267805 0.45414724 -0.18275586
v -0.47855736 0.45094004 0.14400216
v -0.48720508 0.45844864 -0.17687075
v -0.47951645 0.45895028 0.14044369
v -0.48539625 0.46963140 -0.17844074
v -0.48359256 0.48596855 -0.17781654
v -0.45365292 0.56534119 -0.00325490
v -0.46991373 0.38199760 -0.20414881
v -0.46618036 0.37569809 0.16102053
v -0.47694161 0.38839309 -0.20547663
v -0.48700351 0.42536351 0.16785225
v -0.44204271 0.42754307 -0.20722933
v -0.47291485 0.48294914 -0.18139997
v -0.47620708 0.48305576 0.13533581
v -0.48231889 0.48888407 0.12942891
v -0.48588238 0.49395554 -0.16107650
v -0.49350623 0.55008538 -0.11103626
v -0.47972402 0.56510207 -0.04355511
v -0.50815235 0.19338334 0.14502172
v -0.45152192 0.26229543 0.18381842
v -0.46064879 0.35789249 0.15453913
v -0.47695315 0.37310028 -0.20910685
v -0.47676504 0.41383670 -0.21289024
v -0.46682004 0.45932112 -0.18062111
v -0.47247108 0.49697690 0.11271617
v -0.46164718 0.49374663 0.13220124
v -0.48029076 0.50483827 -0.15298692
v -0.45355942 0.51061349 0.10493932
v -0.47342947 0.51423465 -0.14968202
v -0.43057660 0.16745985 -0.15789581
v -0.58914740 0.26461881 -0.22341039
v -0.46054022 0.32192696 -0.22889625
v -0.46210410 0.34984301 0.16003883
v -0.46734205 0.35093293 -0.20811609
v -0.46397874 0.35733617 -0.19840629
v -0.45980546 0.35216999 -0.20042801
v -0.43807408 0.43660769 -0.20169157
v -0.46219497 0.47557426 0.13430336
v -0.46509224 0.49815900 -0.15862229
v -0.45698240 0.49825979 0.11211839
v -0.47278918 0.55897567 -0.08812359
v -0.50349495 0.13974095 -0.07523709
v -0.44951719 0.14669250 0.07131934
v -0.42805668 0.24070812 0.17632570
v -0.41283790 0.29942705 0.19021046
v -0.44438228 0.34259424 0.17725391
v -0.45131833 0.34829936 -0.21354963
v -0.45194551 0.35087880 -0.20042801
v -0.45213029 0.35833987 -0.19292109
v -0.45222508 0.37376519 -0.19969888
v -0.44890228 0.38674533 -0.19905882
v -0.45851342 0.37982648 0.15884968
v -0.47019860 0.38783202 0.16368811
v -0.45957227 0.40854630 0.17145703
v -0.44099073 0.42766760 0.16640649
v -0.45992884 0.44649940 -0.18834948
v -0.47520872 0.45122619 -0.18163742
v -0.45319664 0.45946624 0.13779179
v -0.44594604 0.47893460 -0.17921097
v -0.45960899 0.49154038 -0.17931889
v -0.49088536 0.53986618 -0.12767120
v -0.50326097 0.56179425 0.02005671
v -0.41150615 0.13947121 0.03658279
v -0.49123532 0.24642045 -0.21788947
v -0.44739082 0.34902892 0.16879482
v -0.44178677 0.35549260 -0.20812522
v -0.44237927 0.35736647 -0.19986530
v -0.45130437 0.35734162 0.15949428
v -0.44453643 0.35762647 0.16959753
v -0.45054563 0.37444346 0.15997614
v -0.44307237 0.36916410 0.17554988
v -0.44475362 0.37959695 -0.19896372
v -0.44435306 0.44432697 0.15358598
v -0.44443882 0.45625206 0.13631026
v -0.45479471 0.48108572 0.13357624
v -0.45064628 0.49037076 0.12942004
v -0.42916758 0.50019847 -0.15254870
v -0.45492147 0.54412462 0.07342983
v -0.44290766 0.55841520 0.04177148
v -0.41853036 0.13996746 -0.08037737
v -0.44377553 0.14108323 0.04515974
v -0.34930221 0.26378699 -0.22392975
v -0.51179924 0.29173282 -0.22916343
v -0.41620134 0.33023942 -0.22791557
v -0.43588114 0.34745347 0.17436327
v -0.43608793 0.35092689 -0.21640298
v -0.44025825 0.36651686 -0.22061981
v -0.44256447 0.37423949 -0.20767211
v -0.44116139 0.38900972 0.16180238
v -0.46113048 0.40451192 -0.21137206
v -0.42726714 0.44347263 -0.19400329
v -0.43498581 0.43786292 0.16189928
v -0.42813361 0.44723215 -0.18439923
v -0.43607065 0.49544891 0.10761618
v -0.42190389 0.17647172 0.12923075
v -0.35928474 0.28250394 -0.22802959
v -0.41982771 0.34121077 0.18187893
v -0.42583378 0.36880934 -0.22694266
v -0.43352337 0.38616358 0.16664386
v -0.43480689 0.36755952 0.18247478
v -0.43546940 0.38351072 -0.20094530
v -0.41940376 0.39833885 0.16824348
v -0.43952341 0.40143754 0.17084682
v -0.42156135 0.41608947 0.17039703
v -0.43635623 0.45288295 -0.17889928
v -0.42410295 0.45997938 0.12575750
v -0.43822168 0.45193967 0.13998251
v -0.43025193 0.46960287 0.11828981
v -0.42535798 0.49228080 -0.15873919
v -0.41192355 0.53229752 -0.13642330
v -0.45369238 0.52854068 0.09267347
v -0.43956922 0.14796727 -0.11806127
v -0.43031011 0.14408715 -0.10409798
v -0.44790782 0.20298269 0.15386315
v -0.41989771 0.36636688 0.19143411
v -0.42072132 0.38934853 -0.20614963
v -0.43050681 0.38995741 -0.19922810
v -0.42820705 0.39661135 -0.20156921
v -0.41676750 0.46392712 -0.16500235
v -0.42620777 0.47225193 -0.16571188
v -0.42050405 0.48368490 0.10781704
v -0.41043254 0.49532353 0.10737954
v -0.41469744 0.49754647 -0.14963278
v -0.41072770 0.13274516 0.00759902
v -0.41338809 0.13684396 -0.06438626
v -0.45248811 0.27935885 0.18776117
v -0.41347526 0.34099439 -0.22352973
v -0.41796856 0.34803909 0.18395200
v -0.41196730 0.36506425 -0.23330293
v -0.41281962 0.36617638 0.18973000
v -0.41922006 0.38439426 -0.21551566
v -0.41075595 0.38499741 0.17122356
v -0.41257990 0.39706484 -0.20212040
v -0.42472703 0.41079533 -0.20862406
v -0.39875464 0.45632499 0.15141790
v -0.40846398 0.46360966 0.13019091
v -0.39883652 0.13165721 -0.07738403
v -0.40050001 0.14155189 0.05333342
v -0.35488447 0.14639253 -0.11831933
v -0.45544142 0.30681896 -0.23009728
v -0.39786585 0.35068255 -0.21881827
v -0.41338336 0.35023620 -0.22546635
v -0.41112859 0.37193041 -0.22771528
v -0.40161212 0.40999048 -0.20460738
v -0.40170367 0.45850605 -0.17127787
v -0.41203453 0.47627770 0.11588492
v -0.40242723 0.49590380 0.11492392
v -0.40126234 0.50417811 0.10883941
v -0.45569675 0.53805007 0.08181944
v -0.40826108 0.54988534 -0.11163908
v -0.43301253 0.55708772 -0.09481629
v -0.40070086 0.10397979 0.01708703
v -0.39485673 0.05280752 -0.05461771
v -0.39653044 0.09186939 -0.06691498
v -0.39085589 0.10642255 -0.07530811
v -0.40190516 0.11078083 -0.05481306
v -0.39706400 0.08744038 0.02664702
v -0.40644772 0.12734206 -0.06290676
v -0.40520140 0.12725231 0.02749308
v -0.39692608 0.13733888 0.04351417
v -0.34029855 0.21889513 0.16567221
v -0.39456435 0.34305433 -0.22152456
v -0.40180726 0.38666042 -0.21076360
v -0.39867684 0.39704936 -0.20119678
v -0.39417671 0.49864326 -0.15308394
v -0.39015388 0.04247247 -0.06786352
v -0.39358185 0.04939465 0.01809429
v -0.38886352 0.06577078 -0.07376375
v -0.39812965 0.12652657 0.03589541
v -0.37605830 0.12842020 -0.08060224
v -0.39465895 0.13885120 -0.08817233
v -0.36896449 0.13899088 0.04837843
v -0.39932810 0.32690947 0.18824575
v -0.40994089 0.33880832 0.18291787
v -0.39208712 0.34845838 0.17426360
v -0.39552676 0.36395089 -0.21997712
v -0.39469262 0.39113816 0.16116569
v -0.39925410 0.42434156 -0.20655677
v -0.38540931 0.44787457 -0.19318382
v -0.41292420 0.48129374 -0.14867816
v -0.39082581 0.46158815 0.15122331
v -0.40013047 0.49140100 -0.15613401
v -0.40108939 0.53052480 0.09126762
v -0.39182343 0.56712070 -0.02237846
v -0.37971319 0.01287577 0.02658757
v -0.38848773 0.03245927 0.02656097
v -0.38075092 0.03496261 -0.07518809
v -0.38806245 0.06872586 0.03486551
v -0.38981107 0.10355019 0.03550978
v -0.38661510 0.13150154 0.04023563
v -0.44602079 0.22852919 -0.21006355
v -0.39805692 0.31852073 -0.23011105
v -0.36300430 0.33811161 -0.22434167
v -0.37045298 0.33907268 0.18289836
v -0.37792702 0.34646166 -0.21596767
v -0.38013175 0.34949123 -0.20917437
v -0.38346914 0.34968211 0.16841278
v -0.37971624 0.35576607 -0.19540083
v -0.38753191 0.36579990 0.17896961
v -0.38497024 0.37333124 -0.21497488
v -0.38732267 0.35819320 -0.20968726
v -0.38191494 0.38624935 -0.20216548
v -0.38042721 0.37587508 0.16343034
v -0.38296840 0.39668777 -0.20093748
v -0.37670375 0.40125578 0.16967546
v -0.38393851 0.41084708 -0.20556329
v -0.39119646 0.41289501 0.17177296
v -0.37906332 0.43989116 -0.19979523
v -0.38590862 0.44887316 0.16195501
v -0.37854456 0.47034280 0.15600082
v -0.38466852 0.49143457 0.13817233
v -0.38084215 0.49183367 -0.17783095
v -0.38384234 0.49666966 -0.16132644
v -0.37745153 0.49617218 0.13111123
v -0.40002765 0.51489576 0.10387409
v -0.37265607 0.00300673 -0.06562631
v -0.37937279 0.01308560 -0.06745914
v -0.38488783 0.02016269 -0.05887940
v -0.37264710 0.01496722 -0.07522805
v -0.37854553 0.02979451 0.03609615
v -0.36655054 0.05692822 -0.07395608
v -0.37335024 0.07588744 0.03482522
v -0.37384149 0.11300609 0.03617282
v -0.36098033 0.13801566 -0.08508166
v -0.43124430 0.15170113 0.08742473
v -0.39468720 0.18058370 -0.17464221
v -0.37377299 0.35118024 0.16353515
v -0.37190008 0.37366007 -0.20357337
v -0.37552488 0.36710066 0.16371304
v -0.37461004 0.38720993 -0.20149794
v -0.36765186 0.41782563 0.17009542
v -0.38230028 0.44003749 0.16749119
v -0.36695912 0.45003640 0.17143889
v -0.38206796 0.47306860 -0.17767088
v -0.37214421 0.47588043 -0.17749009
v -0.36971545 0.49198919 0.13865707
v -0.39990047 0.50516503 -0.15068407
v -0.37586654 0.52612103 -0.14176503
v -0.41695169 0.55080150 0.06287489
v -0.35542575 -0.01273000 -0.04409936
v -0.36366097 0.00574164 -0.07550914
v -0.37631987 0.03990100 -0.07558669
v -0.37601033 0.10976136 -0.07678233
v -0.33291472 0.29413242 -0.22964505
v -0.37188990 0.35786813 -0.19110662
v -0.36406268 0.37516701 -0.20648940
v -0.36805364 0.39758397 -0.20617134
v -0.35573601 0.37938812 0.17804036
v -0.36441271 0.46050408 -0.19962206
v -0.36297036 0.46748453 -0.19245480
v -0.37742371 0.48155414 0.14571503
v -0.35497982 0.49227426 -0.17002592
v -0.37009056 0.49627272 -0.16918438
v -0.40645620 0.51520089 -0.14853425
v -0.33810755 0.52257053 0.10135044
v -0.36572148 -0.00335213 0.02455207
v -0.34854258 -0.01000470 0.03295533
v -0.36219478 0.00557356 0.03564284
v -0.35292170 0.02117093 -0.07330638
v -0.36213977 0.03585280 0.03425573
v -0.35935284 0.06066536 -0.06749205
v -0.36273601 0.07215027 0.02998901
v -0.35939023 0.09088460 0.00059151
v -0.35938819 0.08133768 0.01967070
v -0.36405619 0.10582254 0.02922162
v -0.36271774 0.10866964 -0.06884245
v -0.35977523 0.11306139 0.01766065
v -0.35995850 0.11032176 -0.05774218
v -0.35757322 0.12768210 -0.06776542
v -0.36678946 0.12853406 0.03823348
v -0.35639825 0.13226083 0.03021779
v -0.36441499 0.34963455 -0.20005061
v -0.34610919 0.35682460 -0.20884361
v -0.37070914 0.42952036 -0.20316908
v -0.35940397 0.46988081 0.15927833
v -0.37130902 0.49989612 0.11488306
v -0.35284516 0.50018474 -0.15393518
v -0.36010156 0.51087370 -0.14867607
v -0.34679119 -0.01630809 -0.06598218
v -0.34482075 -0.01923021 0.01225558
v -0.35000059 0.03027864 -0.06781643
v -0.34774959 0.02658940 0.02726387
v -0.35033451 0.03663279 -0.05607288
v -0.35044117 0.03686088 0.01576462
v -0.35689835 0.04750177 0.02825061
v -0.35652002 0.06136675 -0.05749979
v -0.35658150 0.06210486 0.01790523
v -0.35427770 0.12956437 -0.03113011
v -0.34991916 0.13679937 -0.06904830
v -0.35188052 0.13447236 0.01665669
v -0.39129936 0.31582024 0.19014487
v -0.34759193 0.34826669 -0.21332486
v -0.35206898 0.35641355 0.17184303
v -0.35820004 0.41002070 -0.20442155
v -0.35046495 0.44592679 0.17434792
v -0.35561680 0.44494637 -0.21099963
v -0.34796235 0.46260682 -0.19710204
v -0.34806015 0.47462734 0.13226671
v -0.35760074 0.47932190 0.13999809
v -0.35335306 0.47641037 -0.17488418
v -0.34922657 0.49024365 0.13351990
v -0.35014577 0.49467567 0.12667473
v -0.34600196 0.50646808 0.10970198
v -0.33513982 0.51439412 0.10710658
v -0.41247260 0.56268794 -0.07587818
v -0.33694023 -0.02238008 -0.05424055
v -0.33710385 0.01871434 -0.05829794
v -0.33769811 0.01952289 0.01569010
v -0.34967320 0.13509693 -0.02958085
v -0.34689024 0.13916904 -0.08304484
v -0.34456064 0.13867724 0.03670939
v -0.28245900 0.19431873 0.14892921
v -0.29994733 0.26489355 0.18520345
v -0.32996751 0.30532559 -0.23046014
v -0.34990982 0.34988906 0.17378647
v -0.33216860 0.36779868 0.18215147
v -0.34758552 0.38941858 0.17929435
v -0.33845937 0.49231635 0.12062726
v -0.38227240 0.56593102 0.00541486
v -0.36451894 0.56430187 0.02095810
v -0.32933341 -0.01639164 -0.07607241
v -0.33478577 -0.01181018 0.03612776
v -0.34001081 0.00912579 0.03298492
v -0.33294822 0.01393102 0.02731444
v -0.39507760 0.16751053 0.11839960
v -0.33002086 0.34894826 -0.21690258
v -0.35046478 0.38098562 -0.21372376
v -0.34013349 0.40668677 0.17640164
v -0.33615683 0.39857646 -0.21068358
v -0.33744745 0.42635390 0.17797148
v -0.33276597 0.44171778 0.17224361
v -0.33528661 0.45943436 0.15337788
v -0.34497363 0.46071721 0.16289818
v -0.34393125 0.46944651 -0.17808144
v -0.33861257 0.48288983 -0.17036213
v -0.32970854 0.49601419 -0.14961802
v -0.33950404 0.49693441 0.11430059
v -0.33646631 0.50599716 -0.14800911
v -0.35059377 0.56615774 -0.05773427
v -0.32622657 0.01390551 0.01878485
v -0.36701174 0.14261799 0.06209790
v -0.32544678 0.15970782 -0.14845840
v -0.32242966 0.32623276 0.18835656
v -0.34724555 0.34623333 0.17687610
v -0.33452034 0.41898363 -0.22041019
v -0.32998165 0.44100706 -0.21367435
v -0.32702804 0.45826847 -0.17160631
v -0.33338276 0.46623208 0.10901487
v -0.31969644 0.47365900 -0.15773800
v -0.32958035 0.48824282 0.10578451
v -0.33100402 0.49950631 0.11060949
v -0.36019721 0.55748216 0.04958876
v -0.31009255 -0.02973052 0.02601333
v -0.33244752 -0.02123502 0.02884222
v -0.31446033 -0.01989783 0.03707454
v -0.33791919 -0.00386430 0.03590860
v -0.32893400 0.00280275 -0.07471764
v -0.31099829 0.00583694 0.02953404
v -0.29648105 0.00596835 0.02359917
v -0.26281933 0.30643288 0.19106374
v -0.31788715 0.39170422 0.17965342
v -0.32147151 0.44231422 -0.20679409
v -0.30757621 0.43939876 0.16224180
v -0.30856416 0.44720062 0.15266344
v -0.33299826 0.45709440 0.13086549
v -0.33518842 0.47509518 0.10240760
v -0.32453839 0.49189254 -0.14666554
v -0.31920338 0.49317938 -0.14410389
v -0.29057266 0.55760063 -0.09767183
v -0.30376373 -0.00427864 0.03512287
v -0.28823075 0.33406056 -0.22676722
v -0.31452073 0.34862692 -0.21890676
v -0.32035041 0.35005497 0.17743537
v -0.31384140 0.37937949 0.18463306
v -0.30552795 0.40288385 -0.21806922
v -0.31827990 0.45629161 0.12226776
v -0.31322306 0.46769880 -0.15939473
v -0.31352078 0.46544620 0.10561407
v -0.30689427 0.47531844 0.10163706
v -0.31040931 0.48310361 -0.14513924
v -0.31398046 0.48331815 0.09894616
v -0.26835733 0.51533518 0.10758254
v -0.30363425 0.54099063 -0.12565395
v -0.32348701 0.56090059 -0.08723997
v -0.31199557 -0.02948469 -0.06562634
v -0.29206965 0.00573320 -0.06631048
v -0.33437707 0.01344234 -0.06792753
v -0.32408987 0.01309652 -0.05889761
v -0.23977449 0.13824263 0.04026325
v -0.32220918 0.18296326 0.13795713
v -0.43612188 0.21598758 -0.20298853
v -0.30847805 0.34197364 0.17855133
v -0.31616197 0.35862808 -0.21971326
v -0.31293510 0.36220226 0.18439356
v -0.30456810 0.38627712 -0.22292097
v -0.30953168 0.41962135 -0.21812575
v -0.30267965 0.42401538 0.16757699
v -0.30877191 0.44114560 -0.18990062
v -0.30165575 0.43365959 -0.19526251
v -0.30405158 0.47244337 -0.15586574
v -0.28876136 0.46940120 0.12901510
v -0.30587719 0.49617707 -0.14499199
v -0.30007704 0.48477132 0.10728027
v -0.29991255 0.49449541 0.11204483
v -0.31208200 0.50628301 0.11156530
v -0.30902688 0.50751469 -0.14758015
v -0.32247490 0.52259328 -0.14221500
v -0.34197433 0.53659563 0.08703618
v -0.29563528 -0.02740628 -0.07416736
v -0.31046005 0.32269720 -0.22992771
v -0.29639307 0.33418464 0.18478521
v -0.28340648 0.34663762 -0.22258994
v -0.27764036 0.38180604 0.18622157
v -0.29422613 0.40026895 -0.21780385
v -0.29181596 0.40382089 0.16477092
v -0.29571378 0.41643488 -0.21096611
v -0.29363114 0.44805239 0.14543342
v -0.29681395 0.45230898 -0.16874625
v -0.29973690 0.45601277 0.12999643
v -0.29213235 0.46244729 -0.16470520
v -0.30311277 0.48950597 -0.15014026
v -0.29398938 0.48684783 -0.16210518
v -0.28684307 -0.00468168 -0.07489426
v -0.31173005 0.13752094 0.01495651
v -0.33091466 0.16109264 0.11014309
v -0.27888793 0.40971204 0.16357868
v -0.28880712 0.43941066 0.15555693
v -0.28094591 0.49079879 0.13196686
v -0.29123295 0.49194778 0.11472541
v -0.27732905 0.50017510 0.11304181
v -0.26039525 -0.01147899 -0.07626998
v -0.28562758 0.23938174 0.17640486
v -0.29861982 0.36644577 -0.22449832
v -0.27851403 0.38624690 -0.22545459
v -0.28131384 0.44212395 -0.18481236
v -0.27855813 0.45920633 0.13568421
v -0.28760753 0.49834144 -0.14909077
v -0.28082606 -0.03184103 -0.06653581
v -0.28300673 -0.03275753 -0.05858896
v -0.28265890 -0.03260677 0.01969783
v -0.29269703 -0.01996623 -0.07708241
v -0.23561827 -0.01967453 0.03729382
v -0.27281395 -0.00433028 0.03527367
v -0.28782405 0.00584356 0.01740322
v -0.34017005 0.13759452 -0.03703857
v -0.29819970 0.20282323 -0.19483549
v -0.27413062 0.34980696 0.18280415
v -0.27596520 0.36932226 0.18799356
v -0.28175572 0.39293949 0.17929394
v -0.28434898 0.41794210 -0.20283593
v -0.25389850 0.44680225 0.14853997
v -0.27741747 0.48302283 0.13856848
v -0.27775869 0.48395864 -0.17419977
v -0.27731345 0.50666818 -0.14765378
v -0.28990178 0.56797365 -0.00784371
v -0.18687828 0.56866201 -0.00019893
v -0.28422825 -0.02778595 0.03523888
v -0.23935198 0.14280157 -0.11030941
v -0.28307738 0.15397690 0.09807185
v -0.25987121 0.16921970 -0.16327275
v -0.26970623 0.34119089 0.18197268
v -0.25037731 0.35595223 -0.22254193
v -0.26901422 0.41087574 0.16303022
v -0.25699687 0.42524450 0.15739392
v -0.27631455 0.44966212 -0.17353436
v -0.27677935 0.47159872 -0.17058185
v -0.27586776 0.49156887 -0.17138068
v -0.25904603 0.49913463 -0.15314833
v -0.27007922 0.49244619 0.13407355
v -0.23802929 0.55728551 0.05387436
v -0.25812405 0.56490566 -0.07478724
v -0.22534563 0.13769754 -0.06942553
v -0.25678809 0.18497963 -0.18064042
v -0.25171844 0.37333282 -0.22815150
v -0.25254279 0.37681301 0.18846349
v -0.27025728 0.39662860 -0.21732550
v -0.24447172 0.40070173 0.18547963
v -0.25925356 0.40824478 -0.20043340
v -0.25585785 0.41013618 0.17869151
v -0.25690300 0.43585085 -0.19187701
v -0.25483605 0.45232583 -0.17225170
v -0.26123740 0.45831219 0.13594161
v -0.25561222 0.48371329 -0.16656322
v -0.25582119 0.48948326 0.13156957
v -0.24313452 0.49810702 0.11372858
v -0.24768556 0.00702520 -0.05744919
v -0.24705542 0.00724525 0.00372312
v -0.22362368 0.13721313 -0.05056809
v -0.26550978 0.14906969 0.08722331
v -0.22143197 0.17398370 0.13023422
v -0.24471919 0.29553668 0.19068790
v -0.25555168 0.35004791 0.17943851
v -0.24454222 0.40880683 -0.21564865
v -0.24760172 0.41754370 -0.19800150
v -0.25432381 0.47205858 -0.16585704
v -0.25213444 0.47181904 0.12828161
v -0.25150271 0.49143908 -0.16190338
v -0.24794594 0.50516717 -0.14806581
v -0.21616064 0.52742159 0.09856175
v -0.23928231 0.00464853 -0.06761743
v -0.23794929 0.01071590 -0.04951284
v -0.23970627 0.01166348 -0.01853373
v -0.18990647 0.15893734 0.11124257
v -0.14433716 0.19914643 -0.19316802
v -0.25375848 0.22882345 -0.21058684
v -0.26849295 0.32600411 0.18885756
v -0.25284844 0.33673476 -0.22685514
v -0.26077306 0.33412956 0.18571570
v -0.25061426 0.39284486 -0.22520306
v -0.23558565 0.41610182 0.18259719
v -0.23943728 0.42593381 -0.20359892
v -0.24697563 0.42525171 0.17534642
v -0.24818176 0.44713470 0.15110152
v -0.24806155 0.44180820 -0.18679119
v -0.24712740 0.45969842 -0.16806090
v -0.24052449 0.46329852 0.12859071
v -0.23942427 0.47767033 0.11153374
v -0.23233758 0.48860424 -0.14831380
v -0.24399589 0.49274050 0.11878551
v -0.22705329 0.50677507 0.11190947
v -0.19496648 0.55151330 -0.11210769
v -0.24518466 0.00434623 0.02775874
v -0.22980475 0.01014091 -0.05661406
v -0.23719758 0.02386084 -0.04944434
v -0.24111237 0.02565614 -0.02024564
v -0.23390305 0.02250946 0.01284364
v -0.22778267 0.13710777 0.00753960
v -0.25150230 0.14285003 0.06834834
v -0.23907743 0.35752762 -0.21714292
v -0.23874920 0.35736314 0.17382611
v -0.22551600 0.39355986 -0.22344441
v -0.22662463 0.40891307 0.18197395
v -0.23694185 0.45308935 -0.18747269
v -0.23395672 0.46228083 0.16140693
v -0.23929320 0.46471155 -0.16372693
v -0.23795283 0.47525154 -0.15399317
v -0.22908988 0.47515394 0.11548744
v -0.22813868 0.47551138 0.14742041
v -0.23167849 0.47981006 0.10828508
v -0.22833523 -0.03184594 -0.04358714
v -0.20673878 -0.01959999 -0.07723159
v -0.23345280 -0.02724045 -0.07429508
v -0.20897128 -0.00408917 -0.07557175
v -0.23407887 0.01151929 0.01143245
v -0.23074097 0.00720771 0.01932653
v -0.22067520 0.01954550 0.01731946
v -0.21617420 0.04707085 -0.00267758
v -0.22415933 0.13719530 0.00098350
v -0.25074088 0.13985346 -0.09317135
v -0.30165373 0.27897720 0.18823319
v -0.23453626 0.35098879 -0.21895929
v -0.22966012 0.35721000 -0.20156263
v -0.22110851 0.35150440 -0.20577601
v -0.22563740 0.36883692 -0.20846750
v -0.22315077 0.36805988 -0.19829084
v -0.22752450 0.37710990 0.17997415
v -0.23100746 0.40687793 -0.22185232
v -0.22889010 0.43794626 0.17762310
v -0.23003703 0.47398623 -0.15657938
v -0.24803441 0.51846683 -0.14532158
v -0.27075926 0.56168763 0.03977049
v -0.28049502 -0.03155752 0.02755498
v -0.21982703 0.00747888 -0.06035289
v -0.22482407 0.01501998 -0.05802889
v -0.22920515 0.02347778 -0.05762775
v -0.22711946 0.03866129 -0.02604279
v -0.22141962 0.03186050 0.01687205
v -0.21350307 0.05823772 -0.01375840
v -0.21577232 0.12995324 -0.04153577
v -0.21289416 0.13600421 -0.05566408
v -0.21631873 0.13061209 0.00198982
v -0.21330227 0.13529498 0.01518950
v -0.16596856 0.14049631 0.07028521
v -0.22585341 0.15936883 -0.15040483
v -0.22036400 0.33043650 -0.22970116
v -0.22693874 0.35557155 -0.19770941
v -0.24200442 0.34432179 0.17878092
v -0.21577621 0.36683392 0.15504085
v -0.21584213 0.37353064 0.16173295
v -0.21057559 0.39636048 -0.21644408
v -0.20727205 0.39462532 0.17063025
v -0.21374926 0.41417196 -0.22193414
v -0.22412124 0.42957081 -0.21908201
v -0.22302972 0.45630445 -0.20608807
v -0.22089383 0.42832306 0.18015731
v -0.20787558 0.44673169 0.17563669
v -0.20903892 0.46740100 0.16917501
v -0.22077681 0.47232546 -0.19166157
v -0.21872919 0.49547234 0.11514509
v -0.21227176 0.49348981 0.12107940
v -0.20507237 0.48987704 0.14970228
v -0.22087064 0.49584984 -0.14882852
v -0.23031568 0.49629870 0.11382929
v -0.22015794 0.51277413 -0.14863698
v -0.16835066 0.54000274 -0.12799379
v -0.27251140 0.54764828 0.07321723
v -0.11025414 0.55944494 -0.09737383
v -0.23140943 -0.01118030 0.03683831
v -0.21491970 0.00506711 -0.06608665
v -0.21442443 0.01163906 0.01220451
v -0.20986256 0.00854787 0.01423949
v -0.20902538 0.01171900 -0.05046211
v -0.20699340 0.02482051 -0.05968979
v -0.20658028 0.10705239 -0.00417297
v -0.19118060 0.31431500 -0.23089430
v -0.20605925 0.34679562 -0.19959927
v -0.22797744 0.35036327 0.16924711
v -0.20234675 0.35775716 0.15152565
v -0.22464266 0.35488181 0.15929637
v -0.21076628 0.35497122 -0.18889756
v -0.21588669 0.37003069 -0.19118976
v -0.20297516 0.39457656 -0.20784868
v -0.20115226 0.39011690 0.15919851
v -0.20330874 0.38737268 -0.19732653
v -0.20288968 0.43323994 -0.21927132
v -0.19998373 0.45419873 -0.21553373
v -0.20842395 0.48822479 -0.18260511
v -0.28835498 0.53026632 -0.13667964
v -0.20180798 0.00686097 -0.05246377
v -0.20321180 0.01141422 -0.00280356
v -0.20223597 0.02763981 0.01931115
v -0.20240371 0.04942549 -0.05898371
v -0.20463557 0.05712886 -0.05384793
v -0.19599134 0.08181749 -0.04412225
v -0.20670236 0.06379767 -0.00143093
v -0.21409977 0.05361453 -0.03523682
v -0.20514397 0.08353789 -0.00593277
v -0.20369842 0.08916626 -0.03425249
v -0.20615601 0.10708713 -0.03895057
v -0.19500638 0.10587087 0.01013142
v -0.20204204 0.12851917 0.01763965
v -0.15699632 0.34176754 -0.22276876
v -0.22588854 0.34376376 -0.22521067
v -0.18209650 0.34812268 -0.21613364
v -0.19646671 0.34828696 -0.20941573
v -0.19893802 0.36084096 -0.18761982
v -0.19398193 0.38789477 0.15459023
v -0.19924819 0.41978753 -0.21706914
v -0.20990845 0.42166883 0.17735296
v -0.20119924 0.47089400 -0.20820709
v -0.18335141 0.49930381 -0.15287065
v -0.21430368 0.49215422 -0.15369357
v -0.20813082 0.49267956 0.13755800
v -0.19834275 0.50112273 -0.15049817
v -0.18884550 0.50092355 0.11408155
v -0.20054629 0.51690164 0.10726213
v -0.17955254 0.56963002 -0.02018555
v -0.20247654 -0.02633754 0.03405850
v -0.19742202 0.01093383 -0.02124712
v -0.19591385 0.02291114 0.01171065
v -0.19634219 0.02263250 -0.05218335
v -0.18970514 0.03549351 0.01737853
v -0.19240899 0.02960772 -0.05848975
v -0.19972045 0.04673760 0.01892065
v -0.20353921 0.05675481 0.01359478
v -0.19250529 0.06965219 0.01833787
v -0.19290591 0.08515586 -0.05041137
v -0.19344595 0.09320902 0.00513093
v -0.19049643 0.09155484 0.01345812
v -0.20377204 0.13033937 -0.05834509
v -0.20485633 0.13596147 -0.06632049
v -0.20029590 0.13582926 0.02703121
v -0.24234737 0.14988379 -0.13157275
v -0.19187716 0.35252076 0.16015198
v -0.19357457 0.38731427 -0.19320532
v -0.19094078 0.39583301 -0.19683080
v -0.18395973 0.41187746 -0.20099073
v -0.18831449 0.47910925 0.16272265
v -0.18347742 0.48671415 -0.19062193
v -0.18700060 0.49644117 0.12535897
v -0.14924554 0.55197204 0.06702813
v -0.18578821 -0.64096249 -0.04502636
v -0.17873871 -0.61364316 -0.06855360
v -0.18972020 -0.63220751 -0.03996569
v -0.18235758 0.00519540 -0.06844414
v -0.19579536 0.00712821 0.00198806
v -0.17692281 0.02797269 -0.02250296
v -0.17870584 0.05082257 0.01840256
v -0.18486963 0.07373780 0.01896729
v -0.17082900 0.06620713 -0.05883171
v -0.18995560 0.07398757 -0.05883235
v -0.19377044 0.09961569 -0.04844275
v -0.19207645 0.11828810 -0.06039014
v -0.18011961 0.13186482 -0.06506772
v -0.16936531 0.13401180 0.02867856
v -0.19287629 0.34449227 0.17926080
v -0.16975917 0.35184178 0.17318757
v -0.18688230 0.35734931 0.15234751
v -0.18908973 0.36994289 0.15164704
v -0.18483953 0.38443986 -0.19790009
v -0.17900698 0.39619482 0.16802642
v -0.19100947 0.40709395 0.16217923
v -0.18520103 0.43743603 -0.21072777
v -0.18255323 0.45463255 0.17055758
v -0.17492551 -0.64492241 -0.07037894
v -0.17685757 -0.64422415 0.01247296
v -0.18309703 -0.64164933 0.01949121
v -0.18111683 -0.63261398 -0.08299793
v -0.18680184 -0.63243933 0.02369462
v -0.17018261 -0.61006195 -0.08891561
v -0.17790418 -0.60703308 -0.05020094
v -0.18559453 -0.62084529 -0.00615705
v -0.17637560 -0.60340359 -0.00728593
v -0.17552679 -0.60955477 0.03744939
v -0.20429007 0.00413753 0.02859849
v -0.17953808 0.04910098 -0.05951422
v -0.18368167 0.09073497 0.01950463
v -0.18480952 0.10560703 -0.05963871
v -0.18571874 0.10996965 0.01946253
v -0.18386642 0.13642231 -0.08327214
v -0.19459995 0.29158215 -0.22900651
v -0.18534993 0.34797046 -0.19961699
v -0.17086354 0.34935304 -0.21191533
v -0.16923442 0.35756666 -0.20535347
v -0.17323417 0.36560768 0.15921554
v -0.18108872 0.37777997 0.16186501
v -0.16314663 0.38150747 -0.21551075
v -0.17623189 0.40505041 -0.19854811
v -0.16358524 0.40492296 0.16881192
v -0.17720214 0.42648185 -0.20707416
v -0.17204460 0.45466298 -0.20856828
v -0.17302500 0.48664111 0.14688527
v -0.15701479 0.51529746 -0.14771678
v -0.17528258 -0.64148510 -0.09245405
v -0.16315411 -0.64728514 0.05631749
v -0.17726530 -0.64098409 0.04624737
v -0.17111424 -0.63169118 -0.09900401
v -0.17530662 -0.63227953 0.05515230
v -0.16831671 -0.60095952 0.03910931
v -0.15895540 -0.59418288 -0.07177854
v -0.14288531 -0.02974531 0.01692530
v -0.18516013 0.00738318 -0.02004590
v -0.18107586 0.03745842 0.01088047
v -0.17238283 0.06595486 0.01826183
v -0.16307567 0.09983849 0.01888573
v -0.16341458 0.13206063 -0.06263411
v -0.16576156 0.12923487 0.02254094
v -0.11935819 0.14242814 -0.12274761
v -0.11395798 0.28663982 0.18970564
v -0.16154039 0.35674746 0.16970927
v -0.16980045 0.38595964 0.17501204
v -0.15105311 0.40744148 -0.21042810
v -0.18813710 0.43201762 0.16865281
v -0.18640095 0.47084359 -0.20744995
v -0.16613606 0.49025787 0.11707413
v -0.16862565 0.50476127 0.11107661
v -0.17127558 0.49880190 -0.15093751
v -0.16439941 -0.64065043 0.06748386
v -0.15384319 -0.59513967 -0.08879263
v -0.15504222 -0.59443828 0.04556268
v -0.17026195 -0.60022323 -0.06707879
v -0.16098916 -0.59451151 -0.00500747
v -0.14783961 -0.02837840 0.02871794
v -0.19365277 0.00617761 0.02181483
v -0.17262584 0.04802328 -0.05116256
v -0.16800651 0.06078755 0.01272688
v -0.16031237 0.08492223 0.01280563
v -0.16181073 0.11782033 -0.05945666
v -0.10594423 0.16186545 -0.15865663
v -0.21777921 0.21052453 0.16143219
v -0.15270323 0.35891137 0.17286157
v -0.16738443 0.37228181 -0.20754094
v -0.17226167 0.39321092 -0.20616498
v -0.15378172 0.41632869 0.17641842
v -0.15400950 0.43914636 0.17340312
v -0.16533557 0.47083576 0.16006440
v -0.16738632 0.47559297 -0.19528889
v -0.16158522 0.50275529 -0.14948182
v -0.16284113 -0.63925855 -0.10766970
v -0.16007034 -0.60977924 0.06360404
v -0.15915231 -0.60820447 -0.10110841
v -0.15186261 -0.60055622 0.05662370
v -0.16017644 -0.59428299 -0.02380390
v -0.15911117 -0.59433609 0.03141224
v -0.14863714 -0.59184571 0.05257805
v -0.13427777 -0.02923820 -0.06020060
v -0.12891894 -0.02256684 -0.07583963
v -0.13153378 -0.01238984 0.03705033
v -0.16573451 0.00392266 0.03055803
v -0.15657066 0.05730177 -0.01905456
v -0.16004159 0.07869967 -0.05231730
v -0.15074534 0.13309507 -0.05926772
v -0.16017834 0.18381425 -0.18100958
v -0.11796737 0.25220682 0.18164930
v -0.15418318 0.35097090 -0.21080510
v -0.15033642 0.35969276 -0.20679075
v -0.15023376 0.37602164 -0.22009451
v -0.16116963 0.47582541 0.15051217
v -0.16795538 0.48755472 -0.17374481
v -0.15373798 0.47283190 0.12947679
v -0.15528917 0.48664219 0.11275217
v -0.13820677 0.52573271 -0.14150381
v -0.20752030 0.56807054 -0.05747208
v -0.14973300 0.56731728 0.01751165
v -0.16265912 -0.64833948 -0.09655056
v -0.13146944 -0.65569625 0.06645041
v -0.15037669 -0.64920666 0.06892810
v -0.14538335 -0.64022384 0.07552543
v -0.14521772 -0.60990841 0.06995521
v -0.14727521 -0.61844861 -0.11022947
v -0.14214853 -0.59948351 -0.09804992
v -0.14438819 -0.56957982 -0.08975735
v -0.15336856 -0.58058721 -0.02689936
v -0.15093692 -0.02869357 -0.06862483
v -0.14539899 -0.00132136 -0.07507123
v -0.14791410 0.00816271 -0.06921694
v -0.15395390 0.00997488 0.01799771
v -0.14896880 0.01058141 -0.05859076
v -0.13638662 0.01796638 0.01942366
v -0.14614137 0.08422747 -0.01841225
v -0.15239470 0.12172075 0.00907095
v -0.14874371 0.13259556 0.01560356
v -0.08000062 0.17770824 0.13732632
v -0.22705529 0.31853453 0.19045945
v -0.16366110 0.32864398 -0.22924056
v -0.15987575 0.34231493 0.18259952
v -0.13748343 0.34936768 -0.21490504
v -0.14025004 0.41473643 -0.21230637
v -0.14025249 0.45329983 -0.19217447
v -0.14491807 0.47746026 -0.15282603
v -0.14209313 0.48484882 -0.14605046
v -0.14567696 0.48952313 0.10996071
v -0.14278867 0.50686492 0.11022780
v -0.20544654 0.53565004 0.08973020
v -0.00703525 0.57101023 -0.04904406
v -0.14895962 -0.65014281 -0.10884393
v -0.13569817 -0.58960495 0.05885312
v -0.15599799 -0.58462905 -0.00701005
v -0.13886765 -0.56232489 0.05231485
v -0.13264910 -0.02085790 0.03679112
v -0.13805567 -0.01843776 -0.07779845
v -0.13766561 0.00911717 0.03072360
v -0.14612415 0.11869748 -0.04078094
v -0.13847052 0.12659339 -0.02426319
v -0.14167874 0.12128550 -0.00819641
v -0.13974431 0.13162429 -0.03988414
v -0.13951421 0.13018583 -0.00382813
v -0.13734812 0.13350051 -0.04364027
v -0.13761565 0.13295062 0.00641029
v -0.13276897 0.13366152 0.03326163
v -0.13040972 0.15085030 0.10036388
v -0.26894601 0.24745317 -0.21848412
v -0.19998426 0.26740304 -0.22465639
v -0.07548453 0.29919054 0.19111765
v -0.15121259 0.35115915 0.17518481
v -0.13350049 0.35744272 0.17559439
v -0.14461251 0.37401969 0.18235113
v -0.14526896 0.39657831 -0.20964291
v -0.14377812 0.39349070 0.17277249
v -0.13246914 0.43472779 -0.20367805
v -0.15222838 0.45417916 -0.20209642
v -0.14446150 0.46031880 0.14327227
v -0.14293325 0.46263553 -0.17374494
v -0.13734781 0.46284680 0.13793238
v -0.14426705 0.47507801 0.12107830
v -0.13562189 -0.64641866 -0.11437599
v -0.12283717 -0.65007392 0.07562068
v -0.12305164 -0.60452715 -0.10034026
v -0.12967555 -0.56802593 -0.09793693
v -0.12612761 -0.55821382 0.05798082
v -0.13323403 -0.54362023 -0.09183458
v -0.12798875 -0.52951189 0.05234402
v -0.13868333 -0.53828947 -0.07946162
v -0.13105253 -0.51188774 0.03550061
v -0.14091637 -0.54873958 0.04313393
v -0.13733783 -0.52762681 -0.06142499
v -0.15488251 -0.58149778 -0.03483263
v -0.12660676 -0.49906786 -0.02751523
v -0.15113676 -0.58137116 -0.01978429
v -0.12184790 -0.48906736 0.04293887
v -0.12746946 -0.49806287 0.02115034
v -0.12888579 -0.02793787 0.02580280
v -0.12357827 -0.02685611 -0.06571278
v -0.13039324 0.01986744 -0.06808114
v -0.12241185 0.02570283 0.02902877
v -0.12949086 0.12859769 -0.02747382
v -0.13727591 0.13381229 -0.07644081
v -0.13094897 0.13176012 0.02311506
v -0.13031131 0.36915079 -0.21669213
v -0.12586587 0.38309219 -0.21256898
v -0.10754511 0.38775220 0.17463396
v -0.13037956 0.40877826 0.17828052
v -0.13047502 0.45369947 0.14380166
v -0.12944132 0.49773038 0.11275798
v -0.13902100 0.51144925 0.10867637
v -0.12352200 -0.65758925 0.05814846
v -0.12182879 -0.65630352 0.07013376
v -0.10440612 -0.65457977 -0.11367230
v -0.13298698 -0.61534404 -0.11059652
v -0.12825479 -0.60054299 0.06030833
v -0.11894613 -0.53906058 -0.09795472
v -0.11763700 -0.53396420 0.05775608
v -0.12424522 -0.49714948 -0.08246702
v -0.12125268 -0.48144160 -0.07495137
v -0.11312082 -0.45282842 -0.06154720
v -0.12105959 -0.48224760 -0.00847318
v -0.12170065 0.01467852 -0.07364005
v -0.11079676 0.03229956 -0.07344238
v -0.13316996 0.02102623 -0.05856379
v -0.12669075 0.02950307 0.01758296
v -0.12123569 0.04060413 -0.05823268
v -0.12374317 0.12051258 -0.05767808
v -0.12440271 0.12068561 0.01908441
v -0.12474871 0.13022160 -0.07131443
v -0.12110094 0.12547508 0.02993711
v -0.10203142 0.15036964 -0.14133937
v -0.07967933 0.28285657 -0.22689711
v -0.16111719 0.32992520 0.18861124
v -0.13452621 0.36011706 -0.21534923
v -0.13108693 0.44410424 0.15398449
v -0.12690541 0.46225786 -0.17156738
v -0.13386494 0.47081017 -0.16264080
v -0.12919033 0.49729165 -0.15126833
v -0.13078806 0.49061988 0.12415769
v -0.16659368 0.54591845 0.07679397
v -0.12188390 -0.65794050 -0.10766979
v -0.11843395 -0.57216300 -0.09904083
v -0.11407897 -0.55557976 0.05892326
v -0.11878488 -0.50373062 0.05330162
v -0.11590463 -0.02467310 -0.05569892
v -0.11536995 -0.00893178 -0.07749744
v -0.12118918 -0.01945968 0.03552225
v -0.11111997 -0.00744820 0.03723924
v -0.09949361 0.03786835 -0.07884531
v -0.11766450 0.05482805 0.01904684
v -0.11636271 0.04452442 -0.06699956
v -0.11603686 0.08082923 0.01075979
v -0.11436347 0.07738882 0.02337654
v -0.11534265 0.07258379 -0.05623261
v -0.11838129 0.09960195 0.01822622
v -0.11739577 0.09795363 -0.05785848
v -0.11319961 0.10304004 0.02807793
v -0.11593957 0.11451834 -0.06840521
v -0.12972817 0.13733781 -0.10215556
v -0.11247722 0.13153275 0.03746434
v -0.09054175 0.13387942 0.05192365
v -0.20994034 0.16710677 0.12216553
v -0.12752390 0.21228327 -0.20177985
v -0.11355573 0.31303332 -0.22928962
v -0.11179910 0.35158365 -0.21041801
v -0.10188444 0.37670378 -0.21111252
v -0.11733159 0.41530837 -0.20785920
v -0.10827987 0.43387517 0.15289415
v -0.12262515 0.44817576 -0.18370533
v -0.10651423 0.45487995 0.14214709
v -0.11447574 0.48027307 -0.17864680
v -0.11427874 0.47895524 0.14068909
v -0.11487368 0.49929176 0.11380994
v -0.11303085 0.49593724 0.12453215
v -0.09852233 0.51625523 0.10620142
v -0.03413981 0.55839239 0.05564228
v -0.08565851 -0.62781402 -0.11006924
v -0.10640805 -0.62079168 0.07228788
v -0.09502426 -0.59547905 -0.09502258
v -0.10656545 -0.52714193 0.05858868
v -0.10599469 -0.49912468 0.05784328
v -0.12174454 -0.50788630 -0.09143635
v -0.11017060 -0.47305700 0.05224653
v -0.10770195 -0.44522801 -0.08265413
v -0.11715435 -0.48004342 -0.01963488
v -0.11890185 -0.47232179 -0.03513568
v -0.11246402 -0.02259337 0.02565114
v -0.09786876 -0.00716102 -0.07519277
v -0.09512092 0.00535006 -0.07828003
v -0.10548264 0.01285064 0.03587369
v -0.10005719 0.03551965 0.03868615
v -0.11235623 0.07768068 -0.06672586
v -0.11308358 0.05246140 0.02807981
v -0.09783772 0.10829692 -0.07413147
v -0.08856572 0.12973210 -0.07699878
v -0.10512207 0.11840493 0.03170512
v -0.08762088 0.13409815 -0.09500593
v -0.05318659 0.23639734 -0.21401114
v -0.07669612 0.31036650 0.19136621
v -0.10190483 0.34990006 0.17481969
v -0.10927752 0.35779142 0.17505087
v -0.11906834 0.37050157 0.18217723
v -0.11378257 0.39486248 -0.21446127
v -0.09254780 0.40656156 -0.20914801
v -0.10217183 0.40084460 0.17605571
v -0.11139052 0.41299711 0.17513391
v -0.12225615 0.42850299 0.16874571
v -0.12512460 0.44238804 -0.19100548
v -0.09843909 0.45005681 -0.18665047
v -0.08945584 0.43789867 0.15015308
v -0.10512897 0.46862833 -0.18330372
v -0.10551973 0.48963494 0.14030291
v -0.11658852 0.49148172 -0.16868932
v -0.10705237 0.49719353 -0.17218028
v -0.10487860 0.50020816 -0.15292897
v -0.09003362 0.50710955 0.10928509
v -0.10785014 0.52331175 0.10139671
v -0.10533132 -0.65558450 0.07523758
v -0.09538034 -0.60119422 0.05552135
v -0.10165394 -0.51348126 -0.09788957
v -0.09421972 -0.58558897 0.05462914
v -0.10810428 -0.50280148 -0.09727074
v -0.09762053 -0.48192249 0.05884701
v -0.09998663 -0.46589541 -0.09562290
v -0.08877968 -0.43823525 0.05792019
v -0.09388047 -0.42065751 0.05217138
v -0.10363606 -0.45254504 -0.09164911
v -0.09354942 -0.39519681 -0.00803794
v -0.09244713 -0.40192878 -0.01973840
v -0.09371623 -0.40150898 0.04333398
v -0.10806394 -0.44110706 -0.02748549
v -0.10523207 -0.43166915 0.03535945
v -0.09818886 -0.01498431 -0.06453864
v -0.09812135 -0.01513010 0.01663903
v -0.09844994 -0.01196707 0.02795013
v -0.09819153 -0.00292880 0.03673357
v -0.10007455 0.07599512 0.03556760
v -0.10574769 0.09611643 -0.07269105
v -0.09683005 0.09966267 0.03502383
v -0.08731973 0.13142131 0.03977592
v -0.09333937 0.13295002 -0.08325188
v -0.10485906 0.33060394 -0.22597758
v -0.09642831 0.42090264 -0.19872113
v -0.10397544 0.42003010 0.16994983
v -0.10286140 0.49144203 -0.18387130
v -0.09797416 0.49669668 -0.17721878
v -0.09664761 0.51298489 -0.14774309
v -0.09455148 -0.66494881 -0.10694477
v -0.10004303 -0.66350644 0.06650293
v -0.09426604 -0.50472708 0.05840590
v -0.08675826 -0.45570286 -0.09762524
v -0.08633648 -0.42454556 -0.09602918
v -0.09707864 -0.40326087 0.02186481
v -0.08800706 -0.38259016 -0.08236310
v -0.08244958 -0.35756739 -0.03507555
v -0.07435284 -0.33742341 -0.02726148
v -0.09013730 -0.00702894 -0.07903515
v -0.09042054 -0.01583025 -0.06130392
v -0.09017929 -0.01630668 0.01481101
v -0.09088153 0.02191251 -0.09631097
v -0.09674941 0.02591336 0.04156435
v -0.08671745 0.01761755 0.06445225
v -0.08370027 0.07624382 0.07084220
v -0.09071349 0.06088832 -0.10170768
v -0.09043795 0.07375048 0.05850123
v -0.09753927 0.06907008 -0.07994189
v -0.09252897 0.09720291 0.04292235
v -0.09034040 0.10194924 -0.08214842
v -0.08914806 0.12073509 -0.07426679
v -0.07882355 0.13873810 0.07640682
v -0.10248705 0.34156002 -0.22008822
v -0.08537799 0.34762401 -0.21624595
v -0.10269748 0.35803477 -0.20709551
v -0.09049154 0.37395340 0.17288741
v -0.07725063 0.39682765 -0.20920875
v -0.09946282 0.47645037 -0.18230632
v -0.08998004 0.48897507 -0.17086248
v -0.08613883 0.49236794 -0.16321561
v -0.07837693 0.49505970 0.11264028
v -0.08064744 0.49125218 0.12116976
v -0.08891913 -0.61110211 0.05742120
v -0.08365342 -0.54033973 -0.09400399
v -0.08551239 -0.54179696 0.05436192
v -0.08518400 -0.45656480 0.05993300
v -0.07817862 -0.39649938 0.05705971
v -0.09193561 -0.41242151 -0.09083698
v -0.07201035 -0.32622881 0.02587033
v -0.07814790 -0.37024795 0.05186293
v -0.08765413 -0.37218151 -0.06438137
v -0.08453811 -0.31158582 -0.07885778
v -0.08607858 -0.31175369 -0.02307508
v -0.07593063 -0.31863726 0.04263101
v -0.08476872 -0.31145446 0.03796358
v -0.08864533 -0.30264174 -0.07276531
v -0.09037746 -0.30257676 -0.02431646
v -0.08892505 -0.30265440 0.02973997
v -0.08473453 -0.29301824 -0.09272830
v -0.09005134 -0.29504431 -0.01760076
v -0.08763854 -0.29148199 -0.07124688
v -0.08327965 -0.27734221 -0.02147090
v -0.08614734 -0.01925801 -0.07620370
v -0.08688573 -0.02114925 -0.03108610
v -0.08933884 -0.00595861 0.04039415
v -0.08648452 -0.00487655 0.05636212
v -0.07909409 0.02224556 0.07527051
v -0.08444975 0.03594027 -0.11078453
v -0.08163712 0.07495517 -0.11445682
v -0.08382568 0.10294080 -0.10408333
v -0.08453561 0.10391577 0.06099227
v -0.08759537 0.12110992 0.03412734
v -0.07936886 0.12891249 0.05121628
v -0.02852879 0.15661350 0.11418051
v -0.02707611 0.32531572 -0.22713753
v -0.07387826 0.34277733 0.18199537
v -0.08912486 0.35859503 0.17031001
v -0.08530582 0.38729958 -0.20986424
v -0.07504197 0.45585564 -0.18189525
v -0.08257214 0.48007426 0.13071498
v -0.08296473 0.47673666 -0.17298511
v -0.08751915 0.56736913 -0.07121557
v -0.22840895 0.56898943 -0.03732600
v -0.07599111 -0.66271905 -0.11362674
v -0.08078044 -0.66134640 0.07511191
v -0.07512161 -0.61427738 -0.09664070
v -0.07743923 -0.60785632 0.05656559
v -0.08008940 -0.57845087 -0.09579264
v -0.07237964 -0.53399889 -0.09342047
v -0.07799466 -0.40877304 -0.09742625
v -0.07766876 -0.36813009 -0.09093180
v -0.07316563 -0.34308028 -0.01918885
v -0.07128097 -0.32620161 0.03489089
v -0.08735853 -0.37382816 -0.07469664
v -0.07211820 -0.32667728 -0.06997652
v -0.07086051 -0.32641395 -0.00410242
v -0.07588581 -0.31914095 -0.07342778
v -0.07451525 -0.31966639 -0.01378876
v -0.06919793 -0.31204633 -0.11359559
v -0.08128409 -0.30923395 -0.09848656
v -0.07806757 -0.31187554 0.05947279
v -0.07033883 -0.30950495 0.07385505
v -0.07686105 -0.29901739 -0.10847654
v -0.07602939 -0.29066212 0.06737840
v -0.08470490 -0.29998065 0.05484253
v -0.08691213 -0.29038067 0.03974378
v -0.07604015 -0.25679611 -0.08204389
v -0.07548829 -0.25460721 0.03800310
v -0.06908348 -0.23902681 0.05589276
v -0.07834054 -0.04931485 -0.07705341
v -0.07153118 -0.07976285 0.04705956
v -0.08490660 -0.02498271 0.01654341
v -0.08378246 -0.01509542 -0.09667200
v -0.07890992 -0.00401285 -0.11224250
v -0.06751921 0.11075782 -0.12086897
v -0.07108122 0.10764557 0.07682313
v -0.07370428 0.13116172 0.06201528
v -0.07953646 0.12890819 -0.09224114
v -0.06548613 0.14200142 -0.12875585
v -0.06043631 0.33861474 -0.22369581
v -0.08825700 0.36506385 -0.21626714
v -0.07914696 0.36619440 0.17795579
v -0.07266423 0.37342562 0.18119535
v -0.08579258 0.38723970 0.16976052
v -0.07467787 0.41013255 -0.20913373
v -0.06632287 0.44276652 -0.18689754
v -0.07112952 0.49875854 0.10995377
v -0.06811660 0.50133722 -0.15021166
v -0.07221813 0.52357986 -0.14117958
v -0.10407713 0.53211398 0.09344876
v -0.06430799 -0.67301543 -0.10649395
v -0.06598526 -0.67312555 -0.09845398
v -0.06396665 -0.66500420 -0.11347746
v -0.07314848 -0.62923390 0.07184133
v -0.05805963 -0.62052517 0.06163678
v -0.07804080 -0.56152110 0.05511895
v -0.07069581 -0.42280892 -0.09734999
v -0.06871018 -0.41240032 0.05995984
v -0.07132122 -0.38414096 -0.09673347
v -0.06697734 -0.36809793 0.05779073
v -0.06739954 -0.34410586 -0.09327985
v -0.07012544 -0.32654905 -0.08080814
v -0.07344836 -0.34088526 0.04393444
v -0.06998898 -0.32616727 -0.01879455
v -0.06860323 -0.30022950 -0.11682388
v -0.07725766 -0.28060089 -0.10278453
v -0.07153217 -0.23941647 -0.07682292
v -0.07187012 -0.08134860 -0.08310590
v -0.06915011 -0.09825517 0.03413896
v -0.07004749 -0.06699101 -0.10288182
v -0.07116896 -0.06662661 0.05899764
v -0.07166969 -0.04587050 0.06723448
v -0.06206930 -0.04016531 0.07916322
v -0.06552679 -0.00828738 -0.12230895
v -0.07116524 0.04006080 0.08178637
v -0.06717657 0.05523480 -0.12538264
v -0.06339421 0.09278800 -0.12717490
v -0.06276010 0.08092331 0.08590816
v -0.05918441 0.10776539 0.08524002
v -0.06526899 0.13068845 -0.11211577
v -0.08441299 0.26534781 0.18565632
v -0.06172679 0.29209103 -0.22803432
v -0.05924381 0.36485391 -0.23181113
v -0.07337124 0.38697636 -0.21151951
v -0.06344363 0.46003937 0.13352604
v -0.06455170 0.49126957 -0.16049150
v -0.04662873 0.48609394 0.13173959
v -0.01930175 0.53570724 -0.13092144
v -0.10523222 -0.66270957 -0.07790039
v -0.06870391 -0.67145672 0.06654425
v -0.05184416 -0.66902650 -0.11324936
v -0.06473742 -0.60209758 0.05919748
v -0.07304291 -0.53074412 0.05357004
v -0.07260116 -0.49399060 -0.09338949
v -0.05055843 -0.45506115 -0.09355856
v -0.05397423 -0.38294128 0.05973224
v -0.05485955 -0.33417591 -0.09740377
v -0.06207292 -0.33567010 0.05469012
v -0.06057334 -0.32586640 -0.09895625
v -0.06780547 -0.32557367 0.04783401
v -0.05894941 -0.32595024 0.05866319
v -0.06160600 -0.31966389 0.07210651
v -0.06703676 -0.28632756 0.07626284
v -0.06452767 -0.26764743 -0.11517119
v -0.05838673 -0.22813541 -0.11119569
v -0.06087843 -0.23958789 0.07167937
v -0.06466101 -0.19892823 -0.08278219
v -0.06348312 -0.22155055 -0.10061560
v -0.06676196 -0.21364107 0.04361512
v -0.06037863 -0.20692177 0.06439317
v -0.05859425 -0.17364030 -0.10312099
v -0.06330252 -0.16799506 -0.08288216
v -0.06327501 -0.17735710 0.04557131
v -0.06035990 -0.17893727 0.05859432
v -0.06648335 -0.11708655 -0.07740604
v -0.06441234 -0.14164718 0.04442104
v -0.06329091 -0.12660444 -0.09565219
v -0.06275242 -0.12237775 0.05901431
v -0.05999268 -0.11916047 -0.10597335
v -0.06359974 -0.06058098 -0.11474314
v -0.05622017 -0.08726344 0.07629926
v -0.05685251 0.00170754 0.08604229
v -0.05729360 0.13059227 0.07860099
v -0.07504335 0.13773830 -0.11520414
v -0.13414304 0.22464057 0.17001602
v -0.11281361 0.24250442 0.17814459
v -0.00757377 0.31577584 -0.22855977
v -0.06182237 0.32379681 0.19026840
v -0.06093910 0.34663288 0.18171059
v -0.05911985 0.36385718 0.19024921
v -0.05898406 0.39441058 0.16603681
v -0.07735646 0.40953794 0.17244544
v -0.07079278 0.42592516 0.16881290
v -0.05832405 0.43168946 -0.20088193
v -0.06843966 0.44182178 0.15857855
v -0.05833585 0.47319610 -0.17208892
v -0.05482586 0.49619991 0.11509507
v -0.05264596 -0.66803463 0.07491271
v -0.05567263 -0.62303963 -0.10027371
v -0.06505018 -0.61271636 -0.09819293
v -0.04085270 -0.62138111 0.06171222
v -0.04800308 -0.58978377 0.06468855
v -0.05222287 -0.57409941 0.06371457
v -0.04928944 -0.55305030 -0.10139566
v -0.06255593 -0.48892274 0.05404803
v -0.05718531 -0.49934607 -0.09301874
v -0.05039139 -0.44458210 0.05456318
v -0.05479328 -0.34138844 0.05791511
v -0.05039170 -0.33268596 0.05863098
v -0.04583799 -0.32290044 -0.12261188
v -0.05373395 -0.30953622 -0.12525484
v -0.05751575 -0.27750483 -0.12202719
v -0.04788790 -0.22877295 -0.12086723
v -0.05134771 -0.21054296 0.07600375
v -0.05105912 -0.17554022 -0.11365582
v -0.05673529 -0.17150609 0.06634829
v -0.06149434 -0.10473328 0.06640319
v -0.05073900 -0.16343382 0.07447615
v -0.05379508 -0.11342885 -0.11554129
v -0.05463167 -0.04836172 -0.12370445
v -0.05193743 0.08077662 0.08929821
v -0.03829887 0.11141342 -0.13356543
v -0.05341757 0.13793229 -0.12322438
v -0.05503155 0.35014904 -0.22562015
v -0.05099451 0.34991345 0.18169060
v -0.05037453 0.36297228 -0.22878809
v -0.05660232 0.36559501 0.18982012
v -0.05154179 0.37621325 0.18043972
v -0.04625931 0.39671514 -0.20451527
v -0.05956577 0.41438114 -0.20900082
v -0.04776178 0.45323956 -0.17827747
v -0.05628028 0.49922169 -0.14875548
v -0.04333949 0.49963305 0.11099832
v -0.07511023 0.56471415 0.03532017
v -0.03306429 -0.67253823 -0.11381472
v -0.05169128 -0.63809157 -0.11061034
v -0.03548708 -0.61436335 -0.09991098
v -0.04870373 -0.58246524 -0.10247494
v -0.03446685 -0.53793225 0.06119152
v -0.02306436 -0.39610182 0.05475480
v -0.05779295 -0.37017848 -0.09744924
v -0.04968788 -0.32598863 -0.11382260
v -0.03166044 -0.33286252 -0.10442139
v -0.04792566 -0.32734124 0.06778338
v -0.04941501 -0.31221951 0.08736782
v -0.04762373 -0.29531584 -0.12754735
v -0.04450367 -0.25502632 0.08496860
v -0.04385294 -0.24492941 -0.12487181
v -0.04075953 -0.22268627 0.08381621
v -0.04256243 -0.17632214 0.08056467
v -0.03997291 -0.16606189 -0.12278387
v -0.04726503 -0.09616811 -0.12252471
v -0.04371515 -0.10389540 0.08372968
v -0.03877822 -0.07568773 0.08702568
v -0.03770148 -0.02083678 0.08990222
v -0.05691142 0.01280096 -0.12713538
v -0.03330062 0.00983813 -0.13021014
v -0.05062155 0.07657071 -0.13242747
v -0.03715352 0.04933958 0.09014645
v -0.03977918 0.12964992 -0.12771635
v -0.06082337 0.13766080 0.07957039
v -0.05325528 0.33409929 0.18694295
v -0.04019224 0.34473257 0.17956776
v -0.04295595 0.36335150 0.17930891
v -0.04273769 0.37779347 0.17728198
v -0.05024224 0.37642693 -0.22066776
v -0.03565454 0.40859063 -0.20895864
v -0.03282070 0.43073189 -0.20805745
v -0.03765518 0.44984568 0.16101374
v -0.04334881 0.47017734 -0.16677129
v -0.04317170 0.48560640 -0.14789660
v -0.02702257 0.49253215 0.13035711
v -0.03604183 -0.68007040 0.05195702
v -0.03844409 -0.67878329 0.06757624
v -0.02086768 -0.64218195 -0.10844050
v -0.02535676 -0.62932541 -0.09925079
v -0.05023344 -0.49967515 0.05437863
v -0.03492131 -0.38003705 -0.09524823
v -0.03088932 -0.36329907 0.05773399
v -0.02920776 -0.34030476 0.05767827
v -0.02199033 -0.33303673 -0.12097177
v -0.03063245 -0.31550087 -0.13178712
v -0.03401732 -0.16607662 0.08491121
v -0.03999639 0.00078466 -0.13013014
v -0.02584334 0.02414512 0.08966857
v -0.02666805 0.07399364 -0.13391988
v -0.03432650 0.14500663 -0.13665447
v -0.03476695 0.13911886 0.08772725
v -0.03270787 0.14473841 0.09501856
v -0.09264398 0.19037916 0.14838116
v 0.02770287 0.30287739 -0.22853642
v -0.04222021 0.35204394 -0.21725545
v -0.03517472 0.35747793 -0.20209874
v -0.03452902 0.35992527 0.16705643
v -0.03536262 0.37829238 -0.20855938
v -0.04553735 0.39874949 0.16233797
v -0.04420704 0.42506462 0.16783784
v -0.03491619 0.46622220 0.14983517
v -0.03562508 0.45915805 -0.18287049
v -0.02785021 0.48406729 -0.16915030
v -0.02631458 0.50134714 -0.15060755
v -0.02828874 0.54814183 0.07368507
v -0.10617187 0.56475587 -0.08205042
v -0.03266392 -0.59813437 0.06365362
v -0.03170646 -0.55292171 -0.10145816
v -0.02254735 -0.51106265 0.05909681
v -0.02816108 -0.43147142 0.05423067
v -0.01978873 -0.33522647 0.06672011
v -0.03329842 -0.32695719 0.08367368
v -0.02476046 -0.31487870 0.09272101
v -0.03140234 -0.25135357 -0.12925866
v -0.02034902 -0.15491307 0.08948802
v -0.02571091 -0.16700296 -0.12808763
v -0.03055027 -0.08047285 -0.12937048
v -0.02076350 0.10942052 -0.13584887
v -0.02877853 0.12507606 0.09115334
v -0.01195433 0.16203673 0.12178320
v -0.09687729 0.26700415 -0.22395714
v -0.02714836 0.35038123 -0.20515614
v -0.03600459 0.35176678 0.17200085
v -0.03420936 0.36560827 -0.20076901
v -0.02740393 0.37355668 -0.19777419
v -0.02976600 0.37299679 0.16841158
v -0.02045080 0.38072153 -0.19237522
v -0.03505922 0.39162288 -0.19981262
v -0.02633822 0.38920895 0.16043001
v -0.03868245 0.44124205 -0.20195621
v -0.02563259 0.48388634 0.14461403
v -0.03097367 0.49156320 -0.15262270
v -0.02537389 0.49644440 0.11427461
v -0.00456419 0.50803067 -0.14764381
v -0.01317545 -0.67882763 -0.11394093
v -0.03244978 -0.68112547 -0.10660595
v -0.00257966 -0.68954003 -0.09836457
v -0.04893561 -0.63797557 0.07313315
v -0.01487051 -0.64814020 -0.11076777
v -0.02920456 -0.52400692 -0.09896030
v -0.02646605 -0.54488329 0.06088013
v -0.00947295 -0.52357618 -0.09809257
v -0.02074263 -0.48830531 -0.10173035
v -0.01427691 -0.48990465 0.06140590
v -0.03866336 -0.46760982 0.05441578
v -0.02430963 -0.34228762 -0.09846545
v -0.00530598 -0.34041384 -0.10540987
v -0.02456343 -0.22193704 0.08840932
v -0.03313522 -0.22092268 -0.12710086
v -0.02063987 -0.06743220 0.09043520
v -0.01745395 0.13744191 -0.13246203
v -0.03425092 0.25144399 -0.21950641
v -0.03490262 0.34034665 -0.21945956
v -0.01949645 0.34276666 0.18033724
v -0.03037078 0.35582697 -0.18063995
v -0.02463896 0.35802846 0.15021035
v -0.01525085 0.40775884 -0.20191642
v -0.02143721 0.45719612 0.15765011
v -0.01398503 0.49269456 -0.16678933
v -0.01634046 0.49479531 -0.15463326
v -0.03379188 0.54368640 -0.12253767
v -0.03089659 -0.57015999 0.06219247
v 0.00380057 -0.34569094 -0.10424923
v -0.00058477 -0.34346994 0.06573189
v -0.01028571 -0.33580254 0.08277784
v -0.00488268 -0.31339326 -0.13580395
v 0.00225277 -0.25945572 -0.13332202
v -0.00752144 -0.20293213 -0.13106476
v -0.00676168 0.04310465 -0.13158904
v -0.02149972 0.11248177 0.09332213
v -0.07564259 0.22227884 -0.20742983
v -0.02114141 0.34793652 0.16814085
v -0.01896244 0.35028006 0.15412487
v -0.02317697 0.36567673 -0.18293581
v -0.00703449 0.36575823 -0.18704504
v -0.00851503 0.37778571 -0.19057260
v -0.00765250 0.36943610 0.14390963
v -0.01490542 0.38681441 0.15439710
v -0.01676636 0.39245774 -0.18923826
v -0.02048122 0.41754596 0.15647420
v -0.01626788 0.44171830 0.15944982
v -0.01755869 0.44636697 -0.20708092
v 0.00695163 0.45069680 0.16424720
v -0.00959219 0.46305717 -0.20332741
v -0.01263489 0.48217753 -0.18427758
v -0.01875201 0.51278143 0.10446168
v 0.00264631 -0.69068645 -0.10707505
v -0.00024929 -0.68946267 0.06618992
v -0.02262112 -0.67326297 0.07487542
v -0.01863529 -0.64550641 0.07285239
v -0.01393863 -0.63092329 0.06159898
v -0.01022433 -0.61390983 0.05804911
v -0.00794212 -0.58697126 -0.09391240
v 0.00622557 -0.48057887 -0.10367627
v -0.00427994 -0.45987987 0.06363130
v -0.03191151 -0.43414096 -0.09405091
v -0.01474647 -0.40721002 -0.09515105
v 0.00069829 -0.35116564 0.06395862
v 0.00665244 -0.33202840 0.09301872
v -0.00425386 -0.13382357 -0.13222553
v -0.00166967 -0.12251272 0.09195482
v 0.00634522 -0.06569527 0.09056560
v 0.01380317 -0.03625700 0.09196063
v -0.00988944 -0.00774688 0.09121105
v -0.00079674 0.10296626 -0.13461779
v 0.00355311 0.12471289 0.09489194
v -0.00748978 0.18719393 -0.18520677
v 0.05514895 0.20246991 -0.19625109
v 0.01392528 0.35245527 0.16511148
v 0.02476525 0.35096127 0.17376252
v 0.00161899 0.35080468 0.15258640
v -0.00066534 0.39606873 -0.18773033
v 0.00222262 0.40484052 -0.18883600
v -0.00065061 0.40837873 0.15508251
v 0.00947811 0.47620562 -0.19706112
v 0.00377648 0.48852935 -0.17755322
v -0.01741362 0.52471523 0.09716777
v 0.04413127 0.56253609 -0.09417415
v 0.00497744 -0.68942983 0.06994456
v -0.00383485 -0.68043258 0.07480382
v 0.00624312 -0.58812043 0.05428886
v 0.00072481 -0.53237363 0.05511154
v 0.01357980 -0.39859037 0.05950458
v -0.00939548 -0.08519036 -0.13080480
v 0.01424173 0.04579128 0.08110146
v -0.01570687 0.05875580 0.08771369
v -0.00382740 0.08939208 0.09196326
v -0.00933682 0.13768319 0.09273156
v -0.03891092 0.15640574 -0.15370870
v -0.00035904 0.35626960 0.14346458
v 0.00041498 0.37260192 0.14483214
v 0.01303097 0.42912952 -0.20099557
v 0.00214126 0.42584312 0.15239382
v -0.00282213 0.44204514 -0.20856488
v -0.00868047 0.44617945 0.15907554
v 0.00859795 0.52283000 -0.14132985
v 0.01183131 -0.68600805 -0.11347524
v 0.01051946 -0.48524822 0.06345802
v -0.00270399 -0.45947746 -0.10464569
v 0.00441485 -0.37297159 -0.10382496
v 0.03515022 -0.34956603 0.07515213
v -0.00054264 -0.22288307 0.09096738
v 0.01731664 -0.21374052 -0.13179955
v 0.01430600 -0.16370675 -0.13387270
v 0.01997485 0.07742900 -0.12802666
v 0.02087516 0.14578888 0.09872041
v -0.00451727 0.35705530 -0.19107664
v 0.01741772 0.36521963 -0.18988572
v 0.01079763 0.38329015 -0.19466643
v 0.01293415 0.37050408 0.14940804
v 0.01375594 0.40461456 0.15937937
v 0.01700009 0.42910582 0.15961890
v 0.01536808 0.45844992 0.16409518
v -0.00057140 0.47465477 0.15731805
v 0.01273693 0.48721062 -0.16191940
v 0.00881527 0.48970359 0.11279227
v -0.00060161 0.49724659 -0.14913022
v 0.00204034 0.49869733 0.10681023
v 0.04184505 0.50741648 -0.14657186
v 0.01375486 0.51495324 -0.14549050
v 0.02298130 -0.65764109 0.07291814
v 0.02840974 -0.66165762 -0.11117347
v 0.01378324 -0.59789376 -0.09333849
v 0.02173348 -0.45199251 -0.10277516
v 0.02154601 -0.41194782 -0.09920318
v 0.02222700 -0.34501978 0.08285115
v -0.00689669 -0.33093552 -0.13100787
v 0.04360180 -0.10636745 0.08414973
v 0.02172354 -0.03936508 -0.13206664
v 0.00034129 0.00655973 -0.12818822
v 0.02401635 0.13762321 -0.13627091
v 0.01989745 0.35875040 0.16074036
v 0.02612666 0.36595018 -0.19390021
v 0.02791620 0.40337643 -0.20020023
v 0.01937374 0.41364884 -0.19466110
v 0.02593140 0.41910683 0.15965363
v 0.02138508 0.44536868 -0.20444754
v 0.00401020 0.48800164 0.13904426
v 0.02365636 0.48478549 -0.16884477
v 0.03453251 -0.69999570 0.04800911
v 0.02862908 -0.69699785 0.06290483
v 0.02498592 -0.69726621 -0.10287706
v 0.01275961 -0.63556415 -0.09705291
v 0.03729834 -0.52013855 0.05534439
v 0.01984521 -0.45059894 0.06306648
v 0.02624076 -0.37601509 -0.10459645
v 0.02957728 -0.35930455 0.06472030
v 0.03249390 -0.35485974 -0.10508428
v 0.04018270 -0.35443740 0.06712021
v 0.04314137 -0.34584508 -0.13042371
v 0.01237506 -0.34274886 -0.11413478
v 0.02508965 -0.33276598 -0.13554877
v 0.02379590 -0.31857343 -0.13707538
v 0.02602308 -0.32015918 0.09694485
v 0.01165272 -0.16896854 0.09074189
v 0.03397984 -0.15996789 -0.13217087
v 0.03427073 -0.14455111 0.09212846
v 0.02625275 0.01960376 0.08186399
v -0.01222059 0.20676045 0.16092974
v 0.02185432 0.34952474 -0.21509173
v 0.03036902 0.35786192 -0.19911328
v 0.02536811 0.39007538 0.16322380
v 0.03846893 0.42807156 0.16544990
v 0.02834138 0.46132456 -0.20285372
v 0.02959277 0.47593435 -0.19017060
v 0.02760675 0.47594043 0.12405162
v 0.02166338 0.49049099 0.10538030
v 0.01064331 0.51014221 0.10535931
v -0.02552316 0.53981895 0.08409682
v 0.03502466 -0.70015850 -0.01890991
v 0.02862850 -0.68845476 -0.10955375
v 0.02799822 -0.68667296 0.07125267
v 0.02853830 -0.64754449 -0.10019487
v 0.02451829 -0.64274263 0.06324159
v 0.03290383 -0.55961881 -0.09421373
v 0.02693976 -0.51567485 -0.09498911
v 0.04315304 -0.47830236 0.05599551
v 0.03671591 -0.34860710 -0.12194362
v 0.06303120 -0.09333828 0.08307618
v 0.06918690 -0.01967152 0.08523856
v 0.05013960 0.10527365 0.08818293
v 0.01719043 0.12410174 0.09461794
v 0.02723204 0.13782541 0.09473135
v 0.00471812 0.15900741 -0.15706635
v 0.03232013 0.17096260 0.13270361
v 0.07062304 0.29512974 0.19155460
v 0.05138222 0.34646836 -0.21743042
v 0.03570739 0.35623646 0.17051611
v 0.04002182 0.38003891 0.17084722
v 0.03669923 0.38244240 -0.20385894
v 0.04102669 0.46693750 0.12949806
v 0.03092062 0.47904024 0.12025994
v 0.02749717 0.49065750 -0.15203107
v 0.04077520 0.48937667 -0.14295719
v 0.04523354 0.50183395 0.10862515
v 0.02721674 0.49868089 -0.14573017
v -0.04282461 0.55088275 -0.11332508
v 0.04134330 0.55635340 -0.10662829
v 0.04114943 0.57208352 -0.02360009
v 0.04228481 -0.70269432 -0.07846023
v 0.04322957 -0.70292124 0.01571984
v 0.04317624 -0.70256105 0.03324071
v 0.04326277 -0.69814273 0.05486607
v 0.04196860 -0.69624064 -0.09695849
v 0.04156779 -0.65032118 0.05854831
v 0.04192999 -0.64999526 -0.09673160
v 0.03499787 -0.63454963 -0.09794316
v 0.04691175 -0.62163950 0.05892427
v 0.05043020 -0.59726933 -0.09751590
v 0.03419860 -0.61241935 0.05926284
v 0.05596452 -0.57183367 0.05872032
v 0.04394413 -0.48937310 -0.09459984
v 0.04417639 -0.35061324 -0.11415778
v 0.05134270 -0.32794987 0.09696569
v 0.04522109 -0.12759283 -0.12498716
v 0.03825721 0.08030322 0.08540970
v 0.00469315 0.17512082 -0.17483389
v -0.07786709 0.27292374 0.18746605
v 0.04555367 0.39401195 -0.20960324
v 0.03728505 0.41460170 -0.20423606
v 0.04338149 0.43814098 -0.20766571
v 0.02789057 0.47078429 0.15209655
v 0.04612818 0.48163927 -0.14877363
v 0.04084736 0.48426477 0.12095111
v 0.03541260 0.57101456 0.00041462
v 0.04424849 -0.70351572 -0.02069969
v 0.05094003 -0.70304579 -0.05776520
v 0.05092908 -0.70232346 0.02291485
v 0.06002988 -0.67172300 -0.07880968
v 0.05075733 -0.67328474 0.05732698
v 0.04811439 -0.66638991 -0.09996402
v 0.03775692 -0.66146333 0.06891169
v 0.04678322 -0.51701414 0.05597505
v 0.03338063 -0.39717714 0.05919956
v 0.06166998 -0.35954266 -0.10312329
v 0.05724768 -0.35568305 0.07332927
v 0.04789157 -0.26382445 -0.13326122
v 0.06265126 -0.22495330 0.08625263
v 0.04700502 -0.22295415 -0.13057315
v 0.05745981 -0.10627615 0.08306888
v 0.05659679 -0.06541033 -0.13018378
v 0.04056067 0.05766969 -0.12750861
v 0.03902309 0.14551766 -0.13816148
v 0.05483390 0.18429146 0.14519563
v 0.02053676 0.27041933 -0.22456720
v 0.06171216 0.37951732 -0.21353335
v 0.05850750 0.40733022 0.16797516
v 0.05164909 0.41455109 -0.20694502
v 0.03953329 0.44958941 0.16363709
v 0.04907651 0.46562055 -0.17637399
v 0.05524558 0.47568329 -0.15805404
v 0.05816083 0.50094228 0.11388728
v 0.04506848 0.52035244 0.10250575
v 0.07555362 0.56571056 0.03912516
v 0.05188973 -0.70427475 -0.01566900
v 0.05973444 -0.69666898 -0.02307067
v 0.05187253 -0.69673584 0.04171261
v 0.05426064 -0.69747529 -0.07169677
v 0.05263432 -0.65619943 -0.08888090
v 0.05841999 -0.65566967 -0.03590258
v 0.05575996 -0.65401709 -0.01980480
v 0.05436838 -0.65553389 0.04305221
v 0.05679914 -0.62326709 -0.09363405
v 0.05770559 -0.65598810 -0.07263066
v 0.05229670 -0.64362107 0.05197163
v 0.05608185 -0.60273291 0.05708472
v 0.06546406 -0.57529936 0.05702955
v 0.05442549 -0.46918552 0.05439178
v 0.04734494 -0.40966039 -0.09779299
v 0.06098166 -0.42898775 0.05466732
v 0.05249020 -0.36276530 0.06249525
v 0.05203523 -0.34631441 0.09206280
v 0.06310782 -0.32883852 -0.13666872
v 0.06371700 -0.29132925 0.09407790
v 0.07142709 -0.18963039 -0.13482265
v 0.04057873 -0.11178966 -0.12500236
v 0.04471875 0.13817256 -0.13532304
v 0.12568255 0.31586136 -0.22780189
v 0.04072381 0.40367458 0.16253419
v 0.06570744 0.43943924 -0.20412323
v 0.06353507 0.44564289 0.15393051
v 0.06918276 0.45165560 -0.19169149
v 0.05623438 0.49809025 -0.14824302
v 0.05674918 0.51496721 -0.14564923
v 0.05823780 -0.69523272 0.01698592
v 0.06387475 -0.67261399 -0.05206973
v 0.06323906 -0.67210892 0.02447075
v 0.06003618 -0.67109136 0.04118410
v 0.06526003 -0.67433825 -0.01992282
v 0.05817392 -0.65507807 -0.00273383
v 0.05783684 -0.65592977 0.02187756
v 0.06426140 -0.59816575 -0.09435611
v 0.06793738 -0.59799048 0.05226683
v 0.06956681 -0.57015281 -0.09549319
v 0.06137553 -0.56312950 -0.09716501
v 0.07372062 -0.52461959 -0.09762855
v 0.06781200 -0.46053293 0.05423052
v 0.08188006 -0.38230934 0.05437562
v 0.06339908 -0.35764122 0.06650501
v 0.07405616 -0.35730334 -0.12220121
v 0.04272627 0.00545714 -0.12363448
v 0.05606615 0.03011399 0.07957303
v 0.10392142 0.14467174 -0.13462140
v 0.07083573 0.27943127 0.18931064
v 0.19978946 0.29081490 -0.22706906
v 0.03817549 0.34145506 0.18416018
v 0.06266893 0.37342550 0.17400209
v 0.08005039 0.40094499 -0.21393370
v 0.07092107 0.41308535 0.16793031
v 0.08309742 0.41804257 -0.19988162
v 0.06098404 0.43831323 0.16204356
v 0.05570715 0.45494457 0.14206025
v 0.06512927 0.46392458 -0.17123808
v 0.06228421 0.46089781 0.13487530
v 0.06150483 0.48832384 -0.16236598
v 0.06253727 0.49184585 0.13424668
v 0.06945967 0.49794736 -0.15294759
v 0.05434401 0.50590749 -0.14741303
v 0.07107215 0.50862884 0.10865107
v 0.06508825 -0.62642609 -0.08256857
v 0.08148653 -0.57712705 -0.08242826
v 0.07990959 -0.56194960 -0.09147929
v 0.07111470 -0.54797563 0.05800480
v 0.07368798 -0.51906859 0.05814484
v 0.09195895 -0.36385632 0.06619558
v 0.08018691 -0.31726546 -0.13467370
v 0.08165685 -0.13029126 0.08955813
v 0.07085410 -0.12909860 -0.12554552
v 0.09106699 -0.04177242 0.08867447
v 0.03694572 0.03953976 -0.12631573
v 0.03656765 0.12397205 -0.13535513
v 0.08449427 0.12498068 0.09096383
v 0.07805021 0.14514604 0.09772517
v 0.06635565 0.23007897 0.17384698
v 0.11825154 0.31126186 0.19217135
v 0.03454680 0.32270413 0.19099557
v 0.06160239 0.35886123 -0.20676643
v 0.09152614 0.37327079 0.17688027
v 0.06047235 0.39074367 -0.21409923
v 0.07122630 0.39335298 0.17455793
v 0.08874921 0.41986406 0.15855418
v 0.07846447 0.44234549 0.15168841
v 0.08336457 0.46709944 -0.17447598
v 0.07666401 0.45854991 0.13405434
v 0.07644210 0.48277473 -0.17700933
v 0.07033127 0.48336736 0.13756297
v 0.08048973 0.49185064 -0.17465127
v 0.11845491 0.52465316 0.10019493
v 0.17141032 0.57084050 -0.06192522
v 0.07978660 -0.59303315 -0.05967898
v 0.06931004 -0.61912313 -0.01202245
v 0.08220137 -0.57297367 0.04366890
v 0.08078769 -0.55894923 0.05169126
v 0.08242622 -0.52498358 0.05615776
v 0.08925100 -0.36283176 -0.10369428
v 0.11056184 -0.36758929 0.07464085
v 0.07497134 -0.25445633 -0.12879474
v 0.07903601 -0.00143001 -0.12342646
v 0.10317525 -0.01089978 0.08649338
v 0.04689755 0.09410066 -0.12702292
v 0.11657272 0.34212162 0.18459658
v 0.09438306 0.35562136 -0.21377341
v 0.07536904 0.35657062 0.17063922
v 0.08730510 0.44729597 -0.19093367
v 0.08422750 0.49140905 -0.17489045
v 0.07583054 0.49238102 0.13184191
v 0.06378520 0.54578943 -0.12197098
v 0.09502475 -0.54506128 -0.05927450
v 0.09007455 -0.55699176 -0.07480928
v 0.07729381 -0.59901819 -0.03114947
v 0.07995550 -0.57726901 -0.01963147
v 0.07829740 -0.59443233 0.03155983
v 0.08127227 -0.58513904 -0.00353491
v 0.09480269 -0.50960926 0.05256892
v 0.08596943 -0.50368252 -0.09658990
v 0.08538151 -0.49346253 0.05743985
v 0.09421634 -0.46310152 -0.09721761
v 0.06173777 -0.45451572 -0.09355320
v 0.08139856 -0.39539149 -0.09486065
v 0.10193806 -0.37198902 0.05699709
v 0.08298720 -0.35994391 0.08268860
v 0.09263456 -0.35266012 0.09200936
v 0.08808076 -0.23370921 0.08497982
v 0.07451785 -0.20834247 0.08660752
v 0.09176478 -0.09995122 -0.12529733
v 0.08805313 0.04930544 0.08331264
v 0.07588851 0.07083775 0.08283420
v 0.09795914 0.08525686 0.08428766
v 0.08870295 0.10438872 -0.12680034
v 0.08568888 0.13745673 0.09155946
v 0.13857163 0.16925504 -0.16913504
v 0.13844383 0.25871207 -0.22139989
v 0.05077600 0.33415641 0.18794641
v 0.10546667 0.37759874 -0.22022168
v 0.10162695 0.38689203 0.17864094
v 0.08394286 0.43553860 -0.19857019
v 0.08549417 0.45718126 -0.17589648
v 0.09092331 0.46186749 0.12679985
v 0.09146026 0.49010534 0.12435470
v 0.09192777 0.49724578 0.11328194
v 0.08298365 0.52324860 -0.14134544
v 0.09741672 -0.50174062 -0.09159061
v 0.09481461 -0.46041438 0.05722684
v 0.10352270 -0.43986211 -0.09689522
v 0.10464706 -0.40993696 0.05688837
v 0.07862230 -0.36516773 0.05842504
v 0.10185724 -0.26859805 0.08353503
v 0.09330549 -0.15677967 -0.13259369
v 0.08694838 -0.09712142 0.08488279
v 0.09595854 -0.05871814 -0.12773109
v 0.09854598 0.06164467 0.08331045
v 0.10845062 0.13769183 0.08744695
v 0.13850221 0.16132498 0.12247626
v 0.19015386 0.30679556 -0.22764729
v 0.14728029 0.32625260 -0.22621553
v 0.08560128 0.33852657 -0.22280712
v 0.08650936 0.40756869 0.17017438
v 0.08841822 0.48118077 -0.17628667
v 0.09908109 0.49795281 -0.15343437
v 0.10358891 0.49420985 0.10950665
v 0.09811076 0.50022800 0.11031044
v 0.10429381 0.50595106 -0.14623115
v 0.10490095 -0.51106569 -0.02994498
v 0.09945575 -0.52201828 0.04074891
v 0.10983401 -0.48352402 0.04347842
v 0.10689205 -0.47003102 0.05181900
v 0.11429293 -0.41305758 -0.09635414
v 0.10834719 -0.34004773 0.09300255
v 0.10108068 -0.28208990 0.08451292
v 0.08547751 -0.20366469 -0.13377069
v 0.11441281 -0.19473885 0.08881865
v 0.06836806 -0.17591026 0.09216091
v 0.10431276 -0.06619913 0.08763433
v 0.09154435 0.04933274 -0.12958646
v 0.09428584 0.13791045 -0.13036784
v 0.10907416 0.35030679 0.17635469
v 0.10444926 0.35761750 0.17008158
v 0.10843926 0.40192633 -0.21729298
v 0.08576905 0.39791768 0.17514440
v 0.11106398 0.42014121 -0.19918193
v 0.10544818 0.42344112 0.15378932
v 0.10331242 0.43943676 0.14914717
v 0.10689863 0.45413149 0.13554315
v 0.11151885 0.46881042 0.11047426
v 0.10650188 0.47786999 0.10589908
v 0.11322006 0.49350428 -0.14807442
v 0.13161142 0.50735691 0.10812234
v 0.10195628 -0.51609098 -0.01165004
v 0.10960298 -0.49659637 0.02278731
v 0.12227575 -0.45330724 -0.06794768
v 0.10147111 -0.51123059 -0.08257305
v 0.10718530 -0.46948194 -0.09171231
v 0.11184931 -0.43861168 0.05437471
v 0.11863401 -0.38140341 0.05683531
v 0.09943080 -0.37296225 -0.09809122
v 0.10914115 -0.36689810 -0.10584699
v 0.09559799 -0.35523060 -0.13040141
v 0.11106979 -0.29098088 -0.12562267
v 0.13056560 -0.23315424 -0.12878647
v 0.12032713 -0.12894510 -0.12893050
v 0.11542794 0.02241090 0.08620210
v 0.12267363 0.09090858 0.08291732
v 0.12897647 0.13754649 -0.12397961
v 0.11700483 0.35766409 -0.21483406
v 0.11363433 0.43179463 -0.19451384
v 0.11572390 0.45852861 -0.17213482
v 0.12139049 0.45588933 0.13410046
v 0.11423278 0.48426728 0.10427295
v 0.10480565 0.47466161 -0.15515269
v 0.11576034 0.47747172 -0.14639680
v 0.10263452 0.54005126 0.08602163
v 0.05158112 0.56916374 0.02094349
v 0.03610178 0.56994150 -0.06351514
v 0.10432421 -0.51206327 -0.00227469
v 0.11441212 -0.44935822 -0.09105441
v 0.11987260 -0.40900515 0.05431496
v 0.12190937 -0.37488845 -0.09779428
v 0.11798814 -0.35323076 0.09112939
v 0.08803802 -0.34529827 -0.13420064
v 0.13129286 -0.32483744 -0.12913156
v 0.12022328 -0.29025293 0.08793605
v 0.10639006 -0.25032887 -0.12717723
v 0.13798908 -0.14829421 0.08848348
v 0.11378850 -0.11241766 0.08979659
v 0.13447264 -0.02747352 0.08637786
v 0.12723324 -0.00444461 -0.12625719
v 0.12042257 0.05484553 -0.12841780
v 0.13762226 0.35036814 -0.21350180
v 0.11903400 0.37782817 0.17762409
v 0.12443715 0.39404682 -0.22099792
v 0.13684824 0.42341447 -0.20883333
v 0.12323339 0.43112726 -0.19535806
v 0.11745158 0.46937720 -0.15517618
v 0.12153661 0.48722851 0.11297766
v 0.12109232 0.49387172 -0.14538433
v 0.11315095 0.49903043 0.10807389
v 0.14536475 -0.38152716 0.02258886
v 0.13281394 -0.41567585 -0.01042799
v 0.12366751 -0.43536163 0.04414650
v 0.12339732 -0.44720778 0.03522285
v 0.12727179 -0.40979000 -0.09032781
v 0.13374903 -0.40198217 -0.01963063
v 0.13435759 -0.38077838 -0.09293943
v 0.13528037 -0.38489895 0.04952679
v 0.11878155 -0.36535885 -0.12190240
v 0.14636556 -0.37313011 0.06851709
v 0.13394507 -0.26176834 0.08999592
v 0.13603319 -0.26850275 -0.12789822
v 0.12517712 -0.24449058 0.08982195
v 0.15029447 0.07289150 0.08187473
v 0.14581478 0.08114792 -0.12546977
v 0.14182886 0.14279287 -0.12943182
v 0.08990294 0.25181365 0.18248946
v 0.12468605 0.36468376 0.16836637
v 0.12527650 0.41602448 0.16965561
v 0.12009465 0.42792491 0.15239641
v 0.12726485 0.44648647 -0.18564994
v 0.12857339 0.47534109 0.11900760
v 0.13444814 0.48923160 0.12354413
v 0.12798018 0.48877410 -0.15747240
v 0.13255755 0.49710375 0.11003425
v 0.10781506 0.53802947 -0.13012791
v 0.14414924 -0.38026523 0.03498161
v 0.12645694 -0.43005798 -0.08278724
v 0.12574453 -0.44067707 -0.02912586
v 0.14019524 -0.38463391 -0.08313195
v 0.13597370 -0.37324301 -0.09864551
v 0.14178754 -0.37461596 0.05478073
v 0.12211102 -0.36936287 -0.11417439
v 0.14530155 -0.37243002 -0.11207037
v 0.12719185 -0.36575467 0.08262722
v 0.13061028 -0.31586283 0.09060800
v 0.14225599 -0.08393807 0.08748166
v 0.12578411 -0.06112753 -0.12774709
v 0.14291818 0.02646721 0.08270286
v 0.11522788 0.12176560 -0.12542447
v 0.10636037 0.14463737 0.09631605
v 0.14399817 0.24058160 -0.21569631
v 0.12788927 0.35667364 0.16733478
v 0.13077039 0.37408541 -0.22071632
v 0.13822290 0.39116265 0.17699881
v 0.13974990 0.45107775 -0.18707364
v 0.13553856 0.44937751 0.14313298
v 0.13292352 0.46212316 -0.17126114
v 0.13109664 0.47519180 -0.16432172
v 0.14442102 0.48851999 -0.17416851
v 0.14329680 0.49995264 -0.15092347
v 0.12492719 0.51814331 -0.14313519
v 0.14497716 -0.38111036 -0.00381282
v 0.14573602 -0.38232584 -0.05904077
v 0.14549351 -0.38096204 -0.02810092
v 0.14357067 -0.37869182 -0.01933663
v 0.14503936 -0.37410130 -0.09576101
v 0.14381601 -0.38080358 -0.07626703
v 0.14385577 -0.37153774 0.07429540
v 0.13440689 -0.35318734 -0.12822145
v 0.14531826 -0.32132101 0.08985745
v 0.14821399 -0.20762411 0.08716917
v 0.15789042 -0.22368420 -0.12485404
v 0.14798868 -0.08102683 -0.12594916
v 0.14398236 0.02578603 -0.12422372
v 0.13829940 0.13015423 0.08116271
v 0.13529883 0.13732476 0.08236112
v 0.15050229 0.32275492 0.19112519
v 0.14988898 0.35748269 -0.19085657
v 0.15828183 0.35417793 0.16871759
v 0.13357844 0.35865083 -0.20919279
v 0.14024367 0.40870800 0.17544900
v 0.15186444 0.46826603 -0.17998020
v 0.13399959 0.46708025 0.12615012
v 0.10262531 0.55247399 0.07013511
v 0.15335773 -0.37513800 -0.07191475
v 0.15292432 -0.37458519 -0.01976417
v 0.15307447 -0.37540836 0.04129163
v 0.14448784 -0.36556017 -0.12124012
v 0.14509432 -0.35791452 0.08635384
v 0.14542086 -0.25628190 0.08926783
v 0.16007449 -0.01700199 0.07733447
v 0.20024800 0.14235098 0.09227150
v 0.13606608 0.22091298 -0.20692216
v 0.15162114 0.36561040 0.15467020
v 0.15537926 0.37560132 -0.20362545
v 0.14383890 0.37901560 -0.21859357
v 0.14570686 0.38017077 0.17063163
v 0.15421769 0.40544861 0.17514606
v 0.14462596 0.40924788 -0.21456709
v 0.17026053 0.45525444 0.15655386
v 0.14770767 0.47529436 0.12898044
v 0.15586448 0.49370985 0.13264395
v 0.16083869 0.50027963 0.11482118
v 0.13389538 0.50689281 -0.14716591
v 0.17364535 -0.37763012 -0.00177558
v 0.15339990 -0.37482171 -0.00253958
v 0.17269202 -0.36572905 0.07381310
v 0.16003171 -0.31687713 0.08706291
v 0.14995943 -0.11944139 -0.12644827
v 0.16666755 -0.09726178 0.08193114
v 0.15228310 -0.02130511 -0.12178668
v 0.16482331 0.02228073 0.07281684
v 0.16387349 0.02239608 -0.11470017
v 0.16907141 0.11354871 -0.12425246
v 0.15703421 0.13624105 -0.12424325
v 0.09232505 0.15248042 0.11010164
v 0.22413479 0.17546126 0.13827758
v 0.15792283 0.34439156 -0.21793310
v 0.14692140 0.34942694 0.17927047
v 0.17717993 0.35316630 0.15351910
v 0.14986537 0.36592504 -0.19245911
v 0.15357671 0.39460992 -0.21456581
v 0.16886652 0.39287120 -0.20478852
v 0.15417308 0.42459061 -0.20784168
v 0.16042012 0.43122155 -0.20759453
v 0.15576571 0.43326559 0.16684596
v 0.14906785 0.44229642 -0.20088559
v 0.16774124 0.45027028 -0.20730403
v 0.15630443 0.48709578 -0.18133475
v 0.17413454 0.48840334 -0.17445253
v 0.16089567 0.49785023 -0.15615026
v 0.17210932 -0.37731663 0.04767920
v 0.17689727 -0.35016757 -0.11764510
v 0.16338037 -0.30726455 -0.12437887
v 0.17673224 -0.07925099 0.07567744
v 0.17468163 0.05004178 0.06641536
v 0.17382240 0.05397792 -0.11013737
v 0.16315932 0.07369274 -0.12051742
v 0.16612496 0.10264155 0.08075380
v 0.18052920 0.12775226 0.08117765
v 0.18594082 0.13714187 0.08377031
v 0.21837510 0.29890453 0.19169570
v 0.15667848 0.35366887 -0.19851914
v 0.18926399 0.35725899 -0.19346254
v 0.16026742 0.35694343 0.15361760
v 0.16837697 0.37971138 0.15397256
v 0.16354069 0.46839166 -0.18526517
v 0.16386371 0.47575267 -0.18121298
v 0.16713888 0.46810134 0.13736761
v 0.15854439 0.55297348 -0.11338052
v 0.11733431 0.56774811 -0.07863578
v 0.16941207 -0.37722920 -0.09283104
v 0.16487223 -0.36761336 -0.11511480
v 0.17541218 -0.37426044 -0.10231856
v 0.18277140 -0.34614885 0.07619375
v 0.16448047 -0.26858572 -0.12462203
v 0.17554129 -0.23500126 0.08268853
v 0.19206607 -0.19218733 -0.11530016
v 0.17903017 -0.14530482 -0.11889425
v 0.16874625 -0.08683606 -0.12042863
v 0.16448929 -0.01845553 -0.11554076
v 0.18189524 -0.00693178 -0.09511762
v 0.16843194 0.07178367 0.07561399
v 0.17690216 0.13538596 -0.12441827
v 0.21507469 0.14054879 -0.12806010
v 0.11122354 0.20724978 0.16195577
v 0.25460071 0.28370485 0.19022332
v 0.14773048 0.33484191 0.18840568
v 0.16824742 0.36868070 -0.19555197
v 0.18084968 0.38071352 -0.20288043
v 0.18246002 0.39178411 0.15569564
v 0.16847618 0.40935012 -0.20806205
v 0.17774707 0.40741579 0.16984312
v 0.17488095 0.42277538 0.17049767
v 0.18656733 0.49532804 0.12774205
v 0.18165816 0.50479061 -0.15039143
v 0.17948304 0.51062300 0.11031689
v 0.14686856 0.51814038 0.10610481
v 0.19322171 -0.37502392 -0.07896316
v 0.18541832 -0.37745330 -0.04311845
v 0.19002516 -0.37671404 0.01346117
v 0.17804618 -0.37373346 0.06057507
v 0.19044410 -0.28766790 -0.11686729
v 0.19577668 -0.24597997 -0.11511977
v 0.17308572 0.00230370 -0.10593086
v 0.18467782 0.01767454 -0.08632809
v 0.17822136 0.01264713 0.05928018
v 0.18568344 0.04910895 -0.09178484
v 0.18811041 0.05497551 0.04946462
v 0.18662610 0.09566874 -0.11468496
v 0.10912001 0.15103151 -0.14529364
v 0.17630961 0.36037707 0.14504079
v 0.18980125 0.36567324 -0.19584290
v 0.18921203 0.40515547 -0.21787808
v 0.18169490 0.43488766 0.16840028
v 0.19410537 0.47649340 -0.16961357
v 0.18838703 0.46807933 0.13748760
v 0.18118401 0.47576492 0.13450503
v 0.17411965 0.49098418 0.13701985
v 0.19745403 0.53652498 -0.13228761
v 0.19749678 -0.37529913 -0.03652773
v 0.20000799 -0.36175568 -0.09802240
v 0.18860100 -0.35530608 -0.11046484
v 0.18359776 -0.16378623 0.07867913
v 0.18244067 -0.09013241 -0.11363205
v 0.18295236 -0.05649936 -0.10718547
v 0.19076857 -0.05095651 -0.09562671
v 0.19262773 -0.04888274 0.05141149
v 0.18054891 -0.03324711 0.06437358
v 0.18857654 -0.01569020 0.04558495
v 0.19025131 -0.01192116 -0.07666897
v 0.19063288 0.00206890 -0.06557464
v 0.19141204 0.00615564 -0.04521815
v 0.19016732 0.01163838 0.02763765
v 0.19248009 0.04083243 -0.05668959
v 0.19081124 0.08351437 -0.10488158
v 0.19250427 0.08925838 0.06467140
v 0.20544197 0.12025059 -0.11715601
v 0.22073934 0.23515345 0.17672307
v 0.19282151 0.34902296 -0.20745686
v 0.19139665 0.35113217 -0.20093721
v 0.19286608 0.35686936 0.14408259
v 0.19748735 0.35250729 0.15302817
v 0.18889902 0.36985620 0.14522988
v 0.18734431 0.41895501 -0.21870825
v 0.18515734 0.45288446 0.15895974
v 0.18712615 0.46303370 -0.19903758
v 0.18444534 0.46874099 -0.18281138
v 0.18950915 0.49671897 -0.16680579
v 0.18695379 0.51786952 -0.14444670
v 0.17196063 0.55780456 -0.10571999
v 0.12480718 0.56078690 0.05438113
v 0.17974156 0.57274988 -0.03109135
v 0.20511667 -0.36589930 -0.08510817
v 0.20043294 -0.37082455 0.04301353
v 0.20074991 -0.31416960 0.07180994
v 0.20689204 -0.27665024 -0.10902378
v 0.19674271 -0.26509485 0.07604038
v 0.19419927 -0.10248825 -0.10615413
v 0.21216148 -0.15976157 0.05878316
v 0.19480837 -0.08787766 0.06231703
v 0.19619360 -0.02642742 -0.05182583
v 0.19370130 -0.01616247 0.01809696
v 0.19323940 0.04634600 0.02257638
v 0.19679075 0.07756823 -0.09071760
v 0.20089039 0.10620765 0.06854901
v 0.30345279 0.25097557 -0.21941184
v 0.20020222 0.35133798 -0.20520880
v 0.22050940 0.34352662 0.17835853
v 0.19927001 0.35168440 0.16669839
v 0.20570693 0.36663209 0.15050834
v 0.19825148 0.38635104 -0.21625446
v 0.21284044 0.42175137 -0.21464137
v 0.19238573 0.44616447 -0.21150174
v 0.20226156 0.47326728 0.12408044
v 0.20784596 0.49041364 -0.15240055
v 0.19717183 0.49237005 0.12921112
v 0.20114557 0.50221942 -0.14925397
v 0.19906299 0.50131219 0.11274414
v 0.22054320 0.57202505 -0.00252575
v 0.21396092 -0.33465879 -0.09617943
v 0.20406148 -0.35039506 0.06161890
v 0.20533611 -0.31783618 -0.10700249
v 0.21205332 -0.26202249 0.06751367
v 0.20473756 -0.18233268 -0.10765547
v 0.19337885 -0.13152727 0.07155939
v 0.20212972 -0.09737312 -0.09522050
v 0.21207571 -0.13037567 0.05078256
v 0.19996775 -0.06101807 -0.08091879
v 0.19589581 -0.04273249 0.03978412
v 0.19777997 -0.03265683 0.00970557
v 0.21525712 -0.10142807 -0.05571200
v 0.19938751 0.06735235 -0.05934682
v 0.19953113 0.06752089 0.01832678
v 0.20555497 0.08741976 0.04247897
v 0.21078200 0.08870210 0.01098263
v 0.21237447 0.10261527 -0.09446877
v 0.19794517 0.12673457 0.07866389
v 0.22898948 0.18071475 -0.18042443
v 0.16380571 0.26673745 -0.22348920
v 0.19918992 0.34262370 -0.21668049
v 0.22232262 0.35730835 -0.21064905
v 0.20835871 0.35797840 -0.20455793
v 0.18604315 0.40446944 0.16867562
v 0.19112928 0.41660900 0.17257571
v 0.22698503 0.39642293 0.17659532
v 0.20791941 0.44994599 -0.19929272
v 0.21557328 0.45656559 -0.17676064
v 0.20362636 0.46496920 -0.17025363
v 0.20846834 0.49099620 0.11989607
v 0.20805185 0.50252261 0.11034305
v 0.22067224 0.51974866 0.10698442
v 0.20180658 0.53081535 0.09872852
v 0.21546424 -0.36558585 -0.04676708
v 0.21171113 -0.36856552 -0.00127949
v 0.21784423 -0.28459615 -0.09984943
v 0.21999247 -0.24159317 0.05986527
v 0.21846030 -0.23244020 -0.09933165
v 0.20486463 -0.18151436 0.06827654
v 0.20980677 -0.15005635 -0.09843937
v 0.21674267 -0.15683920 -0.08996737
v 0.21510112 -0.11239834 -0.07332202
v 0.21450896 -0.09720867 0.01562447
v 0.21922546 0.10174125 0.03124449
v 0.21081628 0.09114115 -0.07321307
v 0.21004396 0.13744129 -0.12327263
v 0.21234756 0.34974474 -0.20893202
v 0.21357145 0.35618193 0.15747374
v 0.21329535 0.37524194 0.16970704
v 0.20411558 0.45063767 0.15185321
v 0.20929579 0.47564529 -0.14890169
v 0.21793443 0.46820793 -0.14471592
v 0.21572943 0.47692678 -0.13880595
v 0.21599876 0.48340951 0.10470015
v 0.21877388 0.49553840 0.10860541
v 0.22281811 -0.35255259 -0.06223208
v 0.21703185 -0.35162375 0.04366594
v 0.22071529 -0.30545230 0.05607459
v 0.22262955 -0.33078331 -0.08587581
v 0.22287592 -0.27827547 0.05660463
v 0.22729512 -0.22800272 0.04907308
v 0.22555174 -0.21138756 -0.08753281
v 0.22278527 -0.19268370 0.05042234
v 0.21995618 -0.11386778 -0.02955661
v 0.21706185 0.09681998 -0.04131644
v 0.20960789 0.10825022 -0.10526872
v 0.24164113 0.12692550 -0.09644226
v 0.22654661 0.12818871 0.06747591
v 0.22836155 0.13145340 -0.11270708
v 0.22929714 0.13096340 0.06773379
v 0.33205319 0.24976579 0.18265908
v 0.19703195 0.26343166 0.18614398
v 0.21878373 0.33408337 0.18566767
v 0.21102613 0.37992598 -0.21762937
v 0.21419888 0.41874441 0.17150634
v 0.22302476 0.46280821 -0.16542653
v 0.21424735 0.47506769 0.10971733
v 0.22358400 0.47483823 0.10549283
v 0.22767653 0.47962556 -0.14133591
v 0.22369822 0.48400095 0.09926018
v 0.30832492 0.56673401 -0.08730733
v 0.18533983 0.56989646 0.01985071
v 0.22430703 -0.35426763 0.00302133
v 0.23370580 -0.33250440 -0.00897898
v 0.23133487 -0.33223009 -0.05502820
v 0.22855325 -0.30978200 0.04241484
v 0.22839671 -0.29327824 -0.08520341
v 0.23279428 -0.25767357 0.04021910
v 0.23021229 -0.26122544 -0.08402160
v 0.23559930 -0.24357855 -0.06539953
v 0.23401278 -0.21925214 0.02950130
v 0.22601640 -0.19104516 0.04385816
v 0.22558787 -0.17383030 -0.07655034
v 0.22998260 -0.18029654 0.02577171
v 0.21662441 -0.12666051 0.03961787
v 0.22270492 -0.13412935 0.01893182
v 0.22989491 -0.17033521 -0.05035384
v 0.23376631 0.11380534 0.01507091
v 0.21463719 0.10624319 0.05471836
v 0.24585878 0.12488492 -0.07566198
v 0.23834229 0.12953690 0.05841137
v 0.21800371 0.15229920 0.11065025
v 0.27774811 0.16082873 0.12218771
v 0.22819863 0.34980013 0.17082975
v 0.23785129 0.38190684 -0.21671961
v 0.23052340 0.41997240 -0.19627043
v 0.22817443 0.44514221 -0.18589203
v 0.24100115 0.44855101 -0.17702208
v 0.23033420 0.45905434 0.13201606
v 0.23626084 0.47507641 0.11617590
v 0.23156949 0.48579858 0.10445006
v 0.22019299 0.49454505 -0.14667716
v 0.23186770 0.49910507 0.10812622
v 0.22739862 0.51167951 -0.14609668
v 0.20121886 0.53852104 0.09116086
v 0.22976033 -0.33668657 0.02299286
v 0.23505792 -0.30224632 -0.06553204
v 0.23844493 -0.29962491 -0.03443638
v 0.23797534 -0.28869439 0.01674581
v 0.23931508 -0.25531153 0.00393953
v 0.23876661 -0.24706301 -0.04583841
v 0.23786462 -0.22338844 -0.00370087
v 0.23413545 -0.21130626 -0.06364010
v 0.23322279 -0.18248847 -0.01518186
v 0.22840376 0.11030427 -0.07295105
v 0.24137880 0.12489743 0.04589199
v 0.32467399 0.29814891 -0.22740368
v 0.23651884 0.35740361 0.17141696
v 0.23240301 0.37517110 0.17788670
v 0.21845396 0.39775902 -0.21894447
v 0.24429058 0.41055596 -0.19657800
v 0.22505635 0.43786651 -0.19202775
v 0.22952789 0.44651727 0.14497634
v 0.23806578 0.46980628 -0.16141122
v 0.24604254 0.46189042 0.13101285
v 0.24233585 0.48748333 -0.15770118
v 0.23417787 0.49792883 -0.14592090
v 0.24856634 0.50677452 -0.14689246
v 0.22486034 0.52666001 -0.14000930
v 0.30939600 0.53884027 -0.13217582
v 0.30061078 0.55845749 -0.10661732
v 0.17796132 0.56371730 -0.09330317
v 0.24814862 0.12640941 0.03572768
v 0.24612113 0.12281504 -0.02074703
v 0.23981732 0.13619373 -0.11790678
v 0.22518147 0.31860584 -0.22614553
v 0.23304351 0.34940871 -0.21155063
v 0.24131387 0.36321128 -0.21457270
v 0.24060957 0.40120057 -0.20843835
v 0.23353387 0.42432345 0.15525459
v 0.24729729 0.42331168 -0.19469622
v 0.25236510 0.43085644 -0.19244600
v 0.25224973 0.44051551 0.15246851
v 0.24016768 0.49139527 0.11517656
v 0.25605148 0.49094148 -0.17118948
v 0.25548712 0.50041390 -0.15215654
v 0.24237928 0.50653908 0.11017994
v 0.29917293 0.53125612 0.09991160
v 0.30282329 0.54713495 -0.12347653
v 0.25932280 0.56251591 0.05152736
v 0.25604551 0.12832929 -0.07624880
v 0.25612735 0.12727614 -0.05750422
v 0.25637954 0.12711718 0.01250275
v 0.25379931 0.13043694 0.05263575
v 0.24421473 0.14727788 -0.14035742
v 0.24067569 0.18368107 0.14571392
v 0.25048109 0.19446000 0.15416343
v 0.26073769 0.36244592 0.17721886
v 0.25798753 0.37626007 0.17902036
v 0.25528186 0.40802635 0.16386267
v 0.24714676 0.45358979 0.13715029
v 0.24985364 0.45689676 -0.17162604
v 0.24824303 0.50019974 0.11159889
v 0.31019907 0.55403061 -0.11433487
v 0.25069342 0.13171468 -0.10255106
v 0.24203282 0.13410103 0.06998094
v 0.36586872 0.16812701 -0.16731795
v 0.21671438 0.33392960 -0.22154763
v 0.25367691 0.38906299 -0.21233617
v 0.26106730 0.39999320 -0.20250116
v 0.27118620 0.42773128 -0.19520628
v 0.25690134 0.42567483 0.16142377
v 0.27290171 0.43810427 0.15674533
v 0.27447506 0.44233835 -0.18006609
v 0.26229584 0.46530446 0.13777264
v 0.26311914 0.49246100 -0.17414632
v 0.27023310 0.52647960 -0.14102399
v 0.18383865 0.27125517 0.18794501
v 0.31926033 0.31030462 -0.22698232
v 0.28461834 0.41372098 0.16939697
v 0.26340908 0.45408494 -0.17485575
v 0.29167891 0.45223481 -0.16656143
v 0.27155644 0.47377901 0.13803089
v 0.27224034 0.48100444 -0.17123587
v 0.26898443 0.50026887 0.11550354
v 0.26502268 0.49147844 0.13760483
v 0.27460782 0.34978357 -0.20926830
v 0.29312661 0.37013014 0.17711354
v 0.27353270 0.37733956 -0.21427541
v 0.26747632 0.40161021 -0.20142864
v 0.26855069 0.39383772 0.17155338
v 0.27311672 0.45215160 0.13947643
v 0.28141693 0.49102515 0.12970672
v 0.26766107 0.54753104 0.08151357
v 0.21667989 0.13722436 0.08069954
v 0.28670748 0.14462717 0.09607901
v 0.37564715 0.15189065 0.10741518
v 0.26446853 0.34906573 0.17456666
v 0.28009328 0.36188420 -0.21137724
v 0.29867752 0.39626314 0.16806109
v 0.28784679 0.41671476 -0.20386613
v 0.29082106 0.43146996 0.16372887
v 0.28944050 0.43870325 -0.19058474
v 0.29162229 0.44551084 -0.17485343
v 0.28814206 0.44314647 0.15280914
v 0.28735834 0.46267168 0.12943343
v 0.28284240 0.49493176 -0.16260626
v 0.29432672 0.49390524 0.11336977
v 0.28958840 0.50508994 -0.14911239
v 0.28924008 0.50632719 0.11165177
v 0.29068473 0.51444414 0.10998445
v 0.30672942 0.51754941 -0.14763348
v 0.29222578 0.53935113 0.09199121
v 0.34902351 0.12988658 -0.07756125
v 0.34554194 0.13640804 0.07208619
v 0.29659192 0.14043152 -0.12590004
v 0.26065327 0.17123346 -0.17158024
v 0.28918544 0.22969167 -0.21144687
v 0.23164406 0.32587681 0.18892218
v 0.30199491 0.42349307 0.16822196
v 0.29066525 0.45202395 0.13551362
v 0.29588927 0.47392221 -0.15366378
v 0.29724934 0.45786650 0.12865596
v 0.29403773 0.48787470 -0.15489724
v 0.29586085 0.49902164 -0.15276720
v 0.31358511 0.52478508 -0.14344042
v 0.33405527 0.12729549 -0.02459491
v 0.28688656 0.19586026 -0.19218782
v 0.29012687 0.33402772 -0.22061565
v 0.29808086 0.38110886 0.17530854
v 0.31128299 0.44833399 -0.19012477
v 0.30087936 0.45281374 0.14314860
v 0.30299074 0.45320657 -0.16466418
v 0.29804371 0.46270738 0.12407693
v 0.30351487 0.48120683 0.10310094
v 0.31151569 0.49979339 0.10937695
v 0.31225576 0.50641492 -0.14938286
v 0.27283294 0.20977396 -0.20118304
v 0.38066761 0.31998855 -0.22567422
v 0.35887089 0.33531120 0.18530872
v 0.30371140 0.35742968 -0.20446019
v 0.30685598 0.35746761 0.17330024
v 0.31659784 0.37623904 -0.20931842
v 0.32118806 0.39751228 0.16284203
v 0.31603191 0.43326870 -0.20118178
v 0.31634803 0.44811244 0.15831338
v 0.31467946 0.45709361 -0.17869235
v 0.31246841 0.45705406 -0.16538827
v 0.31003520 0.46260880 0.12542653
v 0.31299551 0.46418418 -0.14806403
v 0.31088850 0.47193271 0.10591267
v 0.31047271 0.47670562 -0.13825744
v 0.30983697 0.49321374 -0.15181474
v 0.29537381 0.56933394 0.02431184
v 0.40076721 0.13688348 -0.11036389
v 0.28924161 0.13095879 -0.09349844
v 0.22405392 0.15857529 -0.15718364
v 0.34290796 0.34827113 -0.20826553
v 0.31515155 0.34979215 0.17370104
v 0.31365283 0.35049267 -0.20382191
v 0.33430028 0.36023458 -0.19558049
v 0.32470680 0.38366837 0.17124611
v 0.32595336 0.46789925 0.14245284
v 0.31744269 0.47807904 -0.13661789
v 0.31124132 0.48425974 0.09852598
v 0.29004343 0.55782614 0.06253845
v 0.34410813 0.12909261 0.03094990
v 0.41676558 0.15838132 -0.15412093
v 0.34435766 0.17579006 0.13827029
v 0.36617419 0.20072312 0.15876627
v 0.25543929 0.31470496 0.19109293
v 0.34325566 0.38190655 -0.20168484
v 0.30553139 0.39586266 -0.20221010
v 0.33698909 0.40490359 0.15676510
v 0.31498724 0.41329163 -0.20432575
v 0.30591275 0.40742001 0.16790765
v 0.33962185 0.41145287 0.15567118
v 0.33478062 0.46357974 0.15090745
v 0.31986240 0.47604224 0.10670319
v 0.32369313 0.49114581 0.10569092
v 0.32618678 0.49910507 0.10863198
v 0.35742768 0.51530909 -0.14303579
v 0.40290793 0.13291177 0.05230004
v 0.21778981 0.27570978 -0.22514278
v 0.35096037 0.32364506 0.18958657
v 0.34246269 0.35345789 -0.19864821
v 0.34939841 0.35685797 -0.19217506
v 0.33355317 0.37309881 -0.20257709
v 0.34915281 0.38670175 0.16739297
v 0.33631958 0.42717903 -0.19795164
v 0.33261863 0.43269200 0.16114518
v 0.32887063 0.45615598 -0.18952414
v 0.32950371 0.47340454 -0.16829388
v 0.33102337 0.47678822 0.13009368
v 0.32105341 0.46513130 -0.14952141
v 0.33186312 0.48924416 -0.14343335
v 0.33164040 0.48862545 0.11123068
v 0.34226801 0.50690444 0.10893008
v 0.30863172 0.57209814 -0.05417696
v 0.32012991 0.57282147 -0.02007098
v 0.39741793 0.12873451 -0.04943149
v 0.29193893 0.21729719 0.16861269
v 0.32977609 0.35546652 0.16941030
v 0.34518133 0.36103329 0.16279199
v 0.32413352 0.37219756 0.17331175
v 0.33654652 0.39774566 -0.19509091
v 0.34748423 0.40881773 -0.18897967
v 0.33694503 0.44516999 -0.19561699
v 0.33945560 0.47492135 -0.17822848
v 0.32803623 0.47760203 -0.14491774
v 0.34737775 0.48904872 -0.16620799
v 0.34255127 0.49130961 -0.15122410
v 0.34841253 0.48725358 0.13472903
v 0.33449651 0.49872771 -0.14558462
v 0.34174121 0.49892485 0.10863788
v 0.38778575 0.56167021 -0.10046460
v 0.35049389 0.34733897 0.17622151
v 0.35218488 0.39202722 -0.19733330
v 0.35936854 0.39891331 0.16171180
v 0.33957636 0.40890559 -0.19175910
v 0.36175968 0.42845756 0.14913689
v 0.35184370 0.44993150 -0.19137713
v 0.34632851 0.45992691 -0.18952973
v 0.35037003 0.46313636 0.15197225
v 0.35676118 0.46558603 -0.18847514
v 0.35950913 0.49342289 0.13100710
v 0.34908382 0.35650182 0.15936359
v 0.35999762 0.36605657 -0.18694168
v 0.35762647 0.41264591 -0.18780436
v 0.36152624 0.42004158 0.15101585
v 0.35070492 0.42152308 -0.18727995
v 0.35836397 0.42138307 -0.18480325
v 0.36356438 0.43864368 -0.18413443
v 0.36507133 0.45239510 0.15134552
v 0.36526999 0.48517911 0.14246815
v 0.36354419 0.49809756 -0.15278806
v 0.35147814 0.50063991 -0.14556961
v 0.36374180 0.50309931 0.10971640
v 0.35960494 0.49722259 0.11242812
v 0.38699004 0.53870378 0.08892663
v 0.43331326 0.23824054 0.17857257
v 0.35930125 0.35328001 0.15766045
v 0.35922024 0.36556028 0.15133269
v 0.36062818 0.38754844 -0.19541322
v 0.36245867 0.37916892 0.16140091
v 0.37891309 0.47088180 -0.18541546
v 0.36173485 0.48649441 -0.17808361
v 0.36865897 0.52330247 -0.13954204
v 0.39020350 0.53689855 -0.13020097
v 0.41066432 0.54685792 -0.12063696
v 0.39705634 0.57134738 0.00180219
v 0.41153945 0.57251114 -0.04750037
v 0.41123365 0.13342513 -0.09480382
v 0.35781616 0.14174507 0.08715596
v 0.44635243 0.14665290 0.09491810
v 0.41580337 0.22059464 -0.20695017
v 0.38996166 0.35793750 -0.18581587
v 0.36904627 0.35733090 0.14460297
v 0.37683342 0.37569860 -0.18448211
v 0.37010499 0.39943073 -0.19223808
v 0.37532162 0.41505045 0.15430496
v 0.33912016 0.51877010 0.10633398
v 0.38413564 0.26794037 0.18780781
v 0.34148932 0.34222332 -0.21498643
v 0.39902336 0.35310808 -0.20055582
v 0.37897559 0.36923757 0.14364101
v 0.37593424 0.39699132 0.15706418
v 0.37401059 0.41967788 -0.18823263
v 0.37678290 0.43682878 0.14661547
v 0.37021819 0.44631346 -0.18387251
v 0.38709110 0.49813830 0.11181297
v 0.39351580 0.49331852 0.12897412
v 0.40251217 0.16867735 0.12985427
v 0.42314135 0.35017490 -0.20566850
v 0.38984881 0.35207685 0.15323421
v 0.39104004 0.38759452 -0.18510248
v 0.38512834 0.40681063 -0.18795217
v 0.38890712 0.41668422 0.15113409
v 0.39298774 0.42815289 0.14697502
v 0.37731908 0.44091363 -0.18424552
v 0.38870096 0.45068769 0.14812264
v 0.39372500 0.46636315 0.14688868
v 0.39395916 0.54839288 0.07774723
v 0.38401187 0.56696796 -0.08695567
v 0.39030901 0.56591255 0.03841512
v 0.42605661 0.34066279 -0.21631182
v 0.41204289 0.34398195 0.17831791
v 0.39230292 0.36503537 -0.18177933
v 0.38958031 0.37521564 0.14620725
v 0.39062624 0.39378483 0.15198763
v 0.39985270 0.42601818 -0.19066802
v 0.40341103 0.43888608 0.14874226
v 0.39708075 0.46421500 -0.18366013
v 0.37080129 0.49480970 -0.17066145
v 0.40672980 0.49344575 0.11425691
v 0.39172865 0.49972480 -0.14909664
v 0.39708663 0.51354249 -0.14236194
v 0.38821922 0.55932919 0.05934448
v 0.39045521 0.57001587 -0.07373545
v 0.51209107 0.25574935 0.18466987
v 0.36012274 0.34224324 0.18091721
v 0.41266272 0.34941020 0.16831876
v 0.39424811 0.35780285 0.14660914
v 0.40403694 0.35214252 0.15851061
v 0.40433799 0.36023863 -0.18750650
v 0.40409328 0.40926225 0.15452481
v 0.41813779 0.49186029 -0.15273105
v 0.40821295 0.49991394 0.10829791
v 0.41782747 0.33391724 -0.22084426
v 0.42932157 0.34811413 0.17191359
v 0.40698135 0.37398422 -0.18994263
v 0.40090969 0.40328324 -0.18743632
v 0.41234518 0.42320940 0.15241473
v 0.41210389 0.43379183 -0.19193382
v 0.39955433 0.48151154 0.14018693
v 0.42658569 0.48723695 0.11161083
v 0.39878799 0.52591354 0.09925531
v 0.36435809 0.29126376 0.19128422
v 0.43044174 0.37090234 -0.20297964
v 0.42300035 0.37675993 0.16885944
v 0.42076812 0.44688631 0.14466837
v 0.41994651 0.44636856 -0.18576639
v 0.39706344 0.48185518 -0.17694343
v 0.42271606 0.48284019 0.12739988
v 0.40220101 0.51465598 0.10493923
v 0.43424056 0.56356048 0.05459260
v 0.42505606 0.22567753 0.17291562
v 0.47184077 0.24157723 -0.21616746
v 0.42333977 0.38445461 -0.19379397
v 0.41359940 0.47092466 -0.17683100
v 0.42455486 0.46649391 0.14145894
v 0.42305760 0.49790304 -0.14558537
v 0.41886238 0.50591948 0.10728993
v 0.42179003 0.52287188 -0.13935578
v 0.43317394 0.20525636 -0.19789566
v 0.34999529 0.26731762 -0.22367956
v 0.42674399 0.35731078 0.16621358
v 0.43748938 0.39818422 -0.20374486
v 0.43537481 0.46335955 0.13980218
v 0.43532912 0.48711866 0.10618687
v 0.47609475 0.50463087 -0.14654987
v 0.39043701 0.55488357 -0.11150680
v 0.46886028 0.56127623 -0.10126452
v 0.44900460 0.56951702 0.04435151
v 0.44812900 0.57496817 0.00474193
v 0.53119349 0.27111590 0.18852017
v 0.44622704 0.34940484 -0.20823260
v 0.43234092 0.35750701 -0.20207165
v 0.45124552 0.37041990 0.17716234
v 0.44222791 0.40601254 0.16655442
v 0.44440347 0.44087975 -0.17758342
v 0.43978987 0.46653463 -0.16105413
v 0.44413509 0.47227298 0.10566954
v 0.44225819 0.46856424 0.12758409
v 0.43948494 0.48210204 0.10335553
v 0.44538992 0.49134140 -0.14520274
v 0.44448531 0.53842961 0.08972721
v 0.44535961 0.57136026 -0.07699330
v 0.44748887 0.57497900 -0.04914522
v 0.44508788 0.57196865 0.02804301
v 0.52824286 0.18042725 -0.17700518
v 0.46521040 0.38332225 -0.21306728
v 0.43866216 0.42724616 0.15151347
v 0.45994670 0.45984374 0.12649268
v 0.46720667 0.46809503 -0.15592584
v 0.44053378 0.48544252 -0.14894943
v 0.46569180 0.49614415 0.10913998
v 0.43863888 0.52638893 0.09937229
v 0.38624404 0.14987931 -0.14177602
v 0.44715362 0.18736966 0.14741439
v 0.46888338 0.34953070 -0.21038124
v 0.44528848 0.40426147 -0.20372368
v 0.45065378 0.41439968 -0.19602706
v 0.46696871 0.41387255 -0.18870297
v 0.45117296 0.43902179 0.14774939
v 0.47314107 0.42890968 0.15856602
v 0.46211251 0.45203113 0.14218471
v 0.47395297 0.48441028 -0.15054393
v 0.45434661 0.48081032 0.09896869
v 0.45140426 0.56215188 0.05551047
v 0.46784977 0.58219188 0.03721466
v 0.57748863 0.27567171 -0.22471146
v 0.47257979 0.37154853 -0.21519710
v 0.46995183 0.39444414 -0.20910516
v 0.47537976 0.41368893 -0.18970511
v 0.45210918 0.45946634 -0.16768275
v 0.45314642 0.46614779 0.10701018
v 0.47229104 0.49195323 -0.14766113
v 0.48109316 0.54750262 0.08114729
v 0.46647627 0.57310447 -0.08274830
v 0.46766118 0.57000075 0.04710988
v 0.46872207 0.58273884 -0.07352802
v 0.46863442 0.58365129 -0.00701114
v 0.47815131 0.16010971 0.11717814
v 0.46751066 0.28327680 0.19064577
v 0.44463050 0.32591020 0.18888855
v 0.46526438 0.35768210 -0.21047031
v 0.47932061 0.40491528 -0.19622190
v 0.46001412 0.39592268 0.17316863
v 0.47351524 0.40744124 0.16251225
v 0.46536805 0.44805717 -0.17967106
v 0.48299879 0.46496121 0.12626509
v 0.47314896 0.48117953 0.11611578
v 0.47225070 0.49111055 0.11130170
v 0.47599043 0.52008370 0.10684105
v 0.50087249 0.54574924 -0.12234618
v 0.44880540 0.56770080 -0.08819230
v 0.47611689 0.13166993 -0.07425603
v 0.52004427 0.26027851 -0.22172233
v 0.44929812 0.33468551 0.18524893
v 0.45858793 0.34868488 0.17406724
v 0.47541381 0.38714268 0.17805555
v 0.49515370 0.49179548 0.13366623
v 0.48142591 0.57055065 -0.08346666
v 0.48341244 0.58612261 -0.04385276
v 0.48372954 0.58637023 0.00783317
v 0.50125615 0.13683502 0.06288532
v 0.49867745 0.14133150 0.07853885
v 0.51470649 0.15092827 -0.13894816
v 0.51391369 0.16882690 -0.16486886
v 0.48504572 0.20517640 0.16045067
v 0.51761101 0.33786376 0.18483759
v 0.52020864 0.34978704 0.17395487
v 0.48078979 0.35993808 -0.21231168
v 0.50806882 0.40328302 0.16558952
v 0.49413042 0.42047581 0.16420847
v 0.49245472 0.44145975 0.15490328
v 0.49986905 0.45161097 -0.17586850
v 0.49626302 0.46123886 -0.16869835
v 0.50108353 0.45811839 0.13886637
v 0.48501384 0.46929309 -0.15781664
v 0.49058186 0.50174127 0.11108314
v 0.53742908 0.56989435 0.04677262
v 0.48717314 0.58593695 -0.07517350
v 0.49255310 0.59363166 -0.04909138
v 0.48572797 0.58645027 0.03401131
v 0.49819774 0.59274027 0.03790181
v 0.41584030 0.18773173 -0.18534785
v 0.43478673 0.28383974 -0.22637405
v 0.41684136 0.31445738 0.19112385
v 0.57649428 0.31879668 -0.22677228
v 0.50876864 0.33105712 -0.22359138
v 0.50540378 0.34264305 -0.21613327
v 0.48111931 0.36417221 0.17996974
v 0.49813802 0.40703251 -0.19463589
v 0.50019257 0.48096029 -0.17311938
v 0.49106232 0.49118317 -0.16130683
v 0.50272181 0.48596004 0.13777032
v 0.49003968 0.51891450 -0.14308490
v 0.46609506 0.53856439 -0.12865572
v 0.54690931 0.56489272 -0.09045091
v 0.49959836 0.56552518 0.05161651
v 0.49874827 0.58121294 -0.08007987
v 0.49077346 0.58064895 0.04283762
v 0.49953000 0.59358382 -0.03327337
v 0.49283469 0.59297154 -0.06547323
v 0.49854311 0.60147987 -0.04270700
v 0.49579906 0.60644089 0.03276529
v 0.49467002 0.62641231 -0.05310580
v 0.49846054 0.63357105 0.01097424
v 0.49419110 0.62634814 0.02583731
v 0.49427156 0.62508410 -0.06758740
v 0.57441799 0.13115326 -0.03813180
v 0.47576466 0.12941018 -0.01022865
v 0.46857477 0.13073434 0.02483842
v 0.38321350 0.30128526 0.19165200
v 0.49915667 0.34988695 -0.20979480
v 0.51160706 0.35709545 -0.20778293
v 0.50485115 0.37094121 -0.21563211
v 0.50999579 0.38114146 -0.21486919
v 0.49776823 0.37607876 0.18237880
v 0.49225522 0.42485531 -0.19200623
v 0.52614280 0.43501762 0.16217104
v 0.50696499 0.46766534 -0.17137347
v 0.50668403 0.48067255 -0.17603827
v 0.50352019 0.46745893 0.13663666
v 0.48786281 0.49764317 -0.15037237
v 0.50656860 0.50018681 0.11482381
v 0.50502093 0.49306504 0.13432919
v 0.52255703 0.50760532 -0.14648244
v 0.49689531 0.59219101 -0.00395114
v 0.50690330 0.60141168 -0.00373535
v 0.49424227 0.60142214 0.00905687
v 0.50666001 0.60202200 -0.03571057
v 0.49972079 0.59512113 -0.07458054
v 0.50692456 0.64577595 -0.06956945
v 0.50624338 0.64805955 -0.05888662
v 0.49770737 0.63257767 -0.04956870
v 0.50671419 0.64602444 -0.04925799
v 0.50702923 0.64506834 0.00925575
v 0.50151683 0.64389375 0.02739146
v 0.55705962 0.31080374 0.19195276
v 0.57003385 0.32185147 0.19097804
v 0.51921016 0.35733214 0.17243682
v 0.52250242 0.37364441 -0.21268238
v 0.52274646 0.39705171 -0.20720172
v 0.50719056 0.38920728 0.17793962
v 0.52749486 0.41382487 -0.19214272
v 0.50752074 0.49140915 -0.16895393
v 0.52062597 0.49886136 -0.15313240
v 0.52188659 0.49507718 0.11937732
v 0.51417614 0.49057223 0.13156241
v 0.51518084 0.52621688 -0.14082890
v 0.51165615 0.62145919 -0.03505613
v 0.49997058 0.62970159 0.03446743
v 0.51310655 0.64171878 -0.07451886
v 0.51626943 0.63150653 -0.00410747
v 0.51130982 0.63021309 -0.04039307
v 0.52149912 0.35038315 -0.20700139
v 0.51362121 0.36787796 0.18044282
v 0.52020881 0.38386537 0.18000195
v 0.51733223 0.43633613 -0.18699341
v 0.51922572 0.45966463 0.13560003
v 0.54104511 0.44833178 0.15651710
v 0.51645550 0.46020849 -0.17150496
v 0.52187527 0.46823592 -0.16480995
v 0.51956480 0.46748189 0.13028774
v 0.53086351 0.47327631 0.12499345
v 0.52463403 0.58635594 -0.08031720
v 0.52206578 0.62651538 0.04052265
v 0.51134230 0.63434622 0.00352065
v 0.52029897 0.63506421 -0.03703930
v 0.51808734 0.65490888 -0.04867087
v 0.56597546 0.13771533 -0.09958874
v 0.55848502 0.30012136 -0.22732924
v 0.57576771 0.29600768 0.19191167
v 0.53422162 0.35095863 -0.20656387
v 0.52702168 0.41288924 0.16287170
v 0.52990354 0.42346069 -0.18895648
v 0.53135454 0.46336761 0.13008518
v 0.52463049 0.48938801 -0.16117507
v 0.52581369 0.50132402 0.11155045
v 0.55763124 0.51539348 -0.14686248
v 0.51772119 0.59279008 0.04188621
v 0.53681114 0.62517888 -0.07892622
v 0.53245912 0.64320276 -0.03703197
v 0.54323280 0.64053081 0.04048764
v 0.52095687 0.65809135 -0.06769561
v 0.53310288 0.66485557 -0.05899815
v 0.52141960 0.34248339 -0.21721789
v 0.53477965 0.35065522 0.17241926
v 0.52639057 0.35867880 -0.20038833
v 0.54025369 0.38610758 0.17620930
v 0.53291582 0.38541659 -0.21131740
v 0.54469115 0.39925191 -0.20692535
v 0.53603704 0.40022257 0.17429262
v 0.54686876 0.40917654 0.17085072
v 0.54010057 0.45182173 -0.18296715
v 0.53891018 0.48441562 0.11715985
v 0.52957937 0.50258136 -0.14741927
v 0.51838399 0.51213949 0.11029480
v 0.52459188 0.55823827 0.06464398
v 0.53892670 0.57743509 0.04392633
v 0.53168640 0.60737121 -0.07992117
v 0.53630548 0.60613687 0.04151651
v 0.54109511 0.62461385 0.04164415
v 0.52719036 0.64729703 0.00373166
v 0.52391848 0.65552455 0.03341380
v 0.55083393 0.66751381 0.01983601
v 0.52776251 0.66326264 0.02710733
v 0.56695142 0.13116155 0.00026175
v 0.54268471 0.14270338 -0.11837926
v 0.59987338 0.28731589 -0.22597251
v 0.53062686 0.35729448 0.16716930
v 0.55178400 0.35666493 0.15215638
v 0.55540351 0.36507799 0.15255670
v 0.55945512 0.38797994 -0.19985846
v 0.55146431 0.41090280 -0.20303668
v 0.54413646 0.42848843 -0.18705708
v 0.55306821 0.44555942 0.16043698
v 0.55559228 0.45887182 -0.17990772
v 0.54392488 0.45687462 0.14520548
v 0.54492796 0.47036410 -0.15973823
v 0.53728978 0.48980742 -0.15255165
v 0.54347045 0.49739382 0.10787061
v 0.54331177 0.53463410 0.09751660
v 0.55324862 0.53499880 -0.13639389
v 0.56329058 0.57687086 -0.08091502
v 0.56923494 0.63893893 0.04091908
v 0.55797214 0.62824044 -0.07950899
v 0.53944375 0.64532919 -0.00365612
v 0.55239539 0.66489832 -0.05007766
v 0.54259278 0.66505297 -0.06732203
v 0.53474773 0.66280116 -0.04983023
v 0.53004633 0.13392374 0.04430757
v 0.50503042 0.22984323 0.17487039
v 0.54166501 0.31117144 -0.22727927
v 0.54932560 0.39797531 0.17336066
v 0.54837411 0.42417945 0.16229242
v 0.56316827 0.42577436 -0.20032812
v 0.56122060 0.45463583 -0.18900056
v 0.55389831 0.46313648 -0.16757942
v 0.55231733 0.47661956 -0.14931093
v 0.55220488 0.47438119 0.11181089
v 0.55595145 0.48289155 -0.13622710
v 0.54599564 0.47395125 0.11445590
v 0.55095907 0.49022880 -0.13924800
v 0.55082561 0.49089922 0.10003190
v 0.55216190 0.49892988 -0.14473067
v 0.55495282 0.51490837 0.10939809
v 0.55126175 0.59266916 0.04300124
v 0.55355285 0.60895631 -0.07171926
v 0.55340522 0.60825615 0.03306254
v 0.54258477 0.65572065 -0.07495848
v 0.53538207 0.66420328 0.01128669
v 0.60768618 0.13414114 0.03092063
v 0.58208237 0.15710875 0.10761454
v 0.54157536 0.19752985 -0.19134636
v 0.56943259 0.21481884 -0.20226872
v 0.53594844 0.32618678 0.18974437
v 0.59968516 0.33314894 0.18881890
v 0.58985265 0.34335480 -0.21884887
v 0.56594999 0.35339214 0.16557487
v 0.55016045 0.35647335 -0.18655123
v 0.55315057 0.36860373 -0.18365419
v 0.55882539 0.37654657 0.15992209
v 0.56263215 0.39172883 0.16607163
v 0.54419484 0.44080199 -0.18622778
v 0.57449101 0.45265749 0.16535926
v 0.55621889 0.48259712 0.09957094
v 0.57604660 0.49012416 -0.13484239
v 0.55783016 0.50538808 0.10965921
v 0.54093962 0.55818627 -0.10612259
v 0.56384536 0.59135423 -0.08105091
v 0.57076357 0.61878330 -0.07819064
v 0.56812134 0.61663018 0.03946134
v 0.57827883 0.65900463 0.03124674
v 0.55871967 0.66651764 0.02871106
v 0.57950601 0.13405012 -0.07655193
v 0.59186854 0.21591670 0.16524807
v 0.56370580 0.34935081 0.17700731
v 0.58875350 0.35145770 -0.21023844
v 0.57047096 0.36930231 -0.18443358
v 0.57001365 0.37713492 0.16249896
v 0.56872515 0.38623490 -0.19289104
v 0.56760404 0.40758721 -0.20158285
v 0.56352570 0.41211406 0.17096030
v 0.55993137 0.46537056 0.13452049
v 0.57625028 0.47853426 -0.15375027
v 0.55957508 0.52759317 -0.14195341
v 0.59456822 0.63623390 -0.07467815
v 0.57978097 0.65219271 -0.07343881
v 0.57552127 0.64236414 -0.03601076
v 0.55550611 0.64730912 -0.03659920
v 0.56203199 0.64646035 -0.00304627
v 0.57342138 0.66153868 -0.04996386
v 0.56413943 0.65168745 0.00237102
v 0.56712499 0.66547263 -0.05951452
v 0.59859727 0.13898125 0.06046641
v 0.58814946 0.14563287 0.08324383
v 0.57994024 0.16071572 -0.15118655
v 0.52791819 0.15186527 0.10146934
v 0.57910529 0.17017956 -0.16395028
v 0.54870875 0.17580755 0.13434985
v 0.58980012 0.24277910 0.17868705
v 0.57693768 0.35793755 -0.19370850
v 0.57857779 0.36529177 -0.19015992
v 0.58302259 0.38507071 0.16888115
v 0.57357971 0.39830765 -0.19673298
v 0.58221266 0.40670294 -0.19768258
v 0.55951294 0.45659285 0.15637000
v 0.58249397 0.47242721 -0.16772535
v 0.56710500 0.46481920 0.15046943
v 0.57335868 0.48290482 -0.13677509
v 0.57965418 0.48342315 0.10903643
v 0.57028289 0.50466093 -0.14693679
v 0.61197057 0.54852208 0.08350852
v 0.58280818 0.59122887 -0.07954163
v 0.57182313 0.59672315 0.04231602
v 0.57551801 0.60771820 -0.07891402
v 0.61273156 0.13328789 -0.05802733
v 0.62171059 0.18193126 -0.17401830
v 0.60281737 0.34469579 0.18252330
v 0.60156422 0.35475751 0.17151130
v 0.57854971 0.35718270 0.16243863
v 0.59754356 0.36260395 0.16849754
v 0.57316136 0.39586255 0.16528933
v 0.57781425 0.43204341 -0.20255837
v 0.57338301 0.42745945 0.16890146
v 0.58120095 0.43908604 0.17091566
v 0.57406146 0.44599112 -0.20139104
v 0.58939148 0.46675189 -0.19764823
v 0.57696956 0.47745789 0.12699363
v 0.58846226 0.49537168 -0.14641394
v 0.57095524 0.49105579 0.09807832
v 0.58249770 0.49896495 0.10608562
v 0.59067149 0.50964844 -0.15044613
v 0.58430537 0.63649322 -0.00351171
v 0.57826491 0.66032366 0.01130794
v 0.62654584 0.16366639 -0.15139844
v 0.60587650 0.19773470 -0.18909564
v 0.59795800 0.19408384 0.14953582
v 0.59352903 0.25789941 -0.22006446
v 0.60883612 0.31431481 -0.22694350
v 0.57898492 0.38824807 -0.20208280
v 0.59030437 0.39770474 -0.20910811
v 0.58595379 0.40865828 0.16783691
v 0.59002164 0.41757390 -0.19712868
v 0.60745572 0.42559359 0.16831690
v 0.59290352 0.49528064 -0.15201101
v 0.59618537 0.49044678 0.11252221
v 0.58763093 0.51096579 0.11156359
v 0.61545848 0.52514254 -0.14626981
v 0.57215805 0.66333481 -0.06744547
v 0.60337361 0.35327837 -0.20976525
v 0.59501318 0.35734608 -0.20621017
v 0.58997626 0.37345887 -0.20308398
v 0.60162668 0.37713237 -0.21503738
v 0.60005940 0.38883476 -0.21797787
v 0.60128403 0.39692608 -0.21563910
v 0.60873395 0.40157885 0.18094458
v 0.60580607 0.40565861 -0.21033261
v 0.60857408 0.42832467 -0.20126506
v 0.60377320 0.45202630 0.17330668
v 0.60357340 0.46471935 0.16935233
v 0.60893805 0.49110632 -0.18281770
v 0.60226658 0.49247381 -0.16669045
v 0.57517443 0.56526408 0.05106741
v 0.61580304 0.57677919 0.04134340
v 0.58188731 0.62285452 0.04113896
v 0.59354292 0.62677492 -0.03572564
v 0.59654307 0.63679269 0.00469878
v 0.59791828 0.61863252 -0.00299768
v 0.59363434 0.64052603 -0.04395753
v 0.59914047 0.15100383 -0.13251560
v 0.63598904 0.17177191 0.12390128
v 0.62576575 0.22673598 -0.20587967
v 0.61055231 0.38203839 -0.22137971
v 0.60368308 0.44338258 -0.20727442
v 0.60372631 0.44031162 0.17366267
v 0.60762368 0.45614073 -0.20685493
v 0.60768301 0.47577625 -0.19925643
v 0.60249658 0.48016669 0.15173992
v 0.60735448 0.47427509 0.16390512
v 0.61171705 0.49840531 0.11509446
v 0.62578464 0.50291216 -0.16465853
v 0.62985606 0.56406787 0.05046948
v 0.60634475 0.59464235 -0.03538020
v 0.60599305 0.59413823 -0.00496666
v 0.60895112 0.59501621 -0.07398140
v 0.61615047 0.59525242 0.01205495
v 0.60924257 0.63147390 -0.05231686
v 0.59675041 0.64810320 -0.06370372
v 0.59998065 0.64587168 0.02826129
v 0.63649253 0.13307009 -0.01693393
v 0.58909404 0.22899617 -0.20925376
v 0.62851433 0.26101084 -0.21914933
v 0.59919067 0.33256552 -0.22421809
v 0.61924010 0.35040314 -0.20836442
v 0.60900302 0.35797367 -0.20896270
v 0.62307728 0.35743191 -0.19976834
v 0.61014711 0.35793089 0.17304209
v 0.60877901 0.38752019 -0.22099404
v 0.60781093 0.38654727 0.18736881
v 0.61817493 0.45789299 0.17324301
v 0.60564706 0.49051840 0.12489877
v 0.63460245 0.51018254 -0.15388824
v 0.60186665 0.52309362 0.10749899
v 0.60507273 0.53569868 0.09840148
v 0.61002126 0.55657072 0.07019320
v 0.62003368 0.56472444 -0.09063626
v 0.61532780 0.56943181 -0.08187331
v 0.60812239 0.56992846 0.04339263
v 0.61786659 0.58264417 -0.07755976
v 0.61680240 0.59336322 -0.05213852
v 0.61772172 0.58797205 -0.04098592
v 0.61854050 0.58545966 -0.00586406
v 0.60972077 0.59618970 0.03507812
v 0.61526997 0.59455046 -0.06699668
v 0.61531171 0.59864127 -0.05106254
v 0.61135841 0.62720157 -0.06642957
v 0.61064982 0.62664004 0.01237732
v 0.61589780 0.59991267 0.02655562
v 0.60844717 0.62836147 0.03175904
v 0.63820437 0.13517085 -0.06395346
v 0.62832614 0.14630120 -0.11786319
v 0.65249069 0.19932393 0.14752795
v 0.64398673 0.30135543 -0.22398982
v 0.60813014 0.31606958 0.19120212
v 0.64638036 0.32597145 0.18707932
v 0.62807263 0.34463845 0.18093464
v 0.62857686 0.37531462 -0.20109751
v 0.62086126 0.38192777 0.17769324
v 0.62325322 0.41319688 0.17745875
v 0.61719651 0.40548973 -0.21082155
v 0.62007485 0.42083632 -0.20357879
v 0.62732217 0.43166557 -0.20242700
v 0.62509992 0.43167015 0.16902217
v 0.61611742 0.44900680 -0.20740325
v 0.62652321 0.48030684 0.16096730
v 0.63213951 0.45934061 0.16949007
v 0.62328226 0.48959051 -0.19185528
v 0.60392833 0.55587050 -0.11192563
v 0.63168807 0.56860511 -0.07656350
v 0.62598416 0.57733810 -0.07226522
v 0.62500217 0.57766234 -0.04108403
v 0.62788649 0.57634100 0.02155632
v 0.62104101 0.58800881 0.03305372
v 0.64508797 0.13860965 0.04799591
v 0.63136121 0.14747389 0.08251574
v 0.63940780 0.19491763 -0.18346662
v 0.61071169 0.26800828 0.18622187
v 0.63221234 0.36960177 0.16059534
v 0.62767313 0.38769156 -0.20686755
v 0.63039504 0.39525549 0.17556116
v 0.62484189 0.44759180 0.17220535
v 0.62875073 0.46502565 -0.20425201
v 0.63637535 0.47290800 -0.20065217
v 0.63600893 0.49058108 -0.19032224
v 0.64916623 0.51996421 0.10970840
v 0.60708515 0.53905897 -0.13467004
v 0.67322079 0.55644358 0.05984407
v 0.63330607 0.57141209 0.01566342
v 0.64473617 0.13998730 -0.09183870
v 0.66745262 0.15053700 0.07803870
v 0.65463263 0.27397384 0.18322171
v 0.62629630 0.29030121 0.18931604
v 0.63713484 0.33944285 -0.21737194
v 0.64709653 0.34941905 -0.19796867
v 0.63624438 0.36274104 -0.19658324
v 0.63294296 0.35739586 0.16002422
v 0.66157185 0.37898846 -0.19891711
v 0.63518692 0.40358309 -0.21431232
v 0.64590396 0.42527030 -0.20472668
v 0.63785133 0.45650166 -0.20226370
v 0.64475120 0.49923114 0.12094290
v 0.63552637 0.49282939 0.14413114
v 0.63915065 0.50813120 0.11508776
v 0.63301756 0.57143546 -0.05150569
v 0.64219642 0.23308859 0.17056912
v 0.66094747 0.31678100 0.18563670
v 0.64150308 0.32268690 -0.22296984
v 0.65064932 0.39183838 -0.21174820
v 0.65076666 0.41301372 0.17545263
v 0.64298692 0.43906320 0.16238611
v 0.66302837 0.48317770 -0.18114135
v 0.64532717 0.47283378 0.16028970
v 0.64526676 0.48982827 0.14790187
v 0.64375434 0.50312367 -0.16787880
v 0.67029565 0.56833955 0.00045766
v 0.63579023 0.13381750 0.01130401
v 0.65643647 0.15560497 -0.13178656
v 0.66735166 0.16879950 0.11243634
v 0.65971395 0.23023052 -0.20247445
v 0.66118001 0.34050226 0.17600396
v 0.65318947 0.35354151 0.15783029
v 0.66453897 0.37729015 0.16387068
v 0.65496824 0.44424995 0.15336149
v 0.65035173 0.44611993 -0.19377603
v 0.65465508 0.47127378 -0.19276384
v 0.65609243 0.52504943 -0.14512191
v 0.63715609 0.54807130 0.08310649
v 0.63087512 0.56854699 0.03779909
v 0.67780979 0.14107238 0.03024154
v 0.67171783 0.17943640 -0.16151820
v 0.65713207 0.25914001 -0.21513276
v 0.66802226 0.31103385 -0.21917621
v 0.66618307 0.32585441 -0.21647826
v 0.67005808 0.35067172 0.15449794
v 0.67681421 0.40120819 0.16302047
v 0.66713839 0.43502740 0.15175521
v 0.66831223 0.47138695 -0.17801908
v 0.65696112 0.46709969 0.15341092
v 0.67070307 0.47530432 0.13736416
v 0.66980596 0.48437734 0.13388565
v 0.65277228 0.54868998 -0.12008059
v 0.65167564 0.56223294 -0.09247792
v 0.66884050 0.13813804 -0.05767267
v 0.67357208 0.14616362 -0.09883473
v 0.66452842 0.33826051 -0.20798251
v 0.69069843 0.37223188 0.15700595
v 0.65449673 0.39361034 0.17672280
v 0.67477143 0.42224474 0.15750012
v 0.66971195 0.45524347 -0.17078454
v 0.66649557 0.49600082 0.12030536
v 0.67529556 0.49394447 0.11709153
v 0.66376769 0.50189041 -0.15689025
v 0.68950445 0.14442026 -0.06406213
v 0.69232855 0.15550542 -0.10975055
v 0.68668992 0.21685866 -0.18802194
v 0.66851854 0.34761303 -0.19314268
v 0.67502485 0.34335307 0.15548787
v 0.68655909 0.34315801 0.14624323
v 0.67026474 0.44872602 0.13671730
v 0.66878044 0.45660819 0.13479373
v 0.68439213 0.48057079 0.11559465
v 0.67902005 0.48327331 -0.16114409
v 0.68460269 0.51924719 -0.14435804
v 0.68071038 0.51523818 0.10786671
v 0.68755544 0.53193943 -0.13243208
v 0.67660948 0.54018406 0.08613642
v 0.67758755 0.56628644 -0.05693518
v 0.67946141 0.56115609 0.04082621
v 0.67632294 0.13786779 -0.02079005
v 0.68587243 0.16879617 -0.14149062
v 0.68226167 0.21668764 0.15188124
v 0.68840146 0.25731755 0.16855498
v 0.68213600 0.30401875 0.17944116
v 0.66877743 0.34172649 -0.19665983
v 0.68679528 0.32713081 -0.20437785
v 0.67276759 0.40145253 -0.19809930
v 0.66840612 0.42576892 -0.19315716
v 0.69602028 0.42159225 -0.18492118
v 0.66691688 0.44015197 -0.18390844
v 0.68628289 0.45134061 -0.16641885
v 0.68749449 0.46620823 -0.14945320
v 0.69633618 0.55705888 -0.08451779
v 0.69963683 0.14876776 0.02513951
v 0.70132591 0.19937662 -0.16765901
v 0.70005311 0.19061278 0.12183164
v 0.68403217 0.25969523 -0.20752087
v 0.70476279 0.29794726 0.16745362
v 0.68859188 0.31476235 -0.21044027
v 0.68837700 0.33702690 -0.18381505
v 0.68936830 0.33524088 0.15111640
v 0.69648956 0.33576929 0.13859613
v 0.69034765 0.36940323 -0.19297782
v 0.69588568 0.44358450 0.13421280
v 0.68781259 0.46584137 0.11103717
v 0.68857466 0.54966383 -0.10715046
v 0.70845583 0.18298405 -0.14332850
v 0.69405018 0.17099399 0.10089796
v 0.70916415 0.21212356 0.13330516
v 0.70863109 0.25946949 0.15813157
v 0.70257535 0.25121463 -0.19657197
v 0.68976685 0.28903505 -0.21077904
v 0.71002587 0.30381797 -0.19727782
v 0.70702452 0.31747181 -0.19005058
v 0.69849098 0.32772813 -0.17831015
v 0.69408169 0.32647734 0.16732439
v 0.69786486 0.33551337 -0.17848568
v 0.72067688 0.35626635 -0.17468912
v 0.70752508 0.36266089 0.14652413
v 0.70844632 0.41104147 0.14628130
v 0.71031538 0.43074900 -0.17191403
v 0.71116619 0.45409414 0.11342092
v 0.68737892 0.48722367 -0.15473351
v 0.70637164 0.54234825 0.07002737
v 0.70384203 0.56142292 -0.00711671
v 0.70764127 0.55451095 0.03916916
v 0.70616575 0.15020663 -0.03672602
v 0.71971756 0.16391043 0.02925552
v 0.70281927 0.15469110 -0.09110754
v 0.70201939 0.15759948 0.06339998
v 0.71776469 0.18535122 0.09527116
v 0.70410011 0.29255542 -0.20325249
v 0.70984924 0.31748594 -0.17105063
v 0.70439198 0.32754168 0.12935120
v 0.70877904 0.32139444 -0.16461500
v 0.70618307 0.38934090 -0.18796361
v 0.71229310 0.43250825 0.13231861
v 0.70560408 0.45604754 -0.15342987
v 0.71100635 0.53640284 -0.11594195
v 0.72409964 0.17753976 0.06365127
v 0.72010758 0.21241140 0.12203237
v 0.71722007 0.21969779 -0.16993173
v 0.71646968 0.24923068 -0.18542088
v 0.71927885 0.24835954 0.14472323
v 0.71928857 0.27936795 -0.18891731
v 0.71688608 0.31663211 -0.15237369
v 0.71781516 0.30785134 0.10028229
v 0.71438039 0.31130024 -0.15959873
v 0.71356936 0.31480795 0.12436611
v 0.72942297 0.29809082 0.13078478
v 0.70693373 0.32226834 0.14992687
v 0.72877444 0.33998915 -0.15859841
v 0.71252218 0.40089343 -0.18260098
v 0.72069349 0.39780319 0.14073370
v 0.69943373 0.48220462 0.11518341
v 0.72029540 0.47466708 0.11430504
v 0.70287591 0.49614568 -0.15191749
v 0.71797295 0.49396142 0.10790822
v 0.71875979 0.50905543 0.09925172
v 0.71656689 0.54583621 -0.09298681
v 0.71969917 0.55308950 -0.06083556
v 0.72763385 0.55053732 -0.02041003
v 0.71736680 0.16195631 -0.06986798
v 0.72704286 0.17174967 -0.03475750
v 0.71630812 0.16241111 0.03757101
v 0.71591060 0.17591763 -0.12222181
v 0.72779311 0.18188397 -0.09729722
v 0.72612038 0.20755525 -0.14818728
v 0.72962493 0.19699868 -0.12305788
v 0.72825129 0.22914856 -0.16125343
v 0.72768901 0.28513333 0.14321278
v 0.73135593 0.28117962 0.08080792
v 0.72034116 0.29400421 0.09135067
v 0.72529022 0.29455677 -0.17893994
v 0.72271759 0.29683362 0.07848651
v 0.72386443 0.29509560 0.10115409
v 0.71591566 0.30840215 0.15440983
v 0.72266521 0.29849699 -0.11939999
v 0.72634248 0.30371328 0.07835423
v 0.71809414 0.29819295 -0.12945835
v 0.73156053 0.31084581 0.08301354
v 0.71457083 0.31955177 0.11420738
v 0.73178306 0.35066667 0.12181133
v 0.73141826 0.37310565 -0.16665279
v 0.73021601 0.42867807 0.11382169
v 0.71755616 0.44659834 -0.15323793
v 0.73286869 0.44524236 0.11016600
v 0.72231847 0.46792246 -0.15440040
v 0.73163500 0.48146726 0.10790212
v 0.73567514 0.49338142 -0.14018086
v 0.71650068 0.52366909 0.08872521
v 0.72791071 0.53376129 0.06603026
v 0.72621281 0.54941459 0.01663205
v 0.73241426 0.18886066 -0.08083547
v 0.73339406 0.18823977 -0.02344075
v 0.73256756 0.18973561 0.03629573
v 0.73540526 0.20818408 -0.10100533
v 0.73610039 0.20965375 0.02949732
v 0.72796723 0.19751883 0.09058407
v 0.73394779 0.20590291 0.07731670
v 0.73414671 0.21899121 -0.13518344
v 0.73071224 0.23413510 0.12200050
v 0.73671386 0.25354736 0.11525376
v 0.72771512 0.25648411 -0.17374318
v 0.73161642 0.27712559 -0.16898543
v 0.74462420 0.25520810 0.08076301
v 0.73486506 0.27894743 0.10859769
v 0.73014156 0.29196114 -0.15996605
v 0.72941136 0.28958099 -0.14715628
v 0.73258443 0.32177415 -0.13556413
v 0.73886743 0.32702569 0.09297822
v 0.73652756 0.38028353 0.12595957
v 0.73502632 0.40475152 -0.16125184
v 0.73752384 0.41016140 0.11870421
v 0.73468925 0.43030741 -0.14789295
v 0.74217063 0.45239441 -0.14983622
v 0.74475299 0.50310339 0.08362805
v 0.74037881 0.53664008 -0.06432612
v 0.74288876 0.53720206 -0.03569792
v 0.73515038 0.22010820 -0.12522879
v 0.73568721 0.22405955 -0.04419249
v 0.73546175 0.22420419 0.06521002
v 0.73627478 0.23259401 -0.12101175
v 0.73697607 0.23181339 -0.10513371
v 0.73732883 0.23190289 0.01462701
v 0.73673333 0.23181544 0.06591567
v 0.74269472 0.23683338 -0.10477737
v 0.74269770 0.23676722 0.05136091
v 0.74194702 0.23835409 0.07263378
v 0.73645966 0.23995587 0.08473838
v 0.73606278 0.25053827 -0.15347802
v 0.73686579 0.24479362 -0.12985728
v 0.74146189 0.24074500 -0.11626429
v 0.74033674 0.25294642 0.08249112
v 0.73673234 0.26935120 -0.14853892
v 0.73412301 0.27141371 -0.12932950
v 0.73556414 0.26705482 0.09004956
v 0.73818340 0.27856364 -0.12046731
v 0.74140359 0.25677473 -0.12104203
v 0.75062461 0.30333762 -0.11793615
v 0.74048206 0.31396262 -0.12165792
v 0.74710601 0.35043923 0.10124240
v 0.73206315 0.43600439 0.10754724
v 0.74676305 0.41931511 -0.13837088
v 0.75254116 0.43910492 0.10196723
v 0.74618217 0.46144697 0.10609137
v 0.72666875 0.51771157 -0.12795888
v 0.74313650 0.50568050 -0.12275426
v 0.73274871 0.52951408 -0.10687265
v 0.74514984 0.52865432 0.03920724
v 0.75055760 0.24036907 -0.10603897
v 0.75079331 0.24048003 0.06706202
v 0.75055057 0.29024877 0.07741677
v 0.74451001 0.30887055 0.07953665
v 0.75814442 0.31144902 -0.11734974
v 0.74366348 0.34834202 -0.14152803
v 0.74921721 0.37114662 0.10374527
v 0.74722178 0.37385150 -0.14345544
v 0.75096619 0.40248442 -0.13733809
v 0.74952319 0.41284851 0.09369712
v 0.74233731 0.42081585 0.10083348
v 0.75012862 0.47769699 0.09520623
v 0.75310902 0.46849121 -0.13692549
v 0.74436187 0.52392617 -0.09616415
v 0.75164020 0.51923706 -0.07578248
v 0.75460350 0.24741819 -0.11622106
v 0.75709307 0.24748040 -0.10615415
v 0.75745917 0.24755998 0.06723068
v 0.75745763 0.26192312 0.00645391
v 0.75790473 0.25539300 -0.10694752
v 0.75684917 0.26445906 -0.06361630
v 0.75807841 0.25685198 0.05616895
v 0.75775868 0.27233417 -0.06239726
v 0.75474920 0.24769321 0.07605777
v 0.75961173 0.29562151 -0.10317352
v 0.75736326 0.27374181 0.02688540
v 0.75852625 0.28673660 -0.09832001
v 0.75790020 0.28122155 -0.08317615
v 0.75799927 0.30100872 0.07387445
v 0.75809598 0.34419834 -0.13764092
v 0.75986745 0.40863239 0.08861286
v 0.75379608 0.44154538 -0.14253355
v 0.75921242 0.47408124 0.08103520
v 0.75373715 0.50590040 0.06084340
v 0.75940581 0.50841089 -0.03732374
v 0.75219068 0.52486760 -0.00314579
v 0.76068027 0.29896447 0.06706306
v 0.75977937 0.27000793 -0.01178440
v 0.76535791 0.27745879 -0.05967257
v 0.77006658 0.27582483 -0.04575379
v 0.75888990 0.28649403 -0.08569256
v 0.76634240 0.28688717 -0.07613700
v 0.75752845 0.27873444 0.04216221
v 0.75727485 0.30079320 -0.11372888
v 0.76761936 0.30373628 -0.09690969
v 0.76430975 0.29550946 -0.08955627
v 0.76589268 0.29708197 0.05241810
v 0.76625242 0.31541041 -0.11269046
v 0.76200844 0.31212858 0.07608505
v 0.77300574 0.35943541 -0.12980765
v 0.76064789 0.34800208 0.09904188
v 0.75984110 0.37553831 -0.14049978
v 0.76656253 0.38142926 0.09659467
v 0.76249516 0.39575528 -0.13288101
v 0.76142665 0.41423655 -0.12822356
v 0.76663009 0.43133267 -0.12732178
v 0.76641152 0.44912990 0.04849224
v 0.76565118 0.43851758 0.08913128
v 0.76670908 0.44506120 -0.12565909
v 0.76479376 0.46090089 0.02840895
v 0.77334127 0.46353894 0.01150070
v 0.76566864 0.47188611 -0.10069349
v 0.76494070 0.46882953 -0.04837206
v 0.76463068 0.47331875 -0.00390784
v 0.76474975 0.46873096 0.01284287
v 0.76411538 0.47982828 0.04625361
v 0.76547912 0.46765338 0.06415615
v 0.76363076 0.48708447 -0.05777102
v 0.75991770 0.49155660 -0.10476230
v 0.76367784 0.49072701 -0.00548982
v 0.76015709 0.49894091 0.04334899
v 0.76050121 0.50620712 0.00725322
v 0.76902853 0.27442977 -0.00041905
v 0.76576118 0.28311322 0.03145447
v 0.78196944 0.29311248 -0.08461658
v 0.78350702 0.27955647 -0.06186731
v 0.77551758 0.31445748 0.06940844
v 0.77275310 0.32421467 -0.11576412
v 0.77262733 0.33494821 0.08280713
v 0.77439588 0.35965454 0.09006904
v 0.77421208 0.38807004 0.08794176
v 0.77070235 0.41290928 0.07926779
v 0.76768072 0.41385016 -0.12287933
v 0.77348534 0.42203205 0.06992947
v 0.76606255 0.42988366 0.08783519
v 0.76967569 0.43704551 0.06451044
v 0.76933871 0.42787854 -0.10896154
v 0.76573966 0.45872357 -0.07555501
v 0.77394171 0.44594217 0.04378614
v 0.77406052 0.45251467 -0.07304831
v 0.77446287 0.46483899 -0.04355081
v 0.77287425 0.46646089 -0.00789960
v 0.78227152 0.27632693 -0.04713133
v 0.78219400 0.28573748 0.03606136
v 0.79078531 0.29624509 0.04557141
v 0.78238650 0.34333441 -0.12601132
v 0.78417660 0.32936505 0.08145476
v 0.77386078 0.37947544 -0.12865174
v 0.77392932 0.40534368 -0.12000206
v 0.78913212 0.43076390 -0.09830298
v 0.78799980 0.45063986 -0.07607096
v 0.78573680 0.27678128 0.01195283
v 0.78624979 0.31694741 -0.10919950
v 0.79040775 0.32472936 -0.11234835
v 0.78912378 0.35593258 0.08872141
v 0.79034540 0.35563154 -0.12903386
v 0.78936458 0.37218827 0.08966817
v 0.78989943 0.37501025 -0.12812021
v 0.78821975 0.40728062 -0.11750287
v 0.79137730 0.40764784 0.07678325
v 0.79166447 0.43606642 0.05345508
v 0.78827245 0.45515314 0.03021139
v 0.78733714 0.46412123 -0.04544592
v 0.78791796 0.46200563 0.01461692
v 0.80042727 0.28669213 -0.03556838
v 0.81190636 0.44008908 0.02547684
v 0.78661408 0.46581412 -0.00744899
v 0.80495068 0.29594756 -0.06050751
v 0.80754970 0.29721384 0.01619815
v 0.79302238 0.29760381 -0.08191208
v 0.80894921 0.30981341 -0.07115147
v 0.80283143 0.31899247 0.05582473
v 0.80617003 0.31972549 -0.09078747
v 0.80467103 0.34336226 0.07132105
v 0.80567071 0.39879724 -0.10906994
v 0.80428481 0.40773083 0.06597989
v 0.81227100 0.42136624 0.04413489
v 0.81299338 0.45435797 -0.03084530
v 0.80777550 0.29610010 -0.04000585
v 0.80465198 0.30345500 0.03608490
v 0.80983223 0.33119699 0.04469258
v 0.80975348 0.32670084 -0.08488994
v 0.81237815 0.35199427 0.01916146
v 0.81243400 0.35712295 -0.01613196
v 0.80809528 0.34411330 -0.10752033
v 0.80987308 0.33147896 -0.03102981
v 0.81303316 0.36460926 0.06517772
v 0.80952365 0.36979350 -0.11364928
v 0.81720756 0.36559629 0.01607531
v 0.80516272 0.37014284 0.07793687
v 0.81506769 0.38558018 0.05794643
v 0.81338329 0.38799587 -0.09964606
v 0.80930798 0.41831770 -0.08910018
v 0.81072647 0.43591897 -0.07133613
v 0.81425429 0.45495053 -0.01114895
v 0.82112152 0.11459017 -0.04259136
v 0.82176883 0.07373877 0.03489227
v 0.82166456 0.07005048 -0.07432592
v 0.82052680 0.21757733 -0.07547518
v 0.82018793 0.22081493 -0.06078652
v 0.82084014 0.18506205 0.03569923
v 0.82329778 0.26218000 0.04297622
v 0.81991294 0.26795441 -0.07512869
v 0.81944082 0.26910993 -0.03492545
v 0.81964011 0.26943929 0.03535186
v 0.82098358 0.27932833 -0.05829827
v 0.82142224 0.27902722 0.00659631
v 0.82915730 0.28658284 0.02693332
v 0.81550219 0.36383394 -0.06970729
v 0.81392512 0.36595658 -0.08992877
v 0.82127348 0.36927742 -0.05874198
v 0.82153251 0.36930645 0.02113314
v 0.81529534 0.36686740 0.04879259
v 0.82084411 0.37379181 -0.08286339
v 0.82163525 0.37552278 0.04570982
v 0.82021689 0.39594154 -0.08948776
v 0.81963053 0.39647573 0.05064485
v 0.82462854 0.43451022 -0.06675869
v 0.81526993 0.44965251 0.00756724
v 0.82656852 -0.00838916 0.03123205
v 0.82196936 0.01572213 -0.07470497
v 0.82569683 -0.00402357 -0.07323474
v 0.82779696 0.00226193 0.04372646
v 0.82383847 0.02367081 -0.08275222
v 0.82989820 0.02392220 -0.08884255
v 0.82251042 0.01259099 0.03324588
v 0.82360726 0.03112686 0.04332262
v 0.82131489 0.03620038 0.03459418
v 0.82658442 0.06524239 0.04492923
v 0.82930119 0.14353648 0.04602084
v 0.82507675 0.15046434 0.04323623
v 0.82495772 0.07268091 -0.08246784
v 0.82949226 0.06859154 -0.08582013
v 0.82456277 0.17947525 -0.08250794
v 0.82457657 0.26066703 -0.08228389
v 0.82927605 0.26259449 0.04635376
v 0.82792233 0.28054905 0.03976097
v 0.82776782 0.28130063 -0.07686890
v 0.82920368 0.28616235 -0.01858067
v 0.83014628 0.37117689 -0.08155458
v 0.82981549 0.36637576 -0.05212138
v 0.83031738 0.36770670 0.02183370
v 0.82983252 0.40046127 0.04973767
v 0.82370635 0.41564105 -0.08015097
v 0.81457568 0.44827042 -0.04961699
v 0.83487375 -0.03353864 -0.05774990
v 0.83458787 -0.03400492 0.01287240
v 0.83504562 -0.03143313 0.02966444
v 0.83711396 -0.02287022 0.04246761
v 0.83509301 -0.02380355 -0.07625918
v 0.83822402 -0.00654080 0.05090977
v 0.82825135 0.00012757 -0.08282405
v 0.83732199 0.00112349 -0.09116576
v 0.83185314 0.01933347 0.05153502
v 0.83663035 0.07070884 0.04760544
v 0.83670990 0.16194495 0.04689976
v 0.83670068 0.18426952 -0.08623599
v 0.82873372 0.26763289 -0.08465757
v 0.82895874 0.28659386 -0.06399090
v 0.83716010 0.28736722 -0.05886259
v 0.83746709 0.28765790 0.01974184
v 0.83721448 0.35714930 0.02434936
v 0.83881570 0.36524334 -0.09755983
v 0.83528716 0.37625113 0.05599579
v 0.82992102 0.38533388 -0.09130241
v 0.82976255 0.37407328 0.04673108
v 0.82409786 0.43025317 0.03107064
v 0.85794281 0.44940357 -0.05015459
v 0.84354625 -0.04470230 -0.04717628
v 0.84355410 -0.04492182 0.00910171
v 0.84554737 -0.03945076 0.03031690
v 0.84240553 -0.03791441 -0.06678908
v 0.85448195 -0.01745366 -0.09082217
v 0.85375284 0.00652562 0.05843643
v 0.83895469 0.03376522 -0.09250520
v 0.83441503 0.03274082 0.05286053
v 0.84533971 0.07627996 0.04720039
v 0.84503091 0.08708973 -0.08681587
v 0.84488100 0.20315059 0.04695644
v 0.84502759 0.20798318 -0.08609358
v 0.84493826 0.26704848 -0.08517326
v 0.84492734 0.26835293 0.04625811
v 0.84543262 0.28336865 -0.07717699
v 0.84699792 0.29155798 -0.06253027
v 0.84498035 0.29123741 0.01822815
v 0.84523600 0.33094518 0.01944287
v 0.84268621 0.34387618 -0.06614814
v 0.84192187 0.34828324 0.04943468
v 0.84776611 0.36680840 -0.10826393
v 0.84739811 0.38730915 0.06417362
v 0.83383505 0.40075564 -0.09113376
v 0.84342092 0.45592267 -0.02761387
v 0.85806675 -0.04190666 0.03217038
v 0.85544363 -0.04262457 -0.06681858
v 0.85285730 -0.03531128 0.03627279
v 0.85487333 0.00071836 -0.09662312
v 0.85406823 0.01302337 -0.09786287
v 0.85365725 0.03992992 0.05810706
v 0.84270670 0.05926262 -0.08898876
v 0.85301954 0.07591049 -0.09006449
v 0.85290440 0.16309339 -0.09007163
v 0.85170713 0.27242095 -0.09077515
v 0.85222468 0.26945980 0.05143687
v 0.84934213 0.29480027 -0.07553101
v 0.84562794 0.28823973 0.03205405
v 0.84798389 0.27993261 0.04227023
v 0.84671335 0.29273972 -0.03575016
v 0.84734798 0.29505689 0.02143844
v 0.85117376 0.29235354 0.04915193
v 0.84736031 0.30992554 -0.03408894
v 0.84758240 0.30547045 0.01636953
v 0.84990621 0.31017800 -0.09196547
v 0.84498620 0.33895262 -0.09526297
v 0.84820414 0.33703081 0.06660046
v 0.85244995 0.34471634 0.07543948
v 0.84753549 0.32528080 0.05604286
v 0.84269965 0.36127267 0.06270305
v 0.85045351 0.36789629 0.07084758
v 0.84993963 0.40295836 -0.09515530
v 0.85319745 0.42871570 0.03971928
v 0.84460438 0.44832542 0.01356849
v 0.84679752 0.45580434 -0.00854062
v 0.86622728 -0.16569680 -0.02438450
v 0.86343103 -0.15606918 0.00032811
v 0.85684005 -0.14549582 -0.02443342
v 0.85953559 -0.12059956 0.03720711
v 0.85847145 -0.10900901 -0.08064395
v 0.85650582 -0.13202378 -0.00717077
v 0.85636469 -0.11092842 0.01960564
v 0.85602970 -0.11769029 -0.05211905
v 0.86048521 -0.11100297 -0.01764375
v 0.85714287 -0.09108214 -0.07256152
v 0.85893434 -0.09872181 0.00662835
v 0.85774632 -0.07673192 0.03626621
v 0.86379206 -0.07753411 -0.11068474
v 0.85993869 -0.05959429 0.03583586
v 0.85819184 -0.06357314 0.05986599
v 0.85791048 -0.06071607 -0.09552995
v 0.85362949 -0.04841775 -0.04111636
v 0.85298557 -0.04816781 0.00731862
v 0.85981152 -0.04322871 0.04322826
v 0.85982304 -0.03336015 -0.08855426
v 0.85185505 -0.02745926 -0.08351650
v 0.85932278 -0.03008449 0.06604793
v 0.85884500 -0.02819146 0.04905758
v 0.86057416 -0.01625230 -0.11487319
v 0.85890401 -0.02516800 -0.10169603
v 0.85823249 -0.01108185 -0.09828798
v 0.85680005 -0.00882790 0.05751366
v 0.86089208 -0.02903921 0.07474659
v 0.85888600 -0.00233823 -0.10570791
v 0.86468839 -0.01295430 -0.12208584
v 0.85786631 0.04523750 -0.10569667
v 0.85440385 0.04998364 -0.09655805
v 0.86026929 0.07392097 -0.11401754
v 0.85804814 0.03927967 0.06766282
v 0.86467948 0.06903820 0.08241484
v 0.85617413 0.07203707 -0.09711331
v 0.85329834 0.08421880 0.05050680
v 0.86393331 0.16638477 0.08248043
v 0.85613801 0.15754812 -0.09756664
v 0.86015047 0.12531571 0.07519792
v 0.85662041 0.06466710 0.05977032
v 0.86518190 0.09719967 -0.12186850
v 0.85592969 0.22548014 0.05951986
v 0.85884056 0.23933342 0.07464585
v 0.85961307 0.20184961 -0.11336948
v 0.85804118 0.25778538 -0.11315243
v 0.85772809 0.28907204 0.07504652
v 0.85473527 0.28841947 0.06639751
v 0.86250194 0.28249056 0.08229932
v 0.85714918 0.31271621 0.07834145
v 0.85540458 0.31209414 -0.11174016
v 0.86159245 0.32574407 -0.12043553
v 0.85810904 0.36537705 0.07598707
v 0.84649209 0.35555096 -0.10784601
v 0.86427007 0.34401099 -0.12098669
v 0.85470551 0.37435241 -0.11005517
v 0.86140442 0.45457909 -0.01287530
v 0.86281169 -0.14447723 -0.05752043
v 0.86673018 -0.13174915 0.04009214
v 0.86896105 -0.11861249 -0.09474423
v 0.86576442 -0.11218989 0.05567334
v 0.86786613 -0.09985744 -0.02588091
v 0.86054977 -0.09467892 -0.09702031
v 0.85984829 -0.09816643 -0.04727111
v 0.85964537 -0.07627936 -0.06666212
v 0.86687194 -0.08091783 0.01182957
v 0.86166878 -0.08847965 0.06307803
v 0.86683728 -0.07203795 -0.05942402
v 0.86081822 -0.08370101 0.01801809
v 0.87400207 -0.06026233 0.02031344
v 0.86966812 -0.05084710 -0.06428141
v 0.86689369 -0.05109261 0.02837552
v 0.86228937 -0.06078749 0.07457058
v 0.86716149 -0.04900985 0.08369215
v 0.86568588 -0.04733358 -0.12047245
v 0.86243662 -0.04473952 -0.07144925
v 0.86364228 -0.04459391 0.02360739
v 0.86399062 -0.00165092 0.08285343
v 0.86850996 0.04696492 -0.12486464
v 0.86857391 0.20370350 -0.12482770
v 0.86848513 0.15366481 0.08667714
v 0.86512883 0.21091891 -0.12192812
v 0.86832637 0.30660229 -0.12536729
v 0.86172162 0.32902196 0.08380475
v 0.88078975 0.38470707 -0.10838055
v 0.87430859 0.39652530 0.06339674
v 0.86043221 0.43178007 -0.07494912
v 0.86193885 0.44803494 0.01311056
v 0.87230346 -0.16993608 -0.01603492
v 0.86723852 -0.08503174 0.07310895
v 0.87793422 -0.07160213 -0.12293141
v 0.88070728 -0.08478960 -0.03813056
v 0.88303801 -0.05330289 0.09124086
v 0.88684297 -0.04944109 -0.00447094
v 0.87565260 -0.04747860 0.01196601
v 0.87582998 -0.01799044 0.09185997
v 0.86921370 -0.01046110 0.08826194
v 0.87619086 0.03431032 -0.12847755
v 0.88639702 0.03701876 0.09264886
v 0.86852110 0.04914644 0.08615576
v 0.87636923 0.14376940 -0.12874021
v 0.87923372 0.15791971 0.09142783
v 0.86825117 0.31015457 0.08766393
v 0.87532377 0.29254256 0.09097057
v 0.87612113 0.30127014 -0.12887428
v 0.86579830 0.45217963 -0.03569503
v 0.88201460 -0.16431740 -0.04996091
v 0.88142653 -0.14679235 0.03535247
v 0.88084322 -0.12890552 0.05414430
v 0.87771356 -0.08830390 0.07859969
v 0.86984296 -0.09582439 -0.01031204
v 0.88045998 -0.06203601 -0.05556609
v 0.88397493 -0.04799486 -0.04918337
v 0.87286540 -0.03429200 -0.12776199
v 0.89005443 -0.03320076 -0.13250012
v 0.88353223 0.29793036 0.09282204
v 0.87252612 0.33454559 0.08704905
v 0.87770692 0.33762791 -0.12540397
v 0.87959772 0.35619381 0.08259738
v 0.88258107 0.35974182 -0.11948750
v 0.88732137 0.42439395 -0.07619505
v 0.87826556 0.42865892 0.03780901
v 0.88977808 -0.17534762 -0.02918700
v 0.89128352 -0.17472748 -0.00900820
v 0.88570525 -0.16786585 0.00603361
v 0.88692756 -0.15028536 -0.07296439
v 0.87695768 -0.11692439 -0.10162586
v 0.89588052 -0.10994024 -0.10911774
v 0.89809992 -0.10708859 0.07111920
v 0.89177082 -0.08191493 -0.12226943
v 0.89400656 -0.08994865 -0.02272983
v 0.88039903 -0.08139699 0.00333517
v 0.88855773 -0.05103675 -0.05512044
v 0.88117197 -0.05088478 0.01800828
v 0.89489006 0.03800157 -0.13096899
v 0.88671284 0.09140395 0.09301501
v 0.89020650 0.10985817 -0.13123898
v 0.88895856 0.18801002 -0.13079742
v 0.89631002 0.18871321 0.09347564
v 0.88701518 0.30143915 -0.13087701
v 0.88994881 0.41097121 -0.08900404
v 0.88295037 0.43637405 -0.06092259
v 0.88850624 0.43536083 0.01841593
v 0.90858601 -0.15207568 0.03066894
v 0.90157191 -0.13418545 0.05159833
v 0.89408812 -0.08214231 0.08396154
v 0.90393165 -0.07411349 -0.04329936
v 0.90560050 -0.05269691 -0.13078509
v 0.90723122 -0.05079925 -0.05585904
v 0.88991894 -0.01494192 0.09483465
v 0.89996376 0.03932757 0.09301623
v 0.90019026 0.11984114 -0.13146188
v 0.89213064 0.31855470 0.09127838
v 0.90731829 0.40434522 -0.08123386
v 0.88522965 0.41218603 0.05135164
v 0.90317138 0.39224567 0.05727763
v 0.88696046 0.44258125 -0.02152102
v 0.90673874 -0.17499291 -0.02936194
v 0.90735327 -0.17165607 -0.00190909
v 0.90491721 -0.16355589 -0.05419658
v 0.90611561 -0.13362352 -0.09164206
v 0.90720608 -0.08170319 -0.12162057
v 0.90490821 -0.06106903 -0.05279799
v 0.90765681 -0.06075844 0.08958804
v 0.89639138 -0.05865007 0.01488837
v 0.90678262 -0.04424744 -0.05066273
v 0.90548212 -0.04561650 -0.03072335
v 0.90747990 -0.04384022 0.01146907
v 0.91127049 -0.01526251 -0.13180484
v 0.90297339 -0.02127709 0.09513755
v 0.90762618 0.02597755 -0.13039000
v 0.90966090 0.05605320 0.09177511
v 0.90797652 0.05983715 -0.13016091
v 0.90544420 0.10752254 0.09323869
v 0.90324232 0.23769565 -0.13088129
v 0.90714629 0.23763037 0.09277979
v 0.89679788 0.29705338 0.09356556
v 0.90133452 0.31883735 -0.12932671
v 0.89832511 0.37330196 0.07185063
v 0.90493244 0.33311739 0.08396373
v 0.91222783 0.37151750 0.06425642
v 0.90272582 0.36935129 -0.10991925
v 0.90845318 0.38019132 -0.09786642
v 0.90648524 0.41942656 -0.05767964
v 0.90314682 0.41623068 0.03355936
v 0.90413247 0.42757929 -0.00965995
v 0.92611184 -0.16571681 -0.03541776
v 0.91632833 -0.16951886 -0.02416256
v 0.91622003 -0.16518043 -0.00606382
v 0.92349073 -0.16185301 0.00456714
v 0.91142951 -0.15550972 -0.06373332
v 0.92714980 -0.15935110 -0.04676430
v 0.91684705 -0.13533259 0.04764081
v 0.91599077 -0.13198791 -0.08180307
v 0.91378515 -0.10770190 -0.10694632
v 0.91566337 -0.11794928 0.06269227
v 0.91568094 -0.09824903 -0.10617701
v 0.91241803 -0.09288134 -0.11561256
v 0.91564554 -0.07505346 -0.11470799
v 0.91608229 -0.08988848 0.07850289
v 0.91608727 -0.06681157 0.08809135
v 0.91626782 -0.06824088 -0.12283188
v 0.91868785 -0.04880594 -0.05611507
v 0.91305402 -0.06803405 0.00957474
v 0.91563124 -0.04482429 -0.12354160
v 0.91566715 -0.04582653 0.00854250
v 0.91453858 -0.05393276 0.08362271
v 0.91395810 -0.03595910 0.09272742
v 0.91671657 -0.01046802 -0.13258097
v 0.92043083 0.00031382 0.09192170
v 0.90822499 0.02702854 0.09279795
v 0.91592871 0.04066886 -0.13114156
v 0.92744222 0.07912884 0.08538900
v 0.91366128 0.14780926 0.09208023
v 0.91555203 0.16687709 -0.12967778
v 0.91527627 0.25783989 -0.13022269
v 0.91641865 0.29407874 0.09200492
v 0.92120523 0.33651964 0.06973194
v 0.90089850 0.34252843 -0.12243229
v 0.92136531 0.33266446 -0.11379354
v 0.91798040 0.36666441 -0.09900429
v 0.91831236 0.39510384 0.03872728
v 0.91927568 0.40451264 0.02213837
v 0.92312659 -0.14539808 0.03147900
v 0.91379946 -0.08716284 -0.02772375
v 0.92292876 -0.08727113 -0.11498274
v 0.91372310 -0.08617657 -0.01082147
v 0.92300626 -0.07248687 -0.12046249
v 0.93789535 -0.08304238 0.00419380
v 0.92403975 -0.06625847 0.08353103
v 0.91568765 -0.04525879 -0.04708179
v 0.91391693 -0.04421917 -0.01146846
v 0.92414795 -0.03322442 0.08965232
v 0.92529357 -0.03617162 -0.05089529
v 0.92963160 -0.03634394 -0.01013012
v 0.91778072 -0.03149430 -0.12993544
v 0.92324088 0.03025522 -0.12616144
v 0.91603977 0.09498872 -0.13030464
v 0.92055284 0.13329144 0.08959387
v 0.92090026 0.15321811 0.08963040
v 0.91572816 0.22057014 -0.13016644
v 0.92382138 0.25785608 0.08739005
v 0.91633610 0.23514389 0.09309139
v 0.92128134 0.31663545 -0.12274264
v 0.91697920 0.30837562 0.09074207
v 0.92868716 0.32422522 0.07493928
v 0.91851937 0.35793332 0.06377442
v 0.91827937 0.37283136 0.05698054
v 0.92065091 0.40406976 -0.05826238
v 0.91604255 0.41314322 -0.04705150
v 0.91870108 0.41319869 -0.01129059
v 0.91669027 0.41276353 0.01252785
v 0.92385150 -0.16979771 -0.01427164
v 0.92379651 -0.14673089 -0.06936284
v 0.92451555 -0.12283414 -0.09280639
v 0.92458736 -0.10057060 -0.10804231
v 0.93770727 -0.07852601 -0.10946276
v 0.93049570 -0.06540089 -0.05281173
v 0.92480536 -0.04803173 -0.12593206
v 0.91658861 -0.05042680 0.01715598
v 0.92809010 -0.03505134 0.01841920
v 0.93482946 -0.01617969 -0.12264063
v 0.93486146 0.00641761 0.08475624
v 0.92269669 0.04373464 0.08746401
v 0.93171113 0.13204655 0.08332479
v 0.92821333 0.34026431 -0.09211114
v 0.93264969 0.36920672 0.02875717
v 0.93433948 0.37511765 -0.05563629
v 0.92435554 0.39296515 0.02309259
v 0.92277988 0.38119803 -0.07844113
v 0.92765049 0.39308559 0.00005924
v 0.93702822 -0.15909723 -0.01050001
v 0.94159209 -0.15175293 -0.03324239
v 0.93828976 -0.13439727 0.02942202
v 0.93979770 -0.11434880 -0.08546913
v 0.93698254 -0.11621225 0.04864923
v 0.92941691 -0.09453487 -0.01696219
v 0.93671215 -0.09080522 0.06445589
v 0.93417960 -0.09316000 -0.02804414
v 0.93463529 -0.07680018 -0.04587752
v 0.93567223 -0.05885658 0.01787243
v 0.93968623 -0.04558124 -0.06291158
v 0.94038122 -0.04306888 -0.11606303
v 0.93586246 -0.02763355 -0.06048750
v 0.94679966 -0.01599928 0.07458370
v 0.93059652 0.04753305 -0.12176523
v 0.94336185 0.01622337 0.07648499
v 0.93934316 0.04855369 -0.11500263
v 0.94011004 0.11622977 0.07610944
v 0.92931309 0.15655857 -0.12287971
v 0.93980156 0.16601663 -0.11435059
v 0.94031193 0.25855820 0.07567126
v 0.92622876 0.29376423 -0.12404115
v 0.93175273 0.26327739 0.08280031
v 0.94153988 0.31335433 -0.10959943
v 0.94008483 0.33026347 0.02875913
v 0.93110513 0.33412921 0.05566142
v 0.93204374 0.34153470 0.04257633
v 0.93737321 0.36779842 0.00269113
v 0.93679109 0.36272471 0.02025887
v 0.94701992 -0.13483924 0.00687809
v 0.93868692 -0.13591834 -0.06639282
v 0.94987366 -0.10428510 0.03741223
v 0.94162478 -0.10351981 -0.01686129
v 0.94840794 -0.05776968 -0.06505269
v 0.94861228 -0.06333039 0.06313837
v 0.94104555 -0.05022161 0.07637636
v 0.94864262 -0.02773434 -0.07147274
v 0.94728300 -0.04345218 0.02874316
v 0.93946722 -0.02259953 0.02263525
v 0.94565661 -0.01202527 -0.06776525
v 0.93900625 -0.02658288 -0.03588920
v 0.94124937 -0.02334134 -0.00218865
v 0.94822816 -0.00529069 0.02553496
v 0.95101446 0.01382922 0.06563297
v 0.93978447 0.05513521 0.07518215
v 0.94902408 0.25508712 0.06416762
v 0.93806316 0.27258423 -0.11626534
v 0.95036405 0.30647945 -0.10055215
v 0.94319493 0.31965088 0.00889019
v 0.93926693 0.30385080 0.07674210
v 0.94066373 0.32924870 -0.06447387
v 0.95289822 0.31483165 -0.08174681
v 0.94342146 0.31806708 -0.04754204
v 0.94149764 0.34891377 -0.04090644
v 0.94051761 0.34879992 0.00808170
v 0.94652831 -0.14395966 -0.01829940
v 0.94846087 -0.12831327 -0.05456278
v 0.95078996 -0.12630521 -0.03973509
v 0.94745563 -0.11768695 -0.01730158
v 0.95256780 -0.11157745 -0.05174018
v 0.94883548 -0.10143920 -0.08190383
v 0.95095104 -0.09373353 -0.04832045
v 0.94781703 -0.11012227 -0.02907901
v 0.94949188 -0.09571291 0.00649030
v 0.95347111 -0.08889357 -0.07479679
v 0.95259461 -0.07886093 -0.06260803
v 0.95198190 -0.11185208 0.01132445
v 0.95241335 -0.08399092 0.02230423
v 0.95367561 -0.05946426 -0.08944274
v 0.94768663 -0.07415332 0.01793136
v 0.95420793 -0.06046467 -0.07689980
v 0.95352578 -0.06113625 0.03312221
v 0.94559875 -0.06742879 -0.10496720
v 0.95352825 -0.06389641 0.05027545
v 0.95064298 -0.05055933 -0.10112055
v 0.95491143 -0.04917129 0.04624893
v 0.95336764 -0.01064421 -0.09948042
v 0.94790428 -0.00920232 0.03081796
v 0.95428323 -0.02677660 0.04361476
v 0.95392680 -0.01334756 0.06259945
v 0.94909637 -0.01500583 -0.10935897
v 0.95065359 -0.00458396 -0.04909264
v 0.95294838 0.00232507 0.00712207
v 0.95248849 0.00775502 -0.07387210
v 0.95391804 0.00388519 0.04147135
v 0.95426285 -0.00190583 -0.08688597
v 0.95578934 0.01977600 0.03751718
v 0.95535721 0.02954276 0.04876866
v 0.95186901 0.04395844 0.05755801
v 0.95442079 0.02886075 -0.09125035
v 0.94827725 0.06175530 -0.10316036
v 0.95501560 0.08687915 -0.08722168
v 0.95132444 0.23725656 -0.09772669
v 0.95022012 0.28707075 -0.03246490
v 0.95046259 0.29824570 0.06293864
v 0.94827549 0.31543109 0.05961408
v 0.95652404 0.30267247 -0.07095717
v 0.94708477 0.31929788 -0.09527898
v 0.95887164 0.02171774 -0.05403851
v 0.95969443 0.02822171 0.00435173
v 0.96113684 0.04136842 -0.03220535
v 0.95949887 0.05105488 -0.06332653
v 0.95911375 0.22531519 0.02855683
v 0.95860665 0.04191361 0.03361827
v 0.96103825 0.07515753 -0.00042359
v 0.96058293 0.14101530 -0.04991791
v 0.95840043 0.18753230 -0.07217367
v 0.96009045 0.24773483 -0.04695046
v 0.95848498 0.24093004 -0.01713466
v 0.96037051 0.22191658 0.01088076
v 0.95819896 0.27341124 0.01388851
v 0.95509789 0.25514558 0.04918414
v 0.95916332 0.27247601 -0.06179868
v 0.95619293 0.29663341 -0.08406238
v 0.95794981 0.29268105 0.03683251
v 0.95445512 0.30772844 0.02812859
v 0.95446758 0.31171723 0.04363260
f 65 43 1
f 2 1 3
f 43 3 1
f 4 3 43
f 43 7 4
f 1 2 5
f 6 2 3
f 8 6 3
f 4 8 3
f 15 4 7
f 7 81 15
f 10 6 8
f 15 8 4
f 2 12 5
f 45 12 6
f 12 2 6
f 9 45 6
f 10 9 6
f 10 8 14
f 15 11 8
f 11 14 8
f 81 16 15
f 12 17 5
f 13 12 45
f 12 19 17
f 13 19 12
f 14 11 18
f 15 20 11
f 20 18 11
f 16 20 15
f 51 17 23
f 49 19 13
f 19 24 17
f 24 23 17
f 24 19 49
f 18 20 22
f 16 21 20
f 20 25 22
f 21 25 20
f 58 51 23
f 49 55 24
f 55 49 54
f 21 26 25
f 24 30 23
f 30 58 23
f 27 30 24
f 55 27 24
f 28 22 25
f 27 38 30
f 25 29 28
f 29 25 26
f 34 58 30
f 55 31 27
f 55 32 31
f 73 29 26
f 38 34 30
f 31 38 27
f 31 32 35
f 32 36 35
f 36 33 35
f 33 37 35
f 28 37 33
f 29 37 28
f 73 37 29
f 35 38 31
f 39 38 35
f 37 39 35
f 40 39 37
f 40 37 73
f 42 34 38
f 41 42 38
f 39 41 38
f 60 41 39
f 60 39 40
f 63 42 41
f 60 63 41
f 1 74 65
f 43 65 66
f 1 67 74
f 43 66 7
f 7 66 68
f 67 1 5
f 81 7 83
f 7 68 83
f 5 44 67
f 17 44 5
f 48 45 96
f 45 9 96
f 10 46 9
f 10 47 46
f 47 10 14
f 106 47 14
f 13 45 48
f 18 106 14
f 84 106 18
f 81 85 16
f 17 51 44
f 13 92 49
f 85 99 16
f 51 98 44
f 50 84 18
f 18 22 50
f 99 21 16
f 52 98 51
f 114 49 92
f 49 114 54
f 110 21 99
f 52 51 58
f 22 76 50
f 22 53 76
f 52 58 69
f 54 56 55
f 28 53 22
f 21 110 26
f 110 57 26
f 55 56 70
f 33 95 94
f 53 33 94
f 28 33 53
f 69 58 34
f 55 70 59
f 55 59 32
f 59 72 32
f 36 72 71
f 36 71 33
f 71 95 33
f 57 73 26
f 34 78 69
f 36 32 72
f 40 73 88
f 42 61 78
f 42 78 34
f 88 60 40
f 42 62 61
f 63 62 42
f 64 63 88
f 88 63 60
f 89 62 63
f 64 89 63
f 74 79 65
f 65 79 80
f 66 65 80
f 9 46 75
f 97 13 48
f 114 105 54
f 52 69 126
f 86 53 94
f 59 70 77
f 72 59 82
f 72 82 143
f 143 71 72
f 88 147 64
f 126 69 93
f 54 105 56
f 90 67 44
f 9 75 96
f 84 50 124
f 124 50 118
f 92 140 114
f 50 76 107
f 76 53 107
f 59 77 127
f 127 82 59
f 73 87 88
f 89 115 62
f 64 120 89
f 101 74 67
f 102 101 67
f 47 103 46
f 83 91 81
f 90 44 122
f 44 98 122
f 13 97 92
f 81 113 85
f 73 57 87
f 119 69 78
f 88 87 100
f 89 120 115
f 147 120 64
f 98 52 126
f 118 50 107
f 107 53 86
f 123 86 94
f 71 144 95
f 144 71 143
f 61 112 78
f 61 62 112
f 100 147 88
f 101 79 74
f 67 90 102
f 68 91 83
f 106 103 47
f 91 113 81
f 124 106 84
f 98 126 104
f 123 94 95
f 48 96 97
f 46 103 75
f 75 103 151
f 99 136 110
f 119 93 69
f 108 87 57
f 78 112 146
f 62 115 109
f 130 91 68
f 96 150 97
f 96 75 150
f 117 103 106
f 97 133 92
f 98 104 122
f 136 99 85
f 114 141 105
f 110 111 57
f 57 111 108
f 95 144 123
f 82 127 161
f 119 78 146
f 62 109 112
f 80 79 128
f 90 122 174
f 91 121 113
f 134 106 124
f 82 161 143
f 87 145 100
f 66 80 129
f 68 66 116
f 130 121 91
f 106 134 117
f 104 139 122
f 141 142 105
f 105 142 56
f 111 110 136
f 87 108 145
f 66 129 116
f 75 151 150
f 103 117 132
f 113 125 85
f 125 136 85
f 92 133 140
f 118 107 154
f 114 140 141
f 107 86 154
f 157 56 142
f 70 56 157
f 160 70 157
f 182 86 123
f 70 160 77
f 80 128 129
f 150 152 97
f 113 121 125
f 174 122 139
f 124 118 135
f 118 154 135
f 77 160 127
f 79 101 128
f 116 130 68
f 90 131 102
f 90 174 131
f 97 152 133
f 124 135 134
f 104 126 137
f 126 93 137
f 138 119 146
f 138 93 119
f 123 144 182
f 165 100 145
f 165 147 100
f 101 171 168
f 101 168 128
f 129 128 168
f 116 129 148
f 102 171 101
f 130 116 148
f 102 131 171
f 149 130 148
f 121 130 149
f 103 132 151
f 121 149 125
f 152 153 133
f 139 180 174
f 149 156 125
f 139 104 180
f 133 153 140
f 125 156 136
f 104 137 180
f 140 153 141
f 153 155 141
f 180 137 159
f 141 155 142
f 136 156 111
f 137 93 159
f 142 155 157
f 86 182 154
f 111 156 158
f 159 93 138
f 127 160 161
f 161 162 143
f 144 143 162
f 144 162 182
f 108 111 158
f 108 184 145
f 158 184 108
f 138 163 159
f 138 146 163
f 145 184 165
f 146 164 163
f 112 164 146
f 109 164 112
f 147 166 120
f 165 166 147
f 115 164 109
f 115 166 164
f 120 166 115
f 167 170 129
f 171 169 168
f 167 168 169
f 129 168 167
f 148 129 170
f 169 171 172
f 170 189 148
f 131 173 172
f 171 131 172
f 189 149 148
f 175 149 189
f 131 174 173
f 150 151 177
f 177 151 132
f 173 174 179
f 150 176 152
f 177 176 150
f 117 177 132
f 180 179 174
f 117 178 177
f 117 134 178
f 152 193 153
f 152 176 193
f 135 178 134
f 149 175 156
f 197 178 135
f 193 155 153
f 154 197 135
f 175 194 156
f 194 181 156
f 179 180 159
f 199 179 159
f 157 155 196
f 154 182 197
f 156 181 158
f 157 196 160
f 196 200 160
f 160 200 161
f 161 200 162
f 182 162 201
f 181 185 158
f 183 199 159
f 184 158 185
f 159 163 183
f 163 164 183
f 165 184 186
f 185 186 184
f 214 183 164
f 214 164 204
f 164 166 204
f 204 166 186
f 166 165 186
f 208 206 167
f 170 167 207
f 167 206 207
f 187 208 169
f 167 169 208
f 170 207 188
f 169 172 187
f 170 188 189
f 172 190 187
f 188 210 189
f 173 190 172
f 173 191 190
f 189 210 175
f 179 191 173
f 176 177 192
f 210 194 175
f 211 191 179
f 195 192 177
f 178 195 177
f 192 193 176
f 178 197 195
f 211 179 198
f 193 196 155
f 192 200 193
f 200 196 193
f 195 200 192
f 195 201 200
f 197 201 195
f 199 198 179
f 182 201 197
f 202 198 199
f 162 200 201
f 202 199 183
f 181 212 185
f 183 213 202
f 203 186 185
f 203 185 212
f 183 214 213
f 205 204 186
f 186 203 205
f 208 217 206
f 187 217 208
f 188 207 229
f 187 218 217
f 188 229 219
f 190 218 187
f 219 210 188
f 190 209 218
f 190 191 209
f 221 209 191
f 233 194 210
f 191 211 221
f 194 223 181
f 223 224 181
f 213 236 202
f 213 225 236
f 204 215 214
f 205 203 216
f 204 226 215
f 205 226 204
f 205 216 226
f 206 217 228
f 207 206 228
f 207 228 229
f 210 219 220
f 233 210 220
f 221 211 222
f 211 198 222
f 233 223 194
f 198 266 222
f 202 266 198
f 224 212 181
f 236 266 202
f 224 237 212
f 237 203 212
f 214 215 213
f 213 215 225
f 203 237 216
f 227 253 228
f 228 253 230
f 227 217 255
f 228 217 227
f 229 228 230
f 231 255 217
f 229 230 219
f 217 218 231
f 219 230 232
f 219 232 220
f 220 262 233
f 262 235 233
f 221 222 234
f 233 235 223
f 223 235 224
f 234 222 266
f 224 235 267
f 266 236 268
f 238 237 224
f 238 224 267
f 237 238 240
f 225 239 236
f 225 215 239
f 216 237 240
f 274 216 240
f 215 241 239
f 275 274 240
f 215 273 241
f 215 226 273
f 216 274 226
f 226 274 273
f 286 242 246
f 242 247 246
f 243 247 242
f 248 247 243
f 244 248 243
f 245 248 244
f 254 248 245
f 250 249 245
f 249 254 245
f 246 251 286
f 252 249 250
f 247 231 246
f 255 231 247
f 227 255 247
f 253 227 247
f 248 253 247
f 230 253 248
f 254 230 248
f 257 249 252
f 246 258 251
f 258 260 251
f 231 258 246
f 254 232 230
f 249 256 254
f 256 232 254
f 256 249 257
f 231 218 258
f 259 256 257
f 258 209 260
f 218 209 258
f 260 209 261
f 232 256 220
f 259 220 256
f 262 259 263
f 262 220 259
f 209 221 261
f 261 221 264
f 263 291 262
f 291 235 262
f 221 234 264
f 234 265 264
f 291 293 235
f 234 266 292
f 265 234 292
f 267 235 293
f 268 292 266
f 295 292 268
f 293 294 267
f 238 267 270
f 270 267 294
f 268 236 269
f 236 239 269
f 270 240 238
f 271 295 268
f 239 272 269
f 270 276 240
f 276 270 294
f 280 271 268
f 269 280 268
f 241 272 239
f 240 276 275
f 277 276 294
f 269 278 280
f 272 278 269
f 279 278 272
f 273 272 241
f 274 279 273
f 279 272 273
f 275 279 274
f 275 276 279
f 283 271 280
f 279 280 278
f 281 280 279
f 276 281 279
f 282 281 276
f 282 276 277
f 298 283 280
f 281 298 280
f 284 298 281
f 282 284 281
f 243 242 303
f 244 243 303
f 244 303 285
f 245 244 285
f 285 250 245
f 331 250 285
f 302 242 286
f 305 340 252
f 252 340 257
f 340 306 257
f 257 306 259
f 260 261 287
f 307 259 306
f 261 288 287
f 259 307 263
f 263 307 289
f 261 264 288
f 263 289 291
f 290 288 264
f 290 264 265
f 292 348 265
f 351 348 292
f 351 292 295
f 293 352 294
f 295 355 353
f 295 271 355
f 294 296 277
f 354 355 271
f 271 297 354
f 297 271 283
f 277 312 282
f 296 312 277
f 300 283 298
f 298 284 299
f 299 284 301
f 282 312 301
f 300 297 283
f 298 314 300
f 299 314 298
f 282 301 284
f 242 302 330
f 242 330 303
f 286 304 302
f 331 252 250
f 331 305 252
f 251 304 286
f 341 304 251
f 341 251 260
f 341 260 342
f 342 260 287
f 306 343 307
f 346 289 307
f 346 308 289
f 289 308 291
f 309 290 265
f 291 308 310
f 310 293 291
f 265 348 309
f 311 293 310
f 311 352 293
f 353 351 295
f 294 352 296
f 356 312 296
f 354 297 313
f 380 312 356
f 300 357 297
f 318 357 300
f 314 315 300
f 299 315 314
f 317 299 301
f 317 301 312
f 315 318 300
f 316 315 299
f 317 316 299
f 359 318 315
f 316 360 315
f 319 361 320
f 363 362 322
f 320 323 319
f 324 323 320
f 321 324 320
f 326 322 323
f 322 326 325
f 323 327 326
f 324 327 323
f 325 333 329
f 326 302 325
f 302 333 325
f 330 302 326
f 327 303 326
f 303 330 326
f 324 331 327
f 331 285 327
f 329 334 328
f 333 335 329
f 285 303 327
f 324 332 331
f 335 334 329
f 333 304 335
f 302 304 333
f 332 336 331
f 336 305 331
f 334 339 338
f 335 337 334
f 337 339 334
f 304 337 335
f 332 390 391
f 332 372 336
f 391 372 332
f 304 341 337
f 305 336 340
f 340 336 366
f 372 367 336
f 367 366 336
f 369 339 337
f 369 337 341
f 339 368 338
f 368 339 369
f 306 340 366
f 306 366 371
f 371 343 306
f 344 342 287
f 287 288 344
f 344 288 345
f 307 375 346
f 374 345 288
f 288 290 374
f 374 290 347
f 290 309 347
f 310 308 350
f 309 348 431
f 348 407 431
f 407 348 349
f 348 351 349
f 310 350 311
f 351 353 349
f 354 353 355
f 296 352 356
f 354 411 410
f 354 313 411
f 382 411 313
f 313 297 382
f 297 357 382
f 317 312 381
f 381 312 380
f 318 383 357
f 359 315 360
f 317 360 316
f 360 317 416
f 318 358 383
f 359 358 318
f 362 384 319
f 384 361 319
f 321 320 361
f 363 322 325
f 319 322 362
f 323 322 319
f 387 321 421
f 363 329 364
f 325 329 363
f 321 387 324
f 324 387 332
f 388 332 387
f 329 328 364
f 390 332 388
f 334 338 328
f 328 338 389
f 389 338 365
f 365 393 389
f 338 368 365
f 367 372 400
f 341 342 369
f 369 342 370
f 367 394 366
f 394 371 366
f 400 394 367
f 397 372 391
f 368 373 365
f 369 398 368
f 344 345 370
f 342 344 370
f 371 396 343
f 396 375 343
f 307 343 375
f 375 405 346
f 347 309 406
f 405 308 346
f 309 431 406
f 376 350 308
f 376 432 350
f 408 350 432
f 311 350 408
f 311 377 352
f 353 354 378
f 435 353 378
f 352 377 356
f 354 410 378
f 379 356 377
f 380 356 379
f 458 380 379
f 412 380 458
f 382 413 411
f 380 412 381
f 317 381 416
f 382 357 461
f 357 383 461
f 360 416 419
f 358 359 418
f 418 359 360
f 358 438 383
f 419 418 360
f 420 384 362
f 441 420 363
f 420 362 363
f 385 361 384
f 386 361 385
f 321 361 386
f 363 423 441
f 387 421 388
f 364 425 423
f 363 364 423
f 442 424 388
f 424 390 388
f 364 328 425
f 426 390 424
f 328 389 425
f 426 392 390
f 390 392 391
f 389 393 427
f 395 397 391
f 395 391 392
f 369 370 398
f 394 396 371
f 400 399 394
f 400 372 397
f 365 429 393
f 365 373 429
f 368 398 373
f 398 345 403
f 398 370 345
f 373 402 429
f 397 446 400
f 374 403 345
f 405 375 401
f 374 404 403
f 374 347 404
f 404 406 452
f 347 406 404
f 405 430 376
f 376 308 405
f 453 431 407
f 407 349 434
f 408 377 311
f 455 408 432
f 349 353 435
f 434 349 435
f 435 378 409
f 410 409 378
f 377 484 379
f 411 437 410
f 381 412 414
f 382 461 413
f 416 381 414
f 417 461 383
f 416 415 419
f 438 417 383
f 439 438 358
f 468 384 420
f 386 470 421
f 421 321 386
f 421 470 422
f 388 422 442
f 388 421 422
f 443 425 389
f 427 443 389
f 444 427 393
f 394 399 396
f 397 395 447
f 429 444 393
f 373 445 402
f 373 398 445
f 445 398 403
f 401 375 396
f 401 396 399
f 446 428 400
f 446 397 447
f 445 403 404
f 401 449 405
f 402 500 429
f 445 477 402
f 430 405 449
f 480 452 431
f 452 406 431
f 376 430 481
f 431 453 480
f 432 376 481
f 528 432 481
f 454 453 407
f 407 434 454
f 528 455 432
f 408 433 377
f 433 408 455
f 435 436 434
f 377 433 484
f 435 409 436
f 410 437 409
f 379 457 458
f 437 411 486
f 486 411 413
f 458 508 412
f 412 508 414
f 461 459 413
f 416 414 415
f 358 418 439
f 418 419 440
f 415 463 419
f 440 439 418
f 463 440 419
f 385 384 468
f 385 468 469
f 386 385 469
f 420 441 495
f 386 469 470
f 470 519 422
f 441 423 550
f 423 425 474
f 474 425 443
f 520 426 424
f 426 520 392
f 497 443 427
f 475 392 522
f 395 392 475
f 444 497 427
f 447 395 475
f 444 429 448
f 399 428 401
f 400 428 399
f 445 404 452
f 401 428 449
f 448 429 500
f 477 445 452
f 450 449 428
f 446 450 428
f 447 451 446
f 477 500 402
f 449 450 430
f 452 501 477
f 480 501 452
f 454 482 453
f 434 456 454
f 434 436 456
f 455 506 433
f 433 506 484
f 505 436 483
f 483 436 409
f 437 483 409
f 437 486 530
f 508 460 414
f 509 459 461
f 414 462 415
f 460 462 414
f 417 509 461
f 417 438 509
f 487 438 464
f 438 439 464
f 439 467 464
f 466 467 439
f 440 466 439
f 463 466 440
f 466 463 465
f 518 469 468
f 420 495 493
f 420 493 468
f 469 494 470
f 441 550 495
f 423 474 471
f 443 473 474
f 520 424 472
f 522 392 520
f 476 497 444
f 448 476 444
f 450 446 451
f 448 500 498
f 478 500 477
f 450 479 430
f 479 481 430
f 482 503 453
f 453 503 480
f 527 482 454
f 528 529 455
f 436 505 456
f 455 554 506
f 484 457 379
f 483 530 485
f 437 530 483
f 457 507 458
f 458 507 508
f 459 486 413
f 510 415 462
f 438 487 509
f 415 510 463
f 463 510 465
f 464 534 487
f 467 534 464
f 467 466 489
f 488 467 489
f 489 466 490
f 465 490 466
f 467 535 534
f 488 491 467
f 468 492 518
f 494 519 470
f 422 519 564
f 422 564 442
f 471 550 423
f 424 442 496
f 424 496 472
f 610 474 473
f 443 521 473
f 443 497 521
f 523 521 497
f 523 497 476
f 447 475 499
f 451 479 450
f 499 451 447
f 478 477 501
f 524 479 451
f 524 502 479
f 503 501 480
f 479 502 481
f 504 454 456
f 554 455 529
f 505 504 456
f 505 483 485
f 484 506 457
f 506 507 457
f 530 486 571
f 459 571 486
f 594 459 509
f 509 487 716
f 557 490 511
f 511 490 465
f 467 491 535
f 489 512 488
f 489 536 512
f 489 513 536
f 490 513 489
f 490 537 513
f 557 537 490
f 541 513 537
f 491 515 514
f 517 541 537
f 517 516 541
f 546 543 514
f 515 544 514
f 514 578 546
f 544 578 514
f 517 547 516
f 492 468 493
f 469 518 607
f 469 607 494
f 519 494 549
f 496 442 564
f 522 565 475
f 475 588 499
f 448 566 476
f 566 448 498
f 524 451 499
f 551 524 499
f 478 501 503
f 502 526 481
f 503 482 525
f 481 567 528
f 482 527 553
f 454 504 527
f 507 506 531
f 485 530 532
f 507 533 508
f 530 571 532
f 533 621 508
f 508 621 460
f 594 571 459
f 555 460 621
f 460 555 595
f 460 595 462
f 509 622 594
f 716 622 509
f 510 556 511
f 510 511 465
f 491 488 512
f 491 538 535
f 515 512 558
f 515 491 512
f 539 558 512
f 540 536 542
f 536 513 542
f 513 541 542
f 599 537 557
f 543 538 514
f 491 514 538
f 537 599 517
f 599 545 517
f 544 515 558
f 559 540 542
f 541 516 559
f 542 541 559
f 576 544 558
f 516 560 559
f 516 547 560
f 547 517 579
f 579 517 545
f 582 493 495
f 582 548 493
f 492 493 548
f 492 548 518
f 494 608 549
f 564 519 549
f 610 471 474
f 473 521 632
f 473 632 610
f 472 584 520
f 584 611 520
f 520 585 522
f 523 649 521
f 585 565 522
f 565 586 475
f 475 586 588
f 499 614 551
f 588 614 499
f 500 552 498
f 478 552 500
f 478 503 552
f 551 502 524
f 552 503 525
f 526 567 481
f 567 529 528
f 617 504 505
f 505 485 617
f 531 506 554
f 617 485 590
f 485 532 590
f 507 531 533
f 533 592 621
f 571 594 667
f 572 716 487
f 534 572 487
f 535 574 534
f 511 573 557
f 535 538 574
f 539 512 540
f 512 536 540
f 538 543 575
f 539 561 558
f 540 561 539
f 559 561 540
f 561 576 558
f 560 561 559
f 576 563 544
f 562 561 560
f 543 546 625
f 560 547 562
f 580 625 546
f 580 546 578
f 563 578 544
f 547 604 562
f 604 547 579
f 608 494 607
f 582 495 550
f 671 550 471
f 472 496 583
f 584 472 583
f 611 585 520
f 523 476 587
f 476 566 587
f 588 612 614
f 498 613 566
f 482 638 525
f 482 553 638
f 638 553 639
f 652 553 527
f 589 529 568
f 652 527 504
f 529 589 554
f 569 531 554
f 531 570 533
f 570 592 533
f 590 532 593
f 532 571 593
f 462 556 510
f 572 534 738
f 574 738 534
f 557 573 597
f 557 597 599
f 538 575 598
f 576 601 563
f 576 561 562
f 577 545 600
f 562 601 576
f 602 601 562
f 545 577 579
f 563 601 578
f 602 562 604
f 601 603 578
f 581 580 578
f 603 581 578
f 647 604 579
f 548 582 606
f 518 548 707
f 548 629 707
f 518 707 607
f 549 609 564
f 671 582 550
f 611 584 633
f 632 521 649
f 587 566 635
f 566 613 635
f 502 551 615
f 551 614 615
f 525 613 552
f 552 613 498
f 502 615 526
f 567 526 616
f 529 567 568
f 504 617 652
f 569 554 589
f 592 570 591
f 593 618 590
f 620 618 593
f 593 571 667
f 462 595 596
f 759 716 572
f 640 738 574
f 599 600 545
f 575 543 643
f 625 643 543
f 625 580 644
f 577 647 579
f 580 605 644
f 580 581 605
f 628 604 647
f 548 606 629
f 549 608 743
f 582 671 630
f 743 609 549
f 609 496 564
f 648 496 609
f 648 583 496
f 611 790 585
f 585 650 565
f 565 650 586
f 586 634 588
f 634 612 588
f 613 636 635
f 636 613 525
f 638 636 525
f 526 615 616
f 616 651 567
f 567 651 568
f 652 691 553
f 691 639 553
f 589 568 663
f 617 664 652
f 569 653 531
f 617 590 618
f 531 653 570
f 570 653 591
f 591 619 592
f 591 674 619
f 593 655 620
f 593 667 655
f 621 675 555
f 511 556 737
f 511 737 573
f 598 574 538
f 597 641 599
f 641 600 599
f 598 575 623
f 623 575 624
f 643 624 575
f 642 577 600
f 601 602 626
f 626 603 601
f 604 627 602
f 628 627 604
f 603 683 581
f 582 630 725
f 725 606 582
f 471 631 671
f 471 610 631
f 631 610 632
f 659 649 523
f 650 634 586
f 614 637 615
f 612 637 614
f 615 637 616
f 638 639 690
f 568 662 663
f 589 663 569
f 665 664 617
f 617 618 665
f 618 620 665
f 592 619 621
f 619 675 621
f 655 667 676
f 594 778 667
f 594 622 778
f 622 716 715
f 556 462 596
f 640 574 598
f 600 641 668
f 623 624 656
f 643 657 624
f 600 668 642
f 626 602 627
f 625 644 643
f 626 645 603
f 646 627 628
f 644 605 721
f 603 645 683
f 581 670 605
f 605 670 721
f 581 683 670
f 628 647 646
f 584 583 745
f 633 584 745
f 650 585 807
f 523 587 659
f 635 791 587
f 747 635 636
f 661 747 636
f 661 636 638
f 638 690 661
f 690 639 711
f 651 662 568
f 663 713 569
f 713 695 653
f 713 653 569
f 653 654 591
f 654 674 591
f 595 555 596
f 597 701 641
f 598 623 656
f 642 682 577
f 643 679 657
f 643 644 679
f 627 645 626
f 627 681 645
f 681 627 646
f 682 647 577
f 658 647 682
f 644 721 679
f 647 658 646
f 606 725 706
f 607 707 840
f 607 840 608
f 684 583 648
f 684 745 583
f 672 632 649
f 790 807 585
f 634 660 612
f 709 612 660
f 709 637 612
f 727 637 709
f 637 727 616
f 616 689 651
f 691 711 639
f 651 712 662
f 653 695 654
f 666 665 620
f 695 696 654
f 696 674 654
f 666 620 655
f 699 597 573
f 598 656 640
f 640 656 700
f 641 701 678
f 700 656 657
f 641 678 668
f 656 624 657
f 668 678 642
f 678 704 642
f 642 704 682
f 669 645 681
f 680 683 645
f 609 743 822
f 823 671 631
f 632 746 631
f 633 708 611
f 649 685 672
f 685 649 659
f 659 587 686
f 635 824 791
f 635 747 824
f 727 689 616
f 712 692 662
f 673 691 730
f 691 652 730
f 662 692 663
f 692 693 663
f 664 752 652
f 713 663 693
f 694 664 665
f 694 665 666
f 655 698 666
f 733 619 674
f 655 676 698
f 737 780 573
f 677 738 640
f 780 699 573
f 700 677 640
f 701 597 699
f 680 645 669
f 722 681 646
f 722 646 723
f 658 723 646
f 606 724 629
f 609 884 648
f 631 746 744
f 746 632 672
f 685 659 772
f 650 913 634
f 687 747 661
f 687 661 728
f 661 690 728
f 727 688 689
f 689 750 651
f 651 750 712
f 730 652 752
f 752 664 694
f 697 694 666
f 695 714 696
f 666 698 697
f 733 674 696
f 619 733 735
f 698 676 734
f 734 676 757
f 619 735 675
f 667 778 676
f 1000 778 622
f 622 715 1000
f 779 737 556
f 702 701 699
f 703 678 701
f 678 703 704
f 720 682 704
f 669 718 680
f 681 740 669
f 683 680 705
f 679 721 771
f 683 705 670
f 723 658 682
f 630 901 725
f 901 630 671
f 807 964 650
f 650 964 913
f 587 791 686
f 686 791 886
f 689 688 710
f 689 710 750
f 690 711 728
f 711 691 673
f 712 751 692
f 751 693 692
f 753 752 694
f 713 714 695
f 753 694 697
f 696 714 733
f 735 733 756
f 757 676 758
f 778 758 676
f 556 596 736
f 759 572 800
f 572 738 800
f 761 677 700
f 739 702 699
f 761 700 764
f 700 657 764
f 703 701 702
f 657 717 764
f 657 679 717
f 704 703 720
f 718 705 680
f 719 718 669
f 740 719 669
f 740 681 741
f 681 722 741
f 723 682 720
f 771 721 670
f 705 771 670
f 606 706 724
f 608 840 742
f 608 742 743
f 726 901 671
f 747 687 748
f 729 728 711
f 711 673 729
f 713 693 731
f 714 713 731
f 731 732 714
f 733 732 756
f 733 714 732
f 735 799 675
f 715 875 1000
f 716 759 715
f 837 738 677
f 760 699 780
f 767 718 719
f 766 719 740
f 718 769 705
f 717 679 771
f 722 723 741
f 822 884 609
f 726 671 823
f 884 684 648
f 744 823 631
f 672 870 746
f 708 790 611
f 659 686 772
f 709 825 792
f 825 709 660
f 792 727 709
f 749 748 687
f 727 792 688
f 687 728 749
f 710 773 750
f 673 794 729
f 712 750 751
f 673 730 811
f 730 813 811
f 813 730 752
f 693 795 731
f 753 697 754
f 697 698 755
f 697 755 754
f 755 698 734
f 836 778 1000
f 738 837 800
f 760 739 699
f 765 763 767
f 767 763 762
f 766 765 767
f 766 785 765
f 766 767 719
f 767 769 718
f 766 740 768
f 787 717 771
f 787 771 769
f 740 741 768
f 768 741 770
f 705 769 771
f 741 723 770
f 720 770 723
f 629 869 707
f 629 724 869
f 900 706 725
f 743 804 822
f 633 745 841
f 841 708 633
f 913 903 634
f 749 728 808
f 728 729 808
f 773 710 688
f 729 830 808
f 830 729 794
f 773 774 750
f 750 774 751
f 673 811 794
f 751 812 693
f 693 812 795
f 752 753 796
f 754 796 753
f 732 731 775
f 756 732 797
f 732 816 797
f 732 775 816
f 754 755 776
f 756 797 818
f 777 817 755
f 817 776 755
f 777 755 734
f 756 818 735
f 734 757 777
f 735 818 799
f 778 836 758
f 799 820 675
f 820 555 675
f 596 555 736
f 556 736 779
f 779 736 868
f 779 780 737
f 781 765 784
f 677 801 837
f 761 782 677
f 677 782 801
f 781 802 783
f 781 783 762
f 763 781 762
f 765 781 763
f 765 785 784
f 786 702 739
f 782 764 787
f 761 764 782
f 802 782 787
f 783 802 788
f 702 786 703
f 764 717 787
f 788 802 787
f 783 788 767
f 783 767 762
f 786 789 703
f 768 785 766
f 786 785 789
f 789 785 768
f 767 788 769
f 789 768 770
f 703 789 720
f 788 787 769
f 789 770 720
f 725 901 900
f 745 684 841
f 672 685 870
f 708 857 790
f 793 688 792
f 773 809 774
f 774 809 810
f 774 810 751
f 812 751 810
f 849 811 813
f 752 796 813
f 731 795 775
f 815 796 754
f 815 754 776
f 817 815 776
f 798 777 757
f 757 758 798
f 799 819 820
f 802 781 801
f 784 785 803
f 803 739 760
f 802 801 782
f 785 786 803
f 739 803 786
f 724 706 1087
f 806 708 841
f 744 746 805
f 805 746 870
f 790 902 807
f 885 686 886
f 886 791 824
f 660 903 842
f 903 660 634
f 842 825 660
f 792 825 826
f 749 827 748
f 792 826 793
f 773 688 793
f 773 793 809
f 832 834 812
f 812 834 795
f 834 814 795
f 795 852 775
f 852 816 775
f 777 853 817
f 853 777 798
f 799 818 819
f 555 820 736
f 759 909 715
f 759 800 909
f 909 800 881
f 801 855 837
f 781 821 801
f 784 821 781
f 784 839 838
f 803 839 784
f 912 823 744
f 708 806 945
f 870 685 1076
f 772 686 885
f 913 965 903
f 747 858 824
f 747 748 858
f 749 828 827
f 826 843 793
f 749 808 828
f 843 845 793
f 828 808 829
f 809 793 845
f 829 808 830
f 830 794 831
f 794 811 831
f 849 831 811
f 810 832 812
f 849 813 850
f 850 813 833
f 796 833 813
f 814 852 795
f 817 851 815
f 874 851 817
f 817 853 874
f 835 797 816
f 838 821 784
f 803 760 839
f 1026 726 823
f 980 744 805
f 708 945 857
f 685 772 1076
f 886 824 904
f 858 748 827
f 859 843 826
f 844 827 828
f 859 846 843
f 846 845 843
f 844 829 847
f 844 828 829
f 847 829 848
f 829 830 848
f 830 831 848
f 834 864 814
f 833 796 815
f 851 833 815
f 852 835 816
f 819 818 854
f 854 818 797
f 835 854 797
f 798 758 924
f 758 836 924
f 820 958 736
f 780 779 882
f 882 779 868
f 760 882 839
f 882 760 780
f 801 856 855
f 821 856 801
f 840 707 911
f 743 742 804
f 884 822 928
f 1026 823 912
f 684 884 929
f 790 857 902
f 904 824 858
f 858 827 860
f 826 825 859
f 825 842 859
f 860 827 844
f 859 877 846
f 860 847 861
f 844 847 860
f 877 892 846
f 847 893 861
f 847 848 893
f 846 862 845
f 846 892 862
f 848 863 893
f 845 862 809
f 863 848 831
f 809 862 810
f 862 873 810
f 831 849 895
f 832 810 873
f 850 833 879
f 832 878 834
f 878 864 834
f 851 880 833
f 852 814 865
f 852 865 835
f 853 866 874
f 853 798 866
f 819 867 820
f 958 820 867
f 736 958 908
f 837 899 800
f 855 899 837
f 821 838 856
f 1064 684 929
f 684 1064 841
f 876 904 858
f 842 903 871
f 872 876 858
f 858 860 872
f 859 842 871
f 860 861 872
f 892 905 862
f 864 923 814
f 923 865 814
f 851 907 880
f 907 851 874
f 798 897 866
f 854 898 819
f 854 835 898
f 798 924 897
f 909 875 715
f 855 926 899
f 856 926 855
f 838 910 856
f 838 839 910
f 980 912 744
f 870 1076 1109
f 807 902 964
f 963 772 1128
f 772 885 1128
f 1128 885 946
f 886 904 887
f 871 877 859
f 891 876 861
f 876 872 861
f 861 893 891
f 862 905 873
f 894 863 831
f 831 895 894
f 832 873 878
f 849 850 895
f 874 896 907
f 819 898 957
f 835 955 898
f 955 835 865
f 867 819 957
f 882 868 944
f 800 899 881
f 910 839 927
f 839 882 927
f 822 804 883
f 888 904 876
f 903 889 871
f 888 876 916
f 871 889 877
f 891 916 876
f 890 877 889
f 892 877 890
f 891 893 917
f 917 893 906
f 892 890 905
f 906 893 863
f 894 906 863
f 873 920 921
f 873 921 878
f 850 879 895
f 864 937 923
f 907 896 951
f 866 896 874
f 736 908 868
f 910 926 856
f 772 963 1076
f 885 886 946
f 915 889 930
f 890 889 915
f 917 916 891
f 890 915 905
f 905 920 873
f 906 894 919
f 894 895 919
f 895 936 919
f 895 879 936
f 921 864 878
f 898 939 954
f 939 898 955
f 955 865 952
f 954 957 898
f 897 924 940
f 924 836 998
f 998 836 1000
f 941 875 909
f 899 926 925
f 707 869 911
f 840 911 742
f 901 726 978
f 822 883 928
f 964 989 913
f 913 990 965
f 889 1003 914
f 1003 889 903
f 930 889 914
f 917 906 918
f 915 920 905
f 920 934 921
f 921 935 864
f 935 937 864
f 833 922 879
f 833 880 922
f 937 949 923
f 880 907 922
f 896 866 938
f 866 956 938
f 866 897 956
f 897 940 956
f 875 941 1022
f 910 927 926
f 882 944 927
f 979 912 980
f 1159 806 841
f 1236 805 870
f 913 989 990
f 946 886 887
f 965 1003 903
f 914 1003 1004
f 916 966 888
f 916 931 966
f 948 930 968
f 914 968 930
f 948 933 930
f 930 933 915
f 917 918 916
f 918 931 916
f 915 933 920
f 918 906 932
f 932 906 919
f 933 984 920
f 920 984 934
f 934 935 921
f 879 969 936
f 879 922 969
f 865 923 952
f 907 951 922
f 896 938 951
f 957 999 867
f 875 1022 1000
f 899 925 881
f 926 942 925
f 927 942 926
f 927 943 942
f 927 944 943
f 911 1025 1126
f 805 1436 980
f 888 1028 904
f 1028 888 966
f 914 1004 968
f 931 967 966
f 982 948 968
f 931 947 967
f 931 918 947
f 918 932 947
f 948 984 933
f 919 936 1006
f 936 1007 1006
f 922 1008 969
f 994 1008 922
f 950 923 949
f 922 951 995
f 922 995 994
f 950 952 923
f 986 951 938
f 938 956 953
f 940 924 997
f 924 998 997
f 908 959 868
f 868 959 960
f 941 909 1001
f 909 881 1001
f 944 960 961
f 944 868 960
f 881 925 1001
f 943 944 961
f 942 962 925
f 961 962 942
f 943 961 942
f 869 1025 911
f 982 983 948
f 983 984 948
f 932 919 1006
f 936 969 1007
f 935 1018 937
f 1018 949 937
f 992 950 949
f 993 950 992
f 951 986 995
f 986 938 953
f 939 955 971
f 970 939 971
f 955 952 971
f 971 952 950
f 970 988 954
f 939 970 954
f 972 953 956
f 973 954 988
f 973 957 954
f 956 940 972
f 957 973 999
f 940 997 972
f 908 958 1014
f 941 1106 1022
f 908 1014 959
f 941 1062 1106
f 941 1001 1062
f 974 961 960
f 925 975 1001
f 962 975 925
f 962 976 975
f 962 977 976
f 961 977 962
f 974 977 961
f 742 911 1126
f 742 1088 804
f 841 1064 1159
f 1436 805 1236
f 1236 870 1109
f 990 1027 965
f 965 1027 1003
f 904 981 887
f 904 1028 981
f 966 967 1028
f 968 1004 982
f 932 991 947
f 1006 991 932
f 984 985 934
f 934 1031 935
f 1031 1018 935
f 1007 969 1032
f 1032 969 1008
f 971 950 993
f 986 953 1010
f 987 988 970
f 1010 953 996
f 953 972 996
f 974 1002 977
f 976 1040 975
f 976 977 1040
f 1126 1088 742
f 900 901 1157
f 1065 1171 902
f 902 1171 964
f 946 887 1077
f 1004 1003 1015
f 1005 1028 967
f 967 947 1005
f 982 1016 983
f 947 991 1005
f 985 1031 934
f 994 995 1046
f 986 1009 995
f 1009 986 1010
f 970 971 987
f 988 987 1011
f 988 1011 1012
f 988 1012 973
f 867 999 1021
f 867 1021 958
f 1021 1014 958
f 977 1002 1040
f 901 978 1157
f 945 1089 857
f 857 1065 902
f 1171 989 964
f 1029 1028 1005
f 983 1016 984
f 984 1016 985
f 1006 1017 991
f 1018 992 949
f 1009 1046 995
f 971 1019 987
f 1019 971 993
f 1036 1011 987
f 972 1035 996
f 973 1012 999
f 1021 999 1013
f 1022 998 1000
f 960 959 1038
f 1001 1086 1062
f 975 1039 1001
f 974 1023 1002
f 974 1038 1023
f 1038 974 960
f 975 1063 1039
f 1002 1107 1040
f 724 1087 869
f 1158 900 1157
f 928 883 1370
f 1075 726 1026
f 982 1004 1015
f 1007 1017 1006
f 985 1043 1031
f 1018 1056 992
f 1045 992 1056
f 1044 1008 994
f 1045 993 992
f 994 1046 1044
f 1050 1009 1010
f 996 1034 1010
f 1034 1050 1010
f 1036 987 1019
f 996 1035 1034
f 1037 1035 972
f 1012 1011 1020
f 1036 1020 1011
f 972 997 1037
f 1012 1020 999
f 999 1020 1013
f 997 998 1072
f 1072 998 1074
f 1074 998 1022
f 1001 1039 1086
f 1002 1023 1107
f 1040 1063 975
f 1040 1107 1052
f 706 900 1158
f 869 1087 1024
f 804 1088 1270
f 806 1159 1206
f 946 1077 1185
f 1015 1003 1027
f 1041 1029 1005
f 1030 982 1015
f 1005 1067 1041
f 982 1030 1016
f 991 1067 1005
f 1067 991 1017
f 1055 1017 1042
f 1042 1017 1007
f 1042 1007 1068
f 1007 1032 1068
f 1031 1056 1018
f 1032 1008 1044
f 993 1045 1047
f 1019 993 1047
f 1009 1048 1046
f 1050 1048 1009
f 1036 1019 1033
f 1034 1035 1051
f 1037 1061 1035
f 1036 1060 1020
f 1020 1060 1070
f 997 1072 1037
f 706 1158 1087
f 804 1270 883
f 1128 946 1185
f 1027 1091 1015
f 1028 1029 981
f 1098 1043 985
f 1056 1031 1043
f 1068 1032 1057
f 1057 1032 1044
f 1019 1047 1049
f 1049 1033 1019
f 1050 1034 1051
f 1051 1035 1061
f 1060 1036 1033
f 1155 1074 1022
f 1194 1123 1014
f 1123 959 1014
f 1196 1062 1086
f 726 1075 978
f 928 1140 929
f 884 928 929
f 963 1128 1141
f 887 981 1077
f 1078 1030 1015
f 1054 1016 1030
f 1067 1017 1053
f 1016 1054 985
f 1017 1055 1053
f 985 1054 1098
f 1055 1042 1135
f 1042 1068 1135
f 1043 1099 1056
f 1046 1102 1044
f 1044 1102 1101
f 1046 1048 1102
f 1102 1048 1069
f 1048 1050 1069
f 1069 1050 1058
f 1033 1049 1059
f 1050 1051 1058
f 1059 1060 1033
f 1084 1061 1037
f 1037 1072 1084
f 1020 1070 1013
f 1021 1194 1014
f 1106 1062 1195
f 959 1123 1038
f 1038 1124 1023
f 1040 1052 1063
f 869 1024 1025
f 1089 1065 857
f 989 1090 990
f 990 1218 1027
f 1041 1079 1029
f 1080 1079 1041
f 1030 1078 1066
f 1054 1030 1066
f 1041 1067 1080
f 1098 1099 1043
f 1099 1100 1056
f 1056 1100 1045
f 1083 1120 1059
f 1105 1058 1051
f 1051 1061 1105
f 1060 1059 1071
f 1059 1120 1071
f 1061 1084 1105
f 1071 1070 1060
f 1070 1073 1013
f 1022 1106 1155
f 1156 1194 1021
f 1063 1384 1039
f 1039 1384 1350
f 883 1470 1370
f 1171 1090 989
f 1027 1218 1091
f 1080 1081 1079
f 1080 1067 1095
f 1094 1080 1095
f 1066 1097 1054
f 1067 1053 1095
f 1098 1054 1097
f 1148 1099 1098
f 1149 1100 1099
f 1044 1082 1057
f 1082 1044 1101
f 1047 1118 1152
f 1118 1047 1045
f 1047 1103 1049
f 1059 1103 1083
f 1103 1059 1049
f 1069 1058 1104
f 1070 1071 1085
f 1070 1085 1073
f 1299 1074 1155
f 1195 1062 1196
f 1038 1284 1124
f 1038 1123 1284
f 1063 1052 1229
f 928 1370 1140
f 1090 1336 990
f 1077 981 1129
f 1029 1092 981
f 1092 1029 1079
f 1110 1078 1015
f 1015 1091 1110
f 1081 1093 1079
f 1079 1093 1092
f 1093 1081 1080
f 1094 1093 1080
f 1078 1113 1066
f 1110 1113 1078
f 1113 1115 1066
f 1066 1115 1097
f 1095 1053 1096
f 1053 1055 1096
f 1055 1135 1163
f 1055 1163 1096
f 1118 1045 1100
f 1138 1101 1102
f 1103 1047 1152
f 1083 1103 1119
f 1119 1120 1083
f 1104 1058 1105
f 1071 1120 1121
f 1121 1085 1071
f 1023 1124 1107
f 1087 1125 1024
f 1126 1025 1108
f 978 1184 1157
f 979 1271 912
f 1064 929 1435
f 945 806 1089
f 1109 1076 1127
f 1092 1111 1131
f 1093 1112 1092
f 1092 1112 1111
f 1112 1093 1094
f 1113 1110 1114
f 1095 1132 1111
f 1111 1112 1095
f 1114 1116 1113
f 1116 1115 1113
f 1112 1094 1095
f 1095 1117 1133
f 1117 1095 1096
f 1097 1115 1134
f 1134 1098 1097
f 1098 1134 1148
f 1101 1136 1082
f 1136 1101 1138
f 1137 1118 1100
f 1150 1138 1102
f 1102 1069 1150
f 1119 1103 1152
f 1069 1104 1150
f 1084 1122 1105
f 1139 1085 1121
f 1084 1072 1122
f 1085 1139 1073
f 1072 1074 1122
f 1122 1074 1299
f 1087 1158 1125
f 1126 1183 1088
f 912 1271 1026
f 929 1140 1435
f 990 1336 1218
f 1091 1218 1130
f 1131 981 1092
f 1110 1091 1130
f 1145 1114 1130
f 1130 1114 1110
f 1132 1143 1131
f 1111 1132 1131
f 1114 1145 1116
f 1132 1095 1133
f 1117 1146 1133
f 1144 1115 1116
f 1146 1117 1162
f 1162 1117 1096
f 1115 1144 1134
f 1163 1162 1096
f 1135 1068 1179
f 1148 1149 1099
f 1068 1057 1179
f 1179 1057 1223
f 1119 1153 1120
f 1104 1105 1154
f 1105 1122 1154
f 1013 1073 1156
f 1021 1013 1156
f 1107 1124 1365
f 1397 1124 1284
f 1086 1039 1350
f 1052 1107 1365
f 1126 1108 1183
f 1026 1271 1075
f 1218 1142 1130
f 981 1131 1129
f 1130 1142 1173
f 1130 1173 1145
f 1160 1145 1173
f 1132 1176 1143
f 1133 1176 1132
f 1133 1146 1176
f 1145 1144 1116
f 1134 1144 1148
f 1144 1147 1148
f 1151 1119 1152
f 1150 1165 1164
f 1119 1151 1153
f 1150 1104 1165
f 1104 1154 1165
f 1121 1153 1166
f 1121 1120 1153
f 1139 1121 1166
f 1139 1167 1073
f 1228 1194 1156
f 1075 1387 978
f 1159 1064 1435
f 1129 1131 1172
f 1172 1131 1187
f 1131 1143 1187
f 1143 1174 1187
f 1162 1161 1146
f 1146 1161 1176
f 1145 1160 1144
f 1163 1161 1162
f 1160 1147 1144
f 1163 1135 1179
f 1148 1147 1149
f 1150 1164 1138
f 1152 1180 1151
f 1180 1152 1118
f 1153 1151 1166
f 1225 1164 1165
f 1154 1225 1165
f 1122 1168 1154
f 1167 1139 1166
f 1260 1073 1167
f 1260 1156 1073
f 1106 1428 1155
f 1428 1106 1195
f 1052 1364 1229
f 1365 1364 1052
f 1170 1169 1024
f 1024 1169 1025
f 1025 1169 1108
f 1024 1125 1170
f 806 1206 1089
f 963 1127 1076
f 1127 963 1141
f 1185 1077 1237
f 1077 1129 1237
f 1218 1219 1142
f 1142 1219 1173
f 1175 1160 1173
f 1188 1174 1143
f 1188 1143 1176
f 1177 1160 1175
f 1208 1176 1161
f 1160 1177 1147
f 1178 1208 1161
f 1178 1161 1163
f 1163 1179 1178
f 1100 1277 1137
f 1254 1137 1277
f 1190 1138 1164
f 1254 1118 1137
f 1180 1118 1254
f 1181 1151 1180
f 1151 1191 1166
f 1151 1181 1191
f 1225 1154 1168
f 1166 1191 1167
f 1168 1122 1282
f 1122 1299 1282
f 1193 1260 1167
f 1260 1228 1156
f 1203 1201 1169
f 1201 1197 1169
f 1170 1182 1203
f 1169 1170 1203
f 1108 1169 1204
f 1158 1157 1216
f 1158 1216 1125
f 1182 1170 1216
f 1216 1170 1125
f 1491 980 1436
f 1141 1128 1289
f 1128 1185 1289
f 1172 1187 1186
f 1176 1208 1188
f 1147 1177 1222
f 1209 1208 1178
f 1209 1178 1189
f 1178 1179 1189
f 1179 1223 1189
f 1057 1082 1223
f 1149 1277 1100
f 1164 1225 1190
f 1227 1225 1168
f 1191 1192 1167
f 1227 1168 1282
f 1192 1193 1167
f 1212 1202 1197
f 1198 1201 1199
f 1197 1201 1198
f 1203 1200 1199
f 1182 1200 1203
f 1201 1203 1199
f 1202 1204 1197
f 1204 1202 1214
f 1204 1169 1197
f 1204 1205 1108
f 1204 1214 1205
f 1108 1205 1183
f 1289 1185 1359
f 1185 1237 1359
f 1207 1129 1172
f 1172 1186 1207
f 1173 1219 1220
f 1186 1187 1221
f 1173 1220 1244
f 1244 1175 1173
f 1187 1174 1221
f 1174 1188 1221
f 1221 1188 1245
f 1245 1188 1208
f 1147 1222 1252
f 1252 1149 1147
f 1252 1277 1149
f 1224 1082 1136
f 1138 1190 1136
f 1136 1190 1224
f 1180 1226 1181
f 1181 1226 1191
f 1210 1227 1282
f 1283 1299 1155
f 1300 1228 1260
f 1123 1194 1228
f 1231 1198 1263
f 1212 1198 1231
f 1263 1198 1211
f 1231 1202 1212
f 1233 1202 1231
f 1199 1213 1211
f 1198 1199 1211
f 1212 1197 1198
f 1200 1213 1199
f 1234 1202 1233
f 1202 1234 1214
f 1182 1215 1200
f 1234 1235 1214
f 1182 1216 1215
f 1205 1214 1235
f 1205 1235 1217
f 1183 1205 1217
f 1183 1217 1386
f 1183 1386 1088
f 1887 1236 1109
f 1238 1129 1207
f 1240 1207 1186
f 1221 1246 1186
f 1177 1248 1222
f 1248 1177 1244
f 1175 1244 1177
f 1249 1247 1209
f 1247 1208 1209
f 1249 1209 1251
f 1209 1189 1251
f 1189 1223 1251
f 1223 1082 1253
f 1253 1082 1224
f 1180 1254 1226
f 1279 1190 1225
f 1227 1279 1225
f 1191 1226 1256
f 1191 1256 1192
f 1256 1259 1192
f 1230 1231 1263
f 1265 1231 1230
f 1262 1211 1232
f 1263 1211 1262
f 1211 1213 1232
f 1231 1265 1233
f 1287 1232 1213
f 1213 1200 1287
f 1200 1288 1287
f 1233 1268 1234
f 1268 1235 1234
f 1200 1215 1288
f 883 1270 1504
f 883 1504 1470
f 1075 1505 1387
f 1220 1219 1239
f 1241 1240 1186
f 1242 1220 1239
f 1241 1186 1246
f 1241 1246 1243
f 1220 1242 1244
f 1242 1274 1244
f 1221 1245 1246
f 1244 1274 1248
f 1245 1208 1247
f 1248 1250 1222
f 1250 1252 1222
f 1223 1253 1319
f 1276 1277 1252
f 1190 1279 1224
f 1254 1255 1226
f 1226 1255 1296
f 1279 1227 1257
f 1226 1296 1256
f 1258 1257 1227
f 1210 1258 1227
f 1259 1321 1192
f 1123 1453 1284
f 1086 1350 1196
f 1196 1350 1429
f 1063 2141 1384
f 1063 1229 2141
f 1261 1301 1230
f 1262 1261 1263
f 1230 1263 1261
f 1264 1262 1232
f 1265 1267 1233
f 1287 1288 1266
f 1268 1233 1267
f 1268 1315 1235
f 1216 1269 1215
f 1157 1184 1216
f 1088 1386 1270
f 980 1491 979
f 1159 1805 1206
f 1477 1089 1206
f 1218 1239 1219
f 1242 1239 1272
f 1243 1273 1290
f 1242 1272 1274
f 1246 1245 1273
f 1243 1246 1273
f 1245 1247 1273
f 1273 1247 1275
f 1247 1249 1275
f 1249 1292 1275
f 1249 1251 1292
f 1292 1251 1339
f 1250 1276 1252
f 1251 1223 1339
f 1223 1319 1339
f 1254 1277 1278
f 1224 1279 1294
f 1253 1224 1294
f 1254 1278 1255
f 1279 1295 1294
f 1279 1280 1295
f 1279 1257 1280
f 1296 1281 1256
f 1258 1298 1257
f 1256 1281 1259
f 1192 1321 1193
f 1260 1193 1349
f 1260 1349 1300
f 1301 1261 1285
f 1262 1264 1286
f 1230 1303 1265
f 1230 1301 1303
f 1264 1287 1286
f 1264 1232 1287
f 1267 1265 1305
f 1267 1305 1307
f 1307 1310 1267
f 1266 1288 1311
f 1310 1268 1267
f 1314 1311 1288
f 1215 1314 1288
f 1315 1268 1310
f 1235 1315 1217
f 1216 1184 1269
f 1270 1386 1534
f 1171 1065 1358
f 1237 1129 1455
f 1129 1238 1455
f 1207 1240 1238
f 1241 1317 1240
f 1243 1317 1241
f 1272 1239 1360
f 1290 1317 1243
f 1360 1338 1272
f 1273 1291 1290
f 1272 1338 1274
f 1338 1293 1274
f 1273 1275 1291
f 1291 1275 1292
f 1248 1274 1293
f 1293 1276 1250
f 1276 1278 1277
f 1341 1319 1253
f 1341 1253 1294
f 1278 1320 1255
f 1320 1296 1255
f 1280 1257 1297
f 1297 1345 1280
f 1297 1257 1298
f 1322 1298 1258
f 1321 1259 1347
f 1210 1322 1258
f 1322 1210 1282
f 1193 1321 1348
f 1193 1348 1349
f 1397 1606 1124
f 1229 1364 1500
f 1606 1365 1124
f 1261 1324 1285
f 1301 1285 1325
f 1261 1262 1286
f 1301 1302 1303
f 1305 1265 1401
f 1265 1303 1401
f 1287 1266 1304
f 1304 1266 1306
f 1307 1305 1330
f 1332 1308 1309
f 1332 1331 1308
f 1266 1311 1306
f 1331 1306 1313
f 1308 1331 1313
f 1307 1309 1310
f 1313 1306 1311
f 1309 1308 1312
f 1310 1309 1312
f 1312 1308 1313
f 1313 1311 1314
f 1310 1312 1316
f 1310 1316 1315
f 1333 1313 1314
f 1312 1313 1333
f 1316 1312 1335
f 1215 1269 1314
f 1217 1315 1316
f 1504 1270 1534
f 1140 1370 1535
f 1535 1435 1140
f 1357 1159 1435
f 1109 1127 1887
f 1171 1358 1595
f 1359 1237 1455
f 1240 1337 1238
f 1317 1337 1240
f 1389 1360 1239
f 1318 1317 1290
f 1291 1318 1290
f 1248 1293 1250
f 1278 1340 1320
f 1280 1345 1295
f 1296 1320 1344
f 1281 1296 1344
f 1347 1259 1281
f 1323 1322 1282
f 1282 1299 1323
f 1299 1283 1323
f 1123 1228 1453
f 1453 1228 1300
f 1414 1195 1196
f 1196 1429 1414
f 1324 1261 1286
f 1302 1401 1303
f 1286 1287 1304
f 1305 1401 1368
f 1368 1327 1305
f 1304 1306 1326
f 1328 1326 1306
f 1330 1327 1329
f 1327 1330 1305
f 1329 1328 1331
f 1330 1329 1332
f 1331 1328 1306
f 1329 1331 1332
f 1330 1309 1307
f 1332 1309 1330
f 1333 1335 1312
f 1314 1269 1334
f 1333 1314 1334
f 1354 1333 1334
f 1335 1333 1354
f 1269 1184 1355
f 1316 1356 1217
f 1387 1184 978
f 1075 1271 1505
f 1171 1536 1090
f 1536 1405 1090
f 1090 1405 1336
f 1318 1337 1317
f 1291 1292 1372
f 1374 1372 1292
f 1339 1374 1292
f 1293 1362 1276
f 1319 1374 1339
f 1276 1362 1373
f 1319 1341 1390
f 1373 1375 1276
f 1276 1375 1278
f 1375 1340 1278
f 1341 1294 1342
f 1320 1340 1378
f 1295 1342 1294
f 1295 1345 1342
f 1343 1344 1377
f 1410 1343 1377
f 1344 1320 1377
f 1377 1320 1378
f 1346 1344 1343
f 1281 1344 1346
f 1298 1322 1297
f 1346 1347 1281
f 1348 1321 1347
f 1452 1323 1283
f 1428 1283 1155
f 1351 1325 1285
f 1285 1324 1351
f 1301 1325 1302
f 1366 1324 1286
f 1366 1286 1304
f 1401 1302 1367
f 1432 1304 1326
f 1326 1328 1352
f 1432 1326 1352
f 1352 1328 1353
f 1328 1329 1353
f 1353 1329 1327
f 1355 1490 1334
f 1490 1354 1334
f 1355 1334 1269
f 1469 1354 1490
f 1335 1354 1469
f 1356 1335 1469
f 1316 1335 1356
f 1217 1356 1386
f 1271 1518 1505
f 1436 1236 1550
f 1089 1358 1065
f 1238 1337 1371
f 1291 1372 1318
f 1361 1293 1338
f 1293 1361 1362
f 1319 1390 1374
f 1342 1391 1341
f 1340 1376 1378
f 1342 1345 1379
f 1380 1379 1345
f 1410 1393 1343
f 1380 1345 1297
f 1343 1363 1346
f 1382 1347 1363
f 1346 1363 1347
f 1322 1323 1383
f 1347 1382 1348
f 1428 1452 1283
f 1284 1453 1641
f 1566 1195 1414
f 1399 1302 1325
f 1302 1399 1367
f 1366 1304 1402
f 1402 1304 1432
f 1327 1368 1369
f 1327 1369 1353
f 1355 1184 1594
f 1356 1434 1386
f 1386 1573 1534
f 979 1491 1271
f 1357 1805 1159
f 1337 1318 1371
f 1371 1318 1438
f 1360 1361 1338
f 1318 1372 1438
f 1419 1406 1362
f 1373 1362 1406
f 1391 1390 1341
f 1340 1375 1376
f 1342 1407 1391
f 1342 1379 1407
f 1343 1393 1411
f 1411 1363 1343
f 1380 1297 1381
f 1411 1395 1363
f 1297 1322 1381
f 1322 1383 1381
f 1382 1396 1348
f 1396 1349 1348
f 1663 1452 1428
f 1324 1366 1430
f 1324 1430 1351
f 1352 1433 1432
f 1352 1385 1433
f 1353 1385 1352
f 1369 1385 1353
f 1491 1518 1271
f 1336 1388 1218
f 1455 1238 1416
f 1218 1388 1239
f 1416 1238 1371
f 1417 1416 1371
f 1388 1389 1239
f 1360 1389 1418
f 1418 1361 1360
f 1439 1361 1418
f 1374 1440 1372
f 1378 1408 1377
f 1376 1408 1378
f 1379 1380 1392
f 1392 1380 1394
f 1380 1381 1394
f 1381 1412 1394
f 1412 1381 1413
f 1382 1363 1395
f 1382 1395 1396
f 1381 1383 1413
f 1413 1383 1451
f 1396 1450 1349
f 1383 1452 1451
f 1323 1452 1383
f 1397 1284 1641
f 1350 1516 1429
f 1350 1384 1516
f 1430 1398 1351
f 1325 1351 1398
f 1398 1399 1325
f 1399 1400 1367
f 1400 1401 1367
f 1368 1401 1415
f 1368 1415 1403
f 1404 1385 1369
f 1404 1369 1403
f 1403 1369 1368
f 1550 1236 1887
f 1089 1477 1358
f 1456 1389 1388
f 1437 1389 1456
f 1389 1437 1418
f 1371 1438 1417
f 1439 1419 1361
f 1361 1419 1362
f 1373 1406 1460
f 1390 1420 1374
f 1373 1460 1375
f 1460 1442 1375
f 1441 1390 1391
f 1375 1442 1376
f 1407 1379 1392
f 1377 1409 1410
f 1377 1408 1409
f 1393 1410 1421
f 1393 1421 1423
f 1422 1392 1394
f 1411 1393 1423
f 1426 1395 1411
f 1396 1395 1426
f 1450 1427 1349
f 1349 1427 1300
f 1544 1453 1300
f 1398 1400 1399
f 1400 1415 1401
f 1402 1432 1431
f 1385 1489 1433
f 1404 1489 1385
f 1370 1470 1982
f 1595 1536 1171
f 1336 1859 1388
f 1859 1551 1388
f 1388 1551 1456
f 1438 1372 1478
f 1372 1440 1478
f 1440 1374 1420
f 1420 1390 1441
f 1391 1407 1441
f 1376 1442 1408
f 1407 1392 1443
f 1410 1409 1421
f 1463 1392 1422
f 1423 1424 1411
f 1394 1425 1422
f 1411 1424 1426
f 1394 1412 1425
f 1425 1412 1413
f 1425 1413 1447
f 1195 1566 1428
f 1515 1397 1641
f 1229 1500 1692
f 1366 1486 1454
f 1454 1430 1366
f 1366 1402 1486
f 1355 1517 1490
f 1470 1504 1548
f 1370 1982 1535
f 1437 1492 1418
f 1417 1438 1457
f 1418 1492 1439
f 1441 1407 1461
f 1461 1407 1444
f 1407 1443 1444
f 1443 1392 1463
f 1421 1462 1464
f 1409 1462 1421
f 1464 1423 1421
f 1422 1445 1463
f 1423 1464 1446
f 1422 1425 1445
f 1446 1424 1423
f 1445 1425 1466
f 1424 1448 1426
f 1466 1425 1447
f 1448 1396 1426
f 1449 1396 1448
f 1413 1451 1447
f 1396 1449 1450
f 1384 2141 1838
f 1430 1454 1483
f 1430 1483 1484
f 1398 1430 1484
f 1398 1484 1485
f 1400 1398 1502
f 1486 1402 1468
f 1468 1402 1431
f 1433 1431 1432
f 1433 1489 1431
f 1404 1403 1415
f 1184 1387 1708
f 1387 1505 1619
f 1477 1829 1358
f 1457 1416 1417
f 1437 1456 1506
f 1437 1506 1492
f 1457 1438 1478
f 1439 1493 1419
f 1479 1478 1440
f 1419 1493 1458
f 1458 1494 1419
f 1419 1494 1406
f 1459 1479 1440
f 1459 1440 1420
f 1406 1494 1460
f 1461 1459 1420
f 1441 1461 1420
f 1461 1444 1495
f 1444 1443 1480
f 1408 1442 1472
f 1408 1472 1409
f 1445 1465 1463
f 1467 1465 1445
f 1445 1466 1467
f 1448 1424 1446
f 1448 1474 1449
f 1467 1466 1482
f 1482 1466 1447
f 1447 1451 1482
f 1449 1475 1450
f 1450 1475 1427
f 1398 1485 1607
f 1607 1502 1398
f 1404 1415 1488
f 1355 1594 1517
f 1356 1469 1434
f 1386 1434 1573
f 1708 1503 1184
f 1492 1493 1439
f 1478 1479 1519
f 1459 1461 1495
f 1460 1471 1442
f 1480 1443 1463
f 1462 1409 1472
f 1462 1481 1464
f 1446 1464 1481
f 1465 1467 1498
f 1446 1474 1448
f 1474 1446 1473
f 1512 1498 1467
f 1467 1482 1512
f 1364 1501 1500
f 1454 1486 1483
f 1486 1468 1476
f 1400 1488 1415
f 1431 1531 1468
f 1469 1490 1572
f 1141 1289 1756
f 1289 1359 1756
f 1455 1416 1620
f 1521 1479 1459
f 1460 1494 1471
f 1442 1471 1509
f 1444 1525 1495
f 1472 1442 1509
f 1463 1510 1480
f 1496 1462 1472
f 1463 1465 1510
f 1510 1465 1511
f 1465 1498 1511
f 1446 1481 1497
f 1473 1446 1497
f 1474 1475 1449
f 1474 1473 1475
f 1482 1451 1499
f 1300 1427 1544
f 1229 1692 2141
f 1364 1365 1501
f 1487 1400 1502
f 1531 1545 1468
f 1533 1490 1517
f 1619 1708 1387
f 1127 1141 1888
f 1551 1553 1456
f 1506 1456 1553
f 1457 1478 1519
f 1459 1523 1521
f 1471 1494 1508
f 1459 1495 1523
f 1509 1471 1508
f 1509 1496 1472
f 1444 1480 1525
f 1559 1480 1510
f 1481 1462 1496
f 1527 1481 1496
f 1497 1514 1473
f 1482 1513 1512
f 1473 1514 1475
f 1482 1499 1513
f 1499 1451 1605
f 1452 1605 1451
f 1452 1663 1605
f 1869 1453 1544
f 1641 1453 1869
f 1397 1515 1606
f 1365 1606 1839
f 1483 1486 1587
f 1485 1484 1585
f 1468 1545 1476
f 1489 1404 1567
f 1567 1404 1488
f 1590 1489 1567
f 1490 1533 1572
f 1141 1756 1888
f 1336 1405 1859
f 1457 1519 1507
f 1492 1537 1520
f 1520 1493 1492
f 1493 1520 1458
f 1508 1494 1524
f 1494 1458 1524
f 1480 1559 1525
f 1510 1511 1526
f 1526 1511 1560
f 1527 1541 1481
f 1540 1560 1511
f 1481 1541 1497
f 1511 1528 1540
f 1511 1498 1528
f 1529 1497 1541
f 1528 1498 1512
f 1497 1529 1514
f 1512 1513 1542
f 1475 1514 1530
f 1513 1499 1543
f 1475 1530 1427
f 1499 1605 1543
f 1640 1663 1428
f 1641 1716 1515
f 1429 1516 2381
f 1476 1545 1588
f 1431 1489 1531
f 1184 1503 1594
f 2263 1206 1805
f 2263 1477 1206
f 1416 1457 1552
f 1507 1552 1457
f 1596 1552 1507
f 1506 1537 1492
f 1519 1479 1554
f 1458 1520 1522
f 1554 1479 1521
f 1458 1522 1524
f 1523 1495 1525
f 1508 1557 1509
f 1508 1524 1557
f 1510 1526 1559
f 1528 1512 1542
f 1487 1643 1400
f 1400 1643 1488
f 1489 1532 1531
f 1489 1590 1532
f 1434 1618 1573
f 1470 1548 1982
f 1549 1518 1491
f 1620 1416 1552
f 1506 1553 1622
f 1537 1622 1575
f 1537 1506 1622
f 1538 1554 1521
f 1521 1523 1538
f 1523 1539 1538
f 1539 1523 1525
f 1525 1559 1539
f 1509 1558 1496
f 1558 1509 1557
f 1526 1560 1559
f 1527 1558 1561
f 1558 1527 1496
f 1541 1527 1561
f 1540 1528 1581
f 1563 1542 1513
f 1530 1514 1564
f 1564 1514 1529
f 1513 1543 1563
f 1365 1839 1501
f 1486 1586 1587
f 1486 1476 1586
f 1531 1546 1545
f 1532 1547 1531
f 1531 1547 1546
f 1532 1589 1547
f 1552 1596 1678
f 1575 1622 1652
f 1596 1507 1574
f 1601 1537 1575
f 1574 1507 1519
f 1520 1537 1601
f 1519 1554 1576
f 1576 1554 1602
f 1602 1554 1538
f 1538 1539 1556
f 1522 1555 1524
f 1524 1555 1557
f 1559 1556 1539
f 1559 1578 1556
f 1579 1558 1557
f 1560 1578 1559
f 1580 1560 1540
f 1583 1561 1558
f 1579 1583 1558
f 1580 1540 1581
f 1562 1541 1561
f 1528 1542 1581
f 1542 1563 1581
f 1562 1564 1541
f 1541 1564 1529
f 1530 1565 1427
f 1960 1641 1869
f 1384 1838 1516
f 1545 1568 1588
f 1546 1568 1545
f 1546 1547 1569
f 1532 1590 1589
f 1569 1568 1546
f 1610 1568 1569
f 1547 1570 1569
f 1570 1547 1589
f 1571 1570 1589
f 1572 1533 1593
f 1887 1127 1888
f 1359 1455 1650
f 1455 1620 1650
f 1552 1678 1620
f 1553 1731 1622
f 1576 1574 1519
f 1522 1520 1601
f 1577 1522 1601
f 1522 1577 1555
f 1628 1602 1538
f 1538 1556 1628
f 1556 1629 1628
f 1555 1603 1557
f 1629 1556 1578
f 1579 1557 1603
f 1560 1580 1578
f 1580 1581 1604
f 1561 1582 1562
f 1562 1582 1584
f 1583 1582 1561
f 1564 1562 1638
f 1638 1562 1584
f 1530 1564 1638
f 1530 1638 1565
f 1565 1691 1427
f 1566 1414 1642
f 2381 1414 1429
f 1693 1487 1502
f 1586 1476 1588
f 1588 1608 1644
f 1568 1608 1588
f 1568 1610 1609
f 1589 1591 1571
f 1611 1610 1569
f 1569 1570 1611
f 1611 1570 1592
f 1570 1571 1592
f 1612 1592 1571
f 1469 1572 1434
f 1534 1573 1618
f 1436 1983 1491
f 1436 1550 1983
f 1829 1477 2264
f 1574 1597 1598
f 1574 1598 1596
f 1598 1597 1621
f 1654 1575 1652
f 1597 1574 1599
f 1600 1597 1599
f 1600 1621 1597
f 1575 1623 1624
f 1575 1654 1623
f 1575 1624 1601
f 1574 1625 1599
f 1574 1576 1625
f 1577 1630 1555
f 1555 1630 1603
f 1578 1633 1629
f 1578 1580 1604
f 1633 1578 1604
f 1581 1563 1604
f 1604 1563 1637
f 1582 1635 1634
f 1582 1634 1584
f 1584 1634 1638
f 1563 1543 1637
f 1837 1639 1605
f 1605 1663 1837
f 1642 1414 2381
f 1500 1501 1692
f 1693 1502 1607
f 1567 1488 1750
f 1609 1608 1568
f 1590 1646 1645
f 1589 1590 1645
f 1590 1750 1646
f 1750 1590 1567
f 1589 1645 1591
f 1610 1648 1609
f 1591 1612 1571
f 1611 1667 1610
f 1611 1592 1613
f 1611 1671 1667
f 1613 1671 1611
f 1517 1755 1706
f 1533 1517 1615
f 1533 1615 1614
f 1593 1533 1614
f 1616 1593 1614
f 1572 1593 1617
f 1593 1616 1617
f 1594 1503 1755
f 1755 1517 1594
f 1534 1548 1504
f 1983 1550 2446
f 1598 1621 1651
f 1621 1655 1651
f 1621 1600 1656
f 1656 1655 1621
f 1601 1624 1626
f 1625 1576 1627
f 1576 1602 1627
f 1577 1684 1630
f 1602 1628 1627
f 1603 1630 1631
f 1603 1632 1579
f 1603 1631 1632
f 1633 1685 1629
f 1579 1632 1636
f 1583 1579 1636
f 1633 1604 1662
f 1604 1687 1662
f 1687 1604 1637
f 1583 1635 1582
f 1688 1635 1583
f 1636 1688 1583
f 1637 1543 1639
f 1543 1605 1639
f 1427 1691 1544
f 1643 1750 1488
f 1609 1647 1608
f 1608 1647 1644
f 1645 1646 1665
f 1647 1609 1648
f 1666 1591 1645
f 1591 1666 1612
f 1610 1667 1648
f 1612 1699 1700
f 1612 1666 1699
f 1668 1667 1671
f 1592 1612 1700
f 1669 1668 1671
f 1613 1672 1671
f 1616 1614 1674
f 1649 1616 1674
f 1517 1706 1615
f 1614 1615 1705
f 1616 1676 1617
f 1434 1572 1707
f 1572 1617 1707
f 1434 1981 1618
f 1518 1549 1828
f 2368 1805 1357
f 1595 1784 1536
f 1620 1678 1860
f 1680 1598 1651
f 1596 1679 1678
f 1680 1679 1598
f 1679 1596 1598
f 1653 1654 1709
f 1623 1654 1653
f 1624 1623 1658
f 1657 1600 1599
f 1656 1600 1659
f 1624 1658 1626
f 1599 1625 1657
f 1659 1600 1657
f 1626 1577 1601
f 1577 1626 1684
f 1627 1628 1660
f 1630 1684 1631
f 1661 1628 1629
f 1661 1660 1628
f 1661 1629 1685
f 1662 1685 1633
f 1689 1687 1637
f 1637 1639 1689
f 1634 1690 1565
f 1634 1565 1638
f 1640 1428 1566
f 1641 1960 1716
f 1720 1588 1644
f 1647 1664 1644
f 1647 1694 1664
f 1665 1646 1721
f 1750 1799 1646
f 1646 1799 1721
f 1648 1696 1647
f 1694 1647 1696
f 1695 1665 1722
f 1645 1665 1695
f 1645 1695 1666
f 1698 1696 1648
f 1670 1592 1700
f 1669 1702 1668
f 1592 1670 1613
f 1671 1673 1669
f 1672 1613 1670
f 1700 1703 1670
f 1672 1673 1671
f 1672 1670 1703
f 1649 1673 1672
f 1727 1673 1674
f 1649 1674 1673
f 1705 1728 1674
f 1614 1705 1674
f 1649 1675 1676
f 1649 1676 1616
f 1615 1706 1705
f 1617 1676 1707
f 1434 1707 1981
f 1886 1548 1534
f 1756 1359 1650
f 1551 1953 1553
f 1860 1678 1677
f 1953 1731 1553
f 1622 1731 1652
f 1654 1652 1709
f 1655 1656 1681
f 1656 1659 1710
f 1656 1710 1681
f 1623 1653 1682
f 1682 1658 1623
f 1625 1627 1683
f 1627 1660 1683
f 1632 1713 1636
f 1687 1686 1662
f 1634 1635 1690
f 1689 1639 1768
f 1565 1690 1691
f 1768 1639 1837
f 1485 1585 1776
f 1485 1776 1607
f 1824 1750 1643
f 1664 1694 1777
f 1694 1665 1721
f 1722 1665 1694
f 1697 1666 1695
f 1648 1667 1698
f 1698 1667 1751
f 1666 1697 1699
f 1726 1751 1667
f 1668 1702 1726
f 1667 1668 1726
f 1700 1699 1701
f 1700 1704 1703
f 1704 1700 1701
f 1727 1702 1669
f 1669 1673 1727
f 1672 1703 1649
f 1649 1703 1675
f 1675 1703 1704
f 1728 1727 1674
f 1503 1708 1783
f 1618 1886 1534
f 1357 1435 2368
f 1983 1549 1491
f 2018 1550 1887
f 1678 1679 1677
f 1651 1757 1680
f 1757 1651 1655
f 1757 1655 1681
f 1653 1709 1733
f 1733 1734 1653
f 1734 1682 1653
f 1659 1711 1710
f 1657 1712 1711
f 1657 1711 1659
f 1658 1682 1737
f 1737 1626 1658
f 1712 1657 1625
f 1737 1684 1626
f 1737 1788 1684
f 1683 1660 1738
f 1788 1631 1684
f 1788 1739 1631
f 1631 1739 1632
f 1632 1739 1713
f 1714 1685 1662
f 1662 1686 1714
f 1686 1687 1689
f 1635 1715 1690
f 1688 1715 1635
f 1688 1636 1715
f 1742 1744 1717
f 1744 1719 1717
f 1744 1747 1719
f 1719 1746 1718
f 1483 1587 1849
f 1483 1849 1484
f 1587 1586 1822
f 1588 1720 1850
f 1823 1824 1643
f 1644 1664 1720
f 1721 1777 1694
f 1722 1694 1696
f 1778 1695 1722
f 1695 1778 1697
f 1697 1723 1699
f 1699 1723 1701
f 1723 1724 1701
f 1725 1751 1726
f 1701 1724 1704
f 1704 1724 1752
f 1753 1726 1702
f 1727 1753 1702
f 1704 1752 1675
f 1752 1754 1675
f 1727 1728 1753
f 1754 1676 1675
f 1728 1705 1729
f 1754 1730 1676
f 1729 1705 1706
f 1707 1676 1730
f 1707 1730 1981
f 1503 1783 1979
f 1503 1979 1755
f 1535 1858 1435
f 1859 1953 1551
f 1757 1681 1759
f 1652 1732 1709
f 1732 1652 1731
f 1735 1759 1681
f 1735 1681 1710
f 1682 1761 1736
f 1734 1761 1682
f 1710 1711 1735
f 1682 1736 1737
f 1625 1683 1712
f 1683 1738 1712
f 1660 1661 1738
f 1789 1685 1714
f 1636 1767 1715
f 1767 1636 1713
f 1686 1689 1792
f 1689 1768 1792
f 1769 1740 1717
f 1717 1740 1741
f 1742 1717 1741
f 1719 1743 1717
f 1717 1743 1769
f 1744 1742 1771
f 1773 1744 1771
f 1718 1745 1743
f 1743 1719 1718
f 1749 1744 1773
f 1747 1746 1719
f 1744 1749 1747
f 1747 1748 1746
f 1749 1748 1747
f 1484 1849 1821
f 1484 1821 1585
f 1849 1587 1822
f 1777 1853 1664
f 1698 1800 1696
f 1696 1800 1722
f 1722 1825 1778
f 1751 1800 1698
f 1778 1723 1697
f 1723 1779 1724
f 1779 1752 1724
f 1725 1726 1753
f 1780 1782 1754
f 1754 1782 1730
f 1706 1755 1729
f 1979 1922 1755
f 1708 1619 1951
f 1804 1619 1505
f 1505 1518 1828
f 1731 1953 1861
f 1680 1758 1679
f 1757 1758 1680
f 1732 1731 1861
f 1759 1758 1757
f 1709 1785 1733
f 1709 1732 1785
f 1733 1760 1734
f 1734 1760 1761
f 1762 1807 1735
f 1808 1762 1735
f 1736 1761 1786
f 1763 1808 1735
f 1735 1711 1763
f 1763 1711 1712
f 1736 1764 1737
f 1763 1712 1765
f 1737 1764 1788
f 1712 1738 1765
f 1765 1738 1766
f 1738 1661 1766
f 1766 1661 1789
f 1789 1661 1685
f 1789 1714 1812
f 1713 1811 1767
f 1690 1791 1691
f 1769 1840 1740
f 1741 1740 1931
f 1740 2227 1931
f 1771 1742 1770
f 1770 1793 1771
f 1769 1743 1772
f 1773 1771 1793
f 1743 1745 1772
f 1749 1773 1815
f 1745 1718 1796
f 1718 1746 1796
f 1796 1746 1748
f 1748 1749 1774
f 1815 1774 1749
f 1818 1796 1748
f 1797 1818 1748
f 1586 1588 1876
f 1487 1823 1643
f 1588 1850 1876
f 1721 1799 1777
f 1778 1801 1723
f 1751 1725 1800
f 1801 1779 1723
f 1779 1780 1752
f 1725 1753 1803
f 1752 1780 1754
f 1753 1728 1803
f 1728 1729 1803
f 1803 1729 1781
f 1729 1755 1781
f 1708 1951 1783
f 1858 2368 1435
f 1477 2263 2264
f 1358 2219 1595
f 1650 1620 1860
f 1890 1732 1861
f 1733 1785 1760
f 1735 1807 1759
f 1763 1765 1787
f 1765 1766 1787
f 1766 1789 1896
f 1713 1739 1810
f 1713 1810 1811
f 1789 1812 1896
f 1714 1834 1812
f 1767 1811 1833
f 1686 1834 1714
f 1686 1792 1834
f 1690 1790 1791
f 1790 1690 1715
f 1767 1790 1715
f 1640 1837 1663
f 1814 1840 1769
f 1742 1741 1931
f 1770 1742 1931
f 1769 1772 1814
f 1773 1793 1815
f 1816 1814 1772
f 1772 1745 1816
f 1794 1816 1745
f 1745 1796 1794
f 1795 1774 1815
f 1796 1775 1794
f 1796 1818 1775
f 1774 1819 1748
f 1748 1819 1797
f 1795 1819 1774
f 1607 1776 1798
f 1798 1693 1607
f 1586 1876 1822
f 1875 1487 1693
f 1664 1853 1720
f 1720 1853 1851
f 1777 1799 1852
f 1750 1824 1799
f 1799 1824 1852
f 1800 1825 1722
f 1825 1801 1778
f 1800 1725 1826
f 1801 1802 1779
f 1802 1780 1779
f 1803 1826 1725
f 1358 1829 2219
f 1732 1890 1785
f 1760 1785 1806
f 1807 1831 1759
f 1760 1806 1761
f 1806 1786 1761
f 1808 1763 1787
f 1764 1809 1788
f 1788 1809 1739
f 1787 1766 1863
f 1790 1836 1791
f 1792 1768 1813
f 1791 1930 1691
f 2037 1691 1930
f 2037 1544 1691
f 1840 1814 1871
f 1842 1793 1770
f 1842 1843 1793
f 1793 1843 1815
f 1814 1816 1845
f 1817 1795 1815
f 1817 1815 1844
f 1795 1817 1820
f 1847 1775 1908
f 1847 1794 1775
f 1818 1912 1775
f 1848 1912 1818
f 1914 1848 1818
f 1797 1914 1818
f 1873 1914 1797
f 1819 1873 1797
f 1776 1585 1821
f 1693 1798 1875
f 1851 1850 1720
f 1777 1852 1853
f 1826 1825 1800
f 1825 1855 1802
f 1825 1802 1801
f 1826 1803 1878
f 1802 1856 1780
f 1780 1856 1782
f 1803 1781 1881
f 1803 1881 1878
f 1781 1755 1827
f 1755 1922 1827
f 1881 1781 1827
f 1782 1857 1730
f 1730 1857 1885
f 1804 1505 1828
f 1887 1888 2427
f 2396 1888 1952
f 1888 1756 1952
f 1830 1679 1758
f 1759 1830 1758
f 1831 1830 1759
f 1890 1806 1785
f 1831 1807 1832
f 1832 1807 1762
f 1806 1892 1786
f 1893 1762 1808
f 1786 1894 1736
f 1893 1808 1787
f 1736 1894 1764
f 1764 1894 1809
f 1809 1810 1739
f 1810 2027 1811
f 1896 1812 1864
f 1812 1834 1864
f 1835 1767 1833
f 1836 1790 1835
f 1767 1835 1790
f 1834 1792 1865
f 1865 1792 1813
f 1836 1867 1791
f 1867 1868 1791
f 1791 1868 1930
f 1544 2037 2188
f 2188 1869 1544
f 1606 1515 2312
f 1838 2140 1516
f 1838 2141 1870
f 1770 1931 1841
f 1842 1770 1841
f 1871 1814 1901
f 1814 1845 1901
f 1843 1844 1815
f 1816 1846 1845
f 1816 1794 1846
f 1847 1846 1794
f 1795 1910 1819
f 1910 1795 1820
f 1775 1911 1908
f 1916 1941 1873
f 1819 1916 1873
f 1909 1916 1819
f 1487 1875 1823
f 1824 1823 1877
f 1877 1852 1824
f 1854 1853 1852
f 1877 1854 1852
f 1826 1855 1825
f 1855 1826 1878
f 1880 1802 1855
f 1802 1880 1856
f 1882 1856 1880
f 1856 1882 1782
f 1782 1882 1857
f 1981 1730 1885
f 1619 1804 1951
f 1536 2019 1405
f 1405 2019 1859
f 1679 1862 1677
f 1862 1679 1830
f 1831 1862 1830
f 1954 1831 1832
f 1832 1762 1893
f 1786 1892 1894
f 1893 1787 1863
f 1927 1810 1809
f 1863 1766 1896
f 1895 1896 1864
f 1833 1811 1955
f 1955 1897 1833
f 1898 1864 1834
f 1834 1865 1898
f 1897 1900 1835
f 1833 1897 1835
f 1835 1900 1836
f 1836 1900 1867
f 1865 1813 1866
f 1515 1996 2312
f 1838 1870 2140
f 1901 1845 1934
f 1846 1934 1845
f 1817 1844 1935
f 1817 1935 1872
f 1820 1817 1872
f 1820 1874 1910
f 1874 1820 1872
f 1819 1910 1909
f 1906 1847 1908
f 1912 1911 1775
f 1914 1873 1941
f 1821 1849 1918
f 1798 1776 1917
f 1918 1849 1822
f 1798 1917 1875
f 1876 1850 1966
f 1919 1850 1851
f 1853 1919 1851
f 1853 1944 1919
f 1853 1854 1944
f 1878 1879 1855
f 1880 1855 1879
f 1881 1879 1878
f 1882 1880 1879
f 1827 1922 1883
f 1881 1827 1883
f 1857 1882 1884
f 1885 1857 1923
f 1857 1884 1923
f 1548 2132 1982
f 2219 2633 1595
f 1595 2633 1784
f 1784 1889 1536
f 1536 1889 2019
f 1650 1860 1984
f 2019 2266 1859
f 1859 2266 1953
f 2062 1860 1677
f 1862 1831 1954
f 1890 1891 1806
f 1891 1892 1806
f 1832 1924 1954
f 1894 1927 1809
f 1895 1863 1896
f 1957 1898 1865
f 1866 1957 1865
f 1899 1900 1897
f 1900 1959 1867
f 1813 1768 1958
f 1839 1606 2312
f 1842 1902 1843
f 1842 1841 1902
f 1843 1998 1844
f 1934 1846 1903
f 1904 1903 1846
f 1904 1846 1847
f 1872 1905 1874
f 1847 1906 1904
f 1907 1874 1905
f 1874 1907 1910
f 1908 2002 1906
f 2002 1908 1938
f 1910 1915 1909
f 1915 1910 1907
f 1939 1938 1908
f 1911 1939 1908
f 1848 1913 1912
f 1913 1848 1914
f 1939 1911 1940
f 2006 1940 1911
f 1912 2006 1911
f 2006 1912 1913
f 1776 1821 1917
f 1942 1966 1850
f 1942 1850 1919
f 1920 1854 1877
f 1945 1944 1854
f 1920 1945 1854
f 1881 1921 1879
f 1882 1879 1921
f 1882 1921 1884
f 1921 1948 1884
f 1883 1922 1921
f 1921 1881 1883
f 1884 1948 1923
f 1550 2018 2446
f 1952 1756 2220
f 1756 1650 2220
f 2022 1892 1891
f 1924 1832 1925
f 1832 1893 1925
f 1926 1894 1892
f 1925 1893 2023
f 1893 1863 2023
f 1894 1926 1927
f 1987 1863 1895
f 1927 2026 1810
f 2026 2027 1810
f 1864 1989 2028
f 1864 2028 1895
f 1955 1928 1897
f 2027 1955 1811
f 1864 1898 1989
f 1956 1989 1898
f 1897 1928 1899
f 1956 1898 1957
f 2033 1957 1958
f 1957 1866 1958
f 1958 1866 1813
f 1959 1929 1867
f 1867 1929 1868
f 1929 1930 1868
f 1958 1768 2067
f 1995 2037 1930
f 2436 1837 1640
f 1566 2612 1640
f 1996 1515 1716
f 1516 2140 2381
f 1901 1961 1871
f 1871 1961 1840
f 1740 1840 2227
f 1931 2069 1841
f 2069 1932 1841
f 1961 1901 1933
f 1841 1932 1902
f 1901 1934 1933
f 1844 1998 1935
f 1903 1904 1962
f 1872 1935 1963
f 1936 1962 1904
f 1872 1963 1905
f 1936 1904 1906
f 1905 1937 1907
f 1906 2002 1936
f 1914 2005 1913
f 1914 1941 2005
f 1915 1907 1964
f 1821 1965 1917
f 1821 1918 1965
f 2007 1917 1965
f 1875 1917 1967
f 1876 1966 1822
f 1875 1967 1823
f 1823 1968 1877
f 2010 1877 1968
f 1943 1942 1919
f 1919 1971 1943
f 1971 1919 1946
f 1919 1944 1946
f 1945 1946 1944
f 1948 1921 1947
f 1950 1923 1948
f 1947 1922 1949
f 1921 1922 1947
f 1950 1885 1923
f 1887 2427 2018
f 1984 1860 2062
f 2020 1861 1953
f 1677 1862 2091
f 2020 1890 1861
f 1862 1954 1985
f 1890 2020 1891
f 2020 2021 1891
f 1891 2021 2022
f 1924 1925 2093
f 2023 1863 1987
f 2028 1987 1895
f 1928 1955 1988
f 1899 1928 1992
f 1900 1899 1992
f 1900 1992 1959
f 1959 1994 1929
f 1929 1994 1993
f 1929 1993 1930
f 1930 1993 1995
f 2187 1768 1837
f 1566 1642 2612
f 2038 1932 2069
f 1902 1932 2038
f 1902 1998 1843
f 2039 1935 2101
f 1963 1935 2039
f 1905 1963 1937
f 1936 2002 2042
f 1937 1964 1907
f 1915 1964 2003
f 2002 1938 2047
f 2006 1913 2051
f 2005 2051 1913
f 2004 2047 1938
f 1939 2004 1938
f 1909 2052 1916
f 2052 1909 1915
f 1967 1917 2007
f 1822 1966 2008
f 1918 1822 2008
f 1968 1823 1967
f 1877 2010 1920
f 1920 2013 1945
f 1969 1943 1971
f 1946 1945 1970
f 2013 1970 1945
f 1971 1946 1974
f 1970 1974 1946
f 2012 1971 1974
f 1970 1972 1974
f 1973 1972 1970
f 1972 1976 1974
f 1973 1975 1972
f 1976 2012 1974
f 1972 1975 1976
f 1977 1975 1973
f 1976 1947 1978
f 1975 1948 1976
f 1977 1948 1975
f 1948 1947 1976
f 1950 1948 1977
f 1947 1949 1978
f 1922 1979 2061
f 2061 1949 1922
f 1885 1950 1980
f 1885 1980 1981
f 2262 1979 1783
f 1650 1984 2220
f 2062 1677 2091
f 2340 2020 1953
f 2134 2020 2340
f 1862 1985 2091
f 1954 1924 1985
f 1985 1924 2093
f 2093 1925 1986
f 2022 1926 1892
f 1986 1925 2023
f 1926 2025 1927
f 2023 1987 2024
f 2064 2027 2026
f 1955 2027 1988
f 2028 1989 2029
f 1990 1928 1988
f 1990 1992 1928
f 1957 2033 1991
f 1957 1991 1956
f 1958 2035 2033
f 1993 2036 1995
f 2067 1768 2187
f 2188 1960 1869
f 2380 1960 2188
f 1961 1933 2068
f 1840 1961 2190
f 1961 2068 2190
f 1998 1902 2038
f 1933 1934 1997
f 1997 1934 1903
f 1935 1998 2101
f 1903 1962 1999
f 2039 2041 1963
f 1962 1936 2040
f 1963 2000 1937
f 1936 2042 2040
f 1937 2000 1964
f 2000 2001 1964
f 1964 2001 2003
f 2044 2042 2002
f 2047 2044 2002
f 1915 2050 2052
f 2050 1915 2003
f 1916 2073 1941
f 2052 2073 1916
f 1918 2008 2053
f 1967 2007 2055
f 1967 2055 1968
f 1968 2056 2010
f 1966 1942 2009
f 2009 1942 1943
f 2010 2011 1920
f 1920 2011 2013
f 2011 2057 2013
f 2012 2086 1971
f 2058 2086 2012
f 1970 2013 1973
f 1973 2013 2057
f 1977 1973 2057
f 1978 2058 2012
f 2012 1976 1978
f 2058 1978 2014
f 1977 2016 1950
f 1949 2015 1978
f 2015 2014 1978
f 2016 1980 1950
f 2061 1979 2017
f 2015 1949 2061
f 2090 1886 1618
f 2024 1987 2063
f 2026 1927 2025
f 2027 2064 1988
f 1987 2028 2063
f 2030 1990 1988
f 2029 1989 2031
f 2031 1989 1956
f 1956 1991 2031
f 2033 2065 1991
f 2065 2031 1991
f 1992 2032 1959
f 2033 2034 2065
f 2035 2034 2033
f 2032 1994 1959
f 2067 2035 1958
f 1960 2380 1716
f 1931 2227 2351
f 1999 1962 2040
f 1963 2041 2000
f 2041 2103 2000
f 2000 2070 2001
f 2070 2043 2001
f 2001 2043 2003
f 2042 2044 2040
f 2003 2043 2045
f 2046 2003 2045
f 1941 2048 2005
f 2050 2003 2046
f 2106 2047 2004
f 2051 2005 2049
f 2048 2049 2005
f 2074 2106 2004
f 1939 2152 2004
f 2152 2074 2004
f 1940 2152 1939
f 2073 2048 1941
f 2052 2107 2073
f 2109 2152 1940
f 2075 2109 1940
f 2006 2075 1940
f 2051 2075 2006
f 2053 1965 1918
f 1965 2053 2007
f 2053 2054 2007
f 2007 2054 2055
f 1968 2055 2056
f 1966 2009 2008
f 2009 1943 1969
f 2081 2010 2056
f 2011 2010 2081
f 1969 1971 2086
f 2014 2086 2058
f 2057 2059 1977
f 1977 2059 2016
f 2089 2014 2015
f 2060 1980 2016
f 1979 2262 2017
f 1980 2060 1981
f 1618 1981 2090
f 1886 2090 2367
f 1982 2132 2395
f 2368 2574 1805
f 2427 1888 2396
f 1985 2092 2091
f 2093 2092 1985
f 2020 2135 2021
f 2094 2021 2135
f 2021 2094 2022
f 2022 2094 1926
f 1926 2182 2025
f 2064 2030 1988
f 2063 2028 2029
f 2096 2029 2031
f 1992 1990 2138
f 1992 2138 2032
f 2031 2065 2096
f 2034 2066 2065
f 2036 1993 2099
f 1993 2100 2099
f 1994 2100 1993
f 2100 1994 2032
f 1840 2190 2227
f 2069 2143 2038
f 2143 1998 2038
f 2144 1997 1903
f 1903 1999 2144
f 2040 2102 1999
f 2000 2103 2070
f 2040 2044 2071
f 2043 2104 2045
f 2044 2047 2071
f 2071 2047 2072
f 2106 2072 2047
f 2075 2051 2076
f 2051 2049 2076
f 2052 2151 2107
f 2151 2052 2050
f 2053 2077 2078
f 2053 2078 2079
f 2054 2053 2079
f 2055 2054 2079
f 2079 2056 2055
f 2123 2056 2079
f 2077 2053 2008
f 2009 2077 2008
f 2123 2081 2056
f 1969 2080 2009
f 2126 2080 2084
f 1969 2084 2080
f 2085 2011 2081
f 2082 2085 2081
f 2085 2082 2083
f 1969 2086 2084
f 2011 2087 2057
f 2085 2087 2011
f 2057 2087 2059
f 2129 2087 2085
f 2128 2086 2088
f 2086 2014 2088
f 2089 2088 2014
f 2059 2130 2016
f 2087 2130 2059
f 2130 2060 2016
f 1783 2177 2262
f 2177 1783 1951
f 1548 1886 2132
f 2574 2263 1805
f 1953 2266 2340
f 2020 2134 2135
f 2093 1986 2179
f 2179 1986 2136
f 2094 2182 1926
f 1986 2023 2136
f 2136 2023 2095
f 2182 2270 2025
f 2023 2024 2095
f 2025 2270 2026
f 2026 2270 2064
f 2270 2271 2064
f 2064 2271 2030
f 2097 2139 2096
f 2097 2065 2066
f 2096 2065 2097
f 2032 2138 2100
f 2097 2066 2098
f 2066 2034 2098
f 2098 2034 2035
f 2612 2436 1640
f 2584 2380 2188
f 2069 1931 2228
f 2228 2143 2069
f 2068 1933 2142
f 1933 1997 2142
f 2143 2192 1998
f 1998 2192 2101
f 2101 2145 2039
f 2144 1999 2146
f 2039 2145 2041
f 2145 2194 2041
f 2041 2194 2103
f 2146 1999 2102
f 2102 2040 2232
f 2103 2231 2070
f 2040 2071 2232
f 2104 2043 2070
f 2045 2105 2046
f 2148 2072 2106
f 2108 2046 2105
f 2149 2148 2106
f 2106 2074 2149
f 2050 2046 2108
f 2076 2049 2150
f 2049 2048 2150
f 2073 2107 2048
f 2111 2112 2113
f 2110 2114 2158
f 2111 2115 2110
f 2115 2114 2110
f 2113 2115 2111
f 2116 2115 2113
f 2163 2116 2113
f 2163 2113 2159
f 2114 2117 2158
f 2119 2117 2114
f 2115 2118 2114
f 2118 2119 2114
f 2116 2118 2115
f 2164 2118 2116
f 2163 2164 2116
f 2120 2119 2118
f 2164 2120 2118
f 2165 2117 2119
f 2164 2166 2120
f 2121 2168 2122
f 2168 2170 2122
f 2078 2077 2121
f 2122 2078 2121
f 2079 2078 2122
f 2170 2079 2122
f 2123 2079 2170
f 2121 2077 2171
f 2171 2080 2172
f 2009 2080 2077
f 2077 2080 2171
f 2123 2124 2081
f 2080 2126 2172
f 2124 2082 2081
f 2083 2082 2125
f 2084 2127 2126
f 2128 2127 2084
f 2084 2086 2128
f 2083 2129 2085
f 2087 2129 2131
f 2088 2176 2128
f 2176 2088 2089
f 2130 2087 2131
f 2015 2176 2089
f 2060 2130 2131
f 2015 2061 2176
f 2176 2061 2017
f 2060 2131 1981
f 1981 2131 2175
f 1981 2175 2090
f 2633 2719 1784
f 1984 2062 2133
f 2133 2062 2178
f 2062 2092 2178
f 2091 2092 2062
f 2092 2093 2179
f 2135 2180 2094
f 2179 2222 2221
f 2222 2179 2136
f 2095 2024 2183
f 2273 2030 2271
f 2063 2029 2137
f 2137 2029 2096
f 1990 2223 2138
f 2137 2096 2139
f 2139 2097 2098
f 2035 2186 2098
f 2186 2035 2067
f 2141 1692 1870
f 2068 2142 2189
f 2068 2189 2190
f 2145 2230 2194
f 2146 2102 2147
f 2194 2231 2103
f 2102 2232 2147
f 2231 2283 2070
f 2070 2283 2104
f 2104 2196 2045
f 2071 2072 2195
f 2195 2072 2148
f 2105 2045 2196
f 2148 2149 2197
f 2151 2050 2201
f 2108 2201 2050
f 2154 2150 2048
f 2107 2154 2048
f 2074 2200 2149
f 2200 2152 2153
f 2200 2074 2152
f 2109 2153 2152
f 2075 2153 2109
f 2075 2076 2153
f 2155 2156 2111
f 2155 2110 2158
f 2111 2110 2155
f 2112 2111 2156
f 2113 2112 2159
f 2161 2157 2158
f 2160 2163 2159
f 2158 2117 2161
f 2162 2163 2160
f 2242 2161 2204
f 2117 2204 2161
f 2165 2204 2117
f 2120 2165 2119
f 2205 2165 2120
f 2166 2205 2120
f 2167 2166 2164
f 2168 2207 2169
f 2169 2170 2168
f 2124 2123 2169
f 2124 2169 2209
f 2123 2170 2169
f 2209 2210 2124
f 2208 2171 2172
f 2206 2171 2208
f 2168 2171 2206
f 2168 2121 2171
f 2082 2124 2210
f 2082 2210 2125
f 2083 2125 2213
f 2127 2128 2173
f 2129 2083 2174
f 2128 2218 2173
f 2218 2128 2176
f 2131 2129 2175
f 2175 2129 2261
f 2174 2261 2129
f 2218 2176 2017
f 2218 2017 2262
f 2504 1951 1804
f 2504 1804 1828
f 1982 2395 1535
f 2178 2092 2179
f 2094 2180 2181
f 2094 2181 2182
f 2184 2024 2063
f 2184 2063 2137
f 2223 2030 2273
f 2030 2223 1990
f 2137 2139 2274
f 2139 2098 2274
f 2274 2098 2224
f 2098 2186 2224
f 2099 2185 2036
f 2067 2187 2186
f 2226 2187 1837
f 2436 2226 1837
f 1692 2614 1870
f 2142 2191 2189
f 2142 1997 2314
f 2143 2413 2192
f 1997 2144 2277
f 2101 2192 2193
f 2101 2193 2145
f 2278 2144 2146
f 2230 2281 2194
f 2231 2355 2283
f 2147 2232 2284
f 2283 2285 2104
f 2071 2195 2232
f 2196 2104 2285
f 2148 2197 2195
f 2105 2196 2198
f 2105 2198 2108
f 2197 2149 2199
f 2108 2198 2236
f 2149 2200 2199
f 2201 2108 2236
f 2237 2199 2200
f 2076 2202 2153
f 2150 2202 2076
f 2154 2202 2150
f 2201 2238 2151
f 2158 2157 2237
f 2200 2158 2237
f 2200 2155 2158
f 2153 2155 2200
f 2202 2155 2153
f 2156 2155 2202
f 2154 2156 2202
f 2112 2156 2154
f 2107 2112 2154
f 2151 2112 2107
f 2238 2112 2151
f 2112 2240 2159
f 2238 2240 2112
f 2240 2160 2159
f 2157 2161 2203
f 2160 2241 2162
f 2242 2203 2161
f 2204 2243 2242
f 2167 2164 2163
f 2162 2167 2163
f 2243 2204 2246
f 2165 2246 2204
f 2166 2247 2205
f 2205 2246 2165
f 2167 2247 2166
f 2207 2206 2253
f 2254 2169 2207
f 2255 2206 2208
f 2253 2206 2255
f 2256 2169 2254
f 2256 2209 2169
f 2209 2256 2295
f 2207 2168 2206
f 2295 2210 2209
f 2295 2259 2210
f 2208 2172 2258
f 2211 2210 2259
f 2212 2258 2172
f 2211 2125 2210
f 2172 2126 2214
f 2212 2172 2214
f 2126 2127 2214
f 2214 2127 2215
f 2213 2216 2083
f 2083 2216 2174
f 2127 2173 2215
f 2216 2217 2174
f 2175 2339 2090
f 2175 2261 2339
f 2482 1828 1549
f 2178 2179 2302
f 2134 2267 2135
f 2221 2302 2179
f 2135 2267 2180
f 2268 2180 2267
f 2268 2181 2180
f 2182 2181 2269
f 2222 2136 2095
f 2095 2183 2308
f 2182 2269 2270
f 2138 2223 2225
f 2138 2225 2100
f 2099 2275 2185
f 2100 2275 2099
f 2185 2311 2036
f 1995 2036 2311
f 2037 2584 2188
f 1931 2351 2228
f 2228 2276 2143
f 2229 2191 2314
f 2413 2143 2276
f 2191 2142 2314
f 2314 1997 2277
f 2192 2413 2193
f 2144 2278 2277
f 2193 2230 2145
f 2147 2282 2146
f 2281 2231 2194
f 2232 2195 2233
f 2195 2197 2319
f 2196 2234 2198
f 2197 2199 2319
f 2286 2198 2234
f 2319 2199 2235
f 2198 2286 2236
f 2237 2235 2199
f 2239 2201 2236
f 2238 2201 2239
f 2157 2320 2237
f 2238 2239 2240
f 2240 2323 2160
f 2157 2203 2289
f 2289 2203 2290
f 2323 2241 2160
f 2203 2242 2290
f 2162 2241 2244
f 2167 2162 2244
f 2247 2167 2248
f 2244 2248 2167
f 2205 2245 2246
f 2205 2247 2245
f 2248 2251 2247
f 2245 2249 2246
f 2251 2245 2247
f 2248 2252 2251
f 2245 2250 2249
f 2251 2250 2245
f 2252 2254 2251
f 2250 2255 2249
f 2254 2250 2251
f 2252 2256 2254
f 2256 2252 2294
f 2250 2253 2255
f 2254 2253 2250
f 2254 2207 2253
f 2208 2257 2255
f 2297 2257 2258
f 2257 2208 2258
f 2258 2212 2298
f 2211 2260 2125
f 2125 2260 2213
f 2212 2214 2334
f 2334 2214 2336
f 2260 2216 2213
f 2214 2215 2336
f 2261 2174 2217
f 2301 2262 2177
f 2367 2090 2339
f 1951 2504 2177
f 1535 2395 1858
f 2482 2632 1828
f 2719 2601 1784
f 1784 2601 1889
f 1984 2133 2265
f 2134 2340 2267
f 2181 2268 2305
f 2305 2269 2181
f 2095 2308 2307
f 2272 2183 2024
f 2272 2308 2183
f 2272 2024 2184
f 2309 2184 2137
f 2137 2274 2309
f 2186 2310 2224
f 2275 2100 2225
f 2461 1995 2311
f 1995 2461 2037
f 2461 2492 2037
f 2492 2584 2037
f 1839 2312 2887
f 1692 1501 2614
f 2191 2229 2189
f 2227 2190 2351
f 2228 2351 2352
f 2352 2276 2228
f 2229 2314 2313
f 2193 2279 2230
f 2315 2278 2316
f 2279 2280 2230
f 2230 2280 2281
f 2278 2146 2316
f 2146 2282 2316
f 2284 2232 2233
f 2233 2195 2356
f 2195 2319 2356
f 2286 2287 2236
f 2287 2239 2236
f 2288 2320 2157
f 2287 2322 2239
f 2239 2322 2240
f 2157 2289 2288
f 2324 2289 2290
f 2323 2325 2241
f 2291 2290 2242
f 2241 2325 2244
f 2325 2292 2244
f 2243 2291 2242
f 2244 2292 2248
f 2246 2293 2243
f 2246 2249 2293
f 2252 2248 2294
f 2294 2248 2292
f 2249 2257 2293
f 2249 2255 2257
f 2294 2295 2256
f 2296 2295 2294
f 2257 2297 2293
f 2259 2295 2296
f 2297 2258 2330
f 2258 2298 2330
f 2298 2212 2334
f 2260 2299 2216
f 2216 2299 2217
f 2300 2336 2215
f 2300 2215 2173
f 2173 2218 2338
f 2218 2262 2301
f 2338 2218 2301
f 2367 2132 1886
f 2632 2504 1828
f 2220 1984 2369
f 1984 2265 2369
f 2302 2221 2304
f 2268 2267 2303
f 2305 2268 2303
f 2304 2221 2344
f 2306 2269 2305
f 2344 2221 2222
f 2222 2307 2344
f 2307 2222 2095
f 2269 2374 2270
f 2375 2270 2374
f 2270 2375 2271
f 2308 2272 2346
f 2272 2405 2346
f 2184 2405 2272
f 2405 2184 2309
f 2271 2347 2273
f 2271 2375 2347
f 2348 2309 2274
f 2274 2224 2349
f 2274 2349 2348
f 2224 2310 2349
f 2275 2408 2311
f 2185 2275 2311
f 2186 2187 2310
f 1716 2380 1996
f 2189 2313 2411
f 2229 2313 2189
f 2190 2189 2412
f 2189 2411 2412
f 2190 2412 2351
f 2465 2193 2413
f 2277 2278 2315
f 2231 2281 2317
f 2282 2147 2415
f 2147 2284 2415
f 2231 2317 2355
f 2355 2420 2283
f 2283 2420 2285
f 2285 2318 2196
f 2196 2318 2234
f 2234 2357 2286
f 2320 2321 2237
f 2321 2235 2237
f 2240 2387 2323
f 2324 2290 2326
f 2326 2290 2291
f 2327 2292 2325
f 2243 2293 2291
f 2327 2328 2292
f 2292 2296 2294
f 2292 2328 2296
f 2328 2331 2296
f 2297 2329 2293
f 2329 2297 2330
f 2296 2331 2259
f 2331 2332 2259
f 2259 2332 2211
f 2211 2332 2260
f 2332 2333 2260
f 2392 2298 2362
f 2298 2334 2362
f 2335 2362 2334
f 2334 2336 2335
f 2260 2333 2299
f 2333 2337 2299
f 2445 2299 2337
f 2394 2299 2445
f 2217 2299 2394
f 2300 2173 2338
f 2217 2394 2261
f 2177 2365 2301
f 2366 2367 2339
f 2177 2504 2365
f 2395 2600 1858
f 2267 2340 2341
f 2178 2302 2428
f 2428 2302 2370
f 2267 2341 2303
f 2341 2398 2303
f 2302 2304 2370
f 2342 2303 2398
f 2303 2342 2305
f 2306 2342 2343
f 2305 2342 2306
f 2374 2306 2343
f 2306 2374 2269
f 2345 2307 2308
f 2308 2346 2345
f 2309 2377 2405
f 2223 2273 2376
f 2376 2273 2347
f 2376 2225 2223
f 2275 2350 2408
f 2350 2275 2225
f 2310 2187 2379
f 1642 2381 2493
f 2352 2464 2276
f 2313 2314 2414
f 2414 2314 2353
f 2354 2353 2314
f 2314 2277 2354
f 2193 2465 2279
f 2279 2382 2280
f 2382 2437 2280
f 2280 2437 2281
f 2315 2316 2383
f 2437 2317 2281
f 2316 2282 2383
f 2282 2415 2383
f 2420 2385 2285
f 2233 2356 2471
f 2285 2385 2318
f 2234 2318 2357
f 2356 2319 2235
f 2357 2358 2286
f 2286 2358 2287
f 2288 2359 2320
f 2320 2359 2321
f 2240 2322 2387
f 2387 2388 2323
f 2289 2360 2288
f 2324 2326 2389
f 2389 2326 2424
f 2326 2291 2424
f 2291 2293 2424
f 2293 2329 2424
f 2361 2328 2327
f 2328 2361 2331
f 2329 2330 2391
f 2361 2332 2331
f 2391 2330 2392
f 2330 2298 2392
f 2333 2363 2337
f 2335 2336 2364
f 2336 2300 2393
f 2261 2394 2339
f 2394 2366 2339
f 1549 1983 2483
f 2396 1952 2660
f 2178 2428 2133
f 2340 2429 2341
f 2428 2370 2371
f 2371 2370 2399
f 2398 2372 2342
f 2399 2370 2304
f 2304 2344 2373
f 2399 2304 2373
f 2343 2342 2372
f 2401 2343 2372
f 2343 2401 2404
f 2373 2344 2307
f 2373 2307 2403
f 2404 2374 2343
f 2377 2309 2348
f 2348 2378 2377
f 2348 2407 2378
f 2376 2406 2225
f 2349 2407 2348
f 2225 2406 2350
f 2407 2349 2379
f 2349 2310 2379
f 2640 1839 2887
f 1501 2640 2614
f 1839 2640 1501
f 2351 2463 2352
f 2411 2313 2410
f 2276 2464 2413
f 2465 2466 2279
f 2277 2315 2354
f 2437 2416 2317
f 2416 2384 2317
f 2317 2384 2355
f 2415 2284 2418
f 2233 2418 2284
f 2514 2418 2233
f 2471 2514 2233
f 2471 2356 2472
f 2356 2235 2421
f 2235 2321 2421
f 2386 2287 2358
f 2288 2542 2359
f 2322 2287 2386
f 2360 2542 2288
f 2289 2324 2360
f 2360 2324 2389
f 2323 2388 2325
f 2388 2423 2325
f 2325 2423 2327
f 2424 2329 2391
f 2327 2423 2361
f 2423 2390 2361
f 2361 2390 2332
f 2390 2425 2332
f 2425 2333 2332
f 2333 2479 2363
f 2336 2393 2364
f 2338 2301 2426
f 2301 2365 2426
f 1983 2446 2483
f 2263 2574 2749
f 2019 2751 2266
f 2371 2397 2428
f 2398 2341 2447
f 2447 2341 2429
f 2397 2371 2430
f 2372 2398 2431
f 2430 2371 2399
f 2399 2373 2400
f 2430 2399 2400
f 2449 2430 2400
f 2400 2373 2402
f 2373 2403 2402
f 2307 2345 2432
f 2403 2307 2432
f 2374 2404 2489
f 2455 2374 2489
f 2374 2455 2375
f 2455 2456 2375
f 2346 2405 2457
f 2375 2456 2347
f 2377 2460 2405
f 2347 2433 2376
f 2379 2187 2409
f 2669 2312 1996
f 2495 2352 2463
f 2352 2495 2464
f 2313 2414 2410
f 2466 2467 2279
f 2279 2467 2382
f 2315 2468 2354
f 2382 2467 2437
f 2315 2383 2468
f 2468 2383 2417
f 2417 2415 2418
f 2355 2384 2419
f 2420 2355 2419
f 2420 2470 2385
f 2473 2358 2357
f 2421 2321 2422
f 2422 2321 2359
f 2322 2440 2387
f 2474 2387 2440
f 2474 2388 2387
f 2360 2389 2441
f 2443 2389 2424
f 2391 2443 2424
f 2392 2475 2391
f 2392 2362 2499
f 2363 2501 2337
f 2337 2501 2445
f 2300 2338 2426
f 2445 2503 2394
f 2394 2503 2366
f 2503 2367 2366
f 2368 1858 2659
f 1549 2483 2482
f 2427 2396 2660
f 2448 2398 2447
f 2448 2431 2398
f 2402 2449 2400
f 2372 2431 2401
f 2401 2453 2404
f 2402 2403 2454
f 2347 2456 2433
f 2460 2459 2405
f 2378 2460 2377
f 2433 2529 2406
f 2433 2406 2376
f 2407 2435 2378
f 2378 2435 2434
f 2435 2407 2379
f 2187 2511 2409
f 2226 2511 2187
f 1642 2613 2612
f 1642 2493 2613
f 2888 2140 1870
f 2312 2669 2887
f 2411 2410 2462
f 2411 2462 2412
f 2410 2414 2537
f 2497 2416 2437
f 2383 2415 2417
f 2384 2416 2497
f 2419 2470 2420
f 2515 2472 2356
f 2515 2356 2438
f 2356 2421 2438
f 2438 2421 2422
f 2473 2439 2358
f 2358 2439 2386
f 2322 2386 2440
f 2542 2360 2441
f 2388 2517 2423
f 2441 2389 2442
f 2389 2443 2442
f 2517 2390 2423
f 2443 2391 2475
f 2475 2392 2499
f 2390 2476 2425
f 2499 2362 2544
f 2425 2479 2333
f 2362 2335 2545
f 2335 2364 2444
f 2445 2501 2502
f 2364 2393 2480
f 2300 2426 2393
f 2365 2504 2426
f 2659 1858 2600
f 2263 2749 2264
f 2430 2522 2397
f 2431 2448 2505
f 2505 2448 2486
f 2450 2522 2449
f 2522 2430 2449
f 2452 2431 2505
f 2449 2402 2450
f 2402 2451 2450
f 2431 2452 2401
f 2401 2452 2453
f 2402 2454 2451
f 2451 2454 2487
f 2453 2452 2506
f 2489 2404 2453
f 2403 2432 2488
f 2403 2488 2454
f 2345 2509 2432
f 2509 2345 2346
f 2509 2346 2457
f 2456 2510 2433
f 2405 2459 2457
f 2433 2458 2529
f 2434 2460 2378
f 2406 2553 2350
f 2408 2531 2533
f 2311 2408 2533
f 2379 2409 2435
f 2311 2533 2461
f 2413 2464 2465
f 2558 2353 2354
f 2354 2468 2558
f 2467 2496 2437
f 2437 2496 2497
f 2417 2418 2469
f 2384 2513 2419
f 2418 2514 2469
f 2498 2385 2470
f 2385 2498 2318
f 2386 2439 2440
f 2474 2440 2541
f 2542 2441 2567
f 2474 2569 2388
f 2517 2570 2390
f 2476 2390 2570
f 2476 2477 2425
f 2477 2478 2425
f 2425 2478 2479
f 2479 2573 2363
f 2335 2444 2545
f 2573 2500 2363
f 2363 2500 2501
f 2502 2481 2445
f 2393 2426 2546
f 2426 2599 2546
f 2504 2599 2426
f 2503 2521 2367
f 2367 2521 2132
f 2266 2751 2340
f 2721 2429 2340
f 2575 2428 2397
f 2485 2484 2447
f 2485 2447 2429
f 2448 2484 2486
f 2484 2448 2447
f 2489 2453 2506
f 2454 2488 2487
f 2508 2455 2489
f 2432 2509 2507
f 2508 2456 2455
f 2456 2508 2510
f 2509 2457 2459
f 2433 2510 2458
f 2460 2490 2459
f 2460 2491 2490
f 2491 2460 2434
f 2553 2406 2529
f 2435 2532 2434
f 2408 2350 2553
f 2435 2409 2532
f 2986 2380 2584
f 2351 2412 2463
f 2462 2410 2512
f 2494 2495 2463
f 2464 2495 2465
f 2414 2588 2537
f 2353 2588 2414
f 2536 2466 2465
f 2353 2558 2588
f 2558 2468 2538
f 2468 2417 2591
f 2497 2559 2384
f 2591 2417 2469
f 2419 2513 2470
f 2472 2514 2471
f 2498 2357 2318
f 2540 2472 2515
f 2357 2498 2473
f 2566 2422 2359
f 2567 2441 2568
f 2388 2569 2517
f 2518 2443 2519
f 2443 2475 2519
f 2570 2572 2476
f 2595 2573 2479
f 2445 2481 2503
f 2504 2632 2599
f 2264 2928 1829
f 2721 2485 2429
f 2397 2522 2575
f 2505 2506 2452
f 2432 2507 2488
f 2508 2527 2510
f 2458 2528 2529
f 2553 2531 2408
f 2533 2583 2461
f 2409 2511 2535
f 2461 2583 2492
f 2412 2462 2557
f 2412 2557 2615
f 2410 2537 2512
f 2495 2536 2465
f 2466 2536 2589
f 2466 2589 2467
f 2538 2468 2590
f 2468 2591 2590
f 2513 2384 2559
f 2513 2560 2470
f 2514 2472 2540
f 2470 2560 2498
f 2515 2438 2563
f 2566 2438 2422
f 2439 2516 2440
f 2541 2440 2516
f 2541 2687 2474
f 2442 2443 2518
f 2519 2475 2571
f 2499 2691 2475
f 2544 2362 2545
f 2444 2520 2745
f 2364 2520 2444
f 2364 2480 2520
f 2502 2597 2481
f 2393 2546 2480
f 2481 2598 2503
f 2599 2658 2546
f 2503 2598 2521
f 2368 2659 2574
f 1889 2750 2019
f 2019 2750 2751
f 2751 2808 2340
f 2808 2721 2340
f 2547 2505 2486
f 2486 2484 2547
f 2523 2522 2450
f 2505 2525 2506
f 2525 2505 2547
f 2450 2451 2523
f 2523 2451 2524
f 2525 2526 2506
f 2524 2451 2487
f 2526 2489 2506
f 2507 2509 2552
f 2527 2458 2510
f 2509 2459 2552
f 2552 2459 2579
f 2459 2490 2579
f 2434 2530 2491
f 2532 2530 2434
f 2530 2532 2608
f 2533 2582 2583
f 2533 2531 2582
f 2409 2535 2534
f 2462 2586 2557
f 2512 2586 2462
f 2494 2463 2556
f 2587 2494 2556
f 2494 2587 2495
f 2495 2587 2536
f 2625 2467 2589
f 2467 2625 2496
f 2496 2559 2497
f 2469 2514 2539
f 2514 2540 2539
f 2560 2649 2498
f 2540 2515 2561
f 2498 2562 2473
f 2561 2515 2563
f 2473 2562 2439
f 2359 2542 2593
f 2359 2593 2566
f 2474 2629 2569
f 2568 2441 2442
f 2653 2570 2517
f 2571 2475 2630
f 2476 2572 2543
f 2476 2543 2477
f 2545 2444 2745
f 2500 2631 2501
f 2501 2631 2502
f 2520 2480 2775
f 2597 2502 2631
f 2775 2480 2746
f 2481 2597 2598
f 2692 2546 2658
f 2928 2219 1829
f 2428 2575 2133
f 2576 2575 2522
f 2547 2484 2485
f 2522 2523 2576
f 2524 2548 2523
f 2525 2577 2526
f 2524 2487 2549
f 2487 2488 2549
f 2549 2488 2550
f 2488 2507 2550
f 2489 2526 2508
f 2526 2551 2508
f 2550 2507 2552
f 2508 2551 2527
f 2527 2551 2578
f 2527 2578 2458
f 2529 2528 2637
f 2581 2531 2553
f 2637 2553 2529
f 2490 2491 2580
f 2530 2554 2491
f 2491 2554 2580
f 2554 2530 2608
f 2608 2532 2611
f 2532 2409 2611
f 2611 2409 2534
f 2782 2226 2436
f 2668 2584 2492
f 2436 2612 2782
f 2140 3053 2381
f 2140 2888 3053
f 2412 2585 2463
f 2463 2555 2556
f 2512 2537 2586
f 2589 2536 2647
f 2469 2627 2591
f 2513 2592 2560
f 2498 2649 2562
f 2565 2593 2542
f 2628 2438 2566
f 2439 2564 2516
f 2542 2567 2565
f 2689 2653 2569
f 2569 2653 2517
f 2518 2519 2690
f 2630 2475 2691
f 2499 2544 2656
f 2479 2478 2595
f 2545 2716 2544
f 2745 2520 2657
f 2480 2546 2746
f 2546 2692 2746
f 2521 3018 2132
f 2660 1952 2220
f 2547 2485 2603
f 2548 2576 2523
f 2577 2547 2603
f 2547 2577 2525
f 2526 2577 2694
f 2549 2550 2635
f 2526 2694 2551
f 2550 2552 2635
f 2578 2528 2458
f 2579 2490 2580
f 2528 2664 2637
f 2531 2581 2607
f 2637 2581 2553
f 2582 2531 2607
f 2582 2610 2583
f 2534 2535 2699
f 2699 2535 2511
f 2583 2668 2492
f 2412 2615 2585
f 2463 2585 2617
f 2463 2617 2555
f 2557 2586 2619
f 2587 2647 2536
f 2620 2589 2647
f 2622 2588 2558
f 2589 2623 2625
f 2558 2538 2622
f 2622 2538 2624
f 2624 2538 2590
f 2592 2513 2559
f 2539 2627 2469
f 2539 2540 2684
f 2540 2561 2684
f 2438 2628 2563
f 2562 2686 2564
f 2439 2562 2564
f 2567 2568 2688
f 2568 2442 2652
f 2442 2518 2652
f 2518 2690 2654
f 2543 2594 2477
f 2545 2745 2716
f 2657 2520 2775
f 2596 2597 2631
f 2574 2659 3068
f 2446 2995 2483
f 2574 3068 2749
f 2264 2749 2928
f 2220 2369 2720
f 2603 2485 2721
f 2575 2576 2602
f 2524 2605 2548
f 2603 2604 2577
f 2524 2549 2605
f 2605 2549 2634
f 2604 2694 2577
f 2635 2634 2549
f 2635 2552 2636
f 2578 2664 2528
f 2552 2579 2636
f 2581 2606 2607
f 2581 2637 2606
f 2665 2580 2554
f 2608 2638 2554
f 2610 2582 2607
f 2608 2611 2609
f 2609 2611 2534
f 2668 2583 2610
f 1996 2380 2986
f 1996 3134 2669
f 3134 1996 2986
f 2557 2619 2615
f 2585 2615 2641
f 2585 2641 2616
f 2617 2585 2616
f 2555 2617 2618
f 2556 2555 2618
f 2618 2587 2556
f 2645 2587 2618
f 2646 2619 2586
f 2537 2646 2586
f 2647 2587 2645
f 2537 2621 2646
f 2537 2588 2621
f 2588 2622 2621
f 2625 2626 2496
f 2496 2626 2559
f 2626 2648 2559
f 2590 2591 2627
f 2559 2648 2592
f 2627 2539 2684
f 2686 2562 2649
f 2561 2563 2650
f 2628 2566 2593
f 2687 2629 2474
f 2653 2799 2570
f 2799 2847 2570
f 2690 2519 2571
f 2499 2656 2691
f 2573 2717 2500
f 2500 2717 2631
f 3093 2658 2599
f 2446 2018 2995
f 2752 2576 2548
f 2605 2752 2548
f 2634 2635 2663
f 2694 2662 2551
f 2662 2578 2551
f 2695 2636 2579
f 2664 2696 2637
f 2579 2580 2695
f 2696 2727 2637
f 2607 2606 2639
f 2637 2727 2606
f 2608 2609 2638
f 2607 2639 2610
f 2639 2667 2610
f 2381 3053 2493
f 2641 2642 2670
f 2673 2615 2619
f 2615 2673 2642
f 2641 2615 2642
f 2641 2670 2643
f 2641 2643 2616
f 2617 2616 2643
f 2617 2643 2672
f 2618 2617 2672
f 2646 2644 2619
f 2618 2672 2645
f 2703 2647 2645
f 2646 2621 2674
f 2620 2703 2677
f 2703 2620 2647
f 2623 2589 2620
f 2623 2620 2680
f 2621 2622 2678
f 2678 2622 2624
f 2623 2681 2625
f 2625 2681 2626
f 2624 2590 2710
f 2648 2683 2592
f 2592 2685 2560
f 2560 2685 2649
f 2561 2650 2684
f 2563 2628 2650
f 2516 2564 2651
f 2516 2651 2541
f 2568 2652 2688
f 2629 2689 2569
f 2652 2518 2654
f 2570 2847 2572
f 2572 2655 2543
f 2655 2594 2543
f 2573 2595 2717
f 2657 2775 2804
f 2747 2597 2596
f 2597 2747 2598
f 2395 2132 3018
f 3234 2219 2928
f 2219 3234 2633
f 2752 2602 2576
f 2752 2605 2661
f 2634 2661 2605
f 2754 2661 2634
f 2663 2754 2634
f 2635 2636 2663
f 2578 2724 2664
f 2697 2695 2580
f 2580 2665 2697
f 2606 2727 2729
f 2554 2638 2665
f 2606 2729 2639
f 2698 2638 2609
f 2733 2698 2534
f 2534 2698 2609
f 2731 2667 2639
f 2534 2699 2733
f 2610 2734 2668
f 2937 2511 2226
f 2886 2584 2668
f 1870 2764 2888
f 2673 2671 2642
f 2670 2642 2671
f 2700 2670 2671
f 2643 2670 2700
f 2700 2672 2643
f 2673 2619 2644
f 2672 2700 2703
f 2672 2703 2645
f 2644 2646 2674
f 2679 2644 2674
f 2679 2675 2701
f 2675 2676 2704
f 2701 2675 2704
f 2704 2676 2705
f 2702 2705 2706
f 2702 2706 2677
f 2703 2702 2677
f 2620 2677 2680
f 2674 2621 2678
f 2677 2706 2787
f 2735 2674 2678
f 2623 2680 2681
f 2678 2624 2707
f 2681 2682 2626
f 2707 2624 2710
f 2710 2590 2711
f 2626 2738 2648
f 2738 2739 2648
f 2590 2627 2711
f 2648 2712 2683
f 2592 2683 2685
f 2627 2684 2793
f 2686 2714 2564
f 2564 2714 2651
f 2541 2651 2796
f 2796 2687 2541
f 2567 2894 2565
f 2567 2688 2894
f 2688 2652 2741
f 2652 2654 2772
f 2653 2798 2799
f 2654 2690 2845
f 2743 2571 2630
f 2742 2572 2847
f 2743 2630 2691
f 2478 2744 2595
f 2716 2745 2773
f 2717 2802 2631
f 2631 2802 2596
f 2598 2748 2521
f 2658 3093 2718
f 2748 3018 2521
f 2828 2395 3018
f 2806 2599 2632
f 2018 2427 2953
f 2369 2265 2693
f 1889 2601 2750
f 2133 2602 2831
f 2575 2602 2133
f 2778 2603 2721
f 2778 2722 2603
f 2603 2722 2604
f 2662 2724 2578
f 2663 2636 2695
f 2726 2696 2664
f 2665 2728 2697
f 2665 2666 2728
f 2666 2665 2638
f 2729 2731 2639
f 2638 2730 2666
f 2638 2698 2730
f 2667 2734 2610
f 2511 2816 2699
f 2816 2511 2937
f 2226 2782 2937
f 2673 2701 2671
f 2671 2701 2704
f 2700 2671 2704
f 2644 2701 2673
f 2700 2704 2702
f 2700 2702 2703
f 2701 2644 2679
f 2702 2704 2705
f 2675 2785 2676
f 2766 2705 2676
f 2674 2735 2679
f 2675 2679 2765
f 2707 2735 2678
f 2680 2677 2708
f 2708 2681 2680
f 2681 2708 2682
f 2707 2710 2709
f 2682 2738 2626
f 2627 2793 2711
f 2683 2712 2685
f 2793 2684 2794
f 2685 2713 2649
f 2794 2684 2650
f 2686 2649 2713
f 2593 2565 2715
f 2565 2872 2715
f 2628 2593 2715
f 2715 2650 2628
f 2565 2894 2872
f 2741 2652 2772
f 2690 2571 2823
f 2571 2743 2823
f 2572 2742 2655
f 2477 2848 2478
f 2656 2544 2825
f 2544 2716 2825
f 2657 2804 2849
f 2803 2747 2596
f 2747 2805 2598
f 2692 2658 2718
f 2598 2805 2748
f 3429 2599 2806
f 2395 2828 2600
f 2427 2660 2807
f 2807 2660 3182
f 3234 3350 2633
f 2633 3350 2719
f 2660 2220 3182
f 2722 2755 2604
f 2604 2755 2694
f 2754 2663 2723
f 2662 2694 2755
f 2755 2724 2662
f 2663 2695 2725
f 2726 2664 2724
f 2729 2761 2731
f 2732 2730 2698
f 2698 2733 2732
f 2584 2886 2986
f 2612 3052 2782
f 3052 2612 2613
f 2785 2675 2765
f 2676 2785 2786
f 2676 2786 2766
f 2706 2705 2788
f 2679 2735 2736
f 2705 2766 2788
f 2707 2736 2735
f 2787 2767 2677
f 2737 2736 2707
f 2767 2708 2677
f 2707 2709 2737
f 2708 2767 2768
f 2768 2682 2708
f 2768 2738 2682
f 2709 2710 2711
f 2648 2739 2712
f 2686 2713 2821
f 2715 2770 2650
f 2686 2821 2714
f 2714 2821 2740
f 2714 2740 2651
f 2687 2797 2629
f 2797 2843 2629
f 2843 2689 2629
f 2772 2654 2897
f 2691 2656 2800
f 2800 2656 2825
f 2594 2848 2477
f 2825 2716 2773
f 2773 2745 2849
f 2745 2657 2849
f 2801 2802 2717
f 2802 2803 2596
f 2777 2602 2752
f 2778 2753 2722
f 2663 2725 2723
f 2854 2724 2755
f 2724 2756 2726
f 2726 2756 2757
f 2696 2726 2757
f 2695 2697 2779
f 2695 2779 2811
f 2757 2727 2696
f 2728 2812 2697
f 2759 2729 2727
f 2812 2728 2758
f 2760 2758 2728
f 2728 2666 2760
f 2760 2666 2730
f 2729 2759 2761
f 2762 2760 2730
f 2761 2781 2731
f 2730 2732 2762
f 2731 2781 2667
f 2763 2668 2734
f 2788 2787 2706
f 2736 2784 2679
f 2765 2679 2784
f 2709 2711 2737
f 2768 2769 2738
f 2737 2711 2790
f 2738 2769 2739
f 2769 2791 2739
f 2739 2791 2712
f 2711 2793 2790
f 2790 2793 2792
f 2791 2818 2712
f 2712 2713 2685
f 2794 2650 2770
f 2713 2795 2821
f 2715 2944 2770
f 2651 2740 2771
f 2651 2771 2796
f 2687 2796 2797
f 2654 2845 2897
f 2743 2691 2800
f 2655 2824 2594
f 2848 2744 2478
f 2595 2774 2717
f 2717 2774 2801
f 2775 2746 2804
f 2746 2692 2804
f 2804 2692 2850
f 2692 2718 2850
f 2776 2721 2808
f 2831 2602 2777
f 2778 2721 2851
f 2777 2752 2661
f 2753 2810 2722
f 2722 2810 2755
f 2810 2854 2755
f 2832 2724 2854
f 2756 2724 2832
f 2695 2811 2725
f 2727 2757 2759
f 2758 2760 2833
f 2759 2813 2761
f 2813 2814 2761
f 2760 2780 2833
f 2780 2760 2762
f 2781 2761 2814
f 2815 2667 2781
f 2732 2733 2837
f 2667 2815 2734
f 2837 2733 2699
f 2784 2783 2765
f 2785 2765 2783
f 2788 2766 2863
f 2786 2863 2766
f 2787 2788 2889
f 2838 2786 2785
f 2839 2767 2787
f 2789 2768 2767
f 2737 2790 2817
f 2768 2789 2769
f 2769 2789 2791
f 2818 2820 2712
f 2793 2794 2819
f 2712 2820 2713
f 2870 2794 2770
f 2770 2944 2871
f 2894 2688 2741
f 2772 2873 2741
f 2844 2822 2689
f 2689 2822 2653
f 2822 2798 2653
f 2772 2897 2873
f 2655 2742 2824
f 2824 2848 2594
f 2595 2744 2774
f 2801 2826 2802
f 2805 2952 2748
f 2748 2952 3018
f 3429 3093 2599
f 2720 2369 2829
f 2369 2693 2829
f 2265 2133 2830
f 2133 2831 2830
f 2851 2852 2778
f 2778 2852 2753
f 2661 2809 2777
f 2661 2754 2809
f 2754 2723 2853
f 2857 2757 2856
f 2757 2756 2856
f 2697 2812 2779
f 2814 2813 2860
f 2834 2762 2732
f 2815 2781 2814
f 2732 2837 2834
f 2963 2837 2699
f 2836 2763 2734
f 2699 2816 2963
f 2613 3133 3052
f 2613 2493 3133
f 2736 2737 2866
f 2784 2736 2866
f 2785 2783 2838
f 2788 2863 2889
f 2787 2889 2864
f 2767 2839 2789
f 2737 2817 2866
f 2789 2818 2791
f 2790 2792 2817
f 2792 2793 2819
f 2819 2794 2842
f 2842 2794 2870
f 2770 2871 2870
f 2715 2872 2920
f 2715 2920 2944
f 2843 2844 2689
f 2799 2846 2847
f 2847 2899 2742
f 2742 2899 2824
f 2773 2849 2901
f 2802 2826 2803
f 2805 2747 2827
f 2265 2830 2693
f 2751 3070 2808
f 3070 2776 2808
f 2851 2721 2776
f 2725 2855 2723
f 2811 2779 2932
f 2759 2757 2858
f 2759 2858 2813
f 2833 2780 2861
f 2861 2780 2834
f 2780 2762 2834
f 2815 2835 2836
f 2814 2835 2815
f 2815 2836 2734
f 2836 2862 2763
f 2763 2886 2668
f 2614 2640 3135
f 2787 2864 2839
f 2783 2784 2865
f 2838 2940 2786
f 2839 2840 2789
f 2786 2940 2917
f 2841 2789 2840
f 2789 2841 2818
f 2817 2792 2867
f 2867 2792 2819
f 2841 2868 2818
f 2818 2868 2820
f 2820 2795 2713
f 2821 2795 2740
f 2894 2741 2895
f 2822 2924 2798
f 2897 2845 2874
f 2798 2846 2799
f 2845 2690 2823
f 2823 2743 2875
f 2800 2825 2949
f 2949 2825 2773
f 2774 2876 2801
f 2747 2877 2827
f 2804 2850 2951
f 2827 2952 2805
f 3410 2483 2995
f 3121 2928 2749
f 2750 2979 2751
f 2777 2809 2879
f 2904 2810 2753
f 2809 2754 2905
f 2754 2853 2905
f 2855 2853 2723
f 2756 2832 2856
f 2725 2811 2855
f 2855 2811 2880
f 2880 2811 2932
f 2881 2932 2779
f 2757 2857 2858
f 2881 2779 2812
f 2758 2884 2812
f 2860 2813 2859
f 2859 2813 2858
f 2758 2833 2884
f 2860 2835 2814
f 2861 2884 2833
f 2837 2861 2834
f 2836 2835 2911
f 2911 2862 2836
f 2866 2865 2784
f 2917 2863 2786
f 2817 2867 2866
f 2839 2864 2915
f 2840 2839 2915
f 2914 2841 2840
f 2867 2819 2890
f 2868 2841 2914
f 2890 2819 2842
f 2868 2891 2820
f 2891 2869 2820
f 2820 2869 2795
f 2892 2870 2871
f 2796 2771 2946
f 2946 2797 2796
f 2893 2797 2946
f 2797 2893 2843
f 2895 2741 2873
f 2843 2947 2844
f 2947 2896 2844
f 2798 2924 2846
f 2846 2898 2847
f 2899 2847 2898
f 2743 2800 2875
f 2899 2848 2824
f 2949 2773 2901
f 2801 2876 2826
f 2849 2804 2902
f 2826 2877 2803
f 2803 2877 2747
f 2951 2850 2878
f 2718 2878 2850
f 2427 2807 2953
f 3182 2220 3456
f 2903 2831 2777
f 2777 2879 2903
f 2809 2955 2879
f 2852 2929 2753
f 2929 2904 2753
f 2854 2810 2983
f 2832 2854 2930
f 2854 2983 2930
f 2930 2856 2832
f 2856 2931 2857
f 2857 2931 2882
f 2857 2882 2858
f 2881 2812 2884
f 2908 2881 2884
f 2858 2882 2859
f 2885 2908 2884
f 2860 2859 2883
f 2861 2885 2884
f 2883 2835 2860
f 2861 2837 2910
f 2835 2883 2911
f 2910 2837 3006
f 2837 2963 3006
f 2888 2764 3053
f 2865 2838 2783
f 2866 2890 2939
f 2867 2890 2866
f 2865 2866 2939
f 2940 2838 2865
f 2917 2913 2863
f 2889 2863 2913
f 2915 2864 2912
f 2840 2915 2914
f 2865 2939 2969
f 2890 2842 2916
f 2916 2939 2890
f 2891 2868 2914
f 2842 2870 2892
f 2869 2921 2795
f 2795 2921 2740
f 2740 2921 2771
f 2844 2896 2822
f 2873 2897 2923
f 2896 2924 2822
f 2845 2823 2874
f 3011 2823 2875
f 2875 2800 2949
f 2744 2900 2774
f 2774 2900 2876
f 2901 2849 2902
f 2902 2804 2951
f 2827 2978 2952
f 2751 2979 3070
f 3020 2831 2903
f 2852 2851 2954
f 2954 2851 2776
f 2954 2929 2852
f 2809 2905 2955
f 2853 2906 2905
f 2855 2906 2853
f 2907 2906 2855
f 2907 2855 2880
f 2930 2931 2856
f 2907 2880 2932
f 2931 2958 2882
f 2959 2932 2881
f 2859 2933 2883
f 2909 2883 2933
f 2885 2861 2910
f 2883 2909 2911
f 2763 2862 3080
f 2963 2816 2937
f 2887 2669 3244
f 2614 3135 1870
f 2640 3162 3135
f 2864 2889 2912
f 2912 2889 2913
f 2915 2912 2938
f 2938 2914 2915
f 2842 2892 2916
f 2914 2919 2891
f 2916 2892 2918
f 2919 2869 2891
f 2942 2918 2892
f 2869 2919 2943
f 2943 2921 2869
f 2871 2944 2942
f 2942 2892 2871
f 2771 2921 2970
f 2771 2970 2946
f 2920 2872 2971
f 2872 2894 2971
f 2894 2895 2971
f 2843 2893 2947
f 2895 2873 2923
f 2947 2922 2896
f 2896 2922 2924
f 2897 2874 2923
f 2874 2823 3011
f 2899 2948 2848
f 2948 2900 2848
f 2848 2900 2744
f 2900 2950 2876
f 2901 2902 2976
f 2950 2925 2876
f 2876 2925 2826
f 2877 2826 2925
f 2902 2951 2926
f 2926 2951 3016
f 2877 2977 2827
f 2978 2827 2977
f 2927 2878 2718
f 3019 2659 2600
f 2482 2806 2632
f 2903 2879 2982
f 3021 2954 2776
f 2982 2879 2955
f 2999 2904 2929
f 2956 2810 2904
f 2810 2956 2983
f 2908 2959 2881
f 2882 2985 2859
f 2960 2959 2908
f 2908 2885 2960
f 2859 2985 2933
f 2960 2885 2935
f 2909 2933 2934
f 2885 2910 2935
f 2910 2962 2935
f 2910 3006 2962
f 2934 2936 2909
f 2909 2936 2911
f 2911 2936 2862
f 2640 2887 3162
f 2965 2940 2865
f 2865 2969 2965
f 2966 2940 2965
f 2916 2941 2939
f 2941 2969 2939
f 2966 2917 2940
f 2938 2919 2914
f 2941 2916 2918
f 2920 2990 2944
f 2942 2944 2945
f 2920 2971 2990
f 2972 2893 2991
f 2972 2947 2893
f 2922 2992 2924
f 2992 2973 2924
f 2924 2973 2846
f 2973 2898 2846
f 2898 2948 2899
f 3011 2875 2975
f 2875 2949 2975
f 2976 2902 2926
f 3093 2927 2718
f 2830 2831 3020
f 3021 2776 3070
f 2955 2998 2982
f 2955 2905 2998
f 2956 2904 2999
f 3001 2905 2906
f 2907 3029 2906
f 2957 3029 2907
f 2932 2957 2907
f 2932 2959 2957
f 2958 2985 2882
f 2960 2935 2961
f 2935 2962 2961
f 2886 3277 2986
f 2913 2964 2912
f 2917 2964 2913
f 2917 2966 2967
f 2964 2917 2967
f 2968 2918 2942
f 2941 2918 2969
f 2969 2918 2968
f 2943 2919 2938
f 2945 2944 2990
f 2968 2942 2945
f 2991 2946 2970
f 2893 2946 2991
f 2972 2992 2947
f 2947 2992 2922
f 2974 2874 3011
f 2949 2901 2975
f 2975 2901 3013
f 2901 2976 3013
f 2925 2977 2877
f 3016 2951 3017
f 2951 2878 3017
f 2952 2978 2994
f 2995 2018 2953
f 2719 3069 2601
f 2982 2980 2903
f 2954 3021 2981
f 2982 3023 2980
f 2996 2929 2954
f 2929 2996 2999
f 2998 2905 3001
f 2956 3000 2983
f 2931 2930 3028
f 3028 2958 2931
f 2959 2960 2984
f 2985 3003 2933
f 2960 2961 2984
f 2933 3003 2934
f 3003 3004 2934
f 2934 3005 2936
f 3005 2934 3004
f 2936 3005 2862
f 3277 2886 2763
f 2937 3321 3102
f 2782 3321 2937
f 2782 3052 3321
f 3304 3133 2493
f 2493 3053 3304
f 2764 1870 3135
f 2968 2945 3054
f 2969 2968 2987
f 2965 2969 2987
f 2988 2965 2987
f 2966 2965 2988
f 2967 2966 2988
f 2964 2967 3008
f 2967 2988 3008
f 2912 2964 3008
f 2912 3008 2989
f 2938 2912 2989
f 2943 2938 2989
f 2945 2990 3055
f 3009 2991 2970
f 2971 2895 3036
f 2972 3010 2992
f 3036 2895 3058
f 2895 2923 3058
f 2923 2874 3058
f 3058 2874 2974
f 3012 2993 2948
f 2948 2993 2900
f 2900 2993 2950
f 3040 2976 2926
f 2925 3041 2977
f 2977 3042 2978
f 3017 2878 2927
f 2978 3043 2994
f 2483 3410 3400
f 3069 3044 2601
f 2601 3044 2750
f 2980 3045 2903
f 2954 2981 3047
f 2954 3047 2996
f 2982 2998 2997
f 2997 3023 2982
f 2999 2996 3048
f 2998 3001 3024
f 2956 2999 3000
f 3001 2906 3026
f 2906 3029 3026
f 3026 3029 3027
f 3028 3002 2958
f 2957 2959 2984
f 2958 3051 2985
f 3002 3051 2958
f 3031 2984 2961
f 2961 3033 3031
f 2962 3033 2961
f 3005 3079 2862
f 2862 3079 3080
f 2887 3244 3162
f 2945 3056 3054
f 2987 2968 3054
f 2987 3054 2988
f 2989 3008 3034
f 2943 2989 3034
f 2943 3034 2921
f 3056 2945 3055
f 2970 2921 3009
f 2990 2971 3035
f 2990 3035 3055
f 2971 3036 3035
f 2991 3010 2972
f 3010 3059 2992
f 2992 3059 2973
f 2973 3059 2898
f 3059 2948 2898
f 3011 2975 3062
f 3013 3062 2975
f 3013 2976 3063
f 3063 2976 3015
f 2993 3014 2950
f 2950 3014 2925
f 2976 3040 3015
f 3014 3065 2925
f 3040 2926 3016
f 3041 3042 2977
f 2978 3042 3043
f 2483 3400 2482
f 2829 2693 3308
f 2693 2830 3308
f 3340 2830 3020
f 3047 2981 3022
f 3023 2997 3071
f 3025 2997 2998
f 3024 3025 2998
f 3048 3000 2999
f 3000 3076 2983
f 2983 3076 3028
f 2983 3028 2930
f 3029 2957 3030
f 2957 3049 3030
f 2984 3049 2957
f 3049 2984 3050
f 2985 3051 3003
f 2984 3031 3050
f 3003 3101 3004
f 3031 3033 3032
f 3033 2962 3006
f 2988 3054 3007
f 3008 2988 3007
f 3008 3007 3034
f 2921 3034 3084
f 3009 2921 3084
f 3055 3035 3105
f 3057 2991 3009
f 2991 3057 3010
f 3059 3106 2948
f 3106 3012 2948
f 3061 3011 3062
f 3012 3037 2993
f 3062 3013 3063
f 3014 2993 3111
f 3015 3087 3063
f 3015 3040 3039
f 3065 3014 3038
f 3016 3017 3066
f 2927 3093 3067
f 3067 3017 2927
f 3018 3264 2828
f 2828 3019 2600
f 3181 2806 2482
f 3068 2659 3329
f 3474 3121 2749
f 3456 2220 2720
f 2903 3122 3020
f 2903 3045 3122
f 2980 3046 3045
f 3023 3046 2980
f 3023 3071 3046
f 3047 3094 2996
f 3048 2996 3094
f 2997 3025 3071
f 3025 3024 3074
f 3074 3024 3001
f 3074 3001 3026
f 3074 3026 3027
f 3000 3075 3076
f 3097 3028 3076
f 3029 3030 3027
f 3028 3097 3002
f 3049 3129 3030
f 3051 3100 3003
f 3050 3031 3032
f 3003 3100 3101
f 2963 3132 3006
f 2763 3080 3277
f 3085 3035 3036
f 3058 3085 3036
f 3140 3059 3010
f 2974 3060 3058
f 3011 3060 2974
f 3061 3060 3011
f 3107 3062 3063
f 3107 3063 3108
f 3108 3063 3087
f 3089 3014 3111
f 3014 3089 3038
f 3091 3038 3089
f 3087 3015 3039
f 2925 3065 3041
f 3066 3017 3067
f 2482 3400 3181
f 3068 3474 2749
f 3122 3045 3123
f 3123 3045 3046
f 3047 3022 3094
f 3094 3126 3048
f 3071 3025 3072
f 3048 3126 3073
f 3072 3025 3074
f 3048 3073 3075
f 3075 3000 3048
f 3074 3027 3127
f 3027 3030 3127
f 3097 3128 3002
f 3049 3130 3129
f 3130 3049 3050
f 3033 3131 3032
f 3078 3131 3033
f 3004 3077 3005
f 3077 3004 3101
f 3078 3033 3006
f 3006 3132 3078
f 2963 2937 3102
f 2764 3135 3471
f 3081 3054 3056
f 3054 3081 3082
f 3007 3054 3082
f 3007 3082 3083
f 3007 3083 3034
f 3055 3104 3056
f 3055 3105 3104
f 3057 3138 3010
f 3138 3140 3010
f 3085 3058 3086
f 3058 3060 3086
f 3106 3168 3012
f 3061 3062 3107
f 3168 3037 3012
f 3037 3111 2993
f 3087 3109 3108
f 3064 3109 3087
f 3111 3112 3089
f 3089 3112 3116
f 3088 3064 3087
f 3088 3087 3090
f 3091 3089 3116
f 3087 3039 3090
f 3039 3040 3092
f 3039 3092 3118
f 3119 3065 3038
f 3040 3016 3092
f 3065 3148 3041
f 3180 3041 3148
f 3041 3180 3042
f 3018 2952 3264
f 3329 2659 3019
f 2953 2807 3149
f 2830 3340 3308
f 3340 3020 3183
f 3070 3235 3021
f 3020 3122 3183
f 3094 3022 3124
f 2981 3152 3022
f 3152 2981 3021
f 3046 3071 3095
f 3126 3094 3124
f 3095 3071 3072
f 3154 3072 3074
f 3075 3073 3186
f 3074 3096 3154
f 3096 3074 3127
f 3075 3187 3076
f 3156 3127 3030
f 3156 3030 3129
f 3051 3002 3099
f 3099 3002 3128
f 3130 3050 3098
f 3099 3100 3051
f 3098 3050 3032
f 2963 3102 3132
f 3277 3080 3195
f 3277 3366 2986
f 3136 3081 3056
f 3082 3081 3103
f 3082 3103 3083
f 3034 3083 3137
f 3084 3034 3137
f 3136 3056 3104
f 3164 3009 3084
f 3164 3057 3009
f 3140 3106 3059
f 3060 3061 3167
f 3107 3167 3061
f 3037 3168 3143
f 3141 3107 3108
f 3037 3143 3111
f 3109 3141 3108
f 3171 3109 3113
f 3113 3109 3064
f 3110 3172 3112
f 3111 3110 3112
f 3088 3113 3064
f 3112 3145 3116
f 3113 3088 3114
f 3116 3145 3115
f 3115 3114 3117
f 3117 3114 3088
f 3116 3115 3146
f 3146 3115 3117
f 3116 3146 3091
f 3088 3090 3117
f 3090 3039 3118
f 3147 3090 3118
f 3091 3119 3038
f 3119 3148 3065
f 3092 3016 3120
f 3016 3066 3120
f 3042 3180 3043
f 3327 3067 3093
f 2995 2953 3390
f 3121 3233 2928
f 3021 3151 3152
f 3022 3125 3124
f 3022 3152 3125
f 3186 3187 3075
f 3076 3187 3097
f 3100 3159 3101
f 3032 3131 3098
f 3159 3077 3101
f 3078 3160 3131
f 3079 3005 3161
f 3161 3005 3077
f 3078 3132 3160
f 3080 3079 3194
f 3132 3102 3301
f 3080 3194 3195
f 3102 3321 3302
f 3084 3137 3164
f 3105 3035 3165
f 3164 3138 3057
f 3085 3165 3035
f 3139 3165 3085
f 3139 3085 3086
f 3201 3106 3140
f 3106 3201 3168
f 3167 3107 3141
f 3143 3168 3142
f 3169 3202 3141
f 3169 3141 3109
f 3111 3143 3110
f 3110 3257 3172
f 3144 3173 3226
f 3174 3171 3113
f 3144 3174 3113
f 3173 3144 3114
f 3112 3172 3145
f 3114 3144 3113
f 3173 3114 3115
f 3145 3173 3115
f 3146 3117 3175
f 3090 3147 3117
f 3175 3117 3147
f 3146 3175 3176
f 3146 3176 3091
f 3175 3147 3207
f 3091 3177 3119
f 3179 3147 3118
f 3092 3120 3228
f 3092 3228 3118
f 3179 3118 3228
f 3120 3066 3208
f 3208 3066 3067
f 3149 2807 3182
f 2750 3443 2979
f 2979 3443 3070
f 3021 3235 3151
f 3122 3150 3183
f 3123 3150 3122
f 3150 3123 3046
f 3185 3150 3046
f 3095 3185 3046
f 3124 3153 3126
f 3095 3072 3185
f 3072 3154 3185
f 3153 3073 3126
f 3153 3211 3073
f 3186 3073 3211
f 3154 3096 3236
f 3291 3187 3186
f 3155 3127 3156
f 3187 3237 3097
f 3128 3097 3237
f 3212 3128 3237
f 3129 3189 3156
f 3129 3130 3190
f 3130 3191 3190
f 3099 3212 3157
f 3212 3099 3128
f 3130 3098 3191
f 3100 3099 3157
f 3159 3100 3157
f 3098 3131 3158
f 3158 3213 3098
f 3158 3131 3160
f 3077 3159 3161
f 3132 3301 3160
f 3196 3103 3081
f 3103 3197 3083
f 3083 3197 3137
f 3081 3136 3196
f 3103 3196 3197
f 3137 3219 3164
f 3104 3105 3163
f 3105 3165 3163
f 3138 3166 3140
f 3139 3086 3167
f 3086 3060 3167
f 3140 3166 3201
f 3168 3201 3142
f 3141 3202 3167
f 3142 3170 3143
f 3171 3169 3109
f 3257 3205 3172
f 3170 3257 3110
f 3170 3110 3143
f 3204 3171 3174
f 3205 3173 3145
f 3172 3205 3145
f 3226 3174 3144
f 3176 3175 3178
f 3177 3176 3178
f 3091 3176 3177
f 3207 3147 3179
f 3119 3177 3261
f 3148 3119 3261
f 3180 3148 3230
f 3043 3180 3367
f 3043 3367 2994
f 3264 2952 2994
f 3093 3429 3327
f 3265 2828 3264
f 3328 3329 3019
f 3044 3443 2750
f 3185 3209 3150
f 3124 3125 3210
f 3152 3210 3125
f 3124 3210 3153
f 3185 3154 3184
f 3186 3211 3291
f 3236 3096 3292
f 3096 3127 3292
f 3292 3127 3155
f 3187 3188 3237
f 3156 3189 3155
f 3098 3213 3191
f 3214 3191 3213
f 3192 3157 3239
f 3157 3192 3159
f 3158 3160 3274
f 3192 3193 3161
f 3192 3161 3159
f 3161 3193 3079
f 3193 3194 3079
f 3102 3302 3301
f 3218 3196 3136
f 3137 3197 3245
f 3219 3137 3245
f 3163 3221 3104
f 3164 3220 3138
f 3166 3138 3220
f 3222 3166 3220
f 3139 3198 3165
f 3199 3166 3222
f 3200 3198 3139
f 3139 3167 3200
f 3201 3166 3199
f 3202 3224 3167
f 3204 3255 3203
f 3202 3169 3203
f 3204 3203 3169
f 3171 3204 3169
f 3257 3258 3205
f 3205 3226 3173
f 3207 3227 3175
f 3175 3227 3178
f 3206 3177 3178
f 3287 3207 3179
f 3261 3177 3206
f 3120 3231 3228
f 3231 3120 3208
f 3230 3367 3180
f 3265 3019 2828
f 3474 3068 3329
f 3443 3391 3070
f 3070 3391 3235
f 3183 3209 3340
f 3150 3209 3183
f 3151 3266 3210
f 3209 3185 3184
f 3210 3152 3151
f 3184 3154 3236
f 3189 3129 3190
f 3191 3238 3190
f 3238 3191 3214
f 3239 3157 3271
f 3271 3157 3212
f 3214 3213 3215
f 3213 3158 3215
f 3215 3158 3274
f 3216 3217 3192
f 3216 3192 3239
f 3193 3192 3217
f 3160 3301 3276
f 3133 3304 3303
f 2986 3438 3134
f 3134 3438 3322
f 3438 2986 3366
f 3304 3053 3243
f 2669 3134 3322
f 3196 3245 3197
f 3136 3104 3221
f 3221 3218 3136
f 3245 3278 3219
f 3221 3247 3218
f 3220 3219 3248
f 3219 3220 3164
f 3165 3198 3163
f 3249 3221 3198
f 3198 3221 3163
f 3200 3249 3198
f 3251 3249 3200
f 3223 3199 3222
f 3224 3251 3200
f 3225 3199 3223
f 3200 3167 3224
f 3199 3225 3142
f 3199 3142 3201
f 3224 3202 3203
f 3203 3255 3224
f 3225 3254 3170
f 3170 3254 3257
f 3225 3170 3142
f 3255 3204 3259
f 3259 3204 3174
f 3226 3259 3174
f 3226 3205 3258
f 3206 3178 3227
f 3228 3229 3179
f 3261 3263 3148
f 3148 3263 3230
f 3231 3208 3067
f 3232 3367 3230
f 3389 3429 2806
f 3389 2806 3181
f 3233 3234 2928
f 3209 3184 3309
f 3290 3210 3266
f 3290 3153 3210
f 3290 3211 3153
f 3236 3292 3267
f 3291 3188 3187
f 3237 3312 3212
f 3268 3155 3189
f 3189 3294 3268
f 3294 3189 3269
f 3212 3312 3295
f 3189 3190 3269
f 3295 3271 3212
f 3241 3214 3215
f 3216 3239 3240
f 3216 3240 3242
f 3215 3274 3241
f 3216 3242 3217
f 3194 3320 3195
f 3277 3195 3320
f 3218 3245 3196
f 3245 3218 3246
f 3278 3245 3246
f 3247 3246 3218
f 3247 3221 3279
f 3219 3278 3248
f 3279 3221 3249
f 3220 3248 3222
f 3222 3248 3250
f 3222 3250 3223
f 3223 3253 3254
f 3225 3223 3254
f 3254 3253 3256
f 3285 3224 3255
f 3285 3255 3259
f 3254 3256 3257
f 3256 3286 3258
f 3257 3256 3258
f 3286 3259 3226
f 3258 3286 3226
f 3287 3227 3207
f 3260 3206 3227
f 3179 3262 3287
f 3260 3227 3287
f 3229 3228 3231
f 3262 3179 3229
f 3206 3260 3288
f 3288 3261 3206
f 3263 3261 3288
f 3232 3230 3263
f 3338 3367 3232
f 3067 3327 3388
f 2720 2829 3289
f 3340 3209 3309
f 3184 3236 3310
f 3267 3310 3236
f 3290 3291 3211
f 3292 3155 3311
f 3155 3268 3311
f 3269 3190 3270
f 3271 3295 3333
f 3190 3238 3270
f 3270 3238 3296
f 3296 3238 3214
f 3214 3241 3296
f 3271 3240 3239
f 3272 3240 3271
f 3272 3273 3240
f 3240 3273 3242
f 3217 3242 3273
f 3275 3217 3273
f 3274 3160 3276
f 3217 3275 3193
f 3275 3319 3193
f 3193 3319 3194
f 2669 3426 3244
f 2669 3322 3426
f 3246 3247 3280
f 3247 3279 3280
f 3278 3246 3281
f 3281 3246 3280
f 3278 3281 3248
f 3248 3281 3250
f 3279 3249 3251
f 3280 3279 3283
f 3282 3280 3283
f 3281 3280 3282
f 3283 3279 3252
f 3279 3251 3252
f 3282 3283 3284
f 3253 3281 3282
f 3250 3281 3253
f 3252 3224 3285
f 3251 3224 3252
f 3253 3282 3284
f 3250 3253 3223
f 3283 3252 3285
f 3284 3283 3285
f 3284 3285 3286
f 3286 3285 3259
f 3284 3286 3256
f 3253 3284 3256
f 3306 3260 3287
f 3229 3231 3337
f 3337 3231 3307
f 3232 3263 3338
f 3067 3388 3307
f 3307 3231 3067
f 3151 3235 3370
f 3151 3370 3266
f 3309 3184 3310
f 3188 3332 3237
f 3311 3268 3293
f 3268 3294 3293
f 3293 3294 3313
f 3312 3315 3295
f 3270 3296 3334
f 3297 3271 3333
f 3271 3297 3272
f 3296 3241 3298
f 3273 3272 3316
f 3298 3241 3299
f 3241 3274 3299
f 3316 3275 3273
f 3316 3335 3275
f 3276 3300 3299
f 3274 3276 3299
f 3275 3335 3319
f 3276 3301 3300
f 3300 3301 3349
f 3277 3320 3385
f 3303 3052 3133
f 3262 3306 3287
f 3306 3305 3260
f 3260 3305 3288
f 3288 3305 3263
f 3263 3305 3338
f 2994 3367 3368
f 3390 3410 2995
f 3290 3330 3291
f 3310 3267 3361
f 3291 3331 3188
f 3267 3292 3341
f 3363 3188 3331
f 3292 3311 3341
f 3332 3188 3363
f 3332 3312 3237
f 3314 3313 3294
f 3312 3344 3315
f 3294 3269 3314
f 3316 3272 3358
f 3298 3318 3317
f 3318 3298 3299
f 3299 3300 3318
f 3052 3336 3321
f 3336 3052 3303
f 3304 3243 3303
f 3337 3323 3229
f 3323 3262 3229
f 3262 3323 3324
f 3306 3262 3324
f 3306 3324 3325
f 3305 3306 3325
f 3305 3325 3326
f 3338 3305 3326
f 3390 2953 3149
f 3391 3412 3235
f 3370 3235 3412
f 3309 3310 3371
f 3266 3370 3290
f 3370 3330 3290
f 3330 3331 3291
f 3341 3311 3342
f 3311 3293 3342
f 3342 3293 3313
f 3344 3312 3332
f 3344 3345 3315
f 3269 3270 3314
f 3333 3295 3315
f 3296 3298 3334
f 3334 3298 3317
f 3272 3297 3347
f 3358 3272 3347
f 3358 3335 3316
f 3319 3383 3194
f 3349 3301 3302
f 3244 3426 3162
f 2994 3368 3264
f 3339 3429 3389
f 3149 3182 3608
f 3608 3182 3456
f 3309 3401 3340
f 3359 3401 3309
f 3309 3371 3359
f 3363 3331 3402
f 3342 3313 3362
f 3362 3313 3373
f 3313 3314 3343
f 3346 3314 3270
f 3270 3353 3346
f 3334 3353 3270
f 3333 3315 3364
f 3333 3347 3297
f 3333 3364 3347
f 3334 3317 3353
f 3353 3317 3348
f 3358 3347 3355
f 3318 3348 3317
f 3335 3358 3357
f 3335 3357 3319
f 3277 3385 3366
f 3162 3472 3135
f 3325 3324 3399
f 3325 3439 3326
f 3338 3326 3387
f 3264 3369 3265
f 3441 3019 3265
f 3019 3441 3328
f 3289 2829 3351
f 3044 3738 3443
f 2829 3308 3351
f 3340 3401 3308
f 3310 3361 3371
f 3330 3360 3331
f 3331 3360 3402
f 3267 3341 3361
f 3332 3352 3344
f 3313 3343 3373
f 3352 3374 3344
f 3346 3343 3314
f 3374 3345 3344
f 3354 3353 3356
f 3364 3355 3347
f 3353 3348 3356
f 3356 3348 3379
f 3319 3357 3382
f 3319 3382 3383
f 3323 3428 3386
f 3323 3386 3324
f 3337 3307 3427
f 3337 3427 3428
f 3428 3323 3337
f 3338 3387 3367
f 3264 3368 3369
f 3370 3414 3330
f 3360 3330 3414
f 3361 3341 3362
f 3362 3341 3342
f 3352 3392 3374
f 3354 3346 3353
f 3364 3315 3345
f 3358 3355 3365
f 3379 3348 3318
f 3358 3365 3357
f 3300 3349 3384
f 3194 3383 3320
f 3350 3069 2719
f 3432 3401 3359
f 3432 3359 3371
f 3371 3361 3415
f 3361 3445 3415
f 3445 3361 3362
f 3362 3373 3445
f 3352 3332 3363
f 3352 3363 3372
f 3375 3343 3346
f 3346 3376 3375
f 3346 3354 3376
f 3345 3377 3364
f 3364 3377 3393
f 3393 3378 3364
f 3355 3364 3378
f 3394 3356 3396
f 3394 3354 3356
f 3378 3365 3355
f 3396 3356 3379
f 3380 3357 3365
f 3318 3381 3379
f 3381 3318 3300
f 3357 3380 3382
f 3300 3384 3381
f 3053 3571 3243
f 3571 3053 2764
f 3368 3367 3526
f 3441 3329 3328
f 3069 3590 3044
f 3044 3590 3738
f 3432 3536 3401
f 3371 3413 3432
f 3402 3372 3363
f 3417 3373 3343
f 3375 3417 3343
f 3345 3374 3377
f 3375 3376 3403
f 3404 3393 3377
f 3393 3395 3378
f 3378 3395 3406
f 3407 3378 3406
f 3380 3365 3407
f 3407 3365 3378
f 3379 3381 3397
f 3379 3397 3396
f 3384 3349 3398
f 3398 3349 3302
f 3325 3399 3439
f 3326 3455 3387
f 3181 3710 3389
f 3329 3442 3474
f 3456 2720 3711
f 3443 3457 3391
f 3391 3457 3412
f 3370 3412 3573
f 3370 3431 3414
f 3371 3415 3413
f 3445 3373 3447
f 3372 3448 3352
f 3352 3448 3392
f 3403 3417 3375
f 3374 3418 3377
f 3376 3419 3403
f 3354 3405 3376
f 3376 3405 3419
f 3418 3404 3377
f 3405 3354 3394
f 3393 3404 3395
f 3394 3396 3424
f 3380 3407 3408
f 3397 3381 3409
f 3380 3408 3382
f 3381 3384 3409
f 3641 3327 3429
f 3440 3429 3339
f 3710 3339 3389
f 3442 3329 3441
f 3528 3410 3390
f 3401 3411 3308
f 3431 3370 3573
f 3414 3477 3360
f 3360 3477 3402
f 3372 3416 3448
f 3373 3417 3447
f 3392 3418 3374
f 3420 3419 3405
f 3422 3420 3405
f 3404 3421 3395
f 3435 3404 3418
f 3394 3422 3405
f 3423 3406 3421
f 3421 3406 3395
f 3424 3422 3394
f 3406 3423 3407
f 3407 3423 3437
f 3424 3396 3425
f 3396 3397 3425
f 3437 3408 3407
f 3397 3409 3425
f 3322 3557 3426
f 2764 3471 3571
f 3162 3426 3472
f 3326 3439 3455
f 3265 3369 3666
f 3181 3400 3710
f 3234 3535 3350
f 3350 3535 3069
f 2720 3289 3711
f 3351 3308 3411
f 3432 3430 3536
f 3432 3413 3433
f 3433 3413 3460
f 3413 3415 3460
f 3477 3434 3402
f 3402 3434 3372
f 3372 3434 3416
f 3448 3463 3392
f 3422 3467 3420
f 3404 3466 3421
f 3435 3466 3404
f 3436 3422 3424
f 3421 3451 3423
f 3466 3451 3421
f 3423 3451 3437
f 3425 3436 3424
f 3452 3408 3437
f 3320 3383 3534
f 3555 3438 3366
f 3426 3523 3472
f 3324 3386 3473
f 3399 3324 3473
f 3327 3641 3388
f 3367 3387 3526
f 3440 3641 3429
f 3121 3474 3513
f 3513 3233 3121
f 3535 3234 3233
f 3458 3430 3432
f 3431 3489 3475
f 3489 3431 3573
f 3431 3475 3414
f 3414 3475 3477
f 3460 3415 3444
f 3415 3445 3444
f 3448 3416 3446
f 3449 3463 3448
f 3447 3417 3462
f 3392 3463 3418
f 3417 3403 3464
f 3435 3418 3450
f 3403 3419 3464
f 3420 3465 3419
f 3465 3420 3467
f 3436 3482 3467
f 3436 3467 3422
f 3436 3468 3482
f 3425 3468 3436
f 3437 3451 3452
f 3452 3451 3469
f 3452 3453 3408
f 3425 3409 3468
f 3408 3453 3382
f 3453 3470 3382
f 3409 3384 3454
f 3382 3470 3383
f 3384 3398 3454
f 3366 3385 3555
f 3243 3488 3303
f 3438 3557 3322
f 3135 3472 3471
f 3388 3427 3307
f 3458 3432 3433
f 3459 3458 3433
f 3477 3461 3434
f 3445 3478 3444
f 3434 3461 3416
f 3461 3446 3416
f 3445 3447 3478
f 3478 3447 3492
f 3449 3448 3446
f 3447 3462 3492
f 3462 3417 3480
f 3417 3464 3480
f 3418 3463 3450
f 3481 3464 3419
f 3419 3465 3481
f 3469 3451 3466
f 3452 3469 3453
f 3469 3487 3453
f 3468 3409 3486
f 3486 3409 3509
f 3453 3487 3470
f 3409 3454 3509
f 3470 3534 3383
f 3555 3385 3320
f 3303 3488 3336
f 3400 3410 3607
f 3600 3390 3149
f 3456 3711 3608
f 3401 3536 3581
f 3475 3499 3476
f 3475 3476 3477
f 3517 3477 3476
f 3478 3490 3444
f 3461 3491 3446
f 3478 3492 3479
f 3463 3496 3450
f 3480 3464 3495
f 3464 3481 3495
f 3465 3483 3481
f 3465 3467 3482
f 3485 3466 3435
f 3485 3435 3450
f 3482 3483 3465
f 3484 3483 3482
f 3468 3484 3482
f 3485 3469 3466
f 3486 3484 3468
f 3454 3398 3520
f 3512 3555 3320
f 3321 3522 3302
f 3336 3614 3321
f 3321 3614 3522
f 3336 3488 3614
f 3243 3556 3488
f 3472 3524 3471
f 3387 3455 3689
f 3368 3526 3527
f 3368 3527 3369
f 3401 3581 3411
f 3489 3499 3475
f 3433 3500 3459
f 3433 3460 3500
f 3460 3444 3500
f 3517 3461 3477
f 3478 3479 3490
f 3449 3491 3502
f 3449 3446 3491
f 3492 3503 3479
f 3493 3449 3502
f 3449 3493 3463
f 3462 3503 3492
f 3462 3480 3494
f 3463 3506 3496
f 3480 3495 3494
f 3497 3495 3481
f 3497 3481 3519
f 3519 3481 3483
f 3509 3484 3486
f 3469 3511 3487
f 3485 3511 3469
f 3498 3511 3485
f 3521 3520 3398
f 3398 3302 3521
f 3302 3522 3521
f 3426 3557 3523
f 3570 3557 3438
f 3738 3712 3443
f 3443 3712 3457
f 3489 3514 3499
f 3515 3499 3530
f 3499 3515 3476
f 3476 3515 3517
f 3444 3490 3516
f 3490 3479 3501
f 3479 3503 3501
f 3501 3503 3504
f 3503 3462 3505
f 3504 3503 3505
f 3493 3506 3463
f 3462 3494 3505
f 3494 3495 3497
f 3496 3507 3450
f 3485 3450 3507
f 3483 3566 3519
f 3507 3498 3485
f 3566 3483 3508
f 3484 3508 3483
f 3508 3484 3509
f 3487 3511 3510
f 3487 3510 3470
f 3470 3510 3534
f 3320 3534 3589
f 3320 3589 3512
f 3571 3556 3243
f 3428 3427 3525
f 3428 3525 3386
f 3400 3607 3710
f 3149 3608 3681
f 3558 3581 3536
f 3499 3514 3530
f 3444 3516 3500
f 3491 3461 3517
f 3490 3501 3532
f 3532 3501 3540
f 3501 3504 3540
f 3505 3494 3542
f 3494 3497 3542
f 3545 3441 3265
f 3513 3474 3599
f 3537 3536 3430
f 3458 3537 3430
f 3458 3459 3537
f 3530 3514 3547
f 3529 3459 3500
f 3530 3538 3515
f 3517 3515 3538
f 3500 3516 3531
f 3531 3516 3532
f 3516 3490 3532
f 3491 3517 3539
f 3539 3533 3491
f 3491 3533 3502
f 3552 3540 3504
f 3502 3533 3493
f 3552 3504 3505
f 3493 3541 3506
f 3505 3542 3552
f 3542 3497 3518
f 3497 3519 3518
f 3570 3438 3555
f 3472 3523 3524
f 3265 3666 3545
f 3642 3442 3441
f 3599 3474 3442
f 3513 3572 3233
f 3559 3489 3573
f 3459 3529 3537
f 3514 3574 3547
f 3574 3514 3489
f 3560 3529 3500
f 3500 3531 3560
f 3531 3532 3549
f 3539 3517 3538
f 3532 3540 3549
f 3533 3562 3550
f 3541 3553 3506
f 3553 3554 3506
f 3506 3554 3496
f 3518 3519 3595
f 3595 3519 3566
f 3498 3507 3544
f 3498 3544 3511
f 3511 3544 3543
f 3509 3568 3508
f 3569 3568 3509
f 3511 3543 3510
f 3509 3454 3569
f 3471 3524 3571
f 3536 3546 3558
f 3546 3536 3537
f 3489 3559 3574
f 3530 3547 3575
f 3530 3575 3538
f 3531 3549 3548
f 3560 3531 3548
f 3538 3561 3539
f 3561 3562 3539
f 3539 3562 3533
f 3533 3550 3493
f 3550 3551 3493
f 3540 3552 3563
f 3493 3551 3541
f 3551 3564 3541
f 3541 3564 3553
f 3542 3518 3565
f 3542 3565 3552
f 3587 3496 3554
f 3496 3587 3507
f 3507 3587 3544
f 3508 3568 3566
f 3543 3580 3510
f 3510 3580 3597
f 3534 3510 3597
f 3534 3597 3589
f 3439 3399 3736
f 3535 3667 3069
f 3069 3667 3590
f 3576 3575 3547
f 3575 3561 3538
f 3548 3549 3584
f 3584 3549 3563
f 3562 3578 3550
f 3549 3540 3563
f 3578 3551 3550
f 3565 3518 3602
f 3602 3518 3595
f 3595 3566 3579
f 3566 3568 3579
f 3543 3544 3567
f 3454 3520 3569
f 3439 3736 3737
f 3690 3387 3689
f 3442 3642 3693
f 3528 3390 3600
f 3572 3535 3233
f 3712 3668 3457
f 3457 3668 3412
f 3668 3682 3412
f 3537 3577 3546
f 3577 3537 3529
f 3576 3547 3574
f 3577 3529 3560
f 3560 3583 3577
f 3560 3548 3583
f 3583 3548 3584
f 3561 3592 3562
f 3592 3578 3562
f 3563 3552 3586
f 3552 3565 3586
f 3586 3565 3594
f 3553 3603 3554
f 3565 3602 3594
f 3543 3567 3580
f 3604 3568 3569
f 3521 3606 3520
f 3556 3679 3488
f 3632 3523 3557
f 3570 3598 3557
f 3571 3630 3556
f 3289 3351 3859
f 3351 3411 3859
f 3573 3412 3559
f 3559 3412 3682
f 3559 3582 3574
f 3583 3584 3601
f 3578 3585 3551
f 3551 3585 3564
f 3554 3603 3587
f 3544 3587 3596
f 3579 3568 3604
f 3588 3567 3544
f 3569 3520 3606
f 3597 3640 3589
f 3556 3630 3679
f 3473 3386 3680
f 3388 3834 3427
f 3633 3692 3339
f 3633 3339 3710
f 3528 3607 3410
f 3600 3149 3681
f 3620 3546 3577
f 3576 3609 3575
f 3576 3574 3609
f 3574 3582 3609
f 3591 3620 3577
f 3575 3609 3561
f 3561 3609 3592
f 3583 3591 3577
f 3601 3591 3583
f 3610 3601 3584
f 3584 3563 3610
f 3585 3593 3564
f 3644 3586 3594
f 3593 3553 3564
f 3553 3593 3603
f 3603 3596 3587
f 3588 3544 3596
f 3567 3588 3580
f 3580 3588 3605
f 3605 3597 3580
f 3629 3512 3589
f 3522 3722 3521
f 3629 3555 3512
f 3570 3555 3598
f 3571 3631 3630
f 3524 3631 3571
f 3641 3691 3388
f 3388 3691 3834
f 3527 3924 3369
f 3667 3738 3590
f 3411 3581 3714
f 3592 3622 3578
f 3622 3585 3578
f 3563 3586 3610
f 3585 3635 3593
f 3635 3647 3593
f 3593 3611 3603
f 3602 3623 3594
f 3638 3602 3595
f 3638 3595 3579
f 3588 3612 3605
f 3604 3569 3613
f 3597 3605 3640
f 3521 3722 3606
f 3640 3629 3589
f 3661 3555 3629
f 3614 3488 3615
f 3557 3616 3632
f 3386 3525 3680
f 3545 3642 3441
f 3926 3642 3545
f 3618 3535 3572
f 3859 3411 3713
f 3411 3714 3713
f 3546 3619 3558
f 3682 3582 3559
f 3620 3619 3546
f 3610 3586 3644
f 3622 3635 3585
f 3593 3647 3611
f 3602 3624 3623
f 3611 3626 3596
f 3611 3596 3603
f 3602 3638 3624
f 3588 3627 3612
f 3588 3596 3627
f 3627 3596 3626
f 3579 3628 3638
f 3604 3628 3579
f 3613 3628 3604
f 3613 3569 3606
f 3488 3679 3615
f 3557 3598 3616
f 3523 3617 3524
f 3524 3617 3631
f 3632 3617 3523
f 3387 3690 3526
f 3442 3693 3599
f 3608 3654 3681
f 3608 3711 3654
f 3535 3618 3667
f 3582 3683 3609
f 3683 3621 3609
f 3609 3621 3592
f 3645 3644 3594
f 3623 3624 3658
f 3626 3625 3627
f 3439 3737 3455
f 3526 3690 3527
f 3710 3607 3880
f 3667 3798 3738
f 3669 3619 3620
f 3655 3669 3591
f 3591 3669 3620
f 3634 3591 3601
f 3610 3634 3601
f 3592 3621 3622
f 3621 3671 3622
f 3610 3644 3634
f 3635 3622 3671
f 3594 3623 3645
f 3611 3647 3649
f 3624 3637 3658
f 3625 3626 3659
f 3659 3626 3636
f 3636 3611 3649
f 3636 3626 3611
f 3637 3624 3638
f 3625 3659 3651
f 3625 3651 3627
f 3628 3637 3638
f 3627 3651 3639
f 3612 3627 3639
f 3612 3639 3605
f 3613 3660 3628
f 3615 3522 3614
f 3652 3616 3598
f 3525 3427 3796
f 3641 3440 3691
f 3926 3545 3666
f 3528 3881 3607
f 3643 3581 3558
f 3558 3619 3643
f 3669 3643 3619
f 3634 3655 3591
f 3635 3671 3672
f 3646 3645 3623
f 3647 3635 3648
f 3635 3672 3648
f 3646 3623 3673
f 3648 3649 3647
f 3673 3623 3658
f 3637 3628 3650
f 3650 3628 3660
f 3639 3677 3605
f 3678 3522 3615
f 3598 3555 3661
f 3598 3661 3652
f 3662 3679 3630
f 3664 3662 3630
f 3653 3632 3616
f 3653 3617 3632
f 3399 3473 3736
f 3582 3682 3683
f 3683 3716 3621
f 3684 3671 3621
f 3644 3656 3634
f 3670 3656 3645
f 3656 3644 3645
f 3645 3646 3670
f 3657 3646 3673
f 3659 3675 3651
f 3676 3651 3675
f 3651 3676 3639
f 3606 3721 3613
f 3522 3678 3722
f 3686 3679 3662
f 3616 3652 3663
f 3663 3653 3616
f 3631 3664 3630
f 3631 3665 3664
f 3617 3665 3631
f 3617 3653 3665
f 3693 3858 3599
f 3289 3859 3797
f 3716 3743 3621
f 3621 3743 3684
f 3744 3657 3673
f 3636 3649 3674
f 3674 3659 3636
f 3659 3674 3675
f 3824 3652 3661
f 3652 3724 3663
f 3664 3706 3662
f 3663 3726 3653
f 3737 3857 3455
f 3692 3440 3339
f 3643 3669 3696
f 3669 3655 3696
f 3671 3684 3672
f 3646 3657 3670
f 3649 3648 3699
f 3744 3673 3700
f 3699 3702 3649
f 3700 3673 3658
f 3701 3700 3658
f 3658 3703 3701
f 3637 3703 3658
f 3637 3650 3703
f 3719 3703 3650
f 3660 3719 3650
f 3676 3675 3685
f 3749 3660 3613
f 3676 3704 3639
f 3685 3704 3676
f 3639 3704 3677
f 3640 3605 3677
f 3629 3640 3677
f 3677 3661 3629
f 3679 3723 3615
f 3723 3679 3686
f 3706 3664 3687
f 3664 3665 3687
f 3688 3665 3653
f 3653 3726 3708
f 3688 3687 3665
f 3708 3688 3653
f 3455 3857 3689
f 3683 3682 3694
f 3581 3739 3715
f 3643 3739 3581
f 3695 3683 3694
f 3643 3696 3739
f 3716 3782 3743
f 3655 3634 3742
f 3634 3656 3742
f 3742 3656 3768
f 3684 3769 3697
f 3672 3684 3697
f 3769 3684 3743
f 3670 3717 3656
f 3657 3717 3670
f 3672 3698 3648
f 3698 3699 3648
f 3674 3649 3702
f 3674 3702 3748
f 3674 3685 3675
f 3685 3674 3748
f 3660 3749 3719
f 3749 3613 3721
f 3848 3661 3677
f 3663 3724 3705
f 3725 3686 3662
f 3663 3705 3726
f 3706 3725 3662
f 3687 3728 3706
f 3687 3707 3728
f 3688 3753 3687
f 3726 3709 3708
f 3688 3755 3753
f 3730 3755 3688
f 3708 3730 3688
f 3680 3901 3735
f 3680 3735 3473
f 3473 3735 3736
f 3369 3924 3666
f 3880 3607 3881
f 3600 4018 3528
f 3711 3289 3797
f 3712 3765 3668
f 3581 3715 3714
f 3739 3696 3740
f 3716 3683 3695
f 3740 3696 3741
f 3696 3655 3741
f 3655 3742 3741
f 3656 3717 3768
f 3744 3717 3657
f 3745 3699 3698
f 3748 3720 3685
f 3703 3719 3718
f 3701 3703 3718
f 3685 3750 3704
f 3751 3685 3720
f 3752 3749 3721
f 3721 3606 3722
f 3661 3939 3824
f 3757 3725 3706
f 3757 3706 3728
f 3707 3687 3727
f 3753 3727 3687
f 3730 3708 3709
f 3729 3727 3756
f 3729 3707 3727
f 3734 3757 3728
f 3707 3731 3728
f 3731 3734 3728
f 3731 3707 3729
f 3760 3731 3729
f 3730 3733 3755
f 3733 3730 3777
f 3733 3732 3755
f 3763 3733 3777
f 3427 3834 3796
f 3738 3764 3712
f 3712 3764 3765
f 3765 3882 3668
f 3668 3882 3682
f 3882 3694 3682
f 3714 3715 3812
f 3672 3697 3698
f 3697 3800 3698
f 3800 3745 3698
f 3717 3744 3770
f 3784 3744 3700
f 3701 3718 3746
f 3746 3718 3747
f 3718 3771 3747
f 3719 3771 3718
f 3749 3771 3719
f 3685 3751 3750
f 3704 3750 3823
f 3704 3823 3677
f 3775 3721 3722
f 3727 3754 3756
f 3753 3754 3727
f 3754 3753 3755
f 3709 3806 3730
f 3760 3729 3756
f 3780 3760 3756
f 3793 3754 3755
f 3755 3732 3793
f 3757 3734 3778
f 3793 3732 3762
f 3758 3778 3734
f 3734 3731 3759
f 3758 3734 3759
f 3759 3731 3760
f 3732 3733 3763
f 3761 3759 3760
f 3762 3732 3763
f 3525 3796 3680
f 3440 3692 3923
f 3440 3923 3691
f 3881 3528 4018
f 3599 3858 3513
f 3513 3858 3572
f 3618 3798 3667
f 3739 3781 3715
f 3715 3781 3812
f 3739 3740 3781
f 3695 3766 3716
f 3782 3716 3766
f 3740 3741 3767
f 3741 3742 3767
f 3782 3783 3743
f 3743 3783 3769
f 3768 3717 3770
f 3745 3786 3699
f 3820 3784 3700
f 3820 3700 3787
f 3787 3700 3701
f 3786 3702 3699
f 3787 3701 3746
f 3787 3746 3788
f 3748 3785 3789
f 3702 3785 3748
f 3746 3747 3788
f 3748 3789 3720
f 3789 3774 3720
f 3720 3774 3751
f 3749 3772 3771
f 3751 3774 3750
f 3750 3774 3773
f 3749 3752 3772
f 3750 3773 3823
f 3721 3805 3752
f 3805 3721 3775
f 3849 3775 3722
f 3722 3678 3849
f 3895 3678 3615
f 3705 3825 3726
f 3726 3825 3709
f 3725 3757 3791
f 3756 3754 3776
f 3806 3792 3730
f 3730 3792 3777
f 3826 3757 3778
f 3756 3776 3780
f 3754 3779 3776
f 3754 3793 3779
f 3779 3794 3776
f 3760 3780 3761
f 3761 3780 3795
f 3777 3792 3830
f 3777 3830 3763
f 3758 3759 3810
f 3737 3736 3833
f 3738 3798 3764
f 3781 3740 3814
f 3767 3742 3816
f 3742 3768 3816
f 3768 3817 3816
f 3769 3783 3818
f 3697 3818 3800
f 3818 3697 3769
f 3770 3744 3801
f 3744 3784 3801
f 3702 3786 3785
f 3803 3788 3747
f 3789 3790 3774
f 3747 3771 3803
f 3773 3774 3790
f 3772 3803 3771
f 3773 3804 3823
f 3615 3723 3895
f 3791 3686 3725
f 3709 3825 3806
f 3757 3826 3791
f 3776 3794 3780
f 3780 3794 3795
f 3829 3793 3762
f 3810 3778 3758
f 3810 3759 3811
f 3759 3761 3795
f 3811 3759 3795
f 3877 3829 3762
f 3762 3763 3832
f 3877 3762 3832
f 3763 3830 3832
f 3680 3796 3901
f 3736 3735 3833
f 3737 3833 3878
f 3690 3922 3527
f 3633 3710 3880
f 3964 3693 3642
f 3781 3799 3812
f 3799 3781 3814
f 3766 3813 3836
f 3766 3695 3813
f 3836 3782 3766
f 3740 3767 3814
f 3782 3836 3815
f 3815 3783 3782
f 3801 3784 3890
f 3784 3820 3890
f 3864 3820 3787
f 3786 3844 3785
f 3785 3844 3802
f 3864 3787 3788
f 3802 3789 3785
f 3789 3802 3790
f 3803 3772 3846
f 3822 3846 3772
f 3772 3752 3822
f 3848 4031 3939
f 3661 3848 3939
f 3652 3824 3724
f 3806 3827 3792
f 3827 3828 3792
f 3826 3778 3807
f 3828 3809 3792
f 3807 3778 3876
f 3794 3779 3808
f 3792 3809 3830
f 3794 3808 3795
f 3779 3853 3808
f 3829 3853 3779
f 3829 3779 3793
f 3876 3778 3810
f 3795 3808 3856
f 3795 3856 3811
f 3527 3922 3924
f 3925 3923 3692
f 3642 3926 3964
f 3713 3714 4020
f 3714 3812 4020
f 3814 3767 3839
f 3767 3816 3839
f 3783 3815 3818
f 3819 3800 3818
f 3841 3770 3801
f 3800 3819 3745
f 3801 3890 3841
f 3843 3820 3864
f 3788 3803 3845
f 3845 3803 3846
f 3790 3821 3773
f 3804 3821 3847
f 3773 3821 3804
f 3752 3805 3822
f 3724 3990 3705
f 3990 3724 3824
f 3850 3791 3896
f 3825 3873 3806
f 3896 3791 3826
f 3873 3827 3806
f 3828 3851 3809
f 3855 3876 3810
f 3855 3810 3811
f 3831 3877 3832
f 3737 3878 3857
f 3693 3902 3858
f 3858 3927 3572
f 3654 3711 3835
f 3711 3797 3835
f 3882 3883 3694
f 3813 3695 3903
f 3903 3695 3694
f 3814 3886 3799
f 3836 3813 3837
f 3837 3813 3903
f 3814 3887 3886
f 3838 3836 3837
f 3815 3860 3818
f 3860 3819 3818
f 3840 3817 3768
f 3768 3770 3840
f 3770 3841 3840
f 3819 3861 3745
f 3786 3745 3842
f 3842 3745 3861
f 3786 3842 3844
f 3845 3864 3788
f 3790 3802 3868
f 3844 3868 3802
f 3868 3821 3790
f 3846 3869 3865
f 3821 3868 3870
f 3821 3870 3847
f 3869 3846 3871
f 3846 3822 3871
f 3804 3872 3823
f 3912 3805 3775
f 3823 3848 3677
f 3823 3872 3848
f 3775 3849 3912
f 3872 4030 3848
f 3791 3850 3686
f 3896 3826 3874
f 3873 3875 3827
f 3827 3875 3828
f 3826 3807 3874
f 3807 3876 3852
f 3853 3916 3808
f 3856 3916 3854
f 3916 3856 3808
f 3829 3919 3853
f 3919 3829 3877
f 3830 3900 3832
f 3832 3900 3831
f 3735 3901 3943
f 3690 3689 3922
f 3902 3693 3964
f 3600 3681 3965
f 3681 3654 3965
f 3904 3812 3799
f 3888 3836 3838
f 3839 3887 3814
f 3888 3815 3836
f 3888 3889 3815
f 3816 3817 3839
f 3815 3889 3860
f 3862 3840 3841
f 3820 3863 3890
f 3842 3891 3933
f 3820 3843 3863
f 3933 3844 3842
f 3868 3844 3910
f 3933 3935 3844
f 3845 3865 3864
f 3866 3868 3910
f 3846 3865 3845
f 3868 3866 3892
f 3869 3867 3865
f 3870 3868 3892
f 3847 3870 3894
f 3871 3822 3938
f 3894 3804 3847
f 3822 3805 3938
f 3804 3894 3872
f 3874 3807 3852
f 3853 3917 3916
f 3853 3919 3917
f 3830 3809 3900
f 3876 3855 3976
f 3811 3920 3855
f 3855 3920 3976
f 3856 3854 3811
f 3811 3854 3920
f 3689 3921 3922
f 3997 3834 3691
f 3924 3922 3879
f 3666 3924 3879
f 3879 3926 3666
f 3692 3633 3925
f 4018 3600 3965
f 4020 3812 3884
f 3887 3839 3907
f 3817 3840 3839
f 3839 3840 3908
f 3909 3860 3889
f 3908 3840 3862
f 3860 3909 3819
f 3861 3819 3909
f 3841 3953 3862
f 3890 3953 3841
f 3844 3935 3910
f 3867 3869 3893
f 3957 3870 3892
f 3893 3869 3871
f 3957 3894 3870
f 3895 3849 3678
f 3895 3723 4065
f 3705 3991 3825
f 3991 3873 3825
f 3873 3941 3875
f 3852 3897 3874
f 3875 3898 3828
f 3828 3898 3851
f 3851 3899 3809
f 3854 3916 3918
f 3900 3809 3899
f 3876 3976 3914
f 3854 3918 3920
f 3919 3831 3961
f 3877 3831 3919
f 3880 3963 3633
f 3963 3944 3633
f 3572 4074 3618
f 3882 3765 3883
f 3694 3945 3903
f 3886 3928 3799
f 3837 3885 3947
f 3903 3885 3837
f 3905 3928 3886
f 3886 3887 3905
f 3837 3947 3838
f 3838 3906 3888
f 3887 3907 3905
f 3888 3906 3889
f 3906 3949 3889
f 3839 3908 3931
f 3839 3931 3907
f 3909 3889 3949
f 3908 3862 3950
f 3953 3950 3862
f 3909 3951 3861
f 3861 3951 3842
f 3951 3952 3842
f 3863 3953 3890
f 3842 3952 3891
f 3864 3934 3843
f 3864 3911 3934
f 3864 3865 3911
f 3955 3866 3910
f 3865 3936 3911
f 3867 3936 3865
f 3866 3937 3892
f 3867 3893 3936
f 3938 3893 3871
f 4030 4031 3848
f 4083 3912 3849
f 3705 3990 4035
f 3991 3705 4035
f 3873 3991 3941
f 3942 3896 3874
f 3874 3897 3942
f 3941 3898 3875
f 3897 3852 3913
f 3898 3992 3851
f 3913 3852 3914
f 3852 3876 3914
f 3917 3915 3916
f 3916 3915 3918
f 3878 3833 4113
f 3902 3927 3858
f 3694 3883 3945
f 3884 3812 3904
f 3799 3928 3904
f 3929 3928 3905
f 3906 3930 3949
f 3907 3931 3967
f 3908 3932 3931
f 3969 3909 3949
f 3950 3932 3908
f 3951 3909 3969
f 3934 3863 3843
f 3910 3935 3955
f 3866 3955 3937
f 3892 3937 3957
f 3959 3893 3938
f 3894 3957 3958
f 3974 3894 3958
f 3938 3805 3959
f 3894 3974 3872
f 3872 3974 4030
f 3824 3939 4032
f 3824 4032 3990
f 3850 3723 3686
f 3940 3896 3942
f 3941 3992 3898
f 3917 3960 3915
f 3917 3919 3960
f 3961 3900 3899
f 3900 3961 3831
f 3857 3878 3921
f 3921 3689 3857
f 3633 3944 3925
f 3880 3881 3963
f 3572 3927 4074
f 3618 4074 3798
f 3797 3859 3966
f 3798 4051 3764
f 3859 3713 3966
f 3764 4051 3765
f 3945 3946 3903
f 3978 3904 3928
f 3885 3946 3947
f 3903 3946 3885
f 3928 3929 3978
f 3947 3948 3838
f 3929 3905 3979
f 3838 3948 3906
f 3948 3930 3906
f 3979 3907 3967
f 3979 3905 3907
f 3967 3932 3968
f 3932 3967 3931
f 3932 3950 3970
f 3950 3953 4001
f 3954 3953 3863
f 3891 3987 3933
f 3933 4006 3935
f 4005 3955 3935
f 3956 3911 3936
f 3893 3956 3936
f 3959 3956 3893
f 3805 3912 3959
f 3959 3912 3975
f 3912 4083 3975
f 4065 3849 3895
f 4034 3723 3850
f 3850 3896 3940
f 3940 3942 3913
f 3942 3897 3913
f 3993 3915 3960
f 3993 3996 3915
f 3960 3919 3994
f 3915 3996 3918
f 3994 3919 3961
f 3851 4016 3899
f 4015 3976 3920
f 3918 4015 3920
f 3922 3921 4072
f 3834 3997 4048
f 3691 3923 3997
f 3962 3923 3925
f 3998 3926 3879
f 3835 3797 3966
f 4051 3883 3765
f 3947 3946 3948
f 3979 3978 3929
f 3981 3979 3967
f 3968 3981 3967
f 4026 3983 3969
f 4026 3969 3930
f 3930 3969 3949
f 3932 3970 3968
f 3951 3969 3971
f 3951 3971 3952
f 4001 3953 4003
f 3952 3986 3891
f 3954 4003 3953
f 3986 3987 3891
f 3933 3987 4006
f 3863 3988 3954
f 3935 4006 4005
f 3934 3988 3863
f 3911 3972 3934
f 3972 3911 3956
f 3937 3973 3957
f 3955 3973 3937
f 4028 3973 3955
f 4005 4028 3955
f 3973 3958 3957
f 4083 3849 4065
f 3723 4033 4065
f 3723 4034 4033
f 4034 3850 4036
f 3850 3940 4036
f 3940 3913 4012
f 3941 4040 3992
f 4016 3851 4046
f 3851 3992 4046
f 4015 3918 3996
f 3961 3899 4016
f 3833 3735 4017
f 3833 4017 4113
f 3921 3878 4071
f 3834 4048 3796
f 4086 3901 3796
f 3965 4019 4018
f 3835 3965 3654
f 4074 4089 3798
f 3713 4020 3966
f 3945 3883 4053
f 3977 3884 3904
f 3977 3904 3978
f 4024 3946 3945
f 3948 3946 4024
f 3980 3978 3979
f 3930 3948 4026
f 3980 3979 3981
f 3982 3981 3968
f 3984 3982 3968
f 3970 3984 3968
f 3970 3950 3985
f 4002 3952 3971
f 3952 4002 3986
f 4004 4003 3954
f 3988 4004 3954
f 3934 3989 3988
f 3972 3989 3934
f 3973 4007 3958
f 3956 3959 3972
f 3958 4007 3974
f 3991 4040 3941
f 3993 3995 4011
f 4014 3996 3993
f 3995 3993 3960
f 3960 3994 3995
f 4015 3913 3914
f 3914 3976 4015
f 3996 4014 4015
f 3994 3961 4016
f 3943 3901 4047
f 3997 3923 3962
f 3962 3925 3944
f 3998 3964 3926
f 4018 4019 3999
f 3927 4102 4074
f 4024 3945 4053
f 3977 3978 4022
f 4000 4022 3980
f 3980 4022 3978
f 4026 3948 4024
f 3980 4025 4000
f 3980 3981 4025
f 3981 3982 4025
f 3984 4025 3982
f 3969 3983 3971
f 3985 3950 4001
f 4001 4003 4061
f 3986 4027 3987
f 4007 3973 4028
f 3972 4008 3989
f 4035 3990 4009
f 4036 3940 4012
f 4010 4042 4014
f 4010 4014 3993
f 4011 4010 3993
f 3995 4013 4011
f 4044 4013 3995
f 4012 3913 4043
f 4040 4046 3992
f 4043 3913 4015
f 3995 3994 4044
f 4044 4016 4046
f 4043 4015 4014
f 4044 3994 4016
f 3735 3943 4017
f 3796 4048 4086
f 3921 4071 4072
f 4072 3879 3922
f 3944 3963 4073
f 3881 3999 3963
f 3999 3881 4018
f 3902 4102 3927
f 3835 4019 3965
f 3835 3966 4050
f 3798 4089 4051
f 4020 3884 4090
f 4090 3884 3977
f 4021 4090 3977
f 4021 3977 4022
f 4021 4022 4023
f 4022 4000 4023
f 4055 4026 4024
f 4025 3984 4057
f 3970 4058 3984
f 4058 4057 3984
f 3983 4056 3971
f 3985 4058 3970
f 3985 4059 4058
f 3985 4001 4059
f 3971 4060 4002
f 4060 4078 4002
f 4002 4078 3986
f 4078 4027 3986
f 4027 4006 3987
f 3988 4064 4004
f 3989 4008 3988
f 3972 4029 4008
f 3972 3959 4029
f 3990 4032 4009
f 4012 4041 4036
f 4037 4042 4038
f 4042 4010 4038
f 4010 4039 4038
f 4011 4039 4010
f 4011 4013 4039
f 4040 3991 4070
f 4037 4041 4042
f 4040 4070 4045
f 4041 4012 4043
f 4042 4041 4043
f 4014 4042 4043
f 4045 4013 4044
f 4040 4045 4046
f 4045 4044 4046
f 4086 4047 3901
f 3879 4072 3998
f 3963 3999 4073
f 3964 4049 4102
f 4102 3902 3964
f 4102 4088 4074
f 4074 4088 4089
f 4051 4052 3883
f 3966 4020 4104
f 4093 4024 4053
f 4093 4075 4024
f 4024 4075 4055
f 4023 4000 4054
f 4000 4025 4076
f 4000 4076 4054
f 4076 4025 4057
f 4077 4026 4055
f 4077 3983 4026
f 4077 4056 3983
f 4056 4060 3971
f 4001 4061 4059
f 4061 4003 4079
f 4003 4004 4079
f 4062 4027 4063
f 4027 4062 4006
f 4004 4064 4079
f 4005 4006 4062
f 4099 4028 4005
f 4005 4062 4099
f 3988 4008 4064
f 4029 4111 4008
f 3974 4007 4100
f 3959 3975 4029
f 3974 4100 4030
f 4100 4082 4030
f 4030 4082 4031
f 3939 4031 4124
f 4032 3939 4124
f 4065 4033 4138
f 4034 4066 4033
f 3991 4035 4125
f 4035 4009 4125
f 4067 4066 4036
f 4066 4034 4036
f 4125 4070 3991
f 4039 4068 4038
f 4039 4085 4068
f 4039 4013 4069
f 4013 4070 4069
f 4067 4036 4041
f 4037 4067 4041
f 4068 4067 4037
f 4038 4068 4037
f 4070 4013 4045
f 3878 4113 4071
f 4048 3997 3962
f 3964 3998 4049
f 3999 4019 4128
f 3835 4050 4019
f 4089 4052 4051
f 3966 4104 4050
f 4104 4020 4090
f 4052 4053 3883
f 4021 4023 4091
f 4023 4054 4092
f 4075 4077 4055
f 4095 4057 4058
f 4058 4059 4095
f 4056 4106 4060
f 4059 4061 4097
f 4061 4079 4097
f 4063 4078 4107
f 4063 4027 4078
f 4062 4063 4109
f 4079 4064 4080
f 4080 4064 4081
f 4111 4081 4008
f 4008 4081 4064
f 4007 4028 4098
f 4028 4099 4098
f 4098 4100 4007
f 4083 4123 3975
f 4065 4138 4083
f 4033 4139 4138
f 4032 4084 4009
f 4032 4124 4084
f 4033 4066 4139
f 4066 4067 4101
f 4068 4085 4101
f 4125 4085 4069
f 4125 4069 4070
f 4101 4067 4068
f 4085 4039 4069
f 3943 4047 4017
f 4072 4071 4087
f 4114 4048 3962
f 4116 3999 4128
f 4089 4103 4052
f 4021 4142 4090
f 4091 4023 4092
f 4092 4054 4094
f 4105 4054 4076
f 4075 4144 4077
f 4076 4095 4105
f 4076 4057 4095
f 4056 4077 4106
f 4106 4077 4144
f 4095 4059 4096
f 4060 4106 4107
f 4060 4107 4078
f 4097 4121 4059
f 4079 4080 4097
f 4062 4109 4110
f 4062 4110 4099
f 4138 4123 4083
f 4124 4031 4082
f 4164 4066 4101
f 4009 4084 4125
f 4114 4086 4048
f 4072 4087 4115
f 3998 4072 4115
f 3962 4127 4114
f 3962 3944 4127
f 4073 3999 4116
f 4019 4050 4128
f 4088 4103 4089
f 4053 4052 4117
f 4021 4091 4142
f 4093 4053 4117
f 4093 4118 4075
f 4075 4118 4119
f 4054 4105 4094
f 4119 4144 4075
f 4105 4095 4096
f 4059 4121 4096
f 4135 4107 4120
f 4063 4107 4135
f 4097 4080 4122
f 4122 4121 4097
f 4063 4135 4109
f 4122 4080 4081
f 4081 4108 4122
f 4081 4111 4108
f 4099 4110 4098
f 4123 4029 3975
f 4066 4164 4139
f 4085 4125 4112
f 4085 4112 4101
f 4047 4086 4140
f 4017 4166 4113
f 4141 4086 4114
f 4073 4127 3944
f 4049 3998 4115
f 4168 4102 4049
f 4130 4104 4090
f 4052 4103 4117
f 4142 4091 4171
f 4118 4093 4117
f 4091 4092 4153
f 4092 4094 4153
f 4105 4096 4174
f 4174 4096 4121
f 4107 4133 4120
f 4157 4135 4120
f 4110 4147 4098
f 4149 4111 4029
f 4098 4147 4100
f 4149 4029 4123
f 4082 4100 4147
f 4017 4047 4140
f 4017 4140 4166
f 4126 4071 4113
f 4114 4127 4167
f 4127 4073 4152
f 4152 4073 4116
f 4116 4128 4183
f 4128 4050 4129
f 4170 4103 4088
f 4050 4104 4129
f 4104 4130 4129
f 4142 4130 4090
f 4171 4091 4153
f 4118 4131 4119
f 4105 4173 4094
f 4105 4174 4173
f 4106 4144 4132
f 4145 4133 4107
f 4106 4145 4107
f 4121 4176 4174
f 4133 4156 4120
f 4121 4146 4176
f 4156 4157 4120
f 4121 4122 4134
f 4134 4146 4121
f 4122 4108 4134
f 4109 4135 4136
f 4109 4137 4110
f 4136 4137 4109
f 4110 4137 4147
f 4108 4111 4149
f 4163 4124 4082
f 4163 4084 4124
f 4138 4139 4192
f 4112 4164 4101
f 4084 4165 4125
f 4113 4166 4126
f 4086 4141 4140
f 4087 4071 4126
f 4168 4169 4102
f 4116 4183 4152
f 4102 4169 4088
f 4183 4128 4198
f 4128 4129 4198
f 4117 4103 4202
f 4118 4154 4131
f 4154 4118 4117
f 4119 4131 4143
f 4132 4144 4119
f 4106 4132 4145
f 4157 4136 4135
f 4137 4148 4147
f 4108 4149 4159
f 4161 4147 4148
f 4149 4123 4160
f 4147 4161 4082
f 4162 4160 4123
f 4082 4161 4163
f 4123 4138 4162
f 4192 4139 4179
f 4125 4165 4112
f 4140 4141 4150
f 4140 4150 4166
f 4141 4114 4151
f 4114 4167 4151
f 4115 4087 4194
f 4182 4049 4115
f 4181 4127 4152
f 4168 4049 4182
f 4169 4170 4088
f 4185 4198 4129
f 4185 4129 4130
f 4185 4130 4172
f 4202 4103 4170
f 4142 4172 4130
f 4154 4117 4202
f 4155 4131 4154
f 4131 4155 4143
f 4153 4094 4189
f 4094 4173 4189
f 4175 4174 4176
f 4133 4145 4190
f 4133 4190 4156
f 4146 4177 4176
f 4146 4178 4177
f 4157 4156 4191
f 4134 4178 4146
f 4191 4158 4157
f 4157 4158 4136
f 4159 4178 4134
f 4159 4134 4108
f 4137 4136 4158
f 4148 4137 4158
f 4159 4149 4209
f 4149 4160 4243
f 4162 4138 4192
f 4139 4164 4179
f 4141 4215 4150
f 4087 4126 4216
f 4087 4216 4194
f 4115 4194 4182
f 4142 4171 4172
f 4172 4171 4186
f 4171 4153 4186
f 4154 4187 4155
f 4154 4202 4187
f 4153 4189 4186
f 4143 4155 4205
f 4189 4173 4222
f 4119 4143 4132
f 4156 4190 4191
f 4178 4159 4209
f 4243 4209 4149
f 4212 4165 4084
f 4112 4211 4164
f 4212 4112 4165
f 4150 4213 4166
f 4166 4213 4180
f 4126 4166 4180
f 4151 4215 4141
f 4216 4126 4180
f 4127 4181 4167
f 4152 4183 4197
f 4169 4184 4170
f 4198 4185 4218
f 4170 4184 4202
f 4172 4186 4201
f 4172 4201 4200
f 4201 4186 4203
f 4187 4237 4188
f 4237 4187 4202
f 4155 4187 4188
f 4203 4186 4189
f 4143 4206 4132
f 4222 4173 4175
f 4145 4132 4206
f 4173 4174 4175
f 4207 4175 4176
f 4207 4176 4177
f 4178 4224 4177
f 4191 4190 4208
f 4191 4241 4158
f 4148 4158 4241
f 4161 4277 4163
f 4277 4210 4163
f 4163 4210 4084
f 4112 4212 4211
f 4150 4215 4213
f 4215 4151 4252
f 4252 4167 4193
f 4252 4151 4167
f 4167 4181 4193
f 4182 4195 4168
f 4168 4195 4196
f 4196 4169 4168
f 4183 4198 4197
f 4184 4169 4196
f 4199 4218 4185
f 4199 4185 4200
f 4185 4172 4200
f 4237 4235 4220
f 4237 4202 4263
f 4188 4237 4220
f 4155 4188 4205
f 4204 4203 4189
f 4145 4206 4223
f 4190 4145 4223
f 4177 4224 4207
f 4190 4223 4208
f 4178 4209 4224
f 4208 4241 4191
f 4241 4244 4148
f 4161 4148 4244
f 4161 4245 4277
f 4192 4225 4162
f 4084 4210 4212
f 4164 4247 4179
f 4247 4164 4211
f 4213 4214 4180
f 4214 4251 4180
f 4213 4215 4249
f 4251 4216 4180
f 4194 4216 4217
f 4182 4194 4217
f 4181 4152 4228
f 4152 4197 4228
f 4228 4197 4229
f 4230 4196 4195
f 4197 4198 4218
f 4184 4263 4202
f 4219 4200 4201
f 4201 4221 4219
f 4201 4203 4221
f 4203 4204 4221
f 4189 4222 4204
f 4205 4240 4143
f 4143 4240 4206
f 4222 4175 4239
f 4207 4239 4175
f 4207 4224 4272
f 4241 4242 4244
f 4161 4244 4245
f 4243 4160 4333
f 4162 4333 4160
f 4333 4162 4225
f 4192 4246 4225
f 4192 4179 4246
f 4212 4279 4211
f 4249 4215 4252
f 4213 4249 4250
f 4214 4213 4250
f 4226 4216 4251
f 4217 4216 4226
f 4193 4254 4252
f 4193 4181 4254
f 4182 4217 4227
f 4182 4227 4195
f 4254 4181 4228
f 4227 4230 4195
f 4229 4197 4231
f 4197 4218 4231
f 4257 4196 4230
f 4184 4196 4257
f 4218 4199 4231
f 4199 4260 4231
f 4263 4184 4257
f 4295 4232 4266
f 4233 4259 4261
f 4200 4260 4199
f 4219 4260 4200
f 4295 4234 4232
f 4235 4262 4233
f 4234 4219 4221
f 4221 4232 4234
f 4233 4268 4235
f 4235 4268 4220
f 4221 4238 4232
f 4221 4204 4238
f 4269 4188 4220
f 4205 4188 4269
f 4223 4329 4208
f 4272 4224 4274
f 4224 4209 4274
f 4241 4208 4242
f 4209 4243 4274
f 4276 4243 4333
f 4225 4335 4333
f 4278 4210 4277
f 4335 4225 4246
f 4212 4210 4278
f 4179 4247 4246
f 4248 4211 4279
f 4211 4248 4247
f 4252 4253 4249
f 4253 4250 4249
f 4251 4214 4226
f 4253 4252 4255
f 4285 4217 4226
f 4254 4255 4252
f 4285 4288 4227
f 4285 4227 4217
f 4256 4254 4228
f 4229 4256 4228
f 4230 4227 4288
f 4290 4256 4229
f 4229 4231 4290
f 4291 4290 4231
f 4260 4291 4231
f 4264 4324 4266
f 4259 4258 4261
f 4295 4294 4234
f 4262 4259 4233
f 4257 4236 4263
f 4294 4260 4219
f 4234 4294 4219
f 4296 4264 4266
f 4233 4261 4265
f 4236 4262 4235
f 4263 4236 4237
f 4233 4265 4267
f 4233 4267 4268
f 4237 4236 4235
f 4232 4238 4296
f 4266 4232 4296
f 4220 4268 4269
f 4205 4269 4298
f 4204 4222 4270
f 4205 4298 4240
f 4222 4239 4270
f 4299 4270 4239
f 4239 4207 4299
f 4207 4301 4299
f 4240 4300 4206
f 4223 4300 4271
f 4206 4300 4223
f 4207 4272 4301
f 4208 4329 4273
f 4223 4271 4329
f 4273 4242 4208
f 4276 4274 4243
f 4244 4275 4245
f 4242 4275 4244
f 4279 4212 4278
f 4253 4280 4250
f 4250 4282 4214
f 4281 4250 4280
f 4282 4250 4281
f 4282 4226 4214
f 4280 4253 4255
f 4286 4226 4282
f 4286 4285 4226
f 4280 4255 4283
f 4284 4282 4281
f 4255 4254 4287
f 4306 4255 4287
f 4283 4255 4306
f 4284 4286 4282
f 4285 4286 4288
f 4288 4286 4289
f 4254 4256 4287
f 4317 4287 4256
f 4256 4290 4317
f 4317 4290 4291
f 4291 4321 4317
f 4289 4257 4288
f 4288 4257 4230
f 4294 4321 4291
f 4294 4295 4321
f 4321 4295 4322
f 4292 4258 4323
f 4323 4258 4259
f 4293 4323 4259
f 4257 4293 4236
f 4294 4291 4260
f 4322 4295 4266
f 4266 4324 4322
f 4262 4293 4259
f 4236 4293 4262
f 4264 4327 4326
f 4264 4296 4327
f 4267 4297 4268
f 4268 4297 4328
f 4269 4268 4328
f 4204 4270 4238
f 4298 4300 4240
f 4300 4347 4271
f 4301 4272 4302
f 4272 4274 4302
f 4273 4332 4242
f 4302 4274 4276
f 4242 4332 4275
f 4245 4275 4303
f 4245 4303 4277
f 4277 4303 4278
f 4335 4246 4350
f 4247 4350 4246
f 4350 4247 4304
f 4248 4279 4305
f 4336 4279 4278
f 4248 4304 4247
f 4280 4283 4281
f 4283 4284 4281
f 4309 4306 4287
f 4307 4283 4306
f 4284 4283 4307
f 4308 4284 4307
f 4286 4284 4308
f 4310 4306 4309
f 4307 4306 4310
f 4311 4307 4310
f 4308 4307 4311
f 4312 4308 4311
f 4286 4308 4316
f 4316 4308 4312
f 4289 4286 4316
f 4309 4287 4318
f 4313 4310 4319
f 4319 4310 4309
f 4311 4310 4313
f 4314 4311 4313
f 4312 4311 4314
f 4315 4312 4314
f 4312 4315 4316
f 4318 4287 4317
f 4309 4318 4319
f 4315 4320 4316
f 4319 4318 4325
f 4318 4317 4321
f 4322 4318 4321
f 4325 4318 4322
f 4316 4320 4323
f 4289 4316 4323
f 4324 4325 4322
f 4323 4320 4292
f 4289 4323 4293
f 4257 4289 4293
f 4258 4339 4261
f 4324 4264 4326
f 4261 4339 4265
f 4339 4340 4265
f 4265 4340 4267
f 4340 4297 4267
f 4296 4238 4342
f 4296 4342 4327
f 4342 4238 4270
f 4343 4269 4328
f 4344 4342 4270
f 4298 4269 4343
f 4299 4344 4270
f 4299 4301 4330
f 4271 4347 4329
f 4329 4331 4273
f 4273 4331 4332
f 4275 4332 4348
f 4275 4348 4303
f 4333 4334 4276
f 4333 4335 4334
f 4336 4278 4370
f 4303 4370 4278
f 4305 4279 4372
f 4372 4279 4336
f 4305 4304 4248
f 4313 4337 4314
f 4337 4338 4314
f 4313 4319 4337
f 4337 4319 4352
f 4315 4314 4338
f 4315 4338 4360
f 4360 4320 4315
f 4319 4325 4352
f 4320 4360 4292
f 4352 4325 4326
f 4325 4324 4326
f 4292 4339 4258
f 4326 4327 4341
f 4327 4366 4341
f 4327 4342 4366
f 4297 4387 4328
f 4346 4298 4343
f 4344 4299 4345
f 4298 4346 4300
f 4345 4299 4330
f 4346 4347 4300
f 4347 4346 4331
f 4331 4329 4347
f 4301 4302 4368
f 4368 4330 4301
f 4349 4368 4302
f 4302 4276 4349
f 4276 4334 4349
f 4405 4334 4350
f 4334 4335 4350
f 4304 4351 4350
f 4305 4351 4304
f 4352 4353 4337
f 4337 4353 4338
f 4353 4354 4338
f 4354 4360 4338
f 4353 4352 4356
f 4355 4353 4356
f 4354 4353 4358
f 4358 4353 4355
f 4354 4373 4360
f 4352 4326 4380
f 4356 4352 4380
f 4355 4356 4357
f 4362 4358 4355
f 4379 4358 4362
f 4374 4357 4359
f 4355 4357 4374
f 4292 4360 4339
f 4361 4356 4380
f 4357 4356 4363
f 4363 4356 4361
f 4364 4357 4363
f 4359 4357 4364
f 4365 4360 4373
f 4360 4365 4339
f 4364 4363 4377
f 4339 4365 4340
f 4380 4326 4341
f 4365 4385 4340
f 4385 4387 4340
f 4387 4297 4340
f 4342 4344 4366
f 4366 4344 4388
f 4387 4343 4328
f 4346 4343 4367
f 4388 4345 4390
f 4388 4344 4345
f 4331 4346 4367
f 4391 4330 4368
f 4368 4349 4395
f 4394 4332 4331
f 4348 4332 4394
f 4348 4369 4303
f 4334 4405 4349
f 4403 4370 4369
f 4369 4370 4303
f 4405 4351 4371
f 4351 4405 4350
f 4371 4372 4408
f 4408 4336 4407
f 4370 4407 4336
f 4372 4371 4351
f 4336 4408 4372
f 4372 4351 4305
f 4354 4358 4373
f 4374 4362 4355
f 4376 4359 4375
f 4374 4359 4376
f 4409 4374 4376
f 4362 4374 4409
f 4362 4409 4410
f 4373 4358 4379
f 4364 4377 4378
f 4359 4364 4378
f 4359 4378 4375
f 4379 4362 4410
f 4377 4363 4382
f 4382 4363 4361
f 4378 4377 4382
f 4410 4383 4379
f 4381 4361 4380
f 4381 4382 4361
f 4383 4385 4373
f 4383 4373 4379
f 4380 4341 4384
f 4381 4380 4384
f 4365 4373 4385
f 4366 4384 4341
f 4387 4385 4415
f 4366 4414 4384
f 4414 4366 4386
f 4388 4386 4366
f 4387 4389 4343
f 4343 4389 4367
f 4390 4345 4391
f 4345 4330 4391
f 4419 4390 4391
f 4392 4419 4391
f 4421 4367 4418
f 4367 4421 4331
f 4368 4392 4391
f 4331 4421 4394
f 4392 4368 4395
f 4394 4403 4369
f 4348 4394 4369
f 4401 4396 4397
f 4403 4393 4402
f 4402 4393 4396
f 4395 4349 4405
f 4398 4395 4405
f 4404 4424 4398
f 4399 4424 4404
f 4402 4396 4401
f 4406 4399 4404
f 4400 4399 4406
f 4401 4400 4406
f 4402 4401 4406
f 4404 4398 4405
f 4403 4402 4370
f 4370 4402 4407
f 4371 4404 4405
f 4406 4404 4371
f 4408 4406 4371
f 4402 4406 4407
f 4407 4406 4408
f 4375 4412 4376
f 4378 4411 4375
f 4375 4411 4412
f 4411 4378 4382
f 4381 4411 4382
f 4430 4383 4410
f 4383 4430 4413
f 4383 4413 4385
f 4414 4381 4384
f 4413 4415 4385
f 4415 4416 4387
f 4388 4434 4386
f 4389 4443 4417
f 4389 4416 4443
f 4389 4387 4416
f 4434 4388 4390
f 4435 4434 4390
f 4389 4417 4418
f 4389 4418 4367
f 4390 4419 4435
f 4435 4419 4423
f 4423 4419 4392
f 4418 4420 4421
f 4423 4392 4395
f 4426 4435 4423
f 4420 4425 4422
f 4421 4420 4422
f 4394 4421 4422
f 4426 4423 4424
f 4425 4393 4422
f 4423 4395 4398
f 4424 4423 4398
f 4424 4427 4426
f 4397 4396 4425
f 4393 4425 4396
f 4393 4403 4422
f 4394 4422 4403
f 4424 4399 4427
f 4399 4400 4427
f 4427 4400 4428
f 4428 4401 4397
f 4401 4428 4400
f 4376 4412 4429
f 4409 4376 4429
f 4409 4429 4438
f 4410 4409 4438
f 4410 4438 4430
f 4381 4439 4411
f 4414 4439 4381
f 4413 4430 4431
f 4433 4413 4431
f 4433 4415 4413
f 4439 4414 4432
f 4414 4386 4432
f 4415 4433 4416
f 4433 4441 4416
f 4444 4434 4445
f 4443 4446 4417
f 4434 4435 4445
f 4446 4418 4417
f 4446 4420 4418
f 4436 4445 4435
f 4426 4436 4435
f 4437 4436 4426
f 4426 4449 4437
f 4450 4397 4448
f 4448 4397 4425
f 4427 4449 4426
f 4428 4453 4427
f 4427 4453 4449
f 4397 4453 4428
f 4397 4450 4453
f 4456 4412 4411
f 4451 4429 4412
f 4438 4429 4451
f 4456 4411 4439
f 4439 4432 4440
f 4442 4440 4432
f 4432 4386 4442
f 4386 4434 4442
f 4443 4416 4441
f 4442 4434 4444
f 4420 4446 4447
f 4447 4425 4420
f 4447 4448 4425
f 4412 4456 4454
f 4454 4451 4412
f 4438 4455 4430
f 4430 4455 4431
f 4431 4455 4466
f 4431 4466 4458
f 4439 4459 4456
f 4439 4440 4459
f 4431 4458 4433
f 4460 4433 4458
f 4433 4460 4441
f 4442 4474 4471
f 4460 4476 4441
f 4476 4443 4441
f 4461 4474 4444
f 4446 4443 4476
f 4444 4445 4461
f 4445 4436 4479
f 4436 4480 4479
f 4446 4462 4447
f 4436 4437 4480
f 4437 4531 4480
f 4452 4448 4447
f 4437 4449 4531
f 4449 4464 4531
f 4450 4481 4453
f 4481 4450 4448
f 4449 4453 4464
f 4451 4455 4438
f 4465 4451 4454
f 4455 4451 4465
f 4454 4456 4457
f 4468 4456 4459
f 4457 4456 4468
f 4440 4471 4459
f 4440 4442 4471
f 4444 4474 4442
f 4446 4476 4462
f 4461 4445 4479
f 4462 4463 4447
f 4452 4505 4448
f 4464 4453 4481
f 4448 4505 4481
f 4465 4454 4457
f 4467 4466 4455
f 4472 4465 4457
f 4455 4465 4472
f 4467 4455 4472
f 4471 4468 4459
f 4457 4468 4472
f 4467 4472 4469
f 4466 4467 4458
f 4469 4472 4470
f 4458 4467 4473
f 4458 4473 4460
f 4467 4469 4499
f 4468 4471 4496
f 4496 4471 4474
f 4495 4468 4496
f 4472 4468 4495
f 4470 4472 4495
f 4499 4473 4467
f 4460 4473 4476
f 4469 4470 4475
f 4461 4478 4474
f 4476 4477 4462
f 4476 4473 4477
f 4461 4479 4478
f 4462 4477 4503
f 4503 4463 4462
f 4452 4447 4463
f 4483 4482 4514
f 4483 4487 4482
f 4485 4484 4482
f 4482 4486 4485
f 4487 4486 4482
f 4487 4491 4486
f 4490 4486 4491
f 4486 4489 4485
f 4486 4490 4489
f 4491 4487 4488
f 4544 4521 4489
f 4489 4490 4492
f 4491 4494 4493
f 4495 4475 4470
f 4499 4469 4475
f 4473 4499 4477
f 4495 4496 4500
f 4497 4495 4500
f 4475 4495 4497
f 4498 4475 4497
f 4499 4475 4498
f 4501 4499 4498
f 4478 4496 4474
f 4478 4500 4496
f 4477 4499 4501
f 4502 4500 4478
f 4503 4477 4501
f 4502 4478 4479
f 4479 4480 4530
f 4479 4530 4502
f 4463 4503 4553
f 4530 4480 4504
f 4463 4553 4452
f 4504 4480 4531
f 4452 4553 4505
f 4533 4506 4508
f 4508 4507 4538
f 4506 4512 4508
f 4511 4538 4510
f 4507 4510 4538
f 4512 4507 4508
f 4509 4512 4506
f 4509 4513 4512
f 4513 4509 4540
f 4512 4514 4507
f 4513 4514 4512
f 4507 4484 4510
f 4507 4514 4484
f 4562 4513 4540
f 4518 4511 4510
f 4519 4511 4518
f 4484 4518 4510
f 4513 4515 4514
f 4515 4513 4562
f 4514 4482 4484
f 4515 4483 4514
f 4515 4517 4483
f 4516 4517 4515
f 4520 4519 4518
f 4484 4520 4518
f 4517 4487 4483
f 4484 4485 4520
f 4517 4488 4487
f 4488 4517 4516
f 4544 4519 4520
f 4522 4488 4516
f 4521 4544 4520
f 4520 4485 4521
f 4485 4489 4521
f 4488 4523 4491
f 4523 4488 4522
f 4489 4524 4544
f 4489 4492 4524
f 4490 4525 4492
f 4525 4490 4493
f 4490 4491 4493
f 4494 4491 4523
f 4492 4545 4524
f 4525 4545 4492
f 4494 4525 4493
f 4497 4500 4527
f 4500 4526 4527
f 4498 4497 4527
f 4498 4527 4528
f 4501 4498 4552
f 4498 4528 4552
f 4500 4551 4526
f 4502 4551 4500
f 4552 4529 4503
f 4552 4503 4501
f 4502 4577 4551
f 4530 4577 4502
f 4553 4503 4529
f 4505 4553 4607
f 4555 4533 4532
f 4534 4506 4533
f 4532 4508 4536
f 4533 4508 4532
f 4535 4506 4534
f 4509 4506 4535
f 4539 4536 4538
f 4508 4538 4536
f 4509 4535 4537
f 4538 4511 4539
f 4509 4537 4540
f 4561 4539 4511
f 4561 4511 4585
f 4585 4511 4519
f 4562 4541 4515
f 4585 4519 4564
f 4564 4519 4543
f 4515 4541 4516
f 4541 4542 4516
f 4519 4544 4543
f 4542 4522 4516
f 4543 4544 4566
f 4522 4568 4523
f 4569 4544 4524
f 4524 4545 4569
f 4545 4525 4546
f 4546 4525 4547
f 4525 4494 4547
f 4591 4547 4494
f 4523 4591 4494
f 4527 4573 4548
f 4549 4573 4526
f 4573 4527 4526
f 4528 4527 4548
f 4552 4548 4574
f 4552 4528 4548
f 4550 4552 4574
f 4550 4574 4603
f 4551 4549 4526
f 4552 4550 4529
f 4577 4530 4605
f 4504 4605 4530
f 4554 4504 4531
f 4606 4607 4553
f 4607 4481 4505
f 4464 4578 4531
f 4481 4578 4464
f 4481 4608 4578
f 4558 4555 4532
f 4533 4555 4556
f 4534 4533 4556
f 4534 4556 4557
f 4532 4536 4558
f 4558 4536 4629
f 4534 4557 4535
f 4536 4559 4629
f 4539 4582 4559
f 4539 4559 4536
f 4539 4583 4582
f 4537 4560 4540
f 4539 4561 4583
f 4540 4560 4562
f 4562 4563 4541
f 4541 4563 4542
f 4564 4543 4566
f 4563 4565 4542
f 4542 4565 4522
f 4566 4544 4567
f 4565 4568 4522
f 4567 4544 4569
f 4523 4568 4592
f 4570 4569 4545
f 4545 4546 4570
f 4591 4523 4592
f 4546 4593 4570
f 4546 4571 4593
f 4547 4571 4546
f 4547 4591 4571
f 4548 4573 4572
f 4574 4548 4572
f 4602 4603 4574
f 4573 4549 4599
f 4575 4662 4549
f 4550 4603 4604
f 4551 4575 4549
f 4577 4575 4551
f 4576 4550 4604
f 4550 4576 4529
f 4576 4606 4529
f 4529 4606 4553
f 4695 4605 4504
f 4531 4578 4554
f 4481 4607 4608
f 4580 4555 4558
f 4555 4580 4625
f 4556 4555 4626
f 4555 4625 4626
f 4557 4556 4579
f 4556 4626 4579
f 4557 4579 4581
f 4580 4558 4629
f 4557 4581 4535
f 4581 4631 4535
f 4537 4535 4631
f 4631 4635 4537
f 4537 4635 4560
f 4560 4584 4562
f 4583 4561 4640
f 4585 4640 4561
f 4563 4562 4584
f 4586 4640 4585
f 4584 4645 4563
f 4585 4564 4586
f 4564 4566 4587
f 4563 4645 4565
f 4566 4567 4588
f 4565 4589 4568
f 4567 4569 4588
f 4568 4589 4592
f 4592 4589 4595
f 4569 4590 4588
f 4656 4595 4589
f 4659 4588 4598
f 4590 4598 4588
f 4569 4570 4590
f 4593 4571 4594
f 4571 4591 4594
f 4594 4591 4595
f 4592 4595 4591
f 4593 4596 4570
f 4596 4590 4570
f 4594 4597 4593
f 4597 4596 4593
f 4595 4597 4594
f 4596 4598 4590
f 4602 4597 4595
f 4656 4602 4595
f 4598 4599 4659
f 4597 4572 4596
f 4602 4572 4597
f 4656 4600 4602
f 4600 4656 4658
f 4573 4599 4598
f 4599 4662 4659
f 4596 4573 4598
f 4572 4573 4596
f 4574 4572 4602
f 4603 4602 4600
f 4601 4603 4600
f 4599 4549 4662
f 4604 4603 4601
f 4575 4577 4664
f 4664 4577 4605
f 4504 4554 4695
f 4578 4714 4554
f 4578 4665 4714
f 4608 4665 4578
f 4607 4696 4608
f 4611 4609 4610
f 4610 4614 4611
f 4611 4616 4666
f 4612 4614 4610
f 4613 4668 4666
f 4666 4616 4613
f 4611 4614 4616
f 4612 4615 4614
f 4614 4617 4616
f 4619 4617 4614
f 4672 4616 4617
f 4615 4619 4614
f 4612 4623 4615
f 4616 4618 4613
f 4672 4618 4616
f 4623 4620 4615
f 4620 4619 4615
f 4619 4620 4677
f 4613 4618 4671
f 4618 4624 4671
f 4673 4618 4672
f 4675 4623 4612
f 4677 4620 4622
f 4673 4624 4618
f 4675 4681 4623
f 4673 4684 4624
f 4684 4628 4624
f 4624 4683 4621
f 4623 4630 4620
f 4685 4579 4626
f 4627 4622 4620
f 4630 4627 4620
f 4630 4623 4681
f 4628 4684 4580
f 4581 4627 4631
f 4581 4579 4627
f 4630 4631 4627
f 4628 4633 4624
f 4580 4629 4628
f 4628 4559 4633
f 4559 4634 4633
f 4629 4559 4628
f 4630 4635 4631
f 4636 4635 4630
f 4633 4637 4632
f 4634 4637 4633
f 4559 4582 4634
f 4634 4582 4637
f 4582 4583 4637
f 4642 4560 4635
f 4636 4642 4635
f 4641 4638 4632
f 4637 4639 4632
f 4639 4641 4632
f 4583 4639 4637
f 4642 4584 4560
f 4642 4636 4686
f 4583 4640 4639
f 4642 4649 4584
f 4643 4642 4686
f 4639 4644 4641
f 4640 4644 4639
f 4640 4586 4644
f 4645 4584 4649
f 4648 4642 4643
f 4644 4647 4641
f 4586 4647 4644
f 4648 4649 4642
f 4646 4648 4643
f 4586 4564 4647
f 4647 4653 4641
f 4649 4651 4645
f 4564 4587 4647
f 4653 4650 4641
f 4690 4650 4653
f 4645 4651 4565
f 4587 4566 4647
f 4566 4588 4647
f 4565 4651 4589
f 4649 4652 4651
f 4648 4652 4649
f 4647 4588 4653
f 4588 4654 4653
f 4652 4656 4651
f 4656 4589 4651
f 4655 4656 4652
f 4588 4659 4654
f 4657 4655 4652
f 4658 4656 4655
f 4658 4601 4600
f 4692 4601 4658
f 4662 4660 4659
f 4663 4660 4662
f 4692 4661 4601
f 4662 4575 4663
f 4604 4601 4661
f 4663 4575 4664
f 4604 4661 4576
f 4693 4664 4605
f 4576 4694 4606
f 4607 4606 4696
f 4696 4606 4730
f 4665 4608 4696
f 4697 4610 4609
f 4611 4666 4609
f 4610 4667 4612
f 4612 4667 4669
f 4617 4670 4672
f 4613 4671 4668
f 4670 4617 4719
f 4619 4719 4617
f 4675 4612 4669
f 4698 4675 4669
f 4619 4674 4719
f 4674 4619 4677
f 4673 4672 4676
f 4676 4672 4670
f 4671 4624 4621
f 4677 4678 4674
f 4622 4680 4678
f 4622 4678 4677
f 4681 4675 4698
f 4682 4681 4698
f 4684 4673 4676
f 4684 4676 4679
f 4580 4684 4679
f 4626 4702 4703
f 4626 4703 4685
f 4685 4742 4680
f 4622 4627 4680
f 4681 4636 4630
f 4682 4636 4681
f 4680 4579 4685
f 4627 4579 4680
f 4722 4683 4638
f 4632 4638 4683
f 4624 4633 4632
f 4683 4624 4632
f 4682 4686 4636
f 4686 4682 4705
f 4687 4722 4638
f 4708 4686 4705
f 4650 4687 4638
f 4638 4641 4650
f 4643 4686 4708
f 4689 4643 4708
f 4646 4643 4689
f 4688 4687 4650
f 4690 4688 4650
f 4653 4654 4690
f 4646 4657 4648
f 4711 4646 4689
f 4657 4646 4711
f 4648 4657 4652
f 4691 4688 4690
f 4660 4691 4690
f 4690 4654 4660
f 4654 4659 4660
f 4657 4658 4655
f 4658 4657 4711
f 4658 4711 4692
f 4691 4660 4663
f 4692 4725 4661
f 4661 4725 4727
f 4663 4664 4728
f 4727 4694 4661
f 4661 4694 4576
f 4605 4695 4693
f 4695 4554 4750
f 4610 4697 4733
f 4666 4734 4715
f 4609 4666 4715
f 4610 4733 4716
f 4668 4735 4734
f 4666 4668 4734
f 4667 4610 4716
f 4716 4717 4667
f 4667 4717 4669
f 4669 4717 4718
f 4668 4671 4735
f 4669 4718 4698
f 4735 4621 4699
f 4735 4671 4621
f 4719 4674 4740
f 4670 4700 4676
f 4700 4720 4676
f 4678 4740 4674
f 4699 4621 4683
f 4720 4679 4676
f 4698 4718 4682
f 4718 4701 4682
f 4683 4722 4699
f 4680 4742 4678
f 4580 4679 4721
f 4625 4580 4721
f 4626 4625 4702
f 4685 4703 4742
f 4704 4705 4682
f 4704 4682 4701
f 4722 4687 4706
f 4708 4705 4704
f 4707 4708 4704
f 4744 4708 4707
f 4689 4708 4744
f 4706 4687 4709
f 4710 4689 4744
f 4687 4688 4709
f 4709 4688 4713
f 4689 4710 4724
f 4689 4712 4711
f 4712 4689 4724
f 4688 4691 4713
f 4724 4711 4712
f 4711 4724 4725
f 4691 4663 4713
f 4713 4663 4726
f 4711 4725 4692
f 4726 4663 4728
f 4693 4728 4664
f 4695 4749 4693
f 4694 4763 4606
f 4763 4730 4606
f 4695 4729 4749
f 4695 4750 4729
f 4696 4730 4751
f 4750 4554 4714
f 4665 4765 4714
f 4696 4751 4665
f 4665 4751 4765
f 4697 4609 4731
f 4697 4731 4732
f 4731 4609 4715
f 4732 4733 4697
f 4699 4738 4735
f 4739 4700 4670
f 4670 4719 4739
f 4773 4740 4678
f 4754 4701 4718
f 4699 4722 4723
f 4679 4720 4741
f 4679 4741 4721
f 4625 4721 4702
f 4701 4758 4704
f 4758 4707 4704
f 4723 4722 4706
f 4743 4723 4706
f 4745 4743 4706
f 4709 4745 4706
f 4746 4745 4709
f 4713 4746 4709
f 4748 4746 4713
f 4724 4761 4725
f 4713 4726 4748
f 4748 4726 4786
f 4725 4761 4727
f 4827 4726 4728
f 4735 4769 4734
f 4735 4736 4769
f 4718 4717 4737
f 4735 4738 4736
f 4718 4737 4754
f 4719 4835 4739
f 4740 4835 4719
f 4738 4699 4756
f 4723 4756 4699
f 4678 4742 4773
f 4721 4741 4774
f 4721 4774 4775
f 4721 4775 4702
f 4701 4778 4758
f 4744 4747 4710
f 4710 4747 4724
f 4747 4785 4724
f 4785 4761 4724
f 4786 4726 4827
f 4694 4727 4787
f 4694 4787 4763
f 4765 4750 4714
f 4794 4765 4751
f 4731 4766 4732
f 4768 4731 4715
f 4734 4768 4715
f 4752 4716 4733
f 4753 4716 4752
f 4753 4717 4716
f 4717 4753 4737
f 4700 4739 4755
f 4740 4812 4835
f 4700 4755 4720
f 4754 4772 4701
f 4771 4720 4755
f 4720 4771 4741
f 4771 4757 4741
f 4773 4742 4868
f 4741 4757 4774
f 4703 4702 4776
f 4868 4742 4703
f 4776 4868 4703
f 4758 4759 4707
f 4707 4759 4744
f 4759 4782 4744
f 4743 4745 4760
f 4744 4782 4747
f 4745 4746 4760
f 4760 4746 4783
f 4746 4748 4783
f 4783 4748 4824
f 4824 4748 4786
f 4761 4788 4727
f 4788 4787 4727
f 4790 4827 4728
f 4728 4693 4790
f 4693 4749 4790
f 4763 4787 4764
f 4749 4729 4762
f 4763 4764 4793
f 4793 4730 4763
f 4762 4729 4792
f 4729 4750 4792
f 4793 4751 4730
f 4792 4750 4765
f 4766 4731 4768
f 4732 4766 4767
f 4733 4732 4767
f 4767 4752 4733
f 4734 4799 4768
f 4769 4799 4734
f 4753 4752 4801
f 4736 4803 4769
f 4806 4803 4736
f 4736 4738 4806
f 4806 4738 4770
f 4833 4755 4739
f 4738 4756 4770
f 4812 4740 4773
f 4702 4775 4840
f 4702 4840 4776
f 4701 4772 4778
f 4772 4816 4778
f 4756 4723 4777
f 4723 4743 4777
f 4777 4743 4779
f 4758 4778 4759
f 4778 4819 4759
f 4779 4743 4781
f 4819 4780 4759
f 4759 4780 4782
f 4743 4760 4781
f 4781 4760 4846
f 4846 4760 4823
f 4782 4822 4747
f 4822 4784 4747
f 4760 4783 4823
f 4747 4784 4785
f 4785 4853 4761
f 4761 4853 4788
f 4787 4788 4789
f 4791 4790 4749
f 4764 4787 4789
f 4749 4762 4791
f 4764 4830 4793
f 4860 4751 4793
f 4792 4765 4858
f 4858 4765 4794
f 4751 4860 4794
f 4797 4767 4796
f 4767 4766 4796
f 4800 4795 4768
f 4795 4766 4768
f 4796 4766 4795
f 4767 4797 4798
f 4767 4798 4752
f 4800 4768 4799
f 4799 4769 4802
f 4753 4801 4804
f 4802 4769 4803
f 4753 4804 4737
f 4806 4805 4803
f 4737 4804 4808
f 4806 4770 4807
f 4739 4835 4833
f 4737 4808 4754
f 4770 4810 4807
f 4833 4888 4755
f 4754 4808 4809
f 4809 4772 4754
f 4770 4756 4810
f 4755 4888 4866
f 4755 4866 4771
f 4771 4866 4811
f 4809 4815 4772
f 4756 4813 4810
f 4771 4811 4757
f 4773 4868 4812
f 4757 4811 4839
f 4774 4757 4839
f 4775 4774 4839
f 4775 4839 4840
f 4776 4840 4814
f 4814 4868 4776
f 4815 4816 4772
f 4844 4813 4756
f 4816 4815 4841
f 4816 4818 4778
f 4777 4779 4817
f 4817 4779 4820
f 4778 4818 4819
f 4779 4781 4820
f 4819 4872 4780
f 4820 4781 4846
f 4821 4780 4872
f 4782 4780 4821
f 4782 4847 4822
f 4822 4851 4784
f 4823 4783 4849
f 4849 4783 4824
f 4784 4851 4785
f 4851 4825 4785
f 4824 4786 4901
f 4901 4786 4852
f 4785 4825 4853
f 4852 4786 4828
f 4827 4828 4786
f 4855 4788 4826
f 4827 4790 4828
f 4788 4855 4789
f 4829 4828 4790
f 4790 4791 4829
f 4878 4829 4791
f 4764 4856 4830
f 4789 4856 4764
f 4830 4831 4793
f 4857 4762 4792
f 4857 4792 4858
f 4858 4794 4859
f 4794 4860 4859
f 4860 4793 4831
f 4797 4796 4861
f 4797 4861 4798
f 4799 4862 4800
f 4832 4752 4798
f 4752 4832 4801
f 4862 4799 4802
f 4863 4862 4802
f 4804 4801 4884
f 4863 4802 4803
f 4803 4864 4863
f 4803 4805 4864
f 4806 4834 4805
f 4805 4834 4864
f 4806 4807 4834
f 4885 4887 4833
f 4833 4835 4885
f 4834 4807 4836
f 4887 4888 4833
f 4838 4809 4808
f 4836 4807 4810
f 4837 4835 4812
f 4836 4810 4867
f 4812 4889 4837
f 4809 4838 4815
f 4810 4813 4867
f 4812 4868 4889
f 4838 4841 4815
f 4813 4844 4867
f 4839 4811 4842
f 4920 4839 4842
f 4843 4840 4839
f 4814 4840 4843
f 4869 4814 4843
f 4868 4814 4869
f 4756 4777 4844
f 4818 4816 4841
f 4777 4817 4844
f 4817 4870 4844
f 4845 4870 4817
f 4820 4845 4817
f 4819 4818 4872
f 4820 4846 4845
f 4847 4782 4821
f 4823 4898 4846
f 4848 4822 4847
f 4822 4848 4851
f 4851 4848 4850
f 4926 4849 4824
f 4926 4824 4901
f 4825 4851 4850
f 4853 4854 4788
f 4854 4826 4788
f 4874 4828 4829
f 4878 4874 4829
f 4855 4856 4789
f 4830 4856 4875
f 4791 4762 4878
f 4857 4878 4762
f 4830 4877 4831
f 4859 4857 4858
f 4879 4857 4859
f 4831 4879 4860
f 4860 4879 4859
f 4795 4861 4796
f 4880 4798 4861
f 4832 4798 4880
f 4832 4880 4882
f 4832 4882 4801
f 4862 4863 4910
f 4801 4882 4884
f 4884 4808 4804
f 4864 4834 4865
f 4886 4808 4884
f 4885 4835 4837
f 4834 4836 4865
f 4886 4838 4808
f 4867 4865 4836
f 4917 4889 4868
f 4892 4811 4890
f 4811 4892 4842
f 4920 4843 4839
f 4869 4917 4868
f 4867 4844 4870
f 4920 4842 4892
f 4841 4871 4818
f 4870 4845 4894
f 4818 4871 4872
f 4845 4846 4894
f 4821 4872 4924
f 4821 4873 4847
f 4846 4898 4894
f 4898 4899 4894
f 4847 4873 4848
f 4848 4873 4850
f 4873 4902 4850
f 4898 4823 4849
f 4899 4898 4849
f 4926 4899 4849
f 4850 4902 4825
f 4902 4929 4825
f 4853 4825 4929
f 4852 4903 4901
f 4903 4852 4828
f 4828 4874 4903
f 4905 4906 4826
f 4826 4906 4855
f 4855 4906 4875
f 4930 4874 4878
f 4855 4875 4856
f 4857 4876 4878
f 4879 4876 4857
f 4877 4879 4831
f 4830 4875 4877
f 4795 4880 4861
f 4795 4800 4881
f 4880 4795 4881
f 4862 4910 4800
f 4910 4881 4800
f 4863 4883 4910
f 4863 4864 4883
f 4865 4883 4864
f 4885 4912 4887
f 4885 4837 4912
f 4838 4886 4915
f 4952 4865 4891
f 4865 4867 4891
f 4811 4866 4890
f 4838 4915 4841
f 4867 4870 4891
f 4890 4916 4892
f 4920 4921 4843
f 4921 4869 4843
f 4869 4918 4917
f 4893 4841 4915
f 4918 4869 4921
f 4871 4841 4893
f 4895 4871 4893
f 4894 4896 4870
f 4871 4895 4872
f 4872 4895 4924
f 4821 4897 4873
f 4897 4902 4873
f 4900 4902 4897
f 4929 4902 4900
f 4926 4901 4903
f 4929 4854 4853
f 4975 4826 4854
f 4977 4903 4874
f 4977 4874 4930
f 4904 4905 4975
f 4826 4975 4905
f 4906 4904 4908
f 4905 4904 4906
f 4906 4908 4875
f 4930 4878 4876
f 4933 4876 4907
f 4908 4907 4879
f 4877 4908 4879
f 4875 4908 4877
f 4879 4907 4876
f 4880 4881 4935
f 4935 4909 4880
f 4910 4936 4881
f 4935 4881 4937
f 4880 4909 4882
f 4937 4881 4936
f 4883 4940 4910
f 4936 4910 4940
f 4882 4911 4884
f 4938 4942 4912
f 4883 4865 4940
f 4942 4941 4887
f 4912 4942 4887
f 4884 4911 4886
f 4943 4912 4837
f 4886 4911 4914
f 4941 4888 4887
f 4940 4865 4952
f 4945 4888 4941
f 4949 4943 4837
f 4886 4914 4915
f 4888 4945 4913
f 4888 4913 4866
f 4837 4889 4949
f 4866 4913 4890
f 4917 4949 4889
f 4952 4891 4954
f 4916 4890 4913
f 4891 4870 4960
f 4959 4915 4914
f 4916 4919 4892
f 4957 4917 4918
f 4893 4915 4959
f 4961 4892 4919
f 4920 4892 4961
f 4918 4921 4922
f 4957 4918 4922
f 4960 4870 4896
f 4896 4970 4960
f 4968 4924 4923
f 4895 4923 4924
f 4896 4894 4899
f 4970 4896 4899
f 4821 4924 4897
f 4897 4924 4968
f 4972 4970 4899
f 4925 4897 4968
f 4900 4897 4925
f 4926 4972 4899
f 4929 4900 4925
f 4903 4927 4926
f 4929 4974 4975
f 4927 4903 4977
f 4976 4931 4930
f 4976 4930 4932
f 4973 4932 4928
f 4975 4854 4929
f 4977 4930 4931
f 4928 4932 4933
f 4904 4995 4928
f 4996 4904 4975
f 4932 4930 4933
f 4934 4928 4933
f 4904 4928 4934
f 4904 4934 4908
f 4876 4933 4930
f 4934 4933 4907
f 4908 4934 4907
f 4935 4937 4938
f 4946 4935 4938
f 4909 4935 4946
f 4911 4909 4946
f 4909 4911 4882
f 4940 4939 4936
f 4937 4936 4939
f 4942 4937 4939
f 4938 4937 4942
f 4939 4940 4944
f 4942 4939 4941
f 4912 4943 4938
f 4946 4938 4943
f 4939 4944 4941
f 4941 4944 4945
f 4946 4943 4947
f 4911 4946 4953
f 4953 4946 4947
f 4914 4911 4953
f 4952 4948 4940
f 4944 4940 4948
f 4943 4949 4947
f 4951 4947 4949
f 4953 4947 4951
f 4944 4948 4950
f 4945 4944 4950
f 4913 4945 4950
f 4953 4951 4955
f 4949 4917 4951
f 4948 4952 4954
f 4913 4950 4916
f 4891 4960 4954
f 4950 4948 4965
f 4916 4950 4965
f 4955 4951 4958
f 4958 4951 4917
f 4953 4955 4959
f 4914 4953 4959
f 4956 4954 4960
f 4965 4948 4956
f 4956 4948 4954
f 4958 4959 4955
f 4916 4965 4919
f 4958 4917 4957
f 4920 4962 4921
f 4961 4962 4920
f 4921 4962 4922
f 4922 4964 4957
f 4958 4957 4964
f 4959 4923 4893
f 4919 4965 4963
f 4961 4919 4963
f 4893 4923 4895
f 4961 4963 4978
f 4962 4961 4978
f 4922 4962 4966
f 4964 4922 4966
f 4968 4959 4967
f 4923 4959 4968
f 4956 4960 4970
f 4965 4956 4969
f 4969 4963 4965
f 4969 4956 4970
f 4969 4970 4971
f 4971 4970 4972
f 4968 4967 4991
f 4968 4991 4925
f 4986 4971 4972
f 4993 4986 4972
f 4927 4993 4972
f 4991 4974 4925
f 4925 4974 4929
f 4972 4926 4927
f 4990 4988 4928
f 4928 4988 4973
f 4995 4990 4928
f 4974 4996 4975
f 4932 4973 4976
f 4977 4931 4927
f 4996 4995 4904
f 4959 4958 4967
f 4958 4964 4967
f 4966 4967 4964
f 4969 4978 4963
f 4979 4962 4978
f 4966 4962 4979
f 4979 4978 4980
f 4966 4979 4983
f 4967 4966 4983
f 4978 4969 4981
f 4980 4978 4981
f 4981 4969 4971
f 4979 4980 4984
f 4983 4979 4984
f 4983 4984 4982
f 4984 4980 4985
f 4986 4981 4971
f 4980 4981 4985
f 4985 4981 4986
f 4982 4984 4989
f 4984 4985 4989
f 4989 4985 4987
f 4967 4983 4991
f 4991 4983 4982
f 4985 4986 4987
f 4987 4986 4992
f 4988 4989 4987
f 4992 4986 4993
f 4989 4988 4990
f 4973 4988 4987
f 4991 4982 4994
f 4973 4987 4992
f 4992 4993 4976
f 4989 4990 4994
f 4982 4989 4994
f 4973 4992 4976
f 4991 4994 4974
f 4994 4990 4995
f 4996 4994 4995
f 4974 4994 4996
f 4927 4931 4993
f 4976 4993 4931

