# Blender 5.2.0 LTS
# www.blender.org
mtllib пу.mtl
o Sphere001_02_-_Default_0
v -0.561182 0.689451 0.499133
v -0.598232 0.745281 0.405095
v -0.620319 0.695584 0.419853
v -0.446989 0.569498 0.646234
v -0.561182 0.689451 0.499133
v -0.563328 0.552383 0.557441
v -0.070085 0.254534 0.773168
v -0.181602 0.338739 0.770478
v -0.179984 0.254534 0.762343
v 0.112142 0.254534 0.762344
v 0.112949 0.305577 0.766401
v 0.078157 0.263578 0.770382
v 0.382032 0.552383 0.650552
v 0.358308 0.692609 0.616066
v 0.288541 0.552383 0.700524
v 0.405266 1.047389 0.183732
v 0.408717 0.943237 0.366242
v 0.464770 0.943236 0.234600
v -0.561182 0.689450 -0.443063
v -0.620319 0.695584 -0.363782
v -0.598232 0.745280 -0.349024
v -0.446989 0.569498 -0.590163
v -0.563328 0.552382 -0.501370
v -0.561182 0.689450 -0.443063
v -0.070085 0.254533 -0.717097
v -0.179984 0.254533 -0.706273
v -0.181602 0.338739 -0.714407
v 0.112142 0.254533 -0.706273
v 0.078157 0.263578 -0.714311
v 0.112949 0.305577 -0.710330
v 0.382031 0.552382 -0.594482
v 0.288541 0.552382 -0.644454
v 0.358308 0.692609 -0.559996
v 0.405265 1.047389 -0.127662
v 0.464770 0.943236 -0.178530
v 0.408717 0.943236 -0.310171
v 0.146059 -0.344101 0.063836
v 0.149585 -0.344101 0.028036
v 0.258206 -0.301796 0.028036
v 0.252593 -0.301796 0.085027
v 0.235969 -0.301796 0.139828
v 0.135616 -0.344101 0.098260
v 0.146059 -0.344101 0.063836
v 0.118659 -0.344101 0.129986
v 0.135616 -0.344101 0.098260
v 0.208974 -0.301796 0.190332
v 0.172644 -0.301796 0.234600
v 0.095837 -0.344101 0.157793
v 0.118659 -0.344101 0.129986
v 0.068030 -0.344101 0.180614
v 0.095837 -0.344101 0.157793
v 0.128376 -0.301796 0.270930
v 0.077871 -0.301796 0.297925
v 0.036304 -0.344101 0.197572
v 0.068030 -0.344101 0.180614
v 0.023071 -0.301796 0.314549
v 0.001880 -0.344101 0.208014
v 0.036304 -0.344101 0.197572
v -0.033920 -0.344101 0.211540
v 0.001880 -0.344101 0.208014
v -0.033920 -0.301796 0.320162
v -0.069720 -0.344101 0.208014
v -0.033920 -0.344101 0.211540
v -0.090911 -0.301796 0.314548
v -0.104145 -0.344101 0.197572
v -0.069720 -0.344101 0.208014
v -0.145712 -0.301796 0.297925
v -0.135870 -0.344101 0.180614
v -0.104145 -0.344101 0.197572
v -0.196217 -0.301796 0.270929
v -0.240485 -0.301796 0.234599
v -0.163678 -0.344101 0.157793
v -0.135870 -0.344101 0.180614
v -0.186499 -0.344101 0.129985
v -0.163678 -0.344101 0.157793
v -0.276814 -0.301796 0.190332
v -0.203457 -0.344101 0.098260
v -0.186499 -0.344101 0.129985
v -0.303810 -0.301796 0.139827
v -0.320433 -0.301796 0.085026
v -0.213899 -0.344101 0.063835
v -0.203457 -0.344101 0.098260
v -0.217425 -0.344101 0.028036
v -0.213899 -0.344101 0.063835
v -0.326046 -0.301796 0.028036
v 0.382032 -0.231254 0.110774
v 0.252593 -0.301796 0.085027
v 0.390181 -0.231254 0.028035
v 0.235969 -0.301796 0.139828
v 0.357898 -0.231254 0.190332
v 0.208974 -0.301796 0.190332
v 0.318707 -0.231254 0.263654
v 0.265965 -0.231254 0.327921
v 0.172644 -0.301796 0.234600
v 0.201698 -0.231254 0.380663
v 0.128376 -0.301796 0.270930
v 0.077871 -0.301796 0.297925
v 0.128376 -0.231254 0.419854
v 0.048817 -0.231254 0.443988
v 0.023071 -0.301796 0.314549
v -0.033920 -0.301796 0.320162
v -0.033921 -0.231254 0.452137
v -0.090911 -0.301796 0.314548
v -0.116659 -0.231254 0.443988
v -0.196217 -0.231254 0.419854
v -0.145712 -0.301796 0.297925
v -0.196217 -0.301796 0.270929
v -0.269539 -0.231254 0.380662
v -0.333805 -0.231254 0.327920
v -0.240485 -0.301796 0.234599
v -0.276814 -0.301796 0.190332
v -0.386548 -0.231254 0.263653
v -0.303810 -0.301796 0.139827
v -0.425739 -0.231254 0.190331
v -0.320433 -0.301796 0.085026
v -0.449873 -0.231254 0.110773
v -0.458021 -0.231254 0.028036
v -0.326046 -0.301796 0.028036
v 0.495487 -0.136320 0.133342
v 0.382032 -0.231254 0.110774
v 0.505858 -0.136320 0.028035
v 0.464770 -0.136320 0.234600
v 0.357898 -0.231254 0.190332
v 0.318707 -0.231254 0.263654
v 0.414889 -0.136320 0.327921
v 0.347761 -0.136320 0.409717
v 0.265965 -0.231254 0.327921
v 0.201698 -0.231254 0.380663
v 0.265964 -0.136320 0.476845
v 0.172644 -0.136320 0.526726
v 0.128376 -0.231254 0.419854
v 0.071385 -0.136320 0.557442
v 0.048817 -0.231254 0.443988
v -0.033921 -0.231254 0.452137
v -0.033921 -0.136320 0.567814
v -0.116659 -0.231254 0.443988
v -0.139226 -0.136320 0.557442
v -0.240485 -0.136320 0.526725
v -0.196217 -0.231254 0.419854
v -0.269539 -0.231254 0.380662
v -0.333806 -0.136320 0.476844
v -0.415602 -0.136320 0.409716
v -0.333805 -0.231254 0.327920
v -0.386548 -0.231254 0.263653
v -0.482730 -0.136320 0.327920
v -0.425739 -0.231254 0.190331
v -0.532611 -0.136320 0.234599
v -0.449873 -0.231254 0.110773
v -0.563327 -0.136320 0.133340
v -0.573699 -0.136320 0.028036
v -0.458021 -0.231254 0.028036
v 0.495487 -0.136320 0.133342
v 0.600792 -0.020643 0.028035
v 0.588597 -0.020643 0.151862
v 0.552478 -0.020643 0.270930
v 0.464770 -0.136320 0.234600
v 0.493824 -0.020643 0.380663
v 0.414889 -0.136320 0.327921
v 0.414889 -0.020643 0.476845
v 0.347761 -0.136320 0.409717
v 0.265964 -0.136320 0.476845
v 0.318707 -0.020643 0.555780
v 0.208973 -0.020643 0.614433
v 0.172644 -0.136320 0.526726
v 0.089905 -0.020643 0.650552
v 0.071385 -0.136320 0.557442
v -0.033921 -0.020643 0.662748
v -0.033921 -0.136320 0.567814
v -0.157747 -0.020643 0.650552
v -0.139226 -0.136320 0.557442
v -0.240485 -0.136320 0.526725
v -0.276815 -0.020643 0.614433
v -0.333806 -0.136320 0.476844
v -0.386548 -0.020643 0.555779
v -0.482730 -0.020643 0.476844
v -0.415602 -0.136320 0.409716
v -0.561665 -0.020643 0.380662
v -0.482730 -0.136320 0.327920
v -0.620318 -0.020643 0.270928
v -0.532611 -0.136320 0.234599
v -0.563327 -0.136320 0.133340
v -0.656437 -0.020643 0.151860
v -0.668633 -0.020643 0.028036
v -0.573699 -0.136320 0.028036
v 0.588597 -0.020643 0.151862
v 0.671335 0.111332 0.028035
v 0.657783 0.111332 0.165624
v 0.617650 0.111332 0.297925
v 0.552478 -0.020643 0.270930
v 0.493824 -0.020643 0.380663
v 0.552477 0.111332 0.419855
v 0.414889 -0.020643 0.476845
v 0.464770 0.111332 0.526726
v 0.357898 0.111332 0.614434
v 0.318707 -0.020643 0.555780
v 0.235968 0.111332 0.679606
v 0.208973 -0.020643 0.614433
v 0.089905 -0.020643 0.650552
v 0.103667 0.111332 0.719739
v -0.033921 -0.020643 0.662748
v -0.033921 0.111332 0.733290
v -0.157747 -0.020643 0.650552
v -0.171509 0.111332 0.719738
v -0.303810 0.111332 0.679605
v -0.276815 -0.020643 0.614433
v -0.386548 -0.020643 0.555779
v -0.425740 0.111332 0.614432
v -0.532611 0.111332 0.526725
v -0.482730 -0.020643 0.476844
v -0.561665 -0.020643 0.380662
v -0.620319 0.111332 0.419853
v -0.620318 -0.020643 0.270928
v -0.685491 0.111332 0.297923
v -0.725624 0.111332 0.165622
v -0.656437 -0.020643 0.151860
v -0.739175 0.111332 0.028036
v -0.668633 -0.020643 0.028036
v 0.700388 0.254534 0.174099
v 0.657783 0.111332 0.165624
v 0.714774 0.254533 0.028035
v 0.617650 0.111332 0.297925
v 0.657783 0.254534 0.314549
v 0.588596 0.254534 0.443988
v 0.552477 0.111332 0.419855
v 0.495486 0.254534 0.557443
v 0.464770 0.111332 0.526726
v 0.382032 0.254534 0.650552
v 0.357898 0.111332 0.614434
v 0.235968 0.111332 0.679606
v 0.252592 0.254534 0.719739
v 0.103667 0.111332 0.719739
v -0.320434 0.254534 0.719738
v -0.303810 0.111332 0.679605
v -0.449873 0.254534 0.650551
v -0.425740 0.111332 0.614432
v -0.563328 0.254534 0.557441
v -0.532611 0.111332 0.526725
v -0.620319 0.111332 0.419853
v -0.656437 0.254534 0.443987
v -0.685491 0.111332 0.297923
v -0.725624 0.254533 0.314547
v -0.725624 0.111332 0.165622
v -0.768229 0.254533 0.174097
v -0.782614 0.254533 0.028036
v -0.739175 0.111332 0.028036
v 0.714774 0.403458 0.176961
v 0.700388 0.254534 0.174099
v 0.729442 0.403458 0.028035
v 0.657783 0.254534 0.314549
v 0.671334 0.403458 0.320162
v 0.588596 0.254534 0.443988
v 0.600792 0.403458 0.452137
v 0.495486 0.254534 0.557443
v 0.505858 0.403458 0.567814
v 0.390180 0.403458 0.662748
v 0.382032 0.254534 0.650552
v 0.258205 0.403458 0.733290
v 0.252592 0.254534 0.719739
v -0.458022 0.403458 0.662747
v -0.449873 0.254534 0.650551
v -0.326047 0.403458 0.733289
v -0.573700 0.403458 0.567813
v -0.563328 0.254534 0.557441
v -0.656437 0.254534 0.443987
v -0.668633 0.403458 0.452135
v -0.725624 0.254533 0.314547
v -0.739175 0.403458 0.320160
v -0.782615 0.403458 0.176958
v -0.768229 0.254533 0.174097
v -0.782614 0.254533 0.028036
v -0.797282 0.403458 0.028036
v 0.714774 0.552382 0.028035
v 0.700388 0.552383 0.174099
v 0.657783 0.552383 0.314549
v 0.700388 0.552383 0.174099
v 0.588596 0.552383 0.443988
v 0.657783 0.552383 0.314549
v 0.495486 0.552383 0.557443
v 0.588596 0.552383 0.443988
v 0.495486 0.552383 0.557443
v -0.446989 0.569498 0.646234
v -0.656438 0.552383 0.443987
v -0.563328 0.552383 0.557441
v -0.725624 0.552382 0.314547
v -0.656438 0.552383 0.443987
v -0.725624 0.552382 0.314547
v -0.768229 0.552382 0.174097
v -0.768229 0.552382 0.174097
v -0.782614 0.552382 0.028035
v 0.714774 0.552382 0.028035
v 0.671335 0.695584 0.028035
v 0.657783 0.695584 0.165624
v 0.617650 0.695584 0.297925
v 0.657783 0.695584 0.165624
v 0.617650 0.695584 0.297925
v 0.552477 0.695584 0.419854
v 0.552477 0.695584 0.419854
v 0.464770 0.695584 0.526726
v -0.685491 0.695584 0.297923
v -0.620319 0.695584 0.419853
v -0.725624 0.695584 0.165622
v -0.685491 0.695584 0.297923
v -0.739175 0.695584 0.028035
v -0.725624 0.695584 0.165622
v 0.588596 0.827559 0.151862
v 0.671335 0.695584 0.028035
v 0.600792 0.827559 0.028035
v 0.552478 0.827559 0.270930
v 0.588596 0.827559 0.151862
v 0.493824 0.827559 0.380663
v 0.552478 0.827559 0.270930
v 0.414889 0.827559 0.476845
v 0.493824 0.827559 0.380663
v -0.649876 0.835710 0.150555
v -0.654828 0.844380 0.028035
v 0.495487 0.943236 0.133341
v 0.600792 0.827559 0.028035
v 0.505858 0.943236 0.028035
v 0.495487 0.943236 0.133341
v 0.464770 0.943236 0.234600
v 0.408717 0.943237 0.366242
v 0.505858 0.943236 0.028035
v 0.388865 1.073496 0.028035
v 0.397297 1.067516 0.100063
v 0.397297 1.067516 0.100063
v 0.405266 1.047389 0.183732
v -0.598232 0.745281 0.405095
v -0.631866 0.804175 0.275711
v 0.255015 0.497128 0.725590
v 0.226800 0.443013 0.739692
v 0.201525 0.412503 0.750484
v 0.396836 0.836604 0.491661
v 0.358308 0.692609 0.616066
v 0.464770 0.695584 0.526726
v 0.358308 0.692609 0.616066
v -0.306487 0.442083 0.736193
v -0.446989 0.569498 0.646234
v -0.561182 0.689451 0.499133
v -0.631866 0.804175 0.275711
v -0.649876 0.835710 0.150555
v 0.396836 0.836604 0.491661
v 0.414889 0.827559 0.476845
v 0.408717 0.943237 0.366242
v 0.146059 -0.344101 -0.007765
v 0.252593 -0.301796 -0.028956
v 0.235969 -0.301796 -0.083757
v 0.146059 -0.344101 -0.007765
v 0.135616 -0.344101 -0.042189
v 0.118659 -0.344101 -0.073914
v 0.208974 -0.301797 -0.134261
v 0.135616 -0.344101 -0.042189
v 0.172644 -0.301797 -0.178529
v 0.118659 -0.344101 -0.073914
v 0.095837 -0.344101 -0.101722
v 0.068030 -0.344101 -0.124543
v 0.128376 -0.301797 -0.214859
v 0.095837 -0.344101 -0.101722
v 0.077871 -0.301797 -0.241854
v 0.068030 -0.344101 -0.124543
v 0.036304 -0.344101 -0.141501
v 0.023070 -0.301797 -0.258477
v 0.036304 -0.344101 -0.141501
v 0.001880 -0.344101 -0.151943
v -0.033920 -0.344101 -0.155469
v -0.033921 -0.301797 -0.264090
v 0.001880 -0.344101 -0.151943
v -0.069720 -0.344101 -0.151943
v -0.090912 -0.301797 -0.258477
v -0.033920 -0.344101 -0.155469
v -0.104145 -0.344101 -0.141501
v -0.145712 -0.301797 -0.241853
v -0.069720 -0.344101 -0.151943
v -0.135870 -0.344101 -0.124543
v -0.196217 -0.301797 -0.214858
v -0.104145 -0.344101 -0.141501
v -0.240485 -0.301797 -0.178528
v -0.135870 -0.344101 -0.124543
v -0.163678 -0.344101 -0.101722
v -0.186499 -0.344101 -0.073914
v -0.276814 -0.301797 -0.134260
v -0.163678 -0.344101 -0.101722
v -0.203457 -0.344101 -0.042188
v -0.303810 -0.301796 -0.083756
v -0.186499 -0.344101 -0.073914
v -0.320433 -0.301796 -0.028955
v -0.203457 -0.344101 -0.042188
v -0.213899 -0.344101 -0.007764
v -0.213899 -0.344101 -0.007764
v 0.382032 -0.231254 -0.054703
v 0.252593 -0.301796 -0.028956
v 0.235969 -0.301796 -0.083757
v 0.357898 -0.231254 -0.134261
v 0.208974 -0.301797 -0.134261
v 0.318707 -0.231254 -0.207583
v 0.265964 -0.231254 -0.271850
v 0.172644 -0.301797 -0.178529
v 0.201698 -0.231254 -0.324592
v 0.128376 -0.301797 -0.214859
v 0.077871 -0.301797 -0.241854
v 0.128376 -0.231254 -0.363783
v 0.048817 -0.231254 -0.387917
v 0.023070 -0.301797 -0.258477
v -0.033921 -0.301797 -0.264090
v -0.033921 -0.231254 -0.396066
v -0.090912 -0.301797 -0.258477
v -0.116659 -0.231254 -0.387917
v -0.196217 -0.231254 -0.363783
v -0.145712 -0.301797 -0.241853
v -0.196217 -0.301797 -0.214858
v -0.269539 -0.231254 -0.324591
v -0.333806 -0.231254 -0.271849
v -0.240485 -0.301797 -0.178528
v -0.276814 -0.301797 -0.134260
v -0.386548 -0.231254 -0.207582
v -0.303810 -0.301796 -0.083756
v -0.425739 -0.231254 -0.134260
v -0.320433 -0.301796 -0.028955
v -0.449873 -0.231254 -0.054702
v 0.495487 -0.136320 -0.077271
v 0.382032 -0.231254 -0.054703
v 0.464770 -0.136320 -0.178529
v 0.357898 -0.231254 -0.134261
v 0.318707 -0.231254 -0.207583
v 0.414889 -0.136320 -0.271850
v 0.347760 -0.136320 -0.353646
v 0.265964 -0.231254 -0.271850
v 0.201698 -0.231254 -0.324592
v 0.265964 -0.136321 -0.420774
v 0.172643 -0.136321 -0.470655
v 0.128376 -0.231254 -0.363783
v 0.071385 -0.136321 -0.501371
v 0.048817 -0.231254 -0.387917
v -0.033921 -0.231254 -0.396066
v -0.033921 -0.136321 -0.511743
v -0.116659 -0.231254 -0.387917
v -0.139227 -0.136321 -0.501371
v -0.240485 -0.136321 -0.470654
v -0.196217 -0.231254 -0.363783
v -0.269539 -0.231254 -0.324591
v -0.333806 -0.136321 -0.420773
v -0.415602 -0.136320 -0.353645
v -0.333806 -0.231254 -0.271849
v -0.386548 -0.231254 -0.207582
v -0.482730 -0.136320 -0.271848
v -0.425739 -0.231254 -0.134260
v -0.532611 -0.136320 -0.178528
v -0.449873 -0.231254 -0.054702
v -0.563327 -0.136320 -0.077269
v 0.495487 -0.136320 -0.077271
v 0.588596 -0.020643 -0.095791
v 0.552478 -0.020643 -0.214859
v 0.464770 -0.136320 -0.178529
v 0.493824 -0.020643 -0.324592
v 0.414889 -0.136320 -0.271850
v 0.414889 -0.020643 -0.420774
v 0.347760 -0.136320 -0.353646
v 0.265964 -0.136321 -0.420774
v 0.318707 -0.020643 -0.499709
v 0.208973 -0.020643 -0.558363
v 0.172643 -0.136321 -0.470655
v 0.089905 -0.020643 -0.594481
v 0.071385 -0.136321 -0.501371
v -0.033921 -0.020643 -0.606677
v -0.033921 -0.136321 -0.511743
v -0.157747 -0.020643 -0.594481
v -0.139227 -0.136321 -0.501371
v -0.240485 -0.136321 -0.470654
v -0.276815 -0.020643 -0.558362
v -0.333806 -0.136321 -0.420773
v -0.386548 -0.020643 -0.499708
v -0.482730 -0.020643 -0.420773
v -0.415602 -0.136320 -0.353645
v -0.561665 -0.020643 -0.324591
v -0.482730 -0.136320 -0.271848
v -0.620318 -0.020643 -0.214857
v -0.532611 -0.136320 -0.178528
v -0.563327 -0.136320 -0.077269
v -0.656437 -0.020643 -0.095789
v 0.588596 -0.020643 -0.095791
v 0.657783 0.111332 -0.109554
v 0.617650 0.111332 -0.241855
v 0.552478 -0.020643 -0.214859
v 0.493824 -0.020643 -0.324592
v 0.552477 0.111332 -0.363784
v 0.414889 -0.020643 -0.420774
v 0.464770 0.111332 -0.470655
v 0.357898 0.111332 -0.558363
v 0.318707 -0.020643 -0.499709
v 0.235968 0.111332 -0.623535
v 0.208973 -0.020643 -0.558363
v 0.089905 -0.020643 -0.594481
v 0.103667 0.111332 -0.663668
v -0.033921 -0.020643 -0.606677
v -0.033921 0.111332 -0.677219
v -0.157747 -0.020643 -0.594481
v -0.171510 0.111332 -0.663668
v -0.303811 0.111332 -0.623534
v -0.276815 -0.020643 -0.558362
v -0.386548 -0.020643 -0.499708
v -0.425740 0.111332 -0.558361
v -0.532611 0.111332 -0.470654
v -0.482730 -0.020643 -0.420773
v -0.561665 -0.020643 -0.324591
v -0.620319 0.111332 -0.363782
v -0.620318 -0.020643 -0.214857
v -0.685491 0.111332 -0.241852
v -0.725624 0.111332 -0.109551
v -0.656437 -0.020643 -0.095789
v 0.700388 0.254533 -0.118028
v 0.657783 0.111332 -0.109554
v 0.617650 0.111332 -0.241855
v 0.657783 0.254533 -0.258478
v 0.588596 0.254533 -0.387918
v 0.552477 0.111332 -0.363784
v 0.495486 0.254533 -0.501372
v 0.464770 0.111332 -0.470655
v 0.382031 0.254533 -0.594482
v 0.357898 0.111332 -0.558363
v 0.235968 0.111332 -0.623535
v 0.252592 0.254533 -0.663668
v 0.103667 0.111332 -0.663668
v -0.320434 0.254533 -0.663667
v -0.303811 0.111332 -0.623534
v -0.449874 0.254533 -0.594480
v -0.425740 0.111332 -0.558361
v -0.563328 0.254533 -0.501370
v -0.532611 0.111332 -0.470654
v -0.620319 0.111332 -0.363782
v -0.656438 0.254533 -0.387915
v -0.685491 0.111332 -0.241852
v -0.725624 0.254533 -0.258476
v -0.725624 0.111332 -0.109551
v -0.768229 0.254533 -0.118026
v 0.714774 0.403458 -0.120890
v 0.700388 0.254533 -0.118028
v 0.657783 0.254533 -0.258478
v 0.671334 0.403458 -0.264091
v 0.588596 0.254533 -0.387918
v 0.600792 0.403458 -0.396067
v 0.495486 0.254533 -0.501372
v 0.505858 0.403458 -0.511744
v 0.390180 0.403458 -0.606678
v 0.382031 0.254533 -0.594482
v 0.258205 0.403458 -0.677220
v 0.252592 0.254533 -0.663668
v -0.458023 0.403458 -0.606676
v -0.326047 0.403458 -0.677219
v -0.449874 0.254533 -0.594480
v -0.573700 0.403458 -0.511742
v -0.563328 0.254533 -0.501370
v -0.656438 0.254533 -0.387915
v -0.668633 0.403458 -0.396064
v -0.725624 0.254533 -0.258476
v -0.739175 0.403458 -0.264089
v -0.782615 0.403458 -0.120887
v -0.768229 0.254533 -0.118026
v 0.700388 0.552382 -0.118028
v 0.657783 0.552382 -0.258478
v 0.700388 0.552382 -0.118028
v 0.588596 0.552382 -0.387918
v 0.657783 0.552382 -0.258478
v 0.495486 0.552382 -0.501372
v 0.588596 0.552382 -0.387918
v 0.495486 0.552382 -0.501372
v -0.446989 0.569498 -0.590163
v -0.656438 0.552382 -0.387916
v -0.563328 0.552382 -0.501370
v -0.725624 0.552382 -0.258476
v -0.656438 0.552382 -0.387916
v -0.768229 0.552382 -0.118026
v -0.725624 0.552382 -0.258476
v -0.768229 0.552382 -0.118026
v 0.657783 0.695584 -0.109554
v 0.617650 0.695584 -0.241855
v 0.657783 0.695584 -0.109554
v 0.552477 0.695584 -0.363784
v 0.617650 0.695584 -0.241855
v 0.464770 0.695584 -0.470656
v 0.552477 0.695584 -0.363784
v -0.685491 0.695584 -0.241852
v -0.620319 0.695584 -0.363782
v -0.725624 0.695584 -0.109551
v -0.685491 0.695584 -0.241852
v -0.725624 0.695584 -0.109551
v 0.588596 0.827559 -0.095792
v 0.552477 0.827559 -0.214859
v 0.588596 0.827559 -0.095792
v 0.493824 0.827559 -0.324593
v 0.552477 0.827559 -0.214859
v 0.414889 0.827559 -0.420775
v 0.493824 0.827559 -0.324593
v -0.649876 0.835710 -0.094484
v 0.495487 0.943236 -0.077271
v 0.495487 0.943236 -0.077271
v 0.408717 0.943236 -0.310171
v 0.464770 0.943236 -0.178530
v 0.397297 1.067516 -0.043992
v 0.405265 1.047389 -0.127662
v 0.397297 1.067516 -0.043992
v -0.598232 0.745280 -0.349024
v -0.631866 0.804175 -0.219640
v 0.201525 0.412502 -0.694413
v 0.226800 0.443013 -0.683621
v 0.255015 0.497128 -0.669519
v 0.358308 0.692609 -0.559996
v 0.396836 0.836604 -0.435590
v 0.358308 0.692609 -0.559996
v 0.464770 0.695584 -0.470656
v -0.306487 0.442083 -0.680122
v -0.446989 0.569498 -0.590163
v -0.561182 0.689450 -0.443063
v -0.631866 0.804175 -0.219640
v -0.649876 0.835710 -0.094484
v 0.396836 0.836604 -0.435590
v 0.408717 0.943236 -0.310171
v 0.414889 0.827559 -0.420775
v 0.021112 0.194716 0.772193
v -0.070085 0.254534 0.773168
v -0.181602 0.338739 0.770478
v -0.306487 0.442083 0.736193
v 0.288541 0.552383 0.700524
v 0.255015 0.497128 0.725590
v 0.258205 0.403458 0.733290
v 0.201525 0.412503 0.750484
v 0.112949 0.305577 0.766401
v 0.112142 0.254534 0.762344
v 0.112142 0.254534 0.762344
v 0.078157 0.263578 0.770382
v 0.021112 0.194716 0.772193
v -0.070085 0.254533 -0.717097
v 0.021112 0.194716 -0.716123
v -0.306487 0.442083 -0.680122
v -0.181602 0.338739 -0.714407
v 0.258205 0.403458 -0.677220
v 0.255015 0.497128 -0.669519
v 0.288541 0.552382 -0.644454
v 0.112142 0.254533 -0.706273
v 0.112949 0.305577 -0.710330
v 0.201525 0.412502 -0.694413
v 0.021112 0.194716 -0.716123
v 0.078157 0.263578 -0.714311
v 0.112142 0.254533 -0.706273
vn -0.7109 0.3210 0.6258
vn -0.7514 0.4711 0.4620
vn -0.7721 0.3803 0.5091
vn -0.5740 0.1649 0.8021
vn -0.7109 0.3209 0.6258
vn -0.6875 0.1998 0.6982
vn -0.1138 -0.2548 0.9603
vn -0.2276 -0.0810 0.9704
vn -0.1948 -0.1891 0.9624
vn 0.2420 -0.2169 0.9457
vn 0.2669 -0.0895 0.9596
vn 0.2005 -0.2586 0.9449
vn 0.5464 0.1921 0.8152
vn 0.5747 0.3370 0.7458
vn 0.4677 0.1544 0.8703
vn 0.7763 0.5974 0.2011
vn 0.7070 0.5846 0.3981
vn 0.7477 0.6078 0.2673
vn -0.7109 0.3210 -0.6258
vn -0.7721 0.3803 -0.5091
vn -0.7514 0.4711 -0.4620
vn -0.5740 0.1649 -0.8021
vn -0.6875 0.1998 -0.6982
vn -0.7109 0.3209 -0.6258
vn -0.1138 -0.2548 -0.9603
vn -0.1949 -0.1890 -0.9624
vn -0.2276 -0.0810 -0.9704
vn 0.2420 -0.2169 -0.9457
vn 0.2005 -0.2586 -0.9449
vn 0.2669 -0.0895 -0.9596
vn 0.5464 0.1921 -0.8152
vn 0.4677 0.1544 -0.8703
vn 0.5747 0.3370 -0.7458
vn 0.7763 0.5974 -0.2011
vn 0.7477 0.6078 -0.2673
vn 0.7070 0.5846 -0.3981
vn 0.3559 -0.9318 0.0708
vn 0.3629 -0.9318 -0.0000
vn 0.4209 -0.9071 -0.0000
vn 0.4129 -0.9071 0.0821
vn 0.3889 -0.9071 0.1611
vn 0.3353 -0.9318 0.1389
vn 0.3018 -0.9318 0.2016
vn 0.3500 -0.9071 0.2338
vn 0.2977 -0.9071 0.2976
vn 0.2566 -0.9318 0.2566
vn 0.3017 -0.9318 0.2016
vn 0.3500 -0.9071 0.2339
vn 0.2016 -0.9318 0.3017
vn 0.2976 -0.9071 0.2977
vn 0.2339 -0.9071 0.3500
vn 0.1611 -0.9071 0.3889
vn 0.1389 -0.9318 0.3353
vn 0.2016 -0.9318 0.3018
vn 0.2338 -0.9071 0.3500
vn 0.0821 -0.9071 0.4128
vn 0.0708 -0.9318 0.3559
vn -0.0000 -0.9318 0.3629
vn 0.0821 -0.9071 0.4129
vn -0.0000 -0.9071 0.4209
vn -0.0708 -0.9318 0.3559
vn -0.0821 -0.9071 0.4129
vn -0.1389 -0.9318 0.3353
vn -0.1611 -0.9071 0.3889
vn -0.2016 -0.9318 0.3018
vn -0.2338 -0.9071 0.3500
vn -0.2976 -0.9071 0.2977
vn -0.2566 -0.9318 0.2566
vn -0.2016 -0.9318 0.3017
vn -0.2339 -0.9071 0.3500
vn -0.3017 -0.9318 0.2016
vn -0.2977 -0.9071 0.2976
vn -0.3500 -0.9071 0.2339
vn -0.3353 -0.9318 0.1389
vn -0.3018 -0.9318 0.2016
vn -0.3500 -0.9071 0.2338
vn -0.3889 -0.9071 0.1611
vn -0.4129 -0.9071 0.0821
vn -0.3559 -0.9318 0.0708
vn -0.3629 -0.9318 -0.0000
vn -0.4210 -0.9071 -0.0000
vn 0.5490 -0.8287 0.1092
vn 0.4210 -0.9071 -0.0000
vn 0.5598 -0.8287 -0.0000
vn 0.5172 -0.8287 0.2142
vn 0.5171 -0.8287 0.2142
vn 0.4654 -0.8287 0.3110
vn 0.3958 -0.8287 0.3958
vn 0.2977 -0.9071 0.2977
vn 0.3110 -0.8287 0.4654
vn 0.2142 -0.8287 0.5171
vn 0.1092 -0.8287 0.5490
vn 0.2142 -0.8287 0.5172
vn -0.0000 -0.9071 0.4210
vn -0.0000 -0.8287 0.5598
vn -0.1092 -0.8287 0.5490
vn -0.2142 -0.8287 0.5172
vn -0.2142 -0.8287 0.5171
vn -0.3110 -0.8287 0.4654
vn -0.3958 -0.8287 0.3958
vn -0.2977 -0.9071 0.2977
vn -0.4654 -0.8287 0.3110
vn -0.5172 -0.8287 0.2142
vn -0.5490 -0.8287 0.1092
vn -0.5597 -0.8287 -0.0000
vn 0.6965 -0.7041 0.1385
vn 0.5491 -0.8286 0.1092
vn 0.5598 -0.8286 -0.0000
vn 0.7101 -0.7041 -0.0000
vn 0.6561 -0.7041 0.2717
vn 0.5172 -0.8286 0.2142
vn 0.5490 -0.8286 0.1092
vn 0.6965 -0.7041 0.1386
vn 0.4654 -0.8286 0.3110
vn 0.5172 -0.8286 0.2143
vn 0.6561 -0.7041 0.2718
vn 0.5904 -0.7041 0.3945
vn 0.5021 -0.7041 0.5021
vn 0.3958 -0.8286 0.3958
vn 0.3110 -0.8286 0.4654
vn 0.3945 -0.7041 0.5904
vn 0.2718 -0.7041 0.6561
vn 0.2142 -0.8286 0.5172
vn 0.3945 -0.7041 0.5905
vn 0.1385 -0.7041 0.6965
vn 0.1092 -0.8286 0.5490
vn 0.2717 -0.7041 0.6561
vn -0.0000 -0.8286 0.5598
vn -0.0000 -0.7041 0.7101
vn -0.1092 -0.8286 0.5490
vn -0.1385 -0.7041 0.6965
vn -0.2717 -0.7041 0.6561
vn -0.2142 -0.8286 0.5172
vn -0.1386 -0.7041 0.6965
vn -0.3110 -0.8286 0.4654
vn -0.2143 -0.8286 0.5172
vn -0.2718 -0.7041 0.6561
vn -0.3945 -0.7041 0.5904
vn -0.5021 -0.7041 0.5021
vn -0.3958 -0.8286 0.3958
vn -0.4654 -0.8286 0.3110
vn -0.3959 -0.8286 0.3958
vn -0.5904 -0.7041 0.3945
vn -0.5172 -0.8286 0.2142
vn -0.4655 -0.8286 0.3110
vn -0.5905 -0.7041 0.3945
vn -0.6561 -0.7041 0.2718
vn -0.5490 -0.8286 0.1092
vn -0.6561 -0.7041 0.2717
vn -0.6965 -0.7041 0.1385
vn -0.7101 -0.7041 -0.0000
vn -0.5598 -0.8286 -0.0000
vn 0.6965 -0.7040 0.1385
vn 0.8333 -0.5528 -0.0000
vn 0.8173 -0.5528 0.1625
vn 0.7699 -0.5528 0.3189
vn 0.6561 -0.7040 0.2717
vn 0.6965 -0.7040 0.1386
vn 0.8173 -0.5528 0.1626
vn 0.6929 -0.5528 0.4629
vn 0.5905 -0.7040 0.3945
vn 0.6561 -0.7040 0.2718
vn 0.5893 -0.5528 0.5892
vn 0.5022 -0.7040 0.5021
vn 0.5905 -0.7040 0.3946
vn 0.6929 -0.5528 0.4630
vn 0.3946 -0.7040 0.5905
vn 0.5021 -0.7040 0.5022
vn 0.5892 -0.5528 0.5893
vn 0.4630 -0.5528 0.6929
vn 0.3189 -0.5528 0.7699
vn 0.2718 -0.7040 0.6561
vn 0.3945 -0.7040 0.5905
vn 0.4629 -0.5528 0.6929
vn 0.1626 -0.5528 0.8173
vn 0.1386 -0.7040 0.6965
vn 0.2717 -0.7040 0.6561
vn -0.0000 -0.5528 0.8333
vn -0.0000 -0.7040 0.7102
vn 0.1385 -0.7040 0.6965
vn 0.1625 -0.5528 0.8173
vn -0.1625 -0.5528 0.8173
vn -0.1385 -0.7040 0.6965
vn -0.2717 -0.7040 0.6561
vn -0.1386 -0.7040 0.6965
vn -0.1626 -0.5528 0.8173
vn -0.3189 -0.5528 0.7699
vn -0.3945 -0.7040 0.5905
vn -0.2718 -0.7040 0.6561
vn -0.4629 -0.5528 0.6929
vn -0.5892 -0.5528 0.5893
vn -0.5021 -0.7040 0.5022
vn -0.3946 -0.7040 0.5905
vn -0.4630 -0.5528 0.6929
vn -0.6929 -0.5528 0.4630
vn -0.5905 -0.7040 0.3946
vn -0.5022 -0.7040 0.5021
vn -0.5893 -0.5528 0.5892
vn -0.7699 -0.5528 0.3189
vn -0.6561 -0.7040 0.2718
vn -0.5905 -0.7040 0.3945
vn -0.6929 -0.5528 0.4629
vn -0.6965 -0.7040 0.1386
vn -0.6561 -0.7040 0.2717
vn -0.8173 -0.5528 0.1626
vn -0.8333 -0.5528 -0.0000
vn -0.6965 -0.7040 0.1385
vn -0.8173 -0.5528 0.1625
vn 0.8334 -0.5527 -0.0000
vn 0.9247 -0.3806 -0.0000
vn 0.9070 -0.3806 0.1804
vn 0.8544 -0.3806 0.3539
vn 0.8543 -0.3806 0.3539
vn 0.7689 -0.3806 0.5137
vn 0.5893 -0.5528 0.5893
vn 0.7689 -0.3806 0.5138
vn 0.6539 -0.3806 0.6539
vn 0.5138 -0.3806 0.7689
vn 0.3539 -0.3806 0.8543
vn 0.5137 -0.3806 0.7689
vn 0.3539 -0.3806 0.8544
vn 0.2054 -0.3968 0.8946
vn 0.2054 -0.3968 0.8947
vn -0.0073 -0.3943 0.9189
vn -0.0073 -0.3943 0.9190
vn -0.1864 -0.3815 0.9054
vn -0.3539 -0.3806 0.8544
vn -0.1864 -0.3816 0.9054
vn -0.3539 -0.3806 0.8543
vn -0.5137 -0.3806 0.7689
vn -0.6539 -0.3806 0.6539
vn -0.5893 -0.5528 0.5893
vn -0.5138 -0.3806 0.7689
vn -0.7689 -0.3806 0.5138
vn -0.7689 -0.3806 0.5137
vn -0.8543 -0.3806 0.3539
vn -0.9070 -0.3806 0.1804
vn -0.8544 -0.3806 0.3539
vn -0.9247 -0.3806 -0.0000
vn -0.8334 -0.5527 -0.0000
vn 0.9622 -0.1940 0.1914
vn 0.9070 -0.3805 0.1804
vn 0.9248 -0.3805 -0.0000
vn 0.9810 -0.1939 -0.0000
vn 0.8544 -0.3805 0.3539
vn 0.9622 -0.1939 0.1914
vn 0.9063 -0.1940 0.3754
vn 0.8157 -0.1940 0.5450
vn 0.7689 -0.3805 0.5137
vn 0.9063 -0.1939 0.3754
vn 0.6937 -0.1940 0.6937
vn 0.6539 -0.3805 0.6539
vn 0.7689 -0.3805 0.5138
vn 0.8157 -0.1939 0.5450
vn 0.5450 -0.1940 0.8157
vn 0.5138 -0.3805 0.7689
vn 0.6937 -0.1939 0.6937
vn 0.3539 -0.3805 0.8544
vn 0.5450 -0.1939 0.8157
vn 0.3741 -0.1926 0.9072
vn 0.3740 -0.1926 0.9072
vn -0.3734 -0.1880 0.9084
vn -0.3539 -0.3805 0.8544
vn -0.1949 -0.1891 0.9624
vn -0.5450 -0.1940 0.8157
vn -0.5137 -0.3805 0.7689
vn -0.3734 -0.1881 0.9084
vn -0.6937 -0.1940 0.6937
vn -0.6539 -0.3805 0.6539
vn -0.5138 -0.3805 0.7689
vn -0.5450 -0.1939 0.8157
vn -0.7689 -0.3805 0.5138
vn -0.6937 -0.1939 0.6937
vn -0.8157 -0.1940 0.5450
vn -0.8544 -0.3805 0.3539
vn -0.8157 -0.1939 0.5450
vn -0.9063 -0.1940 0.3754
vn -0.9070 -0.3805 0.1805
vn -0.9063 -0.1939 0.3754
vn -0.9622 -0.1940 0.1914
vn -0.9810 -0.1939 -0.0000
vn -0.9248 -0.3805 -0.0000
vn -0.9070 -0.3805 0.1804
vn -0.9622 -0.1939 0.1914
vn 0.9808 -0.0000 0.1951
vn 1.0000 -0.0000 -0.0000
vn 0.9064 -0.1939 0.3754
vn 0.9239 -0.0000 0.3827
vn 0.8315 -0.0000 0.5556
vn 0.7071 -0.0000 0.7071
vn 0.5562 -0.0002 0.8310
vn 0.3850 -0.0058 0.9229
vn 0.3741 -0.1925 0.9072
vn -0.5511 0.0101 0.8344
vn -0.3890 -0.0148 0.9211
vn -0.7051 0.0027 0.7091
vn -0.5512 0.0101 0.8343
vn -0.7052 0.0028 0.7090
vn -0.8315 -0.0000 0.5556
vn -0.9239 -0.0000 0.3827
vn -0.9808 -0.0000 0.1951
vn -0.9064 -0.1939 0.3754
vn -1.0000 -0.0000 -0.0000
vn 0.9810 0.1939 -0.0000
vn 0.9622 0.1939 0.1914
vn 0.9064 0.1939 0.3754
vn 0.8157 0.1939 0.5450
vn 0.9063 0.1939 0.3754
vn 0.6941 0.1934 0.6934
vn 0.5464 0.1920 0.8152
vn -0.6875 0.1997 0.6982
vn -0.8176 0.1913 0.5431
vn -0.9063 0.1939 0.3754
vn -0.9064 0.1939 0.3754
vn -0.9622 0.1939 0.1914
vn -0.9810 0.1939 -0.0000
vn 0.9248 0.3805 -0.0000
vn 0.9070 0.3805 0.1804
vn 0.8544 0.3805 0.3539
vn 0.9622 0.1940 0.1914
vn 0.9070 0.3805 0.1805
vn 0.9063 0.1940 0.3754
vn 0.7689 0.3805 0.5138
vn 0.6941 0.1935 0.6934
vn 0.8157 0.1940 0.5450
vn 0.6600 0.3754 0.6507
vn -0.8543 0.3822 0.3522
vn -0.8176 0.1914 0.5431
vn -0.7722 0.3802 0.5091
vn -0.9052 0.3864 0.1767
vn -0.9063 0.1940 0.3754
vn -0.8543 0.3822 0.3521
vn -0.9213 0.3889 -0.0000
vn -0.9622 0.1940 0.1914
vn -0.9052 0.3864 0.1766
vn 0.8173 0.5528 0.1626
vn 0.9070 0.3806 0.1804
vn 0.9247 0.3806 -0.0000
vn 0.8334 0.5527 -0.0000
vn 0.7770 0.5465 0.3125
vn 0.8544 0.3806 0.3539
vn 0.7161 0.5269 0.4579
vn 0.7689 0.3806 0.5137
vn 0.8543 0.3806 0.3539
vn 0.6430 0.4959 0.5836
vn 0.7689 0.3806 0.5138
vn -0.9052 0.3865 0.1766
vn -0.8617 0.4836 0.1534
vn -0.8730 0.4878 -0.0000
vn 0.7665 0.6297 0.1264
vn 0.8173 0.5528 0.1625
vn 0.8333 0.5528 -0.0000
vn 0.7676 0.6409 -0.0000
vn 0.7161 0.5269 0.4578
vn 0.7665 0.6297 0.1263
vn 0.7617 0.6479 -0.0000
vn 0.7713 0.6316 0.0789
vn 0.7477 0.6078 0.2672
vn 0.7713 0.6316 0.0790
vn 0.7764 0.5974 0.2011
vn -0.7514 0.4711 0.4619
vn -0.8223 0.4754 0.3128
vn -0.8543 0.3823 0.3522
vn 0.3849 -0.0057 0.9229
vn 0.4437 0.0953 0.8911
vn 0.3034 0.0873 0.9489
vn 0.2907 -0.0347 0.9562
vn 0.6172 0.4894 0.6161
vn 0.5747 0.3370 0.7457
vn 0.6600 0.3754 0.6508
vn -0.3846 0.0403 0.9222
vn -0.5739 0.1649 0.8021
vn -0.7721 0.3802 0.5091
vn -0.6875 0.1998 0.6981
vn -0.8617 0.4836 0.1535
vn 0.7069 0.5846 0.3981
vn 0.3559 -0.9318 -0.0708
vn 0.4129 -0.9071 -0.0821
vn 0.3889 -0.9071 -0.1611
vn 0.3353 -0.9318 -0.1389
vn 0.3018 -0.9318 -0.2016
vn 0.3500 -0.9071 -0.2338
vn 0.2977 -0.9071 -0.2976
vn 0.3500 -0.9071 -0.2339
vn 0.3017 -0.9318 -0.2016
vn 0.2566 -0.9318 -0.2566
vn 0.2016 -0.9318 -0.3017
vn 0.2339 -0.9071 -0.3500
vn 0.2976 -0.9071 -0.2977
vn 0.1611 -0.9071 -0.3889
vn 0.2338 -0.9071 -0.3500
vn 0.2016 -0.9318 -0.3018
vn 0.1389 -0.9318 -0.3353
vn 0.0821 -0.9071 -0.4129
vn 0.0708 -0.9318 -0.3559
vn -0.0000 -0.9318 -0.3629
vn -0.0000 -0.9071 -0.4209
vn -0.0708 -0.9318 -0.3559
vn -0.0821 -0.9071 -0.4129
vn -0.1389 -0.9318 -0.3353
vn -0.1611 -0.9071 -0.3889
vn -0.0821 -0.9071 -0.4128
vn -0.2016 -0.9318 -0.3018
vn -0.2338 -0.9071 -0.3500
vn -0.2976 -0.9071 -0.2977
vn -0.2339 -0.9071 -0.3500
vn -0.2016 -0.9318 -0.3017
vn -0.2566 -0.9318 -0.2566
vn -0.3017 -0.9318 -0.2016
vn -0.3500 -0.9071 -0.2339
vn -0.2977 -0.9071 -0.2976
vn -0.3353 -0.9318 -0.1389
vn -0.3889 -0.9071 -0.1611
vn -0.3500 -0.9071 -0.2338
vn -0.3018 -0.9318 -0.2016
vn -0.4129 -0.9071 -0.0821
vn -0.3559 -0.9318 -0.0708
vn 0.5490 -0.8287 -0.1092
vn 0.5172 -0.8287 -0.2142
vn 0.4654 -0.8287 -0.3110
vn 0.5171 -0.8287 -0.2142
vn 0.3958 -0.8287 -0.3958
vn 0.2977 -0.9071 -0.2977
vn 0.3110 -0.8287 -0.4654
vn 0.2142 -0.8287 -0.5171
vn 0.1092 -0.8287 -0.5490
vn 0.2142 -0.8287 -0.5172
vn -0.0000 -0.9071 -0.4210
vn -0.0000 -0.8287 -0.5598
vn -0.1092 -0.8287 -0.5490
vn -0.2142 -0.8287 -0.5172
vn -0.3110 -0.8287 -0.4654
vn -0.2142 -0.8287 -0.5171
vn -0.3958 -0.8287 -0.3958
vn -0.2977 -0.9071 -0.2977
vn -0.4654 -0.8287 -0.3110
vn -0.5172 -0.8287 -0.2142
vn -0.5490 -0.8287 -0.1092
vn 0.6965 -0.7041 -0.1385
vn 0.5491 -0.8286 -0.1092
vn 0.6561 -0.7041 -0.2717
vn 0.5490 -0.8286 -0.1092
vn 0.5172 -0.8286 -0.2142
vn 0.4654 -0.8286 -0.3110
vn 0.5905 -0.7041 -0.3945
vn 0.6561 -0.7041 -0.2718
vn 0.5172 -0.8286 -0.2143
vn 0.5021 -0.7041 -0.5021
vn 0.5904 -0.7041 -0.3945
vn 0.3958 -0.8286 -0.3958
vn 0.3110 -0.8286 -0.4654
vn 0.3945 -0.7041 -0.5904
vn 0.2718 -0.7041 -0.6561
vn 0.2142 -0.8286 -0.5172
vn 0.1385 -0.7041 -0.6965
vn 0.2717 -0.7041 -0.6561
vn 0.1092 -0.8286 -0.5490
vn -0.0000 -0.8286 -0.5598
vn -0.0000 -0.7041 -0.7101
vn -0.1092 -0.8286 -0.5490
vn -0.1385 -0.7041 -0.6965
vn -0.2717 -0.7041 -0.6561
vn -0.2142 -0.8286 -0.5172
vn -0.3110 -0.8286 -0.4655
vn -0.3945 -0.7041 -0.5905
vn -0.2718 -0.7041 -0.6561
vn -0.2143 -0.8286 -0.5172
vn -0.5021 -0.7041 -0.5021
vn -0.3945 -0.7041 -0.5904
vn -0.3110 -0.8286 -0.4654
vn -0.3958 -0.8286 -0.3958
vn -0.4654 -0.8286 -0.3110
vn -0.5904 -0.7041 -0.3945
vn -0.3959 -0.8286 -0.3958
vn -0.5172 -0.8286 -0.2142
vn -0.6561 -0.7041 -0.2718
vn -0.5905 -0.7041 -0.3945
vn -0.4655 -0.8286 -0.3110
vn -0.5490 -0.8286 -0.1092
vn -0.6965 -0.7041 -0.1385
vn -0.6561 -0.7041 -0.2717
vn -0.5491 -0.8286 -0.1092
vn 0.6965 -0.7040 -0.1385
vn 0.8173 -0.5528 -0.1625
vn 0.7699 -0.5528 -0.3189
vn 0.8173 -0.5528 -0.1626
vn 0.6965 -0.7040 -0.1386
vn 0.6561 -0.7040 -0.2717
vn 0.6929 -0.5528 -0.4629
vn 0.6561 -0.7040 -0.2718
vn 0.5905 -0.7040 -0.3945
vn 0.5893 -0.5528 -0.5892
vn 0.6929 -0.5528 -0.4630
vn 0.5905 -0.7040 -0.3946
vn 0.5022 -0.7040 -0.5021
vn 0.3946 -0.7040 -0.5905
vn 0.4630 -0.5528 -0.6929
vn 0.5892 -0.5528 -0.5893
vn 0.5021 -0.7040 -0.5022
vn 0.3189 -0.5528 -0.7699
vn 0.4629 -0.5528 -0.6929
vn 0.3945 -0.7040 -0.5905
vn 0.2718 -0.7040 -0.6561
vn 0.1626 -0.5528 -0.8173
vn 0.2717 -0.7040 -0.6561
vn 0.1386 -0.7040 -0.6965
vn -0.0000 -0.5528 -0.8333
vn 0.1625 -0.5528 -0.8173
vn 0.1385 -0.7040 -0.6965
vn -0.0000 -0.7040 -0.7102
vn -0.1625 -0.5528 -0.8173
vn -0.1385 -0.7040 -0.6965
vn -0.2717 -0.7040 -0.6561
vn -0.3189 -0.5528 -0.7699
vn -0.1626 -0.5528 -0.8173
vn -0.1386 -0.7040 -0.6965
vn -0.3945 -0.7040 -0.5905
vn -0.4629 -0.5528 -0.6929
vn -0.2718 -0.7040 -0.6561
vn -0.5892 -0.5528 -0.5893
vn -0.4630 -0.5528 -0.6929
vn -0.3946 -0.7040 -0.5905
vn -0.5021 -0.7040 -0.5022
vn -0.6929 -0.5528 -0.4630
vn -0.5893 -0.5528 -0.5892
vn -0.5022 -0.7040 -0.5021
vn -0.5905 -0.7040 -0.3946
vn -0.7699 -0.5528 -0.3189
vn -0.6929 -0.5528 -0.4629
vn -0.5905 -0.7040 -0.3945
vn -0.6561 -0.7040 -0.2718
vn -0.6965 -0.7040 -0.1386
vn -0.8173 -0.5528 -0.1626
vn -0.6561 -0.7040 -0.2717
vn -0.8173 -0.5528 -0.1625
vn -0.6965 -0.7040 -0.1385
vn 0.9070 -0.3806 -0.1804
vn 0.8544 -0.3806 -0.3539
vn 0.7689 -0.3806 -0.5137
vn 0.8543 -0.3806 -0.3539
vn 0.5893 -0.5528 -0.5893
vn 0.6539 -0.3806 -0.6539
vn 0.7689 -0.3806 -0.5138
vn 0.5138 -0.3806 -0.7689
vn 0.3539 -0.3806 -0.8543
vn 0.5137 -0.3806 -0.7689
vn 0.2054 -0.3968 -0.8946
vn 0.3539 -0.3806 -0.8544
vn -0.0073 -0.3943 -0.9189
vn 0.2054 -0.3968 -0.8947
vn -0.1864 -0.3815 -0.9054
vn -0.3539 -0.3806 -0.8544
vn -0.1864 -0.3816 -0.9054
vn -0.5137 -0.3806 -0.7689
vn -0.3539 -0.3806 -0.8543
vn -0.6539 -0.3806 -0.6539
vn -0.5138 -0.3806 -0.7689
vn -0.5893 -0.5528 -0.5893
vn -0.7689 -0.3806 -0.5138
vn -0.8543 -0.3806 -0.3539
vn -0.7689 -0.3806 -0.5137
vn -0.9070 -0.3806 -0.1804
vn -0.8544 -0.3806 -0.3539
vn 0.9622 -0.1939 -0.1914
vn 0.9070 -0.3805 -0.1804
vn 0.8544 -0.3805 -0.3539
vn 0.9063 -0.1939 -0.3754
vn 0.9622 -0.1940 -0.1914
vn 0.9070 -0.3805 -0.1805
vn 0.8157 -0.1939 -0.5450
vn 0.9063 -0.1940 -0.3754
vn 0.7689 -0.3805 -0.5138
vn 0.6937 -0.1939 -0.6937
vn 0.8157 -0.1940 -0.5450
vn 0.6539 -0.3805 -0.6539
vn 0.5450 -0.1939 -0.8157
vn 0.6937 -0.1940 -0.6937
vn 0.5138 -0.3805 -0.7689
vn 0.3539 -0.3805 -0.8544
vn 0.3741 -0.1926 -0.9072
vn 0.5450 -0.1940 -0.8157
vn 0.5137 -0.3805 -0.7689
vn 0.3740 -0.1926 -0.9072
vn -0.3734 -0.1880 -0.9084
vn -0.1949 -0.1891 -0.9624
vn -0.3539 -0.3805 -0.8544
vn -0.5450 -0.1940 -0.8157
vn -0.3734 -0.1881 -0.9084
vn -0.5138 -0.3805 -0.7689
vn -0.6937 -0.1939 -0.6937
vn -0.6539 -0.3805 -0.6539
vn -0.7689 -0.3805 -0.5138
vn -0.8157 -0.1939 -0.5450
vn -0.6937 -0.1940 -0.6937
vn -0.8544 -0.3805 -0.3539
vn -0.9063 -0.1939 -0.3754
vn -0.8157 -0.1940 -0.5450
vn -0.7689 -0.3805 -0.5137
vn -0.9070 -0.3805 -0.1804
vn -0.9622 -0.1939 -0.1914
vn -0.9063 -0.1940 -0.3754
vn -0.9622 -0.1940 -0.1914
vn 0.9808 -0.0000 -0.1951
vn 0.9064 -0.1939 -0.3754
vn 0.9239 -0.0000 -0.3827
vn 0.8315 -0.0000 -0.5556
vn 0.7071 -0.0000 -0.7071
vn 0.5562 -0.0002 -0.8310
vn 0.3850 -0.0057 -0.9229
vn 0.3741 -0.1925 -0.9072
vn -0.5511 0.0101 -0.8344
vn -0.3890 -0.0148 -0.9211
vn -0.5450 -0.1939 -0.8157
vn -0.7051 0.0027 -0.7091
vn -0.5512 0.0101 -0.8343
vn -0.8315 -0.0000 -0.5556
vn -0.7052 0.0028 -0.7090
vn -0.9239 -0.0000 -0.3827
vn -0.9808 -0.0000 -0.1951
vn -0.9064 -0.1939 -0.3754
vn 0.9622 0.1939 -0.1914
vn 0.9064 0.1939 -0.3754
vn 0.8157 0.1939 -0.5450
vn 0.9063 0.1939 -0.3754
vn 0.6941 0.1934 -0.6934
vn 0.5464 0.1920 -0.8152
vn -0.6875 0.1997 -0.6982
vn -0.8176 0.1913 -0.5431
vn -0.9063 0.1939 -0.3754
vn -0.9622 0.1939 -0.1914
vn -0.9064 0.1939 -0.3754
vn 0.9622 0.1940 -0.1914
vn 0.9070 0.3805 -0.1804
vn 0.8544 0.3805 -0.3539
vn 0.9063 0.1940 -0.3754
vn 0.8157 0.1940 -0.5450
vn 0.7689 0.3805 -0.5137
vn 0.6941 0.1935 -0.6934
vn 0.6600 0.3754 -0.6507
vn 0.7689 0.3805 -0.5138
vn -0.8543 0.3822 -0.3522
vn -0.7722 0.3802 -0.5091
vn -0.9063 0.1940 -0.3754
vn -0.9052 0.3864 -0.1767
vn -0.8543 0.3822 -0.3521
vn -0.9622 0.1940 -0.1914
vn -0.9052 0.3864 -0.1766
vn 0.8173 0.5528 -0.1626
vn 0.9070 0.3806 -0.1804
vn 0.7770 0.5465 -0.3125
vn 0.8544 0.3806 -0.3539
vn 0.7161 0.5269 -0.4578
vn 0.8543 0.3806 -0.3539
vn 0.7689 0.3806 -0.5137
vn 0.6430 0.4959 -0.5836
vn 0.7161 0.5269 -0.4579
vn 0.7689 0.3806 -0.5138
vn -0.8617 0.4836 -0.1534
vn -0.9052 0.3865 -0.1766
vn 0.7665 0.6297 -0.1264
vn 0.8173 0.5528 -0.1625
vn 0.7665 0.6297 -0.1263
vn 0.7713 0.6316 -0.0789
vn 0.7477 0.6078 -0.2672
vn 0.7764 0.5974 -0.2010
vn 0.7713 0.6316 -0.0790
vn -0.7514 0.4711 -0.4619
vn -0.8543 0.3823 -0.3522
vn -0.8223 0.4754 -0.3128
vn 0.3849 -0.0057 -0.9229
vn 0.2907 -0.0347 -0.9562
vn 0.3034 0.0873 -0.9489
vn 0.4437 0.0953 -0.8911
vn 0.5747 0.3370 -0.7457
vn 0.6172 0.4894 -0.6161
vn 0.6600 0.3754 -0.6508
vn -0.3846 0.0403 -0.9222
vn -0.5739 0.1649 -0.8021
vn -0.6875 0.1998 -0.6981
vn -0.8176 0.1914 -0.5431
vn -0.7721 0.3802 -0.5091
vn -0.8617 0.4836 -0.1535
vn 0.7069 0.5846 -0.3981
vn 0.0805 -0.3373 0.9380
vn -0.3846 0.0402 0.9222
vn 0.3850 -0.0057 0.9229
vn 0.4677 0.1543 0.8703
vn 0.3740 -0.1925 0.9072
vn 0.2004 -0.2587 0.9449
vn 0.0805 -0.3373 0.9379
vn 0.0805 -0.3373 -0.9380
vn -0.2277 -0.0810 -0.9704
vn -0.3846 0.0402 -0.9222
vn 0.4677 0.1543 -0.8703
vn 0.3740 -0.1925 -0.9072
vn 0.2004 -0.2587 -0.9449
vn 0.0805 -0.3373 -0.9379
vt 0.888268 0.625000
vt 0.906250 0.648535
vt 0.906250 0.625000
vt 0.843967 0.569970
vt 0.875000 0.609495
vt 0.875000 0.562500
vt 0.757737 0.437500
vt 0.781250 0.472839
vt 0.781250 0.437500
vt 0.718750 0.437500
vt 0.718750 0.455126
vt 0.725881 0.437500
vt 0.656250 0.562500
vt 0.656747 0.621078
vt 0.680211 0.562500
vt 0.563771 0.820668
vt 0.602052 0.751625
vt 0.562500 0.750000
vt 0.519630 0.062500
vt 0.500000 0.062500
vt 0.500000 0.125000
vt 0.531250 0.125000
vt 0.562500 0.125000
vt 0.550880 0.062500
vt 0.531250 0.062500
vt 0.582130 0.062500
vt 0.562500 0.062500
vt 0.593750 0.125000
vt 0.625000 0.125000
vt 0.613380 0.062500
vt 0.593750 0.062500
vt 0.644630 0.062500
vt 0.625000 0.062500
vt 0.656250 0.125000
vt 0.687500 0.125000
vt 0.675880 0.062500
vt 0.656250 0.062500
vt 0.718750 0.125000
vt 0.707130 0.062500
vt 0.687500 0.062500
vt 0.738380 0.062500
vt 0.718750 0.062500
vt 0.750000 0.125000
vt 0.769630 0.062500
vt 0.750000 0.062500
vt 0.781250 0.125000
vt 0.800880 0.062500
vt 0.781250 0.062500
vt 0.812500 0.125000
vt 0.832130 0.062500
vt 0.812500 0.062500
vt 0.843750 0.125000
vt 0.875000 0.125000
vt 0.863381 0.062500
vt 0.843750 0.062500
vt 0.894630 0.062500
vt 0.875000 0.062500
vt 0.906250 0.125000
vt 0.925880 0.062500
vt 0.906250 0.062500
vt 0.937500 0.125000
vt 0.968750 0.125000
vt 0.957131 0.062500
vt 0.937500 0.062500
vt 0.988381 0.062500
vt 0.968750 0.062500
vt 1.000000 0.125000
vt 0.531250 0.187500
vt 0.521525 0.125000
vt 0.500000 0.187500
vt 0.552775 0.125000
vt 0.562500 0.187500
vt 0.584025 0.125000
vt 0.593750 0.187500
vt 0.625000 0.187500
vt 0.615275 0.125000
vt 0.656250 0.187500
vt 0.646526 0.125000
vt 0.677775 0.125000
vt 0.687500 0.187500
vt 0.718750 0.187500
vt 0.709026 0.125000
vt 0.740276 0.125000
vt 0.750000 0.187500
vt 0.771526 0.125000
vt 0.781250 0.187500
vt 0.812500 0.187500
vt 0.802776 0.125000
vt 0.834026 0.125000
vt 0.843750 0.187500
vt 0.875000 0.187500
vt 0.865276 0.125000
vt 0.896526 0.125000
vt 0.906250 0.187500
vt 0.927776 0.125000
vt 0.937500 0.187500
vt 0.959026 0.125000
vt 0.968750 0.187500
vt 1.000000 0.187500
vt 0.990276 0.125000
vt 0.531250 0.250000
vt 0.524553 0.187500
vt 0.500000 0.250000
vt 0.562500 0.250000
vt 0.555803 0.187500
vt 0.587053 0.187500
vt 0.593750 0.250000
vt 0.625000 0.250000
vt 0.618303 0.187500
vt 0.649553 0.187500
vt 0.656250 0.250000
vt 0.687500 0.250000
vt 0.680803 0.187500
vt 0.718750 0.250000
vt 0.712053 0.187500
vt 0.743303 0.187500
vt 0.750000 0.250000
vt 0.774553 0.187500
vt 0.781250 0.250000
vt 0.812500 0.250000
vt 0.805803 0.187500
vt 0.837053 0.187500
vt 0.843750 0.250000
vt 0.875000 0.250000
vt 0.868303 0.187500
vt 0.899553 0.187500
vt 0.906250 0.250000
vt 0.930803 0.187500
vt 0.937500 0.250000
vt 0.962053 0.187500
vt 0.968750 0.250000
vt 1.000000 0.250000
vt 0.993303 0.187500
vt 0.526576 0.250000
vt 0.500000 0.312500
vt 0.531250 0.312500
vt 0.562500 0.312500
vt 0.557826 0.250000
vt 0.593750 0.312500
vt 0.589076 0.250000
vt 0.625000 0.312500
vt 0.620326 0.250000
vt 0.651576 0.250000
vt 0.656250 0.312500
vt 0.687500 0.312500
vt 0.682826 0.250000
vt 0.718750 0.312500
vt 0.714076 0.250000
vt 0.750000 0.312500
vt 0.745326 0.250000
vt 0.781250 0.312500
vt 0.776576 0.250000
vt 0.807826 0.250000
vt 0.812500 0.312500
vt 0.839076 0.250000
vt 0.843750 0.312500
vt 0.875000 0.312500
vt 0.870326 0.250000
vt 0.906250 0.312500
vt 0.901576 0.250000
vt 0.937500 0.312500
vt 0.932826 0.250000
vt 0.964076 0.250000
vt 0.968750 0.312500
vt 1.000000 0.312500
vt 0.995326 0.250000
vt 0.528124 0.312500
vt 0.500000 0.375000
vt 0.531250 0.375000
vt 0.562500 0.375000
vt 0.559374 0.312500
vt 0.590624 0.312500
vt 0.593750 0.375000
vt 0.621874 0.312500
vt 0.625000 0.375000
vt 0.656250 0.375000
vt 0.653124 0.312500
vt 0.687500 0.375000
vt 0.684374 0.312500
vt 0.715624 0.312500
vt 0.718750 0.375000
vt 0.746874 0.312500
vt 0.750000 0.375000
vt 0.778124 0.312500
vt 0.781250 0.375000
vt 0.812500 0.375000
vt 0.809374 0.312500
vt 0.840624 0.312500
vt 0.843750 0.375000
vt 0.875000 0.375000
vt 0.871874 0.312500
vt 0.903124 0.312500
vt 0.906250 0.375000
vt 0.934374 0.312500
vt 0.937500 0.375000
vt 0.968750 0.375000
vt 0.965624 0.312500
vt 1.000000 0.375000
vt 0.996875 0.312500
vt 0.531250 0.437500
vt 0.529437 0.375000
vt 0.500000 0.437500
vt 0.560687 0.375000
vt 0.562500 0.437500
vt 0.593750 0.437500
vt 0.591937 0.375000
vt 0.625000 0.437500
vt 0.623187 0.375000
vt 0.656250 0.437500
vt 0.654437 0.375000
vt 0.685687 0.375000
vt 0.687500 0.437500
vt 0.716937 0.375000
vt 0.812500 0.437500
vt 0.810687 0.375000
vt 0.843750 0.437500
vt 0.841937 0.375000
vt 0.875000 0.437500
vt 0.873187 0.375000
vt 0.904437 0.375000
vt 0.906250 0.437500
vt 0.935687 0.375000
vt 0.937500 0.437500
vt 0.966937 0.375000
vt 0.968750 0.437500
vt 1.000000 0.437500
vt 0.998187 0.375000
vt 0.531250 0.500000
vt 0.530650 0.437500
vt 0.500000 0.500000
vt 0.561900 0.437500
vt 0.562500 0.500000
vt 0.593150 0.437500
vt 0.593750 0.500000
vt 0.624400 0.437500
vt 0.625000 0.500000
vt 0.656250 0.500000
vt 0.655650 0.437500
vt 0.687500 0.500000
vt 0.686900 0.437500
vt 0.843750 0.500000
vt 0.843150 0.437500
vt 0.812500 0.500000
vt 0.875000 0.500000
vt 0.874400 0.437500
vt 0.905650 0.437500
vt 0.906250 0.500000
vt 0.936900 0.437500
vt 0.937500 0.500000
vt 0.968750 0.500000
vt 0.968150 0.437500
vt 0.999400 0.437500
vt 1.000000 0.500000
vt 0.500600 0.562500
vt 0.531250 0.562500
vt 0.562500 0.562500
vt 0.531851 0.562500
vt 0.593750 0.562500
vt 0.563100 0.562500
vt 0.625000 0.562500
vt 0.594350 0.562500
vt 0.625601 0.562500
vt 0.844351 0.562500
vt 0.906250 0.562500
vt 0.875601 0.562500
vt 0.937500 0.562500
vt 0.906851 0.562500
vt 0.938101 0.562500
vt 0.968750 0.562500
vt 0.969351 0.562500
vt 1.000000 0.562500
vt 0.500000 0.562500
vt 0.501813 0.625000
vt 0.531250 0.625000
vt 0.562500 0.625000
vt 0.533063 0.625000
vt 0.564313 0.625000
vt 0.593750 0.625000
vt 0.595563 0.625000
vt 0.625000 0.625000
vt 0.937500 0.625000
vt 0.908063 0.625000
vt 0.968750 0.625000
vt 0.939313 0.625000
vt 1.000000 0.625000
vt 0.970563 0.625000
vt 0.531250 0.687500
vt 0.500000 0.625000
vt 0.503126 0.687500
vt 0.562500 0.687500
vt 0.534376 0.687500
vt 0.593750 0.687500
vt 0.565626 0.687500
vt 0.625000 0.687500
vt 0.596876 0.687500
vt 0.972132 0.691816
vt 0.999917 0.696407
vt 0.531250 0.750000
vt 0.500000 0.687500
vt 0.504674 0.750000
vt 0.535924 0.750000
vt 0.567174 0.750000
vt 0.593750 0.750000
vt 0.500000 0.750000
vt 0.510253 0.843168
vt 0.531026 0.837976
vt 0.540901 0.837976
vt 0.562430 0.820503
vt 0.907427 0.648535
vt 0.937500 0.676426
vt 0.687500 0.535515
vt 0.694232 0.512804
vt 0.700111 0.500000
vt 0.630866 0.687500
vt 0.659047 0.625000
vt 0.626813 0.625000
vt 0.655963 0.623985
vt 0.812689 0.519667
vt 0.838894 0.562500
vt 0.876363 0.609495
vt 0.940072 0.676426
vt 0.968710 0.691816
vt 0.629498 0.698848
vt 0.630496 0.687500
vt 0.594128 0.750000
vt 0.756289 0.437500
vt 0.748442 0.425582
vt 0.780904 0.472839
vt 0.799432 0.500000
vt 0.688112 0.500000
vt 0.678821 0.562500
vt 0.687764 0.535515
vt 0.699869 0.500000
vt 0.718150 0.437500
vt 0.718319 0.455126
vt 0.724544 0.437500
vt 0.716825 0.437500
vt 0.750000 0.425582
s 1
usemtl 02_-_Default
f 1/1/1 2/2/2 3/3/3
f 4/4/4 5/5/5 6/6/6
f 7/7/7 8/8/8 9/9/9
f 10/10/10 11/11/11 12/12/12
f 13/13/13 14/14/14 15/15/15
f 16/16/16 17/17/17 18/18/18
f 19/1/19 20/3/20 21/2/21
f 22/4/22 23/6/23 24/5/24
f 25/7/25 26/9/26 27/8/27
f 28/10/28 29/12/29 30/11/30
f 31/13/31 32/15/32 33/14/33
f 34/16/34 35/18/35 36/17/36
f 37/19/37 38/20/38 39/21/39
f 37/19/37 39/21/39 40/22/40
f 41/23/41 42/24/42 43/25/37
f 41/23/41 43/25/37 40/22/40
f 44/26/43 45/27/42 41/23/41
f 44/26/43 41/23/41 46/28/44
f 47/29/45 48/30/46 49/31/47
f 47/29/45 49/31/47 46/28/48
f 50/32/49 51/33/46 47/29/50
f 50/32/49 47/29/50 52/34/51
f 53/35/52 54/36/53 55/37/54
f 53/35/52 55/37/54 52/34/55
f 56/38/56 57/39/57 58/40/53
f 56/38/56 58/40/53 53/35/52
f 59/41/58 60/42/57 56/38/59
f 59/41/58 56/38/59 61/43/60
f 62/44/61 63/45/58 61/43/60
f 62/44/61 61/43/60 64/46/62
f 65/47/63 66/48/61 64/46/62
f 65/47/63 64/46/62 67/49/64
f 68/50/65 69/51/63 67/49/64
f 68/50/65 67/49/64 70/52/66
f 71/53/67 72/54/68 73/55/69
f 71/53/67 73/55/69 70/52/70
f 74/56/71 75/57/68 71/53/72
f 74/56/71 71/53/72 76/58/73
f 77/59/74 78/60/75 76/58/76
f 77/59/74 76/58/76 79/61/77
f 80/62/78 81/63/79 82/64/74
f 80/62/78 82/64/74 79/61/77
f 83/65/80 84/66/79 80/62/78
f 83/65/80 80/62/78 85/67/81
f 86/68/82 87/69/40 39/21/83
f 86/68/82 39/21/83 88/70/84
f 89/71/41 40/22/40 86/68/82
f 89/71/41 86/68/82 90/72/85
f 91/73/48 41/23/41 90/72/86
f 91/73/48 90/72/86 92/74/87
f 93/75/88 94/76/89 46/28/48
f 93/75/88 46/28/48 92/74/87
f 95/77/90 96/78/51 47/29/89
f 95/77/90 47/29/89 93/75/88
f 97/79/52 52/34/51 95/77/90
f 97/79/52 95/77/90 98/80/91
f 99/81/92 100/82/59 53/35/52
f 99/81/92 53/35/52 98/80/93
f 101/83/94 56/38/59 99/81/92
f 101/83/94 99/81/92 102/84/95
f 103/85/62 61/43/94 102/84/95
f 103/85/62 102/84/95 104/86/96
f 105/87/97 106/88/64 64/46/62
f 105/87/97 64/46/62 104/86/96
f 107/89/70 67/49/64 105/87/98
f 107/89/70 105/87/98 108/90/99
f 109/91/100 110/92/101 70/52/70
f 109/91/100 70/52/70 108/90/99
f 111/93/73 71/53/101 109/91/100
f 111/93/73 109/91/100 112/94/102
f 113/95/77 76/58/73 112/94/102
f 113/95/77 112/94/102 114/96/103
f 115/97/78 79/61/77 114/96/103
f 115/97/78 114/96/103 116/98/104
f 117/99/105 118/100/81 80/62/78
f 117/99/105 80/62/78 116/98/104
f 119/101/106 120/102/107 88/70/108
f 119/101/106 88/70/108 121/103/109
f 122/104/110 123/105/111 86/68/112
f 122/104/110 86/68/112 119/101/113
f 124/106/114 90/72/115 122/104/116
f 124/106/114 122/104/116 125/107/117
f 126/108/118 127/109/119 92/74/114
f 126/108/118 92/74/114 125/107/117
f 128/110/120 93/75/119 126/108/118
f 128/110/120 126/108/118 129/111/121
f 130/112/122 131/113/123 95/77/120
f 130/112/122 95/77/120 129/111/124
f 132/114/125 133/115/126 98/80/123
f 132/114/125 98/80/123 130/112/127
f 134/116/128 99/81/126 132/114/125
f 134/116/128 132/114/125 135/117/129
f 136/118/130 102/84/128 135/117/129
f 136/118/130 135/117/129 137/119/131
f 138/120/132 139/121/133 104/86/130
f 138/120/132 104/86/130 137/119/134
f 140/122/135 105/87/136 138/120/137
f 140/122/135 138/120/137 141/123/138
f 142/124/139 143/125/140 108/90/135
f 142/124/139 108/90/135 141/123/138
f 144/126/141 109/91/142 142/124/139
f 144/126/141 142/124/139 145/127/143
f 146/128/144 112/94/145 145/127/146
f 146/128/144 145/127/146 147/129/147
f 148/130/148 114/96/144 147/129/149
f 148/130/148 147/129/149 149/131/150
f 150/132/151 151/133/152 116/98/148
f 150/132/151 116/98/148 149/131/150
f 152/134/153 121/103/109 153/135/154
f 152/134/153 153/135/154 154/136/155
f 155/137/156 156/138/157 119/101/158
f 155/137/156 119/101/158 154/136/159
f 157/139/160 158/140/161 122/104/162
f 157/139/160 122/104/162 155/137/156
f 159/141/163 160/142/164 125/107/165
f 159/141/163 125/107/165 157/139/166
f 161/143/167 126/108/168 159/141/169
f 161/143/167 159/141/169 162/144/170
f 163/145/171 164/146/172 129/111/173
f 163/145/171 129/111/173 162/144/174
f 165/147/175 166/148/176 130/112/177
f 165/147/175 130/112/177 163/145/171
f 167/149/178 168/150/179 132/114/180
f 167/149/178 132/114/180 165/147/181
f 169/151/182 170/152/183 135/117/179
f 169/151/182 135/117/179 167/149/178
f 171/153/184 137/119/185 169/151/186
f 171/153/184 169/151/186 172/154/187
f 173/155/188 138/120/189 172/154/187
f 173/155/188 172/154/187 174/156/190
f 175/157/191 176/158/192 141/123/193
f 175/157/191 141/123/193 174/156/194
f 177/159/195 178/160/196 142/124/197
f 177/159/195 142/124/197 175/157/198
f 179/161/199 180/162/200 145/127/201
f 179/161/199 145/127/201 177/159/202
f 181/163/203 147/129/204 179/161/199
f 181/163/203 179/161/199 182/164/205
f 183/165/206 184/166/151 149/131/207
f 183/165/206 149/131/207 182/164/208
f 185/167/159 153/135/209 186/168/210
f 185/167/159 186/168/210 187/169/211
f 188/170/212 189/171/156 154/136/159
f 188/170/212 154/136/159 187/169/211
f 190/172/166 155/137/156 188/170/213
f 190/172/166 188/170/213 191/173/214
f 192/174/215 157/139/166 191/173/216
f 192/174/215 191/173/216 193/175/217
f 194/176/218 195/177/170 159/141/215
f 194/176/218 159/141/215 193/175/217
f 196/178/219 197/179/171 162/144/170
f 196/178/219 162/144/170 194/176/220
f 198/180/175 163/145/171 196/178/221
f 198/180/175 196/178/221 199/181/222
f 200/182/178 165/147/175 199/181/223
f 200/182/178 199/181/223 201/183/224
f 202/184/186 167/149/178 201/183/225
f 202/184/186 201/183/225 203/185/226
f 204/186/227 205/187/187 169/151/186
f 204/186/227 169/151/186 203/185/228
f 206/188/194 172/154/187 204/186/229
f 206/188/194 204/186/229 207/189/230
f 208/190/231 209/191/232 174/156/194
f 208/190/231 174/156/194 207/189/233
f 210/192/195 175/157/232 208/190/231
f 210/192/195 208/190/231 211/193/234
f 212/194/199 177/159/195 211/193/235
f 212/194/199 211/193/235 213/195/236
f 214/196/237 215/197/205 179/161/199
f 214/196/237 179/161/199 213/195/238
f 216/198/239 217/199/240 182/164/205
f 216/198/239 182/164/205 214/196/237
f 218/200/241 219/201/242 186/168/243
f 218/200/241 186/168/243 220/202/244
f 221/203/245 187/169/242 218/200/246
f 221/203/245 218/200/246 222/204/247
f 223/205/248 224/206/249 188/170/245
f 223/205/248 188/170/245 222/204/250
f 225/207/251 226/208/252 191/173/253
f 225/207/251 191/173/253 223/205/254
f 227/209/255 228/210/256 193/175/252
f 227/209/255 193/175/252 225/207/257
f 229/211/258 194/176/256 227/209/259
f 229/211/258 227/209/259 230/212/260
f 10/10/10 231/213/223 196/178/258
f 10/10/10 196/178/258 230/212/261
f 232/214/262 233/215/263 203/185/226
f 232/214/262 203/185/226 9/9/264
f 234/216/265 235/217/266 204/186/263
f 234/216/265 204/186/263 232/214/267
f 236/218/268 237/219/269 207/189/270
f 236/218/268 207/189/270 234/216/271
f 238/220/272 208/190/269 236/218/273
f 238/220/272 236/218/273 239/221/274
f 240/222/275 211/193/272 239/221/276
f 240/222/275 239/221/276 241/223/277
f 242/224/278 213/195/275 241/223/279
f 242/224/278 241/223/279 243/225/280
f 244/226/281 245/227/282 214/196/283
f 244/226/281 214/196/283 243/225/284
f 246/228/285 247/229/246 220/202/244
f 246/228/285 220/202/244 248/230/286
f 249/231/287 218/200/246 246/228/285
f 249/231/287 246/228/285 250/232/288
f 251/233/254 222/204/250 250/232/288
f 251/233/254 250/232/288 252/234/289
f 253/235/257 223/205/254 252/234/289
f 253/235/257 252/234/289 254/236/290
f 255/237/291 256/238/259 225/207/257
f 255/237/291 225/207/257 254/236/290
f 257/239/292 258/240/293 227/209/259
f 257/239/292 227/209/259 255/237/291
f 259/241/294 260/242/271 232/214/262
f 259/241/294 232/214/262 261/243/295
f 262/244/296 263/245/273 234/216/271
f 262/244/296 234/216/271 259/241/297
f 264/246/276 236/218/273 262/244/298
f 264/246/276 262/244/298 265/247/299
f 266/248/279 239/221/276 265/247/299
f 266/248/279 265/247/299 267/249/300
f 268/250/301 269/251/284 241/223/302
f 268/250/301 241/223/302 267/249/300
f 270/252/281 243/225/284 268/250/301
f 270/252/281 268/250/301 271/253/303
f 246/228/285 248/230/286 272/254/304
f 246/228/285 272/254/304 273/255/305
f 274/256/306 250/232/288 246/228/285
f 274/256/306 246/228/285 275/257/305
f 276/258/307 252/234/289 250/232/288
f 276/258/307 250/232/288 277/259/308
f 278/260/309 254/236/290 252/234/289
f 278/260/309 252/234/289 279/261/307
f 255/237/291 254/236/290 280/262/309
f 255/237/291 280/262/309 13/13/310
f 6/6/311 262/244/296 259/241/297
f 6/6/311 259/241/297 281/263/4
f 282/264/312 265/247/299 262/244/298
f 282/264/312 262/244/298 283/265/311
f 284/266/313 267/249/300 265/247/299
f 284/266/313 265/247/299 285/267/312
f 268/250/301 267/249/300 286/268/314
f 268/250/301 286/268/314 287/269/315
f 271/253/303 268/250/301 288/270/315
f 271/253/303 288/270/315 289/271/316
f 273/255/305 290/272/304 291/273/317
f 273/255/305 291/273/317 292/274/318
f 293/275/319 274/256/308 273/255/320
f 293/275/319 273/255/320 294/276/321
f 276/258/307 274/256/322 295/277/319
f 276/258/307 295/277/319 296/278/323
f 278/260/324 276/258/325 297/279/323
f 278/260/324 297/279/323 298/280/326
f 299/281/327 284/266/313 282/264/328
f 299/281/327 282/264/328 300/282/329
f 301/283/330 287/269/315 284/266/331
f 301/283/330 284/266/331 302/284/332
f 303/285/333 289/271/316 287/269/334
f 303/285/333 287/269/334 304/286/335
f 305/287/336 292/274/337 306/288/338
f 305/287/336 306/288/338 307/289/339
f 308/290/340 293/275/341 292/274/337
f 308/290/340 292/274/337 309/291/336
f 310/292/342 296/278/343 293/275/344
f 310/292/342 293/275/344 311/293/340
f 312/294/345 298/280/326 296/278/346
f 312/294/345 296/278/346 313/295/342
f 303/285/333 301/283/347 314/296/348
f 303/285/333 314/296/348 315/297/349
f 316/298/350 305/287/351 317/299/352
f 316/298/350 317/299/352 318/300/353
f 308/290/340 305/287/336 319/301/350
f 308/290/340 319/301/350 18/18/18
f 310/292/354 308/290/340 320/302/18
f 310/292/354 320/302/18 321/303/17
f 316/298/355 322/304/353 323/305/356
f 316/298/355 323/305/356 324/306/357
f 18/18/358 316/298/350 325/307/359
f 18/18/358 325/307/359 326/308/360
f 327/309/361 328/310/362 299/281/363
f 327/309/361 299/281/363 3/3/3
f 257/239/364 329/311/365 330/312/366
f 257/239/364 330/312/366 331/313/367
f 298/280/326 312/294/345 332/314/368
f 298/280/326 332/314/368 333/315/369
f 278/260/309 334/316/370 335/317/369
f 278/260/309 335/317/369 13/13/13
f 336/318/371 337/319/372 259/241/294
f 336/318/371 259/241/294 261/243/295
f 338/320/5 3/3/373 282/264/312
f 338/320/5 282/264/312 6/6/374
f 339/321/362 340/322/375 301/283/347
f 339/321/362 301/283/347 299/281/363
f 341/323/368 342/324/345 310/292/342
f 341/323/368 310/292/342 343/325/376
f 344/19/377 345/22/378 39/21/39
f 344/19/377 39/21/39 38/20/38
f 346/23/379 345/22/378 347/25/377
f 346/23/379 347/25/377 348/24/380
f 349/26/381 350/28/382 346/23/379
f 349/26/381 346/23/379 351/27/380
f 352/29/383 350/28/384 353/31/385
f 352/29/383 353/31/385 354/30/386
f 355/32/387 356/34/388 352/29/389
f 355/32/387 352/29/389 357/33/386
f 358/35/390 356/34/391 359/37/392
f 358/35/390 359/37/392 360/36/393
f 361/38/394 358/35/390 362/40/393
f 361/38/394 362/40/393 363/39/395
f 364/41/396 365/43/397 361/38/394
f 364/41/396 361/38/394 366/42/395
f 367/44/398 368/46/399 365/43/397
f 367/44/398 365/43/397 369/45/396
f 370/47/400 371/49/401 368/46/402
f 370/47/400 368/46/402 372/48/398
f 373/50/403 374/52/404 371/49/401
f 373/50/403 371/49/401 375/51/400
f 376/53/405 374/52/406 377/55/407
f 376/53/405 377/55/407 378/54/408
f 379/56/409 380/58/410 376/53/411
f 379/56/409 376/53/411 381/57/408
f 382/59/412 383/61/413 380/58/414
f 382/59/412 380/58/414 384/60/415
f 385/62/416 383/61/413 386/64/412
f 385/62/416 386/64/412 387/63/417
f 83/65/80 85/67/81 385/62/416
f 83/65/80 385/62/416 388/66/417
f 389/68/418 88/70/84 39/21/83
f 389/68/418 39/21/83 390/69/378
f 391/71/379 392/72/419 389/68/418
f 391/71/379 389/68/418 345/22/378
f 393/73/384 394/74/420 392/72/421
f 393/73/384 392/72/421 346/23/379
f 395/75/422 394/74/420 350/28/384
f 395/75/422 350/28/384 396/76/423
f 397/77/424 395/75/422 352/29/423
f 397/77/424 352/29/423 398/78/388
f 399/79/390 400/80/425 397/77/424
f 399/79/390 397/77/424 356/34/388
f 401/81/426 400/80/427 358/35/390
f 401/81/426 358/35/390 402/82/394
f 403/83/428 404/84/429 401/81/426
f 403/83/428 401/81/426 361/38/394
f 405/85/399 406/86/430 404/84/429
f 405/85/399 404/84/429 365/43/428
f 407/87/431 406/86/430 368/46/399
f 407/87/431 368/46/399 408/88/401
f 409/89/406 410/90/432 407/87/433
f 409/89/406 407/87/433 371/49/401
f 411/91/434 410/90/432 374/52/406
f 411/91/434 374/52/406 412/92/435
f 413/93/410 414/94/436 411/91/434
f 413/93/410 411/91/434 376/53/435
f 415/95/413 416/96/437 414/94/436
f 415/95/413 414/94/436 380/58/410
f 417/97/416 418/98/438 416/96/437
f 417/97/416 416/96/437 383/61/413
f 117/99/105 418/98/438 385/62/416
f 117/99/105 385/62/416 118/100/81
f 419/101/439 121/103/109 88/70/108
f 419/101/439 88/70/108 420/102/440
f 421/104/441 419/101/439 389/68/442
f 421/104/441 389/68/442 422/105/443
f 423/106/444 424/107/445 421/104/446
f 423/106/444 421/104/446 392/72/447
f 425/108/448 424/107/449 394/74/444
f 425/108/448 394/74/444 426/109/450
f 427/110/451 428/111/452 425/108/448
f 427/110/451 425/108/448 395/75/450
f 429/112/453 428/111/452 397/77/451
f 429/112/453 397/77/451 430/113/454
f 431/114/455 429/112/456 400/80/454
f 431/114/455 400/80/454 432/115/457
f 433/116/458 434/117/459 431/114/455
f 433/116/458 431/114/455 401/81/457
f 435/118/460 436/119/461 434/117/459
f 435/118/460 434/117/459 404/84/458
f 437/120/462 436/119/461 406/86/460
f 437/120/462 406/86/460 438/121/463
f 439/122/464 440/123/465 437/120/466
f 439/122/464 437/120/466 407/87/467
f 441/124/468 440/123/469 410/90/470
f 441/124/468 410/90/470 442/125/471
f 443/126/472 444/127/473 441/124/468
f 443/126/472 441/124/468 411/91/474
f 445/128/475 446/129/476 444/127/477
f 445/128/475 444/127/477 414/94/478
f 447/130/479 448/131/480 446/129/481
f 447/130/479 446/129/481 416/96/475
f 150/132/151 448/131/480 418/98/482
f 150/132/151 418/98/482 151/133/152
f 449/134/483 450/136/484 153/135/154
f 449/134/483 153/135/154 121/103/109
f 451/137/485 450/136/486 419/101/487
f 451/137/485 419/101/487 452/138/488
f 453/139/489 451/137/485 421/104/490
f 453/139/489 421/104/490 454/140/491
f 455/141/492 453/139/493 424/107/494
f 455/141/492 424/107/494 456/142/495
f 457/143/496 458/144/497 455/141/498
f 457/143/496 455/141/498 425/108/499
f 459/145/500 458/144/501 428/111/502
f 459/145/500 428/111/502 460/146/503
f 461/147/504 459/145/500 429/112/505
f 461/147/504 429/112/505 462/148/506
f 463/149/507 461/147/508 431/114/509
f 463/149/507 431/114/509 464/150/510
f 465/151/511 463/149/507 434/117/510
f 465/151/511 434/117/510 466/152/512
f 467/153/513 468/154/514 465/151/515
f 467/153/513 465/151/515 436/119/516
f 469/155/517 470/156/518 468/154/514
f 469/155/517 468/154/514 437/120/519
f 471/157/520 470/156/521 440/123/522
f 471/157/520 440/123/522 472/158/523
f 473/159/524 471/157/525 441/124/526
f 473/159/524 441/124/526 474/160/527
f 475/161/528 473/159/529 444/127/530
f 475/161/528 444/127/530 476/162/531
f 477/163/532 478/164/533 475/161/528
f 477/163/532 475/161/528 446/129/534
f 183/165/206 478/164/535 448/131/536
f 183/165/206 448/131/536 184/166/151
f 479/167/486 480/169/537 186/168/210
f 479/167/486 186/168/210 153/135/209
f 481/170/538 480/169/537 450/136/486
f 481/170/538 450/136/486 482/171/485
f 483/172/493 484/173/539 481/170/540
f 483/172/493 481/170/540 451/137/485
f 485/174/541 486/175/542 484/173/543
f 485/174/541 484/173/543 453/139/493
f 487/176/544 486/175/542 455/141/541
f 487/176/544 455/141/541 488/177/497
f 489/178/545 487/176/546 458/144/497
f 489/178/545 458/144/497 490/179/500
f 491/180/504 492/181/547 489/178/548
f 491/180/504 489/178/548 459/145/500
f 493/182/507 494/183/549 492/181/550
f 493/182/507 492/181/550 461/147/504
f 495/184/515 496/185/551 494/183/549
f 495/184/515 494/183/549 463/149/507
f 497/186/552 496/185/553 465/151/515
f 497/186/552 465/151/515 498/187/514
f 499/188/521 500/189/554 497/186/555
f 499/188/521 497/186/555 468/154/514
f 501/190/556 500/189/557 470/156/521
f 501/190/556 470/156/521 502/191/558
f 503/192/524 504/193/559 501/190/556
f 503/192/524 501/190/556 471/157/558
f 505/194/528 506/195/560 504/193/561
f 505/194/528 504/193/561 473/159/524
f 507/196/562 506/195/563 475/161/528
f 507/196/562 475/161/528 508/197/533
f 216/198/239 507/196/562 478/164/533
f 216/198/239 478/164/533 217/199/240
f 509/200/564 220/202/244 186/168/243
f 509/200/564 186/168/243 510/201/565
f 511/203/566 512/204/567 509/200/568
f 511/203/566 509/200/568 480/169/569
f 513/205/570 512/204/571 481/170/566
f 513/205/570 481/170/566 514/206/572
f 515/207/573 513/205/574 484/173/572
f 515/207/573 484/173/572 516/208/575
f 517/209/576 515/207/577 486/175/575
f 517/209/576 486/175/575 518/210/578
f 519/211/579 520/212/580 517/209/581
f 519/211/579 517/209/581 487/176/582
f 28/10/28 520/212/583 489/178/579
f 28/10/28 489/178/579 521/213/550
f 522/214/584 26/9/585 496/185/551
f 522/214/584 496/185/551 523/215/586
f 524/216/587 522/214/588 497/186/586
f 524/216/587 497/186/586 525/217/589
f 526/218/590 524/216/587 500/189/589
f 526/218/590 500/189/589 527/219/591
f 528/220/592 529/221/593 526/218/594
f 528/220/592 526/218/594 501/190/591
f 530/222/595 531/223/596 529/221/597
f 530/222/595 529/221/597 504/193/598
f 532/224/599 533/225/600 531/223/601
f 532/224/599 531/223/601 506/195/595
f 244/226/281 533/225/602 507/196/599
f 244/226/281 507/196/599 245/227/282
f 534/228/603 248/230/286 220/202/244
f 534/228/603 220/202/244 535/229/564
f 536/231/604 537/232/605 534/228/603
f 536/231/604 534/228/603 509/200/564
f 538/233/570 539/234/606 537/232/605
f 538/233/570 537/232/605 512/204/567
f 540/235/573 541/236/607 539/234/606
f 540/235/573 539/234/606 513/205/570
f 542/237/608 541/236/607 515/207/573
f 542/237/608 515/207/573 543/238/576
f 544/239/609 542/237/608 517/209/576
f 544/239/609 517/209/576 545/240/610
f 546/241/611 547/243/612 522/214/584
f 546/241/611 522/214/584 548/242/613
f 549/244/614 546/241/615 524/216/613
f 549/244/614 524/216/613 550/245/590
f 551/246/593 552/247/616 549/244/617
f 551/246/593 549/244/617 526/218/590
f 553/248/596 554/249/618 552/247/616
f 553/248/596 552/247/616 529/221/593
f 555/250/619 554/249/618 531/223/620
f 555/250/619 531/223/620 556/251/600
f 270/252/281 271/253/303 555/250/619
f 270/252/281 555/250/619 533/225/600
f 534/228/603 557/255/621 272/254/304
f 534/228/603 272/254/304 248/230/286
f 558/256/622 559/257/621 534/228/603
f 558/256/622 534/228/603 537/232/605
f 560/258/623 561/259/624 537/232/605
f 560/258/623 537/232/605 539/234/606
f 562/260/625 563/261/623 539/234/606
f 562/260/625 539/234/606 541/236/607
f 542/237/608 31/13/626 564/262/625
f 542/237/608 564/262/625 541/236/607
f 23/6/627 565/263/22 546/241/615
f 23/6/627 546/241/615 549/244/614
f 566/264/628 567/265/627 549/244/617
f 566/264/628 549/244/617 552/247/616
f 568/266/629 569/267/628 552/247/616
f 568/266/629 552/247/616 554/249/618
f 555/250/619 570/269/630 571/268/631
f 555/250/619 571/268/631 554/249/618
f 271/253/303 289/271/316 572/270/630
f 271/253/303 572/270/630 555/250/619
f 557/255/632 573/274/633 291/273/317
f 557/255/632 291/273/317 290/272/304
f 574/275/634 575/276/633 557/255/621
f 574/275/634 557/255/621 558/256/635
f 560/258/636 576/278/637 577/277/634
f 560/258/636 577/277/634 558/256/624
f 562/260/638 578/280/639 579/279/640
f 562/260/638 579/279/640 560/258/623
f 580/281/641 581/282/642 566/264/628
f 580/281/641 566/264/628 568/266/643
f 582/283/644 583/284/645 568/266/629
f 582/283/644 568/266/629 570/269/646
f 303/285/333 584/286/647 570/269/630
f 303/285/333 570/269/630 289/271/316
f 585/287/648 307/289/339 306/288/338
f 585/287/648 306/288/338 573/274/649
f 586/290/650 587/291/648 573/274/649
f 586/290/650 573/274/649 574/275/651
f 588/292/652 589/293/650 574/275/653
f 588/292/652 574/275/653 576/278/654
f 590/294/655 591/295/656 576/278/657
f 590/294/655 576/278/657 578/280/639
f 303/285/333 315/297/349 592/296/658
f 303/285/333 592/296/658 582/283/659
f 593/298/660 318/300/353 317/299/352
f 593/298/660 317/299/352 585/287/661
f 586/290/650 35/18/35 594/301/660
f 586/290/650 594/301/660 585/287/648
f 588/292/652 595/303/36 596/302/35
f 588/292/652 596/302/35 586/290/650
f 593/298/662 597/306/663 323/305/356
f 593/298/662 323/305/356 322/304/353
f 35/18/664 598/308/665 599/307/666
f 35/18/664 599/307/666 593/298/660
f 600/309/667 20/3/20 580/281/668
f 600/309/667 580/281/668 601/310/669
f 544/239/670 602/313/671 603/312/672
f 544/239/670 603/312/672 604/311/673
f 578/280/639 605/315/674 606/314/675
f 578/280/639 606/314/675 590/294/655
f 562/260/625 31/13/31 607/317/674
f 562/260/625 607/317/674 608/316/676
f 609/318/677 547/243/612 546/241/611
f 609/318/677 546/241/611 610/319/678
f 611/320/24 23/6/679 566/264/680
f 611/320/24 566/264/680 20/3/681
f 612/321/669 580/281/668 582/283/659
f 612/321/669 582/283/659 613/322/682
f 614/323/675 615/325/683 588/292/656
f 614/323/675 588/292/656 616/324/655
f 618/326/7 201/183/225 617/327/684
f 201/183/225 618/326/7 203/185/226
f 203/185/226 618/326/7 9/9/264
f 619/328/8 232/214/262 9/9/264
f 232/214/262 619/328/8 620/329/685
f 232/214/262 620/329/685 261/243/295
f 13/13/310 623/330/686 255/237/291
f 623/330/686 13/13/310 621/331/687
f 623/330/686 621/331/687 622/332/365
f 624/333/367 230/212/688 257/239/364
f 230/212/688 624/333/367 626/334/10
f 626/334/10 624/333/367 625/335/11
f 628/336/689 199/181/223 627/337/10
f 199/181/223 628/336/689 201/183/224
f 201/183/224 628/336/689 629/338/690
f 494/183/549 630/326/25 631/327/691
f 630/326/25 494/183/549 496/185/551
f 630/326/25 496/185/551 26/9/585
f 522/214/584 633/328/692 26/9/585
f 633/328/692 522/214/584 632/329/693
f 632/329/693 522/214/584 547/243/612
f 634/330/670 31/13/626 542/237/608
f 31/13/626 634/330/670 636/331/694
f 636/331/694 634/330/670 635/332/673
f 520/212/695 639/333/671 544/239/670
f 639/333/671 520/212/695 637/334/28
f 639/333/671 637/334/28 638/335/30
f 492/181/550 641/336/696 642/337/28
f 641/336/696 492/181/550 494/183/549
f 641/336/696 494/183/549 640/338/697
o Sphere001_07_-_Default_0
v 0.415547 0.971204 0.207512
v 0.409528 0.936583 0.310750
v 0.411837 1.017463 0.173856
v 0.415547 0.971204 -0.151441
v 0.411837 1.017463 -0.117786
v 0.409528 0.936583 -0.254680
v -0.537812 0.612872 0.381178
v -0.503113 0.560583 0.469252
v -0.503113 0.560583 0.217748
v -0.569313 0.668030 0.260001
v 0.042247 0.097229 0.704600
v 0.095674 0.161723 0.718902
v 0.090291 0.155225 0.325091
v 0.042247 0.097229 0.318941
v 0.261314 0.380460 0.681345
v 0.261464 0.380747 0.308942
v 0.234888 0.329777 0.314621
v 0.234888 0.329777 0.694552
v 0.358055 0.563541 0.578768
v 0.394139 0.776291 0.450698
v 0.392996 0.804062 0.214738
v 0.356138 0.562325 0.266367
v -0.264573 0.320435 0.028035
v -0.264573 0.328906 0.190529
v -0.137883 0.233244 0.191877
v -0.134821 0.222461 0.028035
v -0.503113 0.560583 0.136134
v -0.379695 0.440716 0.164277
v -0.374756 0.427448 0.028035
v -0.503113 0.552112 0.028035
v 0.204716 0.293354 0.318967
v 0.211217 0.301202 0.704660
v 0.134535 0.208634 0.325377
v 0.128259 0.201058 0.719567
v 0.409528 0.936583 0.310750
v 0.415547 0.971204 0.207512
v 0.420087 0.978941 0.028035
v 0.417500 0.976398 0.097300
v 0.408059 1.044759 0.095494
v 0.399413 1.056975 0.028035
v 0.086231 0.141853 0.028035
v 0.042247 0.088758 0.028035
v 0.042247 0.097229 0.193794
v 0.088544 0.153117 0.197298
v 0.261513 0.380841 0.188096
v 0.261577 0.372493 0.028035
v 0.234888 0.321306 0.028035
v 0.234888 0.329777 0.191332
v 0.392625 0.802733 0.134419
v 0.392133 0.792502 0.028035
v 0.356138 0.553854 0.028035
v 0.356138 0.562325 0.163837
v -0.264573 0.328906 0.313212
v -0.140157 0.234961 0.315535
v -0.383443 0.444356 0.265640
v 0.199812 0.278964 0.028035
v 0.202606 0.290807 0.193808
v 0.139268 0.205878 0.028035
v 0.136571 0.211093 0.197461
v 0.417500 0.976398 0.097300
v 0.420087 0.978941 0.028035
v -0.264573 0.328906 0.691275
v -0.147609 0.232117 0.723385
v -0.396162 0.448239 0.607022
v -0.586181 0.697566 0.142784
v -0.590818 0.705686 0.028035
v -0.043165 0.153253 0.725905
v -0.048185 0.165513 0.317253
v -0.049609 0.166589 0.192816
v -0.051155 0.159285 0.028035
v -0.070085 0.254534 0.773168
v 0.021112 0.194716 0.772193
v 0.078157 0.263578 0.770382
v 0.112949 0.305577 0.766401
v 0.201525 0.412503 0.750484
v 0.226800 0.443013 0.739692
v 0.255015 0.497128 0.725590
v 0.288541 0.552383 0.700524
v 0.292713 0.432209 0.657869
v 0.358308 0.692609 0.616066
v 0.396836 0.836604 0.491661
v 0.408717 0.943237 0.366242
v 0.408717 0.943237 0.366242
v 0.405266 1.047389 0.183732
v 0.397297 1.067516 0.100063
v 0.388865 1.073496 0.028035
v -0.654828 0.844380 0.028035
v -0.649876 0.835710 0.150555
v -0.631866 0.804175 0.275711
v -0.598232 0.745281 0.405095
v -0.561182 0.689451 0.499133
v -0.446989 0.569498 0.646234
v -0.306487 0.442083 0.736193
v -0.181602 0.338739 0.770478
v -0.503113 0.560583 -0.161677
v -0.503113 0.560583 -0.413181
v -0.537812 0.612872 -0.325107
v -0.569313 0.668030 -0.203931
v 0.042247 0.097229 -0.648529
v 0.042247 0.097229 -0.262870
v 0.090291 0.155225 -0.269020
v 0.095674 0.161723 -0.662831
v 0.234888 0.329777 -0.258550
v 0.261464 0.380747 -0.252871
v 0.261314 0.380459 -0.625274
v 0.234888 0.329777 -0.638481
v 0.358055 0.563541 -0.522697
v 0.356138 0.562325 -0.210297
v 0.392996 0.804062 -0.158668
v 0.394139 0.776291 -0.394628
v -0.137883 0.233244 -0.135806
v -0.264573 0.328906 -0.134458
v -0.379695 0.440716 -0.108206
v -0.503113 0.560583 -0.080063
v 0.204716 0.293354 -0.262896
v 0.211217 0.301201 -0.648589
v 0.134535 0.208634 -0.269306
v 0.128259 0.201058 -0.663496
v 0.415547 0.971204 -0.151441
v 0.409528 0.936583 -0.254680
v 0.408059 1.044759 -0.039424
v 0.417500 0.976398 -0.041230
v 0.042247 0.097229 -0.137723
v 0.088544 0.153117 -0.141227
v 0.261513 0.380841 -0.132025
v 0.234888 0.329777 -0.135261
v 0.392624 0.802733 -0.078348
v 0.356138 0.562325 -0.107766
v -0.140157 0.234961 -0.259464
v -0.264573 0.328906 -0.257141
v -0.383443 0.444356 -0.209569
v 0.202606 0.290807 -0.137738
v 0.136571 0.211093 -0.141390
v 0.417500 0.976398 -0.041230
v -0.147609 0.232117 -0.667314
v -0.264573 0.328906 -0.635204
v -0.396163 0.448239 -0.550952
v -0.586181 0.697566 -0.086713
v -0.048185 0.165513 -0.261182
v -0.043166 0.153252 -0.669834
v -0.049609 0.166589 -0.136745
v -0.070085 0.254533 -0.717097
v 0.021112 0.194716 -0.716123
v 0.078157 0.263578 -0.714311
v 0.112949 0.305577 -0.710330
v 0.201525 0.412502 -0.694413
v 0.226800 0.443013 -0.683621
v 0.255015 0.497128 -0.669519
v 0.292713 0.432209 -0.601798
v 0.288541 0.552382 -0.644454
v 0.358308 0.692609 -0.559996
v 0.396836 0.836604 -0.435590
v 0.408717 0.943236 -0.310171
v 0.408717 0.943236 -0.310171
v 0.405265 1.047389 -0.127662
v 0.397297 1.067516 -0.043992
v -0.649876 0.835710 -0.094484
v -0.631866 0.804175 -0.219640
v -0.598232 0.745280 -0.349024
v -0.561182 0.689450 -0.443063
v -0.446989 0.569498 -0.590163
v -0.306487 0.442083 -0.680122
v -0.181602 0.338739 -0.714407
vn -0.9987 -0.0218 -0.0463
vn -0.9995 0.0148 -0.0274
vn -0.9861 -0.1630 -0.0326
vn -0.9987 -0.0218 0.0463
vn -0.9861 -0.1630 0.0326
vn -0.9995 0.0148 0.0274
vn 0.8767 0.4796 -0.0372
vn 0.8202 0.5600 -0.1168
vn 0.7809 0.6246 0.0052
vn 0.8816 0.4718 -0.0161
vn -0.1335 0.9152 -0.3803
vn -0.6614 0.5738 -0.4830
vn -0.7701 0.6379 -0.0000
vn -0.1236 0.9923 0.0031
vn -0.8655 0.3508 -0.3576
vn -0.8859 0.4639 0.0020
vn -0.8330 0.5532 -0.0000
vn -0.8095 0.4472 -0.3804
vn -0.9454 0.2563 -0.2013
vn -0.9919 0.1145 -0.0551
vn -0.9900 0.1410 0.0037
vn -0.9489 0.3157 0.0055
vn 0.6512 0.7589 -0.0000
vn 0.6520 0.7580 -0.0195
vn 0.6026 0.7978 -0.0207
vn 0.6027 0.7980 -0.0000
vn 0.7862 0.6177 -0.0171
vn 0.6978 0.7159 -0.0224
vn 0.6993 0.7148 -0.0000
vn 0.7844 0.6202 -0.0000
vn -0.7279 0.5067 -0.4620
vn -0.6902 0.5363 -0.4857
vn -0.9987 -0.0217 -0.0463
vn -0.9994 -0.0332 -0.0000
vn -1.0000 -0.0090 -0.0040
vn -0.9583 -0.2855 0.0095
vn -0.9315 -0.3637 -0.0000
vn -0.7700 0.6381 -0.0000
vn -0.1134 0.9936 -0.0000
vn -0.1168 0.9928 -0.0258
vn -0.7698 0.6381 -0.0157
vn -0.8869 0.4618 -0.0123
vn -0.8873 0.4613 -0.0000
vn -0.8318 0.5551 -0.0000
vn -0.8339 0.5517 -0.0143
vn -0.9894 0.1447 -0.0079
vn -0.9893 0.1458 -0.0000
vn -0.9491 0.3151 -0.0000
vn -0.9517 0.3069 -0.0088
vn 0.6502 0.7598 0.0045
vn 0.6067 0.7949 0.0063
vn 0.6962 0.7178 0.0047
vn -0.7704 0.6376 -0.0000
vn -0.7704 0.6374 -0.0161
vn -0.7702 0.6378 -0.0000
vn -0.7702 0.6377 -0.0157
vn -0.9995 -0.0331 -0.0000
vn 0.6753 0.6519 -0.3450
vn 0.5714 0.6948 -0.4367
vn 0.7611 0.6046 -0.2350
vn 0.8858 0.4639 -0.0126
vn 0.8872 0.4613 -0.0000
vn 0.4815 0.7389 -0.4713
vn 0.5966 0.8025 0.0064
vn 0.6026 0.7978 -0.0205
vn 0.3425 0.4876 -0.8030
vn -0.0749 0.4990 -0.8634
vn -0.4277 0.3543 -0.8316
vn -0.4810 0.3036 -0.8225
vn -0.5858 0.2644 -0.7661
vn -0.6970 0.2220 -0.6818
vn -0.7584 0.1949 -0.6220
vn -0.8394 0.1557 -0.5207
vn -0.8899 0.3355 -0.3090
vn -0.9588 0.1029 -0.2647
vn -0.9928 0.0779 -0.0914
vn -0.9988 0.0344 -0.0358
vn -0.9988 0.0343 -0.0358
vn -0.9769 -0.2105 -0.0375
vn -0.9180 -0.3964 0.0121
vn -0.8768 -0.4809 -0.0000
vn 0.9080 0.4190 -0.0000
vn 0.9077 0.4194 -0.0151
vn 0.9068 0.4204 -0.0325
vn 0.9034 0.4239 -0.0647
vn 0.8845 0.4366 -0.1641
vn 0.8181 0.4561 -0.3501
vn 0.6994 0.4720 -0.5367
vn 0.5314 0.4782 -0.6992
vn 0.7809 0.6246 -0.0052
vn 0.8202 0.5600 0.1168
vn 0.8767 0.4796 0.0372
vn 0.8816 0.4717 0.0161
vn -0.1335 0.9152 0.3803
vn -0.1236 0.9923 -0.0031
vn -0.6614 0.5738 0.4830
vn -0.8859 0.4639 -0.0020
vn -0.8655 0.3508 0.3576
vn -0.8095 0.4472 0.3804
vn -0.9454 0.2563 0.2013
vn -0.9489 0.3157 -0.0055
vn -0.9900 0.1410 -0.0037
vn -0.9919 0.1145 0.0551
vn 0.6026 0.7978 0.0207
vn 0.6519 0.7580 0.0195
vn 0.6979 0.7159 0.0223
vn 0.7862 0.6177 0.0172
vn -0.7279 0.5067 0.4620
vn -0.6902 0.5363 0.4857
vn -0.9987 -0.0217 0.0463
vn -0.9583 -0.2855 -0.0095
vn -1.0000 -0.0090 0.0040
vn -0.1168 0.9928 0.0258
vn -0.7700 0.6379 0.0159
vn -0.8869 0.4618 0.0124
vn -0.8341 0.5514 0.0142
vn -0.9894 0.1447 0.0079
vn -0.9517 0.3069 0.0088
vn 0.6067 0.7949 -0.0063
vn 0.6502 0.7598 -0.0045
vn 0.6962 0.7178 -0.0047
vn -0.7704 0.6374 0.0161
vn -0.7702 0.6377 0.0157
vn 0.5714 0.6948 0.4367
vn 0.6753 0.6519 0.3450
vn 0.7614 0.6042 0.2349
vn 0.8858 0.4639 0.0126
vn 0.5966 0.8025 -0.0064
vn 0.4816 0.7389 0.4713
vn 0.6026 0.7978 0.0205
vn 0.3425 0.4876 0.8030
vn -0.0749 0.4990 0.8634
vn -0.4277 0.3543 0.8316
vn -0.4810 0.3036 0.8225
vn -0.5858 0.2644 0.7661
vn -0.6970 0.2220 0.6818
vn -0.7584 0.1949 0.6220
vn -0.8899 0.3356 0.3090
vn -0.8394 0.1557 0.5207
vn -0.9588 0.1029 0.2647
vn -0.9928 0.0779 0.0914
vn -0.9988 0.0344 0.0358
vn -0.9988 0.0343 0.0358
vn -0.9769 -0.2105 0.0375
vn -0.9180 -0.3964 -0.0121
vn 0.9077 0.4194 0.0151
vn 0.9068 0.4204 0.0325
vn 0.9034 0.4239 0.0647
vn 0.8845 0.4366 0.1641
vn 0.8181 0.4561 0.3501
vn 0.6994 0.4720 0.5367
vn 0.5314 0.4782 0.6992
vt 0.629377 0.312500
vt 0.593750 0.312500
vt 0.610625 0.312500
vt 1.000000 0.000000
vt 0.656250 0.312500
vt 0.640938 0.312500
vt 0.625000 0.312500
vt 0.593750 0.250000
s 1
usemtl 07_-_Default
f 643/339/698 644/340/699 645/341/700
f 646/339/701 647/341/702 648/340/703
f 649/342/704 650/342/705 651/342/706
f 649/342/704 651/342/706 652/342/707
f 653/342/708 654/342/709 655/342/710
f 653/342/708 655/342/710 656/342/711
f 657/342/712 658/342/713 659/342/714
f 657/342/712 659/342/714 660/342/715
f 661/342/716 662/342/717 663/342/718
f 661/342/716 663/342/718 664/342/719
f 665/342/720 666/342/721 667/342/722
f 665/342/720 667/342/722 668/342/723
f 669/342/724 670/342/725 671/342/726
f 669/342/724 671/342/726 672/342/727
f 660/342/715 659/342/714 673/342/710
f 660/342/715 673/342/710 674/342/728
f 674/342/728 673/342/710 675/342/710
f 674/342/728 675/342/710 676/342/729
f 676/342/729 675/342/710 655/342/710
f 676/342/729 655/342/710 654/342/709
f 677/342/699 678/342/730 663/342/718
f 677/342/699 663/342/718 662/342/717
f 679/343/731 680/344/732 681/345/733
f 679/343/731 681/345/733 682/346/734
f 683/342/735 684/342/736 685/342/737
f 683/342/735 685/342/737 686/342/738
f 687/342/739 688/342/740 689/342/741
f 687/342/739 689/342/741 690/342/742
f 691/342/743 692/342/744 693/342/745
f 691/342/743 693/342/745 694/342/746
f 695/342/747 696/342/748 667/342/722
f 695/342/747 667/342/722 666/342/721
f 651/342/706 697/342/749 670/342/725
f 651/342/706 670/342/725 669/342/724
f 694/342/746 693/342/745 688/342/740
f 694/342/746 688/342/740 687/342/739
f 690/342/742 689/342/741 698/342/750
f 690/342/742 698/342/750 699/342/751
f 699/342/751 698/342/750 700/342/752
f 699/342/751 700/342/752 701/342/753
f 700/342/752 683/342/735 686/342/738
f 700/342/752 686/342/738 701/342/753
f 702/342/732 703/342/754 692/342/744
f 702/342/732 692/342/744 691/342/743
f 686/342/738 685/342/737 656/342/711
f 686/342/738 656/342/711 655/342/710
f 658/342/713 687/342/739 690/342/742
f 658/342/713 690/342/742 659/342/714
f 663/342/718 691/342/743 694/342/746
f 663/342/718 694/342/746 664/342/719
f 664/342/719 694/342/746 687/342/739
f 664/342/719 687/342/739 658/342/713
f 659/342/714 690/342/742 699/342/751
f 659/342/714 699/342/751 673/342/710
f 673/342/710 699/342/751 701/342/753
f 673/342/710 701/342/753 675/342/710
f 701/342/753 686/342/738 655/342/710
f 701/342/753 655/342/710 675/342/710
f 678/342/730 702/342/732 691/342/743
f 678/342/730 691/342/743 663/342/718
f 704/342/755 705/342/756 696/342/748
f 704/342/755 696/342/748 695/342/747
f 650/342/705 706/342/757 697/342/749
f 650/342/705 697/342/749 651/342/706
f 680/344/732 643/339/698 645/341/700
f 680/344/732 645/341/700 681/345/733
f 669/342/724 707/342/758 652/342/707
f 669/342/724 652/342/707 651/342/706
f 669/342/724 672/342/727 708/342/759
f 669/342/724 708/342/759 707/342/758
f 706/342/757 704/342/755 695/342/747
f 706/342/757 695/342/747 697/342/749
f 697/342/749 695/342/747 666/342/721
f 697/342/749 666/342/721 670/342/725
f 670/342/725 666/342/721 665/342/720
f 670/342/725 665/342/720 671/342/726
f 709/342/760 710/342/761 696/342/748
f 709/342/760 696/342/748 705/342/756
f 696/342/748 710/342/761 711/342/762
f 696/342/748 711/342/762 667/342/722
f 711/342/762 712/342/723 668/342/723
f 711/342/762 668/342/723 667/342/722
f 709/342/760 653/342/708 656/342/711
f 709/342/760 656/342/711 710/342/761
f 710/342/761 656/342/711 685/342/737
f 710/342/761 685/342/737 711/342/762
f 685/342/737 684/342/736 712/342/723
f 685/342/737 712/342/723 711/342/762
f 713/342/763 714/342/764 653/342/708
f 713/342/763 653/342/708 709/342/760
f 714/342/764 715/342/765 654/342/709
f 714/342/764 654/342/709 653/342/708
f 715/342/765 716/342/766 676/342/729
f 715/342/765 676/342/729 654/342/709
f 716/342/766 717/342/767 674/342/728
f 716/342/766 674/342/728 676/342/729
f 717/342/767 718/342/768 660/342/715
f 717/342/767 660/342/715 674/342/728
f 718/342/768 719/342/769 657/342/712
f 718/342/768 657/342/712 660/342/715
f 719/342/769 720/342/770 721/342/771
f 719/342/769 721/342/771 657/342/712
f 720/342/770 722/342/772 661/342/716
f 720/342/770 661/342/716 721/342/771
f 722/342/772 723/342/773 662/342/717
f 722/342/772 662/342/717 661/342/716
f 723/342/773 724/342/774 677/342/699
f 723/342/773 677/342/699 662/342/717
f 725/340/775 726/341/776 645/341/700
f 725/340/775 645/341/700 644/340/699
f 726/341/776 727/345/777 681/345/733
f 726/341/776 681/345/733 645/341/700
f 727/345/777 728/346/778 682/346/734
f 727/345/777 682/346/734 681/345/733
f 729/342/779 730/342/780 707/342/758
f 729/342/779 707/342/758 708/342/759
f 730/342/780 731/342/781 652/342/707
f 730/342/780 652/342/707 707/342/758
f 731/342/781 732/342/782 649/342/704
f 731/342/781 649/342/704 652/342/707
f 732/342/782 733/342/783 650/342/705
f 732/342/782 650/342/705 649/342/704
f 733/342/783 734/342/784 706/342/757
f 733/342/783 706/342/757 650/342/705
f 734/342/784 735/342/785 704/342/755
f 734/342/784 704/342/755 706/342/757
f 735/342/785 736/342/786 705/342/756
f 735/342/785 705/342/756 704/342/755
f 736/342/786 713/342/763 709/342/760
f 736/342/786 709/342/760 705/342/756
f 737/342/787 738/342/788 739/342/789
f 737/342/787 739/342/789 740/342/790
f 741/342/791 742/342/792 743/342/710
f 741/342/791 743/342/710 744/342/793
f 745/342/714 746/342/794 747/342/795
f 745/342/714 747/342/795 748/342/796
f 749/342/797 750/342/798 751/342/799
f 749/342/797 751/342/799 752/342/800
f 665/342/720 668/342/723 753/342/801
f 665/342/720 753/342/801 754/342/802
f 671/342/726 755/342/803 756/342/804
f 671/342/726 756/342/804 672/342/727
f 757/342/710 745/342/714 748/342/796
f 757/342/710 748/342/796 758/342/805
f 759/342/710 757/342/710 758/342/805
f 759/342/710 758/342/805 760/342/806
f 743/342/710 759/342/710 760/342/806
f 743/342/710 760/342/806 744/342/793
f 751/342/799 761/342/807 762/342/703
f 751/342/799 762/342/703 752/342/800
f 679/343/731 682/346/734 763/345/808
f 679/343/731 763/345/808 764/344/809
f 765/342/810 684/342/736 683/342/735
f 765/342/810 683/342/735 766/342/811
f 767/342/812 768/342/813 689/342/741
f 767/342/812 689/342/741 688/342/740
f 769/342/814 770/342/815 693/342/745
f 769/342/814 693/342/745 692/342/744
f 753/342/801 771/342/816 772/342/817
f 753/342/801 772/342/817 754/342/802
f 755/342/803 773/342/818 737/342/787
f 755/342/803 737/342/787 756/342/804
f 770/342/815 767/342/812 688/342/740
f 770/342/815 688/342/740 693/342/745
f 768/342/813 774/342/819 698/342/750
f 768/342/813 698/342/750 689/342/741
f 774/342/819 775/342/820 700/342/752
f 774/342/819 700/342/752 698/342/750
f 766/342/811 683/342/735 700/342/752
f 766/342/811 700/342/752 775/342/820
f 776/342/809 769/342/814 692/342/744
f 776/342/809 692/342/744 703/342/754
f 742/342/792 765/342/810 766/342/811
f 742/342/792 766/342/811 743/342/710
f 746/342/794 745/342/714 768/342/813
f 746/342/794 768/342/813 767/342/812
f 751/342/799 750/342/798 770/342/815
f 751/342/799 770/342/815 769/342/814
f 750/342/798 746/342/794 767/342/812
f 750/342/798 767/342/812 770/342/815
f 745/342/714 757/342/710 774/342/819
f 745/342/714 774/342/819 768/342/813
f 757/342/710 759/342/710 775/342/820
f 757/342/710 775/342/820 774/342/819
f 743/342/710 766/342/811 775/342/820
f 743/342/710 775/342/820 759/342/710
f 761/342/807 751/342/799 769/342/814
f 761/342/807 769/342/814 776/342/809
f 771/342/816 777/342/821 778/342/822
f 771/342/816 778/342/822 772/342/817
f 773/342/818 779/342/823 738/342/788
f 773/342/818 738/342/788 737/342/787
f 764/344/809 763/345/808 647/341/702
f 764/344/809 647/341/702 646/339/701
f 740/342/790 780/342/824 756/342/804
f 740/342/790 756/342/804 737/342/787
f 756/342/804 780/342/824 708/342/759
f 756/342/804 708/342/759 672/342/727
f 779/342/823 773/342/818 772/342/817
f 779/342/823 772/342/817 778/342/822
f 773/342/818 755/342/803 754/342/802
f 773/342/818 754/342/802 772/342/817
f 755/342/803 671/342/726 665/342/720
f 755/342/803 665/342/720 754/342/802
f 771/342/816 781/342/825 782/342/826
f 771/342/816 782/342/826 777/342/821
f 771/342/816 753/342/801 783/342/827
f 771/342/816 783/342/827 781/342/825
f 668/342/723 712/342/723 783/342/827
f 668/342/723 783/342/827 753/342/801
f 782/342/826 781/342/825 742/342/792
f 782/342/826 742/342/792 741/342/791
f 781/342/825 783/342/827 765/342/810
f 781/342/825 765/342/810 742/342/792
f 712/342/723 684/342/736 765/342/810
f 712/342/723 765/342/810 783/342/827
f 784/342/828 782/342/826 741/342/791
f 784/342/828 741/342/791 785/342/829
f 785/342/829 741/342/791 744/342/793
f 785/342/829 744/342/793 786/342/830
f 786/342/830 744/342/793 760/342/806
f 786/342/830 760/342/806 787/342/831
f 787/342/831 760/342/806 758/342/805
f 787/342/831 758/342/805 788/342/832
f 788/342/832 758/342/805 748/342/796
f 788/342/832 748/342/796 789/342/833
f 789/342/833 748/342/796 747/342/795
f 789/342/833 747/342/795 790/342/834
f 790/342/834 747/342/795 791/342/835
f 790/342/834 791/342/835 792/342/836
f 792/342/836 791/342/835 749/342/797
f 792/342/836 749/342/797 793/342/837
f 793/342/837 749/342/797 752/342/800
f 793/342/837 752/342/800 794/342/838
f 794/342/838 752/342/800 762/342/703
f 794/342/838 762/342/703 795/342/839
f 796/340/840 648/340/703 647/341/702
f 796/340/840 647/341/702 797/341/841
f 797/341/841 647/341/702 763/345/808
f 797/341/841 763/345/808 798/345/842
f 798/345/842 763/345/808 682/346/734
f 798/345/842 682/346/734 728/346/778
f 729/342/779 708/342/759 780/342/824
f 729/342/779 780/342/824 799/342/843
f 799/342/843 780/342/824 740/342/790
f 799/342/843 740/342/790 800/342/844
f 800/342/844 740/342/790 739/342/789
f 800/342/844 739/342/789 801/342/845
f 801/342/845 739/342/789 738/342/788
f 801/342/845 738/342/788 802/342/846
f 802/342/846 738/342/788 779/342/823
f 802/342/846 779/342/823 803/342/847
f 803/342/847 779/342/823 778/342/822
f 803/342/847 778/342/822 804/342/848
f 804/342/848 778/342/822 777/342/821
f 804/342/848 777/342/821 805/342/849
f 805/342/849 777/342/821 782/342/826
f 805/342/849 782/342/826 784/342/828
f 664/342/719 721/342/771 661/342/716
f 721/342/771 664/342/719 658/342/713
f 721/342/771 658/342/713 657/342/712
f 791/342/835 750/342/798 749/342/797
f 750/342/798 791/342/835 746/342/794
f 746/342/794 791/342/835 747/342/795
o Sphere001_08_-_Default_0
v -0.412408 0.473853 0.622850
v -0.617296 0.721652 0.262473
v -0.235895 0.923425 0.335776
v -0.442622 0.527198 0.637760
v -0.266109 0.976769 0.350686
v -0.647510 0.774996 0.277383
v -0.097428 0.207722 0.666545
v -0.442628 0.530273 0.565342
v -0.091409 0.549772 0.641773
v -0.100263 0.220547 0.728256
v -0.094245 0.562597 0.703484
v -0.445464 0.543097 0.627053
v 0.016676 0.087586 0.672813
v 0.057649 0.351906 0.626599
v 0.264146 0.410654 0.628989
v 0.046891 0.126329 0.712398
v 0.294360 0.449397 0.668574
v 0.047667 0.390649 0.666183
v 0.243191 0.404169 0.659841
v 0.044750 0.757132 0.511879
v 0.414819 0.744275 0.438576
v 0.273406 0.457513 0.674751
v 0.445034 0.797619 0.453486
v 0.074964 0.810476 0.526789
v 0.365097 0.733998 0.433355
v -0.001584 1.043817 0.279466
v 0.409132 0.890900 0.036767
v 0.446687 0.952025 0.059015
v 0.035972 1.104943 0.301714
v 0.402653 0.795123 0.455603
v -0.412408 0.473853 -0.566779
v -0.235895 0.923425 -0.279706
v -0.617296 0.721652 -0.206402
v -0.442622 0.527197 -0.581689
v -0.647510 0.774996 -0.221312
v -0.266110 0.976769 -0.294616
v -0.097428 0.207722 -0.610474
v -0.091410 0.549772 -0.585702
v -0.442628 0.530272 -0.509271
v -0.100263 0.220547 -0.672185
v -0.445464 0.543097 -0.570982
v -0.094245 0.562597 -0.647413
v 0.016676 0.087586 -0.616742
v 0.264145 0.410654 -0.572919
v 0.057649 0.351906 -0.570528
v 0.046890 0.126329 -0.656327
v 0.047667 0.390648 -0.610113
v 0.294360 0.449397 -0.612503
v 0.243191 0.404168 -0.603770
v 0.414819 0.744274 -0.382505
v 0.044749 0.757132 -0.455809
v 0.273405 0.457513 -0.618680
v 0.074964 0.810476 -0.470719
v 0.445033 0.797619 -0.397415
v 0.365097 0.733997 -0.377284
v 0.409132 0.890900 0.019303
v -0.001584 1.043817 -0.223395
v 0.446687 0.952025 -0.002945
v 0.402653 0.795123 -0.399532
v 0.035972 1.104943 -0.245643
v -0.625856 0.800479 0.278896
v -0.572744 0.747368 0.278896
v -0.280286 1.072647 0.028322
v -0.333398 1.125758 0.028322
v -0.412408 0.473853 0.622850
v -0.235895 0.923425 0.335776
v -0.266109 0.976769 0.350686
v -0.442622 0.527198 0.637760
v -0.235895 0.923425 0.335776
v -0.617296 0.721652 0.262473
v -0.647510 0.774996 0.277383
v -0.266109 0.976769 0.350686
v -0.617296 0.721652 0.262473
v -0.412408 0.473853 0.622850
v -0.442622 0.527198 0.637760
v -0.647510 0.774996 0.277383
v -0.097428 0.207722 0.666545
v -0.091409 0.549772 0.641773
v -0.094245 0.562597 0.703484
v -0.100263 0.220547 0.728256
v -0.091409 0.549772 0.641773
v -0.442628 0.530273 0.565342
v -0.445464 0.543097 0.627053
v -0.094245 0.562597 0.703484
v -0.442628 0.530273 0.565342
v -0.097428 0.207722 0.666545
v -0.100263 0.220547 0.728256
v -0.445464 0.543097 0.627053
v 0.016676 0.087586 0.672813
v 0.046891 0.126329 0.712398
v 0.047667 0.390649 0.666183
v 0.057649 0.351906 0.626599
v 0.057649 0.351906 0.626599
v 0.047667 0.390649 0.666183
v 0.294360 0.449397 0.668574
v 0.264146 0.410654 0.628989
v 0.264146 0.410654 0.628989
v 0.294360 0.449397 0.668574
v 0.046891 0.126329 0.712398
v 0.016676 0.087586 0.672813
v 0.243191 0.404169 0.659841
v 0.273406 0.457513 0.674751
v 0.074964 0.810476 0.526789
v 0.044750 0.757132 0.511879
v 0.044750 0.757132 0.511879
v 0.074964 0.810476 0.526789
v 0.445034 0.797619 0.453486
v 0.414819 0.744275 0.438576
v 0.414819 0.744275 0.438576
v 0.445034 0.797619 0.453486
v 0.273406 0.457513 0.674751
v 0.243191 0.404169 0.659841
v 0.365097 0.733998 0.433355
v 0.409132 0.890900 0.036767
v 0.446687 0.952025 0.059015
v 0.402653 0.795123 0.455603
v 0.409132 0.890900 0.036767
v -0.001584 1.043817 0.279466
v 0.035972 1.104943 0.301714
v 0.446687 0.952025 0.059015
v 0.402653 0.795123 0.455603
v 0.035972 1.104943 0.301714
v -0.001584 1.043817 0.279466
v 0.365097 0.733998 0.433355
v -0.280286 1.072647 0.028322
v -0.280286 1.072647 0.028035
v -0.333398 1.125758 0.028035
v -0.333398 1.125758 0.028322
v -0.527224 0.203725 0.612550
v -0.539924 0.223451 0.597545
v -0.546276 0.207273 0.585834
v -0.532215 0.191014 0.603349
v -0.549025 0.188632 0.576033
v -0.534374 0.176367 0.595649
v -0.548063 0.168243 0.568519
v -0.533619 0.160348 0.589745
v -0.543430 0.146891 0.563580
v -0.529978 0.143572 0.585865
v -0.535301 0.125396 0.561407
v -0.523592 0.126683 0.584158
v -0.523990 0.104583 0.562084
v -0.514705 0.110330 0.584689
v -0.509932 0.085253 0.565583
v -0.503659 0.095143 0.587438
v -0.493667 0.068149 0.571770
v -0.490880 0.081704 0.592300
v -0.475819 0.053927 0.580409
v -0.476857 0.070531 0.599087
v -0.457075 0.043135 0.591166
v -0.462130 0.062051 0.607539
v -0.438155 0.036187 0.603628
v -0.447265 0.056592 0.617330
v -0.419787 0.033351 0.617317
v -0.432832 0.054364 0.628086
v -0.402675 0.034734 0.631707
v -0.419388 0.055450 0.639391
v -0.387477 0.040284 0.646243
v -0.407447 0.059811 0.650813
v -0.374779 0.049789 0.660369
v -0.397470 0.067279 0.661911
v -0.365067 0.062881 0.673540
v -0.389839 0.077565 0.672260
v -0.358714 0.079059 0.685251
v -0.384848 0.090276 0.681461
v -0.355966 0.097700 0.695052
v -0.382689 0.104923 0.689162
v -0.356927 0.118089 0.702566
v -0.383444 0.120942 0.695065
v -0.361561 0.139441 0.707505
v -0.387085 0.137718 0.698946
v -0.369690 0.160937 0.709677
v -0.393472 0.154607 0.700653
v -0.381000 0.181749 0.709001
v -0.402358 0.170960 0.700121
v -0.395059 0.201079 0.705502
v -0.413404 0.186147 0.697372
v -0.411324 0.218183 0.699315
v -0.426183 0.199586 0.692511
v -0.429172 0.232405 0.690676
v -0.440206 0.210759 0.685723
v -0.447916 0.243197 0.679919
v -0.454933 0.219239 0.677272
v -0.466835 0.250145 0.667456
v -0.469798 0.224697 0.667480
v -0.485204 0.252981 0.653768
v -0.484231 0.226926 0.656725
v -0.502316 0.251598 0.639378
v -0.497675 0.225839 0.645419
v -0.517514 0.246048 0.624842
v -0.509616 0.221478 0.633997
v -0.530212 0.236544 0.610716
v -0.519593 0.214011 0.622899
v -0.539924 0.223451 0.597545
v -0.527224 0.203725 0.612550
v -0.547946 0.240644 0.582500
v -0.555415 0.221620 0.568729
v -0.558647 0.199701 0.557204
v -0.557517 0.175726 0.548369
v -0.552068 0.150618 0.542562
v -0.542510 0.125342 0.540007
v -0.529210 0.100869 0.540802
v -0.512679 0.078140 0.544916
v -0.493553 0.058027 0.552192
v -0.472566 0.041305 0.562350
v -0.450526 0.028615 0.574999
v -0.428278 0.020445 0.589653
v -0.406679 0.017109 0.605750
v -0.386557 0.018736 0.622670
v -0.368687 0.025262 0.639763
v -0.353755 0.036438 0.656373
v -0.342335 0.051833 0.671861
v -0.334866 0.070856 0.685632
v -0.331634 0.092776 0.697156
v -0.332764 0.116751 0.705992
v -0.338213 0.141858 0.711799
v -0.347771 0.167134 0.714354
v -0.361071 0.191607 0.713559
v -0.377602 0.214337 0.709444
v -0.396728 0.234449 0.702168
v -0.417715 0.251172 0.692011
v -0.439755 0.263862 0.679362
v -0.462003 0.272032 0.664707
v -0.483602 0.275367 0.648611
v -0.503724 0.273741 0.631691
v -0.521594 0.267214 0.614597
v -0.536526 0.256039 0.597987
v -0.547946 0.240644 0.582500
v -0.550980 0.254641 0.567993
v -0.559280 0.233503 0.552692
v -0.562871 0.209147 0.539886
v -0.561615 0.182508 0.530069
v -0.555560 0.154610 0.523617
v -0.544940 0.126525 0.520778
v -0.530162 0.099332 0.521661
v -0.511794 0.074076 0.526233
v -0.490542 0.051728 0.534318
v -0.467223 0.033147 0.545604
v -0.442733 0.019047 0.559659
v -0.418013 0.009969 0.575942
v -0.394013 0.006262 0.593828
v -0.371655 0.008070 0.612628
v -0.351799 0.015322 0.631621
v -0.335207 0.027739 0.650077
v -0.322518 0.044846 0.667286
v -0.314218 0.065983 0.682588
v -0.310628 0.090339 0.695393
v -0.311884 0.116978 0.705211
v -0.317938 0.144876 0.711663
v -0.328558 0.172962 0.714502
v -0.343336 0.200155 0.713619
v -0.361704 0.225410 0.709047
v -0.382956 0.247758 0.700962
v -0.406275 0.266339 0.689675
v -0.430765 0.280440 0.675621
v -0.455485 0.289517 0.659338
v -0.479485 0.293224 0.641452
v -0.501843 0.291416 0.622651
v -0.521699 0.284164 0.603658
v -0.538291 0.271747 0.585202
v -0.550980 0.254641 0.567993
v -0.502517 0.264905 0.491866
v -0.511328 0.242466 0.475622
v -0.515140 0.216609 0.462028
v -0.513807 0.188329 0.451606
v -0.507379 0.158713 0.444756
v -0.496105 0.128898 0.441742
v -0.480417 0.100030 0.442680
v -0.460917 0.073219 0.447534
v -0.438357 0.049494 0.456116
v -0.413601 0.029769 0.468098
v -0.387603 0.014800 0.483018
v -0.361360 0.005163 0.500304
v -0.335882 0.001228 0.519291
v -0.312147 0.003147 0.539250
v -0.291068 0.010845 0.559413
v -0.273454 0.024028 0.579006
v -0.259983 0.042188 0.597275
v -0.251172 0.064627 0.613519
v -0.247360 0.090483 0.627113
v -0.248693 0.118763 0.637535
v -0.255121 0.148380 0.644385
v -0.266395 0.178195 0.647399
v -0.282084 0.207063 0.646461
v -0.301583 0.233874 0.641607
v -0.324144 0.257598 0.633025
v -0.348899 0.277324 0.621043
v -0.374898 0.292293 0.606122
v -0.401140 0.301930 0.588836
v -0.426619 0.305864 0.569849
v -0.450354 0.303946 0.549891
v -0.471433 0.296247 0.529728
v -0.489046 0.283065 0.510135
v -0.502517 0.264905 0.491866
v -0.572744 0.747368 0.278896
v -0.625856 0.800479 0.278896
v -0.625856 0.800479 0.028035
v -0.572744 0.747367 0.028035
v -0.625856 0.800479 -0.222825
v -0.333398 1.125758 0.027749
v -0.280286 1.072647 0.027749
v -0.572744 0.747367 -0.222825
v -0.412408 0.473853 -0.566779
v -0.442622 0.527197 -0.581689
v -0.266110 0.976769 -0.294616
v -0.235895 0.923425 -0.279706
v -0.235895 0.923425 -0.279706
v -0.266110 0.976769 -0.294616
v -0.647510 0.774996 -0.221312
v -0.617296 0.721652 -0.206402
v -0.617296 0.721652 -0.206402
v -0.647510 0.774996 -0.221312
v -0.442622 0.527197 -0.581689
v -0.412408 0.473853 -0.566779
v -0.097428 0.207722 -0.610474
v -0.100263 0.220547 -0.672185
v -0.094245 0.562597 -0.647413
v -0.091410 0.549772 -0.585702
v -0.091410 0.549772 -0.585702
v -0.094245 0.562597 -0.647413
v -0.445464 0.543097 -0.570982
v -0.442628 0.530272 -0.509271
v -0.442628 0.530272 -0.509271
v -0.445464 0.543097 -0.570982
v -0.100263 0.220547 -0.672185
v -0.097428 0.207722 -0.610474
v 0.016676 0.087586 -0.616742
v 0.057649 0.351906 -0.570528
v 0.047667 0.390648 -0.610113
v 0.046890 0.126329 -0.656327
v 0.057649 0.351906 -0.570528
v 0.264145 0.410654 -0.572919
v 0.294360 0.449397 -0.612503
v 0.047667 0.390648 -0.610113
v 0.264145 0.410654 -0.572919
v 0.016676 0.087586 -0.616742
v 0.046890 0.126329 -0.656327
v 0.294360 0.449397 -0.612503
v 0.243191 0.404168 -0.603770
v 0.044749 0.757132 -0.455809
v 0.074964 0.810476 -0.470719
v 0.273405 0.457513 -0.618680
v 0.044749 0.757132 -0.455809
v 0.414819 0.744274 -0.382505
v 0.445033 0.797619 -0.397415
v 0.074964 0.810476 -0.470719
v 0.414819 0.744274 -0.382505
v 0.243191 0.404168 -0.603770
v 0.273405 0.457513 -0.618680
v 0.445033 0.797619 -0.397415
v 0.365097 0.733997 -0.377284
v 0.402653 0.795123 -0.399532
v 0.446687 0.952025 -0.002945
v 0.409132 0.890900 0.019303
v 0.409132 0.890900 0.019303
v 0.446687 0.952025 -0.002945
v 0.035972 1.104943 -0.245643
v -0.001584 1.043817 -0.223395
v 0.402653 0.795123 -0.399532
v 0.365097 0.733997 -0.377284
v -0.001584 1.043817 -0.223395
v 0.035972 1.104943 -0.245643
v -0.280286 1.072647 0.027749
v -0.333398 1.125758 0.027749
v -0.527224 0.203724 -0.556479
v -0.532215 0.191014 -0.547278
v -0.546277 0.207273 -0.529763
v -0.539924 0.223451 -0.541474
v -0.534374 0.176367 -0.539578
v -0.549025 0.188632 -0.519962
v -0.533619 0.160348 -0.533674
v -0.548064 0.168243 -0.512448
v -0.529978 0.143571 -0.529794
v -0.543430 0.146891 -0.507509
v -0.523592 0.126682 -0.528087
v -0.535301 0.125395 -0.505336
v -0.514705 0.110330 -0.528618
v -0.523991 0.104583 -0.506013
v -0.503659 0.095143 -0.531367
v -0.509932 0.085253 -0.509512
v -0.490880 0.081704 -0.536229
v -0.493667 0.068149 -0.515699
v -0.476857 0.070530 -0.543016
v -0.475819 0.053927 -0.524338
v -0.462130 0.062051 -0.551468
v -0.457075 0.043135 -0.535095
v -0.447265 0.056592 -0.561259
v -0.438156 0.036187 -0.547557
v -0.432832 0.054363 -0.572015
v -0.419787 0.033350 -0.561246
v -0.419388 0.055450 -0.583320
v -0.402675 0.034734 -0.575636
v -0.407447 0.059811 -0.594742
v -0.387477 0.040284 -0.590172
v -0.397470 0.067278 -0.605840
v -0.374779 0.049788 -0.604298
v -0.389839 0.077565 -0.616189
v -0.365067 0.062881 -0.617469
v -0.384848 0.090276 -0.625390
v -0.358715 0.079059 -0.629180
v -0.382689 0.104922 -0.633091
v -0.355966 0.097700 -0.638981
v -0.383444 0.120942 -0.638994
v -0.356928 0.118089 -0.646495
v -0.387085 0.137718 -0.642874
v -0.361561 0.139441 -0.651434
v -0.393472 0.154607 -0.644582
v -0.369690 0.160936 -0.653606
v -0.402358 0.170959 -0.644050
v -0.381001 0.181749 -0.652930
v -0.413404 0.186147 -0.641301
v -0.395059 0.201079 -0.649431
v -0.426184 0.199585 -0.636440
v -0.411324 0.218183 -0.643243
v -0.440206 0.210759 -0.629652
v -0.429172 0.232405 -0.634605
v -0.454933 0.219238 -0.621201
v -0.447916 0.243197 -0.623848
v -0.469799 0.224697 -0.611409
v -0.466836 0.250144 -0.611385
v -0.484231 0.226926 -0.600654
v -0.485205 0.252981 -0.597696
v -0.497676 0.225839 -0.589348
v -0.502316 0.251598 -0.583307
v -0.509616 0.221478 -0.577926
v -0.517514 0.246047 -0.568770
v -0.519593 0.214011 -0.566828
v -0.530212 0.236543 -0.554645
v -0.527224 0.203724 -0.556479
v -0.539924 0.223451 -0.541474
v -0.555415 0.221620 -0.512658
v -0.547946 0.240643 -0.526429
v -0.558647 0.199700 -0.501133
v -0.557517 0.175726 -0.492297
v -0.552068 0.150618 -0.486491
v -0.542510 0.125342 -0.483936
v -0.529210 0.100869 -0.484731
v -0.512679 0.078140 -0.488845
v -0.493553 0.058027 -0.496121
v -0.472567 0.041304 -0.506279
v -0.450526 0.028614 -0.518928
v -0.428278 0.020444 -0.533582
v -0.406679 0.017109 -0.549679
v -0.386558 0.018735 -0.566599
v -0.368687 0.025262 -0.583692
v -0.353755 0.036438 -0.600302
v -0.342335 0.051833 -0.615790
v -0.334866 0.070856 -0.629561
v -0.331634 0.092776 -0.641085
v -0.332764 0.116750 -0.649921
v -0.338213 0.141858 -0.655728
v -0.347771 0.167134 -0.658283
v -0.361071 0.191607 -0.657488
v -0.377602 0.214336 -0.653373
v -0.396728 0.234449 -0.646097
v -0.417715 0.251172 -0.635940
v -0.439755 0.263862 -0.623291
v -0.462003 0.272031 -0.608636
v -0.483602 0.275367 -0.592540
v -0.503724 0.273740 -0.575620
v -0.521594 0.267214 -0.558526
v -0.536526 0.256038 -0.541916
v -0.547946 0.240643 -0.526429
v -0.559280 0.233503 -0.496621
v -0.550980 0.254641 -0.511922
v -0.562871 0.209147 -0.483815
v -0.561615 0.182508 -0.473998
v -0.555560 0.154610 -0.467546
v -0.544940 0.126525 -0.464707
v -0.530162 0.099332 -0.465590
v -0.511794 0.074076 -0.470162
v -0.490542 0.051728 -0.478247
v -0.467223 0.033147 -0.489533
v -0.442733 0.019046 -0.503588
v -0.418013 0.009969 -0.519871
v -0.394013 0.006262 -0.537757
v -0.371655 0.008070 -0.556557
v -0.351799 0.015322 -0.575550
v -0.335207 0.027739 -0.594006
v -0.322518 0.044845 -0.611215
v -0.314218 0.065983 -0.626517
v -0.310628 0.090339 -0.639322
v -0.311884 0.116978 -0.649140
v -0.317938 0.144876 -0.655592
v -0.328559 0.172961 -0.658431
v -0.343337 0.200154 -0.657547
v -0.361705 0.225410 -0.652976
v -0.382956 0.247758 -0.644891
v -0.406275 0.266339 -0.633605
v -0.430765 0.280439 -0.619550
v -0.455486 0.289517 -0.603267
v -0.479486 0.293224 -0.585381
v -0.501843 0.291416 -0.566581
v -0.521700 0.284164 -0.547587
v -0.538291 0.271746 -0.529132
v -0.550980 0.254641 -0.511922
v -0.511328 0.242465 -0.419551
v -0.502517 0.264905 -0.435795
v -0.515140 0.216609 -0.405957
v -0.513807 0.188329 -0.395535
v -0.507380 0.158713 -0.388685
v -0.496105 0.128898 -0.385671
v -0.480417 0.100030 -0.386609
v -0.460918 0.073218 -0.391462
v -0.438357 0.049494 -0.400045
v -0.413601 0.029768 -0.412027
v -0.387603 0.014799 -0.426947
v -0.361360 0.005162 -0.444233
v -0.335882 0.001228 -0.463220
v -0.312147 0.003147 -0.483179
v -0.291068 0.010845 -0.503342
v -0.273454 0.024028 -0.522935
v -0.259983 0.042187 -0.541204
v -0.251172 0.064627 -0.557448
v -0.247360 0.090483 -0.571042
v -0.248694 0.118763 -0.581464
v -0.255121 0.148379 -0.588314
v -0.266396 0.178195 -0.591328
v -0.282084 0.207062 -0.590390
v -0.301583 0.233874 -0.585536
v -0.324144 0.257598 -0.576954
v -0.348899 0.277324 -0.564972
v -0.374898 0.292293 -0.550052
v -0.401141 0.301930 -0.532766
v -0.426619 0.305864 -0.513778
v -0.450354 0.303945 -0.493820
v -0.471433 0.296247 -0.473657
v -0.489047 0.283064 -0.454064
v -0.502517 0.264905 -0.435795
v -0.625856 0.800479 -0.222825
v -0.572744 0.747367 -0.222825
v -0.572744 0.747368 0.278896
v -0.280286 1.072647 0.028035
v -0.280286 1.072647 0.028322
v -0.280286 1.072647 0.027749
v -0.572744 0.747367 -0.222825
v -0.625856 0.800479 -0.222825
v -0.333398 1.125758 0.028035
v -0.333398 1.125758 0.027749
v -0.333398 1.125758 0.028322
v -0.625856 0.800479 0.278896
vn 0.4450 -0.5995 -0.6652
vn -0.4450 0.5995 0.6652
vn 0.2160 -0.0743 -0.9736
vn -0.2160 0.0743 0.9736
vn 0.0630 -0.1814 -0.9814
vn -0.0505 0.1722 0.9838
vn -0.1874 -0.4675 -0.8639
vn 0.1874 0.4675 0.8639
vn -0.5066 -0.7810 -0.3652
vn 0.5066 0.7810 0.3652
vn 0.4450 -0.5995 0.6652
vn -0.4450 0.5995 -0.6652
vn 0.2160 -0.0743 0.9736
vn -0.2160 0.0743 -0.9736
vn 0.0630 -0.1814 0.9814
vn -0.0505 0.1722 -0.9838
vn -0.1874 -0.4675 0.8639
vn 0.1874 0.4675 -0.8639
vn -0.5066 -0.7810 0.3652
vn 0.5066 0.7810 -0.3652
vn 0.3518 0.3518 0.8674
vn 0.6794 0.1864 0.7097
vn 0.0327 0.2862 -0.9576
vn -0.8474 -0.5155 0.1273
vn 0.9987 -0.0140 0.0488
vn -0.0100 0.9789 -0.2039
vn -0.6960 -0.7087 0.1153
vn -0.9833 0.1038 0.1497
vn -0.9833 0.1038 0.1496
vn -0.1811 0.7256 -0.6639
vn -0.1811 0.7256 -0.6638
vn 0.7932 -0.6089 -0.0095
vn -0.5254 0.0604 0.8487
vn -0.1699 0.3534 -0.9199
vn 0.8755 -0.4796 -0.0581
vn 0.8636 -0.4943 -0.0997
vn -0.3039 0.4851 -0.8199
vn -0.4309 -0.0629 0.9002
vn 0.7071 0.7071 -0.0000
vn -0.8020 -0.0646 0.5938
vn -0.8358 -0.0080 0.5489
vn -0.8655 -0.0795 0.4946
vn -0.8269 -0.1242 0.5485
vn -0.8805 -0.1581 0.4468
vn -0.8398 -0.1895 0.5087
vn -0.8809 -0.2400 0.4080
vn -0.8407 -0.2575 0.4763
vn -0.8674 -0.3215 0.3797
vn -0.8302 -0.3252 0.4527
vn -0.8417 -0.3996 0.3631
vn -0.8096 -0.3900 0.4387
vn -0.8055 -0.4717 0.3586
vn -0.7802 -0.4497 0.4348
vn -0.7609 -0.5357 0.3662
vn -0.7437 -0.5025 0.4409
vn -0.7095 -0.5897 0.3857
vn -0.7015 -0.5472 0.4565
vn -0.6534 -0.6324 0.4161
vn -0.6552 -0.5824 0.4813
vn -0.5940 -0.6624 0.4565
vn -0.6059 -0.6070 0.5142
vn -0.5331 -0.6785 0.5054
vn -0.5552 -0.6201 0.5543
vn -0.4725 -0.6797 0.5611
vn -0.5045 -0.6208 0.6002
vn -0.4140 -0.6654 0.6212
vn -0.4554 -0.6085 0.6499
vn -0.3596 -0.6355 0.6832
vn -0.4097 -0.5831 0.7015
vn -0.3114 -0.5908 0.7444
vn -0.3692 -0.5453 0.7525
vn -0.2714 -0.5326 0.8017
vn -0.3356 -0.4964 0.8006
vn -0.2415 -0.4634 0.8526
vn -0.3105 -0.4384 0.8434
vn -0.2229 -0.3864 0.8950
vn -0.2949 -0.3740 0.8793
vn -0.2163 -0.3052 0.9274
vn -0.2895 -0.3062 0.9069
vn -0.2219 -0.2231 0.9492
vn -0.2943 -0.2379 0.9256
vn -0.2395 -0.1435 0.9602
vn -0.3092 -0.1719 0.9353
vn -0.2684 -0.0692 0.9608
vn -0.3334 -0.1105 0.9363
vn -0.3077 -0.0027 0.9515
vn -0.3662 -0.0558 0.9289
vn -0.3563 0.0539 0.9328
vn -0.4065 -0.0095 0.9136
vn -0.4127 0.0987 0.9055
vn -0.4530 0.0271 0.8911
vn -0.4752 0.1301 0.8702
vn -0.5046 0.0526 0.8618
vn -0.5418 0.1468 0.8276
vn -0.5594 0.0659 0.8263
vn -0.6099 0.1477 0.7786
vn -0.6154 0.0661 0.7854
vn -0.6766 0.1322 0.7243
vn -0.6704 0.0528 0.7401
vn -0.7387 0.1003 0.6665
vn -0.7216 0.0259 0.6918
vn -0.7928 0.0529 0.6072
vn -0.7663 -0.0138 0.6423
vn -0.8358 -0.0079 0.5490
vn -0.8919 0.1186 0.4364
vn -0.9320 0.0201 0.3619
vn -0.9508 -0.0880 0.2969
vn -0.9487 -0.1999 0.2448
vn -0.9276 -0.3104 0.2077
vn -0.8903 -0.4152 0.1868
vn -0.8398 -0.5113 0.1824
vn -0.7790 -0.5962 0.1941
vn -0.7103 -0.6682 0.2212
vn -0.6358 -0.7257 0.2627
vn -0.5575 -0.7671 0.3174
vn -0.4770 -0.7908 0.3836
vn -0.3964 -0.7950 0.4592
vn -0.3180 -0.7784 0.5413
vn -0.2445 -0.7401 0.6264
vn -0.1791 -0.6807 0.7103
vn -0.1247 -0.6020 0.7887
vn -0.0841 -0.5076 0.8575
vn -0.0592 -0.4023 0.9136
vn -0.0508 -0.2915 0.9552
vn -0.0590 -0.1802 0.9819
vn -0.0830 -0.0729 0.9939
vn -0.1218 0.0267 0.9922
vn -0.1741 0.1156 0.9779
vn -0.2384 0.1916 0.9521
vn -0.3133 0.2524 0.9155
vn -0.3967 0.2962 0.8689
vn -0.4862 0.3210 0.8127
vn -0.5789 0.3249 0.7478
vn -0.6708 0.3066 0.6753
vn -0.7570 0.2652 0.5972
vn -0.8324 0.2017 0.5162
vn -0.8751 0.4838 0.0109
vn -0.9459 0.3133 -0.0848
vn -0.9792 0.1282 -0.1572
vn -0.9773 -0.0573 -0.2038
vn -0.9461 -0.2325 -0.2257
vn -0.8921 -0.3914 -0.2255
vn -0.8215 -0.5316 -0.2063
vn -0.7384 -0.6525 -0.1704
vn -0.6457 -0.7542 -0.1196
vn -0.5449 -0.8367 -0.0549
vn -0.4371 -0.8991 0.0227
vn -0.3228 -0.9398 0.1126
vn -0.2030 -0.9556 0.2135
vn -0.0797 -0.9429 0.3235
vn 0.0437 -0.8973 0.4392
vn 0.1614 -0.8159 0.5552
vn 0.2655 -0.6987 0.6643
vn 0.3480 -0.5502 0.7590
vn 0.4026 -0.3799 0.8328
vn 0.4265 -0.1994 0.8822
vn 0.4206 -0.0196 0.9070
vn 0.3879 0.1512 0.9092
vn 0.3320 0.3076 0.8917
vn 0.2563 0.4466 0.8572
vn 0.1632 0.5663 0.8079
vn 0.0545 0.6650 0.7449
vn -0.0683 0.7404 0.6687
vn -0.2033 0.7892 0.5795
vn -0.3475 0.8069 0.4776
vn -0.4958 0.7882 0.3647
vn -0.6402 0.7282 0.2445
vn -0.7704 0.6255 0.1236
vn -0.6808 0.6455 -0.3463
vn -0.7802 0.4516 -0.4329
vn -0.8379 0.2387 -0.4908
vn -0.8545 0.0249 -0.5188
vn -0.8358 -0.1764 -0.5198
vn -0.7896 -0.3577 -0.4986
vn -0.7226 -0.5163 -0.4597
vn -0.6398 -0.6522 -0.4065
vn -0.5444 -0.7662 -0.3414
vn -0.4380 -0.8589 -0.2656
vn -0.3211 -0.9299 -0.1794
vn -0.1940 -0.9775 -0.0832
vn -0.0574 -0.9981 0.0226
vn 0.0868 -0.9868 0.1366
vn 0.2347 -0.9379 0.2556
vn 0.3793 -0.8464 0.3738
vn 0.5106 -0.7113 0.4831
vn 0.6176 -0.5375 0.5743
vn 0.6911 -0.3367 0.6396
vn 0.7269 -0.1246 0.6754
vn 0.7262 0.0837 0.6824
vn 0.6939 0.2775 0.6645
vn 0.6360 0.4507 0.6264
vn 0.5574 0.6013 0.5724
vn 0.4618 0.7289 0.5054
vn 0.3510 0.8334 0.4268
vn 0.2259 0.9138 0.3375
vn 0.0870 0.9675 0.2374
vn -0.0647 0.9898 0.1269
vn -0.2261 0.9741 0.0078
vn -0.3904 0.9133 -0.1161
vn -0.5466 0.8030 -0.2375
vn -0.6807 0.6455 -0.3463
vn -0.7071 -0.7071 -0.0000
vn 0.3518 0.3518 -0.8674
vn 0.6794 0.1864 -0.7097
vn 0.0327 0.2862 0.9576
vn -0.8474 -0.5155 -0.1273
vn 0.9987 -0.0140 -0.0488
vn -0.0100 0.9789 0.2039
vn -0.6960 -0.7087 -0.1153
vn -0.9833 0.1038 -0.1497
vn -0.9833 0.1038 -0.1496
vn -0.1811 0.7256 0.6639
vn -0.1811 0.7256 0.6638
vn 0.7932 -0.6089 0.0095
vn -0.5254 0.0604 -0.8487
vn -0.1699 0.3534 0.9199
vn 0.8755 -0.4796 0.0581
vn 0.8636 -0.4943 0.0997
vn -0.3039 0.4851 0.8199
vn -0.4309 -0.0629 -0.9002
vn -0.8020 -0.0646 -0.5938
vn -0.8269 -0.1242 -0.5485
vn -0.8655 -0.0795 -0.4946
vn -0.8358 -0.0080 -0.5489
vn -0.8398 -0.1895 -0.5087
vn -0.8805 -0.1581 -0.4468
vn -0.8407 -0.2575 -0.4763
vn -0.8809 -0.2400 -0.4080
vn -0.8302 -0.3252 -0.4527
vn -0.8674 -0.3215 -0.3797
vn -0.8096 -0.3900 -0.4387
vn -0.8417 -0.3996 -0.3631
vn -0.7802 -0.4497 -0.4348
vn -0.8055 -0.4717 -0.3586
vn -0.7437 -0.5025 -0.4409
vn -0.7609 -0.5357 -0.3662
vn -0.7015 -0.5472 -0.4565
vn -0.7095 -0.5897 -0.3857
vn -0.6552 -0.5824 -0.4813
vn -0.6534 -0.6324 -0.4161
vn -0.6059 -0.6070 -0.5142
vn -0.5940 -0.6624 -0.4565
vn -0.5552 -0.6201 -0.5543
vn -0.5331 -0.6785 -0.5054
vn -0.5045 -0.6208 -0.6002
vn -0.4725 -0.6797 -0.5611
vn -0.4554 -0.6085 -0.6499
vn -0.4140 -0.6654 -0.6212
vn -0.4097 -0.5831 -0.7015
vn -0.3596 -0.6355 -0.6832
vn -0.3692 -0.5453 -0.7525
vn -0.3114 -0.5908 -0.7444
vn -0.3356 -0.4964 -0.8006
vn -0.2714 -0.5326 -0.8017
vn -0.3105 -0.4384 -0.8434
vn -0.2415 -0.4634 -0.8526
vn -0.2949 -0.3740 -0.8793
vn -0.2229 -0.3864 -0.8950
vn -0.2895 -0.3062 -0.9069
vn -0.2163 -0.3052 -0.9274
vn -0.2943 -0.2379 -0.9256
vn -0.2219 -0.2231 -0.9492
vn -0.3092 -0.1719 -0.9353
vn -0.2395 -0.1435 -0.9602
vn -0.3334 -0.1105 -0.9363
vn -0.2684 -0.0692 -0.9608
vn -0.3662 -0.0558 -0.9289
vn -0.3077 -0.0027 -0.9515
vn -0.4065 -0.0095 -0.9136
vn -0.3563 0.0539 -0.9328
vn -0.4530 0.0271 -0.8911
vn -0.4127 0.0987 -0.9055
vn -0.5046 0.0526 -0.8618
vn -0.4752 0.1301 -0.8702
vn -0.5594 0.0659 -0.8263
vn -0.5418 0.1468 -0.8276
vn -0.6154 0.0661 -0.7854
vn -0.6099 0.1477 -0.7786
vn -0.6704 0.0528 -0.7401
vn -0.6766 0.1322 -0.7243
vn -0.7216 0.0259 -0.6918
vn -0.7387 0.1003 -0.6665
vn -0.7663 -0.0138 -0.6423
vn -0.7928 0.0529 -0.6072
vn -0.8358 -0.0079 -0.5490
vn -0.9320 0.0201 -0.3619
vn -0.8919 0.1186 -0.4364
vn -0.9508 -0.0880 -0.2969
vn -0.9487 -0.1999 -0.2448
vn -0.9276 -0.3104 -0.2077
vn -0.8903 -0.4152 -0.1868
vn -0.8398 -0.5113 -0.1824
vn -0.7790 -0.5962 -0.1941
vn -0.7103 -0.6682 -0.2212
vn -0.6358 -0.7257 -0.2627
vn -0.5575 -0.7671 -0.3174
vn -0.4770 -0.7908 -0.3836
vn -0.3964 -0.7950 -0.4592
vn -0.3180 -0.7784 -0.5413
vn -0.2445 -0.7401 -0.6264
vn -0.1791 -0.6807 -0.7103
vn -0.1247 -0.6020 -0.7887
vn -0.0841 -0.5076 -0.8575
vn -0.0592 -0.4023 -0.9136
vn -0.0508 -0.2915 -0.9552
vn -0.0590 -0.1802 -0.9819
vn -0.0830 -0.0729 -0.9939
vn -0.1218 0.0267 -0.9922
vn -0.1741 0.1156 -0.9779
vn -0.2384 0.1916 -0.9521
vn -0.3133 0.2524 -0.9155
vn -0.3967 0.2962 -0.8689
vn -0.4862 0.3210 -0.8127
vn -0.5789 0.3249 -0.7478
vn -0.6708 0.3066 -0.6753
vn -0.7570 0.2652 -0.5972
vn -0.8324 0.2017 -0.5162
vn -0.9459 0.3133 0.0848
vn -0.8751 0.4838 -0.0109
vn -0.9792 0.1282 0.1572
vn -0.9773 -0.0573 0.2038
vn -0.9461 -0.2325 0.2257
vn -0.8921 -0.3914 0.2255
vn -0.8215 -0.5316 0.2063
vn -0.7384 -0.6525 0.1704
vn -0.6457 -0.7542 0.1196
vn -0.5449 -0.8367 0.0549
vn -0.4371 -0.8991 -0.0227
vn -0.3228 -0.9398 -0.1126
vn -0.2030 -0.9556 -0.2135
vn -0.0797 -0.9429 -0.3235
vn 0.0437 -0.8973 -0.4392
vn 0.1614 -0.8159 -0.5552
vn 0.2655 -0.6987 -0.6643
vn 0.3480 -0.5502 -0.7590
vn 0.4026 -0.3799 -0.8328
vn 0.4265 -0.1994 -0.8822
vn 0.4206 -0.0196 -0.9070
vn 0.3879 0.1512 -0.9092
vn 0.3320 0.3076 -0.8917
vn 0.2563 0.4466 -0.8572
vn 0.1632 0.5663 -0.8079
vn 0.0545 0.6650 -0.7449
vn -0.0683 0.7404 -0.6687
vn -0.2033 0.7892 -0.5795
vn -0.3475 0.8069 -0.4776
vn -0.4958 0.7882 -0.3647
vn -0.6402 0.7282 -0.2445
vn -0.7704 0.6255 -0.1236
vn -0.7802 0.4516 0.4329
vn -0.6808 0.6455 0.3463
vn -0.8379 0.2387 0.4908
vn -0.8545 0.0249 0.5188
vn -0.8358 -0.1764 0.5198
vn -0.7896 -0.3577 0.4986
vn -0.7226 -0.5163 0.4597
vn -0.6398 -0.6522 0.4065
vn -0.5444 -0.7662 0.3414
vn -0.4380 -0.8589 0.2656
vn -0.3211 -0.9299 0.1794
vn -0.1940 -0.9775 0.0832
vn -0.0574 -0.9981 -0.0226
vn 0.0868 -0.9868 -0.1366
vn 0.2347 -0.9379 -0.2556
vn 0.3793 -0.8464 -0.3738
vn 0.5106 -0.7113 -0.4831
vn 0.6176 -0.5375 -0.5743
vn 0.6911 -0.3367 -0.6396
vn 0.7269 -0.1246 -0.6754
vn 0.7262 0.0837 -0.6824
vn 0.6939 0.2775 -0.6645
vn 0.6360 0.4507 -0.6264
vn 0.5574 0.6013 -0.5724
vn 0.4618 0.7289 -0.5054
vn 0.3510 0.8334 -0.4268
vn 0.2259 0.9138 -0.3375
vn 0.0870 0.9675 -0.2374
vn -0.0647 0.9898 -0.1269
vn -0.2261 0.9741 -0.0078
vn -0.3904 0.9133 0.1161
vn -0.5466 0.8030 0.2375
vn -0.6807 0.6455 0.3463
vn 0.7437 -0.6685 -0.0000
vn 0.7436 -0.6686 -0.0000
vn -0.7437 0.6685 -0.0000
vn -0.7436 0.6686 -0.0000
vt 1.000000 1.000000
vt 1.000000 0.000000
vt 0.000000 0.000000
vt 0.000000 1.000000
vt 0.500000 0.000000
vt 0.000000 0.187500
vt 0.000000 0.250000
vt 0.031250 0.250000
vt 0.031250 0.187500
vt 0.062500 0.250000
vt 0.062500 0.187500
vt 0.093750 0.250000
vt 0.093750 0.187500
vt 0.125000 0.250000
vt 0.125000 0.187500
vt 0.156250 0.250000
vt 0.156250 0.187500
vt 0.187500 0.250000
vt 0.187500 0.187500
vt 0.218750 0.250000
vt 0.218750 0.187500
vt 0.250000 0.250000
vt 0.250000 0.187500
vt 0.281250 0.250000
vt 0.281250 0.187500
vt 0.312500 0.250000
vt 0.312500 0.187500
vt 0.343750 0.250000
vt 0.343750 0.187500
vt 0.375000 0.250000
vt 0.375000 0.187500
vt 0.406250 0.250000
vt 0.406250 0.187500
vt 0.437500 0.250000
vt 0.437500 0.187500
vt 0.468750 0.250000
vt 0.468750 0.187500
vt 0.500000 0.250000
vt 0.500000 0.187500
vt 0.531250 0.250000
vt 0.531250 0.187500
vt 0.562500 0.250000
vt 0.562500 0.187500
vt 0.593750 0.250000
vt 0.593750 0.187500
vt 0.625000 0.250000
vt 0.625000 0.187500
vt 0.656250 0.250000
vt 0.656250 0.187500
vt 0.687500 0.250000
vt 0.687500 0.187500
vt 0.718750 0.250000
vt 0.718750 0.187500
vt 0.750000 0.250000
vt 0.750000 0.187500
vt 0.781250 0.250000
vt 0.781250 0.187500
vt 0.812500 0.250000
vt 0.812500 0.187500
vt 0.843750 0.250000
vt 0.843750 0.187500
vt 0.875000 0.250000
vt 0.875000 0.187500
vt 0.906250 0.250000
vt 0.906250 0.187500
vt 0.937500 0.250000
vt 0.937500 0.187500
vt 0.968750 0.250000
vt 0.968750 0.187500
vt 1.000000 0.250000
vt 1.000000 0.187500
vt 0.000000 0.312500
vt 0.031250 0.312500
vt 0.062500 0.312500
vt 0.093750 0.312500
vt 0.125000 0.312500
vt 0.156250 0.312500
vt 0.187500 0.312500
vt 0.218750 0.312500
vt 0.250000 0.312500
vt 0.281250 0.312500
vt 0.312500 0.312500
vt 0.343750 0.312500
vt 0.375000 0.312500
vt 0.406250 0.312500
vt 0.437500 0.312500
vt 0.468750 0.312500
vt 0.500000 0.312500
vt 0.531250 0.312500
vt 0.562500 0.312500
vt 0.593750 0.312500
vt 0.625000 0.312500
vt 0.656250 0.312500
vt 0.687500 0.312500
vt 0.718750 0.312500
vt 0.750000 0.312500
vt 0.781250 0.312500
vt 0.812500 0.312500
vt 0.843750 0.312500
vt 0.875000 0.312500
vt 0.906250 0.312500
vt 0.937500 0.312500
vt 0.968750 0.312500
vt 1.000000 0.312500
vt 0.000000 0.375000
vt 0.031250 0.375000
vt 0.062500 0.375000
vt 0.093750 0.375000
vt 0.125000 0.375000
vt 0.156250 0.375000
vt 0.187500 0.375000
vt 0.218750 0.375000
vt 0.250000 0.375000
vt 0.281250 0.375000
vt 0.312500 0.375000
vt 0.343750 0.375000
vt 0.375000 0.375000
vt 0.406250 0.375000
vt 0.437500 0.375000
vt 0.468750 0.375000
vt 0.500000 0.375000
vt 0.531250 0.375000
vt 0.562500 0.375000
vt 0.593750 0.375000
vt 0.625000 0.375000
vt 0.656250 0.375000
vt 0.687500 0.375000
vt 0.718750 0.375000
vt 0.750000 0.375000
vt 0.781250 0.375000
vt 0.812500 0.375000
vt 0.843750 0.375000
vt 0.875000 0.375000
vt 0.906250 0.375000
vt 0.937500 0.375000
vt 0.968750 0.375000
vt 1.000000 0.375000
vt 0.000000 0.437500
vt 0.031250 0.437500
vt 0.062500 0.437500
vt 0.093750 0.437500
vt 0.125000 0.437500
vt 0.156250 0.437500
vt 0.187500 0.437500
vt 0.218750 0.437500
vt 0.250000 0.437500
vt 0.281250 0.437500
vt 0.312500 0.437500
vt 0.343750 0.437500
vt 0.375000 0.437500
vt 0.406250 0.437500
vt 0.437500 0.437500
vt 0.468750 0.437500
vt 0.500000 0.437500
vt 0.531250 0.437500
vt 0.562500 0.437500
vt 0.593750 0.437500
vt 0.625000 0.437500
vt 0.656250 0.437500
vt 0.687500 0.437500
vt 0.718750 0.437500
vt 0.750000 0.437500
vt 0.781250 0.437500
vt 0.812500 0.437500
vt 0.843750 0.437500
vt 0.875000 0.437500
vt 0.906250 0.437500
vt 0.937500 0.437500
vt 0.968750 0.437500
vt 1.000000 0.437500
s 0
usemtl 08_-_Default
f 806/347/850 807/348/850 808/349/850
f 809/350/851 810/347/851 811/349/851
f 812/347/852 813/348/852 814/349/852
f 815/350/853 816/347/853 817/349/853
f 818/347/854 819/349/854 820/348/854
f 821/350/855 822/349/855 823/347/855
s 1
f 824/347/856 825/349/856 826/348/856
s 0
f 827/350/857 828/349/857 829/347/857
f 830/350/858 831/351/858 832/347/858
f 833/350/859 834/351/859 835/347/859
f 836/347/860 837/349/860 838/348/860
f 839/350/861 840/349/861 841/347/861
f 842/347/862 843/349/862 844/348/862
f 845/350/863 846/349/863 847/347/863
f 848/347/864 849/348/864 850/349/864
f 851/350/865 852/347/865 853/349/865
s 1
f 854/347/866 855/348/866 856/349/866
s 0
f 857/350/867 858/347/867 859/349/867
f 860/350/868 861/347/868 862/351/868
f 863/350/869 864/347/869 865/351/869
f 866/350/870 867/347/870 868/348/870
f 866/350/870 868/348/870 869/349/870
f 870/350/871 871/347/871 872/348/871
f 870/350/871 872/348/871 873/349/871
f 874/350/872 875/347/872 876/348/872
f 874/350/872 876/348/872 877/349/872
f 878/350/873 879/347/873 880/348/873
f 878/350/873 880/348/873 881/349/873
f 882/350/874 883/347/874 884/348/874
f 882/350/874 884/348/874 885/349/874
f 886/350/875 887/347/875 888/348/875
f 886/350/875 888/348/875 889/349/875
f 890/350/876 891/347/876 892/348/876
s 1
f 890/350/876 892/348/876 893/349/876
f 894/350/877 895/349/877 896/348/878
f 894/350/877 896/348/878 897/347/878
f 898/350/879 899/349/879 900/348/880
f 898/350/879 900/348/880 901/347/879
s 0
f 902/350/881 903/349/881 904/348/881
f 902/350/881 904/348/881 905/347/881
f 906/350/882 907/349/882 908/348/882
f 906/350/882 908/348/882 909/347/882
f 910/350/883 911/349/883 912/348/883
f 910/350/883 912/348/883 913/347/883
f 914/350/884 915/349/884 916/348/884
f 914/350/884 916/348/884 917/347/884
f 918/347/885 919/350/885 920/349/885
f 918/347/885 920/349/885 921/348/885
f 922/350/886 923/349/886 924/348/886
f 922/350/886 924/348/886 925/347/886
f 926/350/887 927/349/887 928/348/887
f 926/350/887 928/348/887 929/347/887
f 930/349/888 931/349/888 932/348/888
f 930/349/888 932/348/888 933/348/888
s 1
f 934/352/889 935/353/890 936/354/891
f 934/352/889 936/354/891 937/355/892
f 937/355/892 936/354/891 938/356/893
f 937/355/892 938/356/893 939/357/894
f 939/357/894 938/356/893 940/358/895
f 939/357/894 940/358/895 941/359/896
f 941/359/896 940/358/895 942/360/897
f 941/359/896 942/360/897 943/361/898
f 943/361/898 942/360/897 944/362/899
f 943/361/898 944/362/899 945/363/900
f 945/363/900 944/362/899 946/364/901
f 945/363/900 946/364/901 947/365/902
f 947/365/902 946/364/901 948/366/903
f 947/365/902 948/366/903 949/367/904
f 949/367/904 948/366/903 950/368/905
f 949/367/904 950/368/905 951/369/906
f 951/369/906 950/368/905 952/370/907
f 951/369/906 952/370/907 953/371/908
f 953/371/908 952/370/907 954/372/909
f 953/371/908 954/372/909 955/373/910
f 955/373/910 954/372/909 956/374/911
f 955/373/910 956/374/911 957/375/912
f 957/375/912 956/374/911 958/376/913
f 957/375/912 958/376/913 959/377/914
f 959/377/914 958/376/913 960/378/915
f 959/377/914 960/378/915 961/379/916
f 961/379/916 960/378/915 962/380/917
f 961/379/916 962/380/917 963/381/918
f 963/381/918 962/380/917 964/382/919
f 963/381/918 964/382/919 965/383/920
f 965/383/920 964/382/919 966/384/921
f 965/383/920 966/384/921 967/385/922
f 967/385/922 966/384/921 968/386/923
f 967/385/922 968/386/923 969/387/924
f 969/387/924 968/386/923 970/388/925
f 969/387/924 970/388/925 971/389/926
f 971/389/926 970/388/925 972/390/927
f 971/389/926 972/390/927 973/391/928
f 973/391/928 972/390/927 974/392/929
f 973/391/928 974/392/929 975/393/930
f 975/393/930 974/392/929 976/394/931
f 975/393/930 976/394/931 977/395/932
f 977/395/932 976/394/931 978/396/933
f 977/395/932 978/396/933 979/397/934
f 979/397/934 978/396/933 980/398/935
f 979/397/934 980/398/935 981/399/936
f 981/399/936 980/398/935 982/400/937
f 981/399/936 982/400/937 983/401/938
f 983/401/938 982/400/937 984/402/939
f 983/401/938 984/402/939 985/403/940
f 985/403/940 984/402/939 986/404/941
f 985/403/940 986/404/941 987/405/942
f 987/405/942 986/404/941 988/406/943
f 987/405/942 988/406/943 989/407/944
f 989/407/944 988/406/943 990/408/945
f 989/407/944 990/408/945 991/409/946
f 991/409/946 990/408/945 992/410/947
f 991/409/946 992/410/947 993/411/948
f 993/411/948 992/410/947 994/412/949
f 993/411/948 994/412/949 995/413/950
f 995/413/950 994/412/949 996/414/951
f 995/413/950 996/414/951 997/415/952
f 997/415/952 996/414/951 998/416/953
f 997/415/952 998/416/953 999/417/889
f 935/353/890 1000/418/954 1001/419/955
f 935/353/890 1001/419/955 936/354/891
f 936/354/891 1001/419/955 1002/420/956
f 936/354/891 1002/420/956 938/356/893
f 938/356/893 1002/420/956 1003/421/957
f 938/356/893 1003/421/957 940/358/895
f 940/358/895 1003/421/957 1004/422/958
f 940/358/895 1004/422/958 942/360/897
f 942/360/897 1004/422/958 1005/423/959
f 942/360/897 1005/423/959 944/362/899
f 944/362/899 1005/423/959 1006/424/960
f 944/362/899 1006/424/960 946/364/901
f 946/364/901 1006/424/960 1007/425/961
f 946/364/901 1007/425/961 948/366/903
f 948/366/903 1007/425/961 1008/426/962
f 948/366/903 1008/426/962 950/368/905
f 950/368/905 1008/426/962 1009/427/963
f 950/368/905 1009/427/963 952/370/907
f 952/370/907 1009/427/963 1010/428/964
f 952/370/907 1010/428/964 954/372/909
f 954/372/909 1010/428/964 1011/429/965
f 954/372/909 1011/429/965 956/374/911
f 956/374/911 1011/429/965 1012/430/966
f 956/374/911 1012/430/966 958/376/913
f 958/376/913 1012/430/966 1013/431/967
f 958/376/913 1013/431/967 960/378/915
f 960/378/915 1013/431/967 1014/432/968
f 960/378/915 1014/432/968 962/380/917
f 962/380/917 1014/432/968 1015/433/969
f 962/380/917 1015/433/969 964/382/919
f 964/382/919 1015/433/969 1016/434/970
f 964/382/919 1016/434/970 966/384/921
f 966/384/921 1016/434/970 1017/435/971
f 966/384/921 1017/435/971 968/386/923
f 968/386/923 1017/435/971 1018/436/972
f 968/386/923 1018/436/972 970/388/925
f 970/388/925 1018/436/972 1019/437/973
f 970/388/925 1019/437/973 972/390/927
f 972/390/927 1019/437/973 1020/438/974
f 972/390/927 1020/438/974 974/392/929
f 974/392/929 1020/438/974 1021/439/975
f 974/392/929 1021/439/975 976/394/931
f 976/394/931 1021/439/975 1022/440/976
f 976/394/931 1022/440/976 978/396/933
f 978/396/933 1022/440/976 1023/441/977
f 978/396/933 1023/441/977 980/398/935
f 980/398/935 1023/441/977 1024/442/978
f 980/398/935 1024/442/978 982/400/937
f 982/400/937 1024/442/978 1025/443/979
f 982/400/937 1025/443/979 984/402/939
f 984/402/939 1025/443/979 1026/444/980
f 984/402/939 1026/444/980 986/404/941
f 986/404/941 1026/444/980 1027/445/981
f 986/404/941 1027/445/981 988/406/943
f 988/406/943 1027/445/981 1028/446/982
f 988/406/943 1028/446/982 990/408/945
f 990/408/945 1028/446/982 1029/447/983
f 990/408/945 1029/447/983 992/410/947
f 992/410/947 1029/447/983 1030/448/984
f 992/410/947 1030/448/984 994/412/949
f 994/412/949 1030/448/984 1031/449/985
f 994/412/949 1031/449/985 996/414/951
f 996/414/951 1031/449/985 1032/450/954
f 996/414/951 1032/450/954 998/416/953
f 1000/418/954 1033/451/986 1034/452/987
f 1000/418/954 1034/452/987 1001/419/955
f 1001/419/955 1034/452/987 1035/453/988
f 1001/419/955 1035/453/988 1002/420/956
f 1002/420/956 1035/453/988 1036/454/989
f 1002/420/956 1036/454/989 1003/421/957
f 1003/421/957 1036/454/989 1037/455/990
f 1003/421/957 1037/455/990 1004/422/958
f 1004/422/958 1037/455/990 1038/456/991
f 1004/422/958 1038/456/991 1005/423/959
f 1005/423/959 1038/456/991 1039/457/992
f 1005/423/959 1039/457/992 1006/424/960
f 1006/424/960 1039/457/992 1040/458/993
f 1006/424/960 1040/458/993 1007/425/961
f 1007/425/961 1040/458/993 1041/459/994
f 1007/425/961 1041/459/994 1008/426/962
f 1008/426/962 1041/459/994 1042/460/995
f 1008/426/962 1042/460/995 1009/427/963
f 1009/427/963 1042/460/995 1043/461/996
f 1009/427/963 1043/461/996 1010/428/964
f 1010/428/964 1043/461/996 1044/462/997
f 1010/428/964 1044/462/997 1011/429/965
f 1011/429/965 1044/462/997 1045/463/998
f 1011/429/965 1045/463/998 1012/430/966
f 1012/430/966 1045/463/998 1046/464/999
f 1012/430/966 1046/464/999 1013/431/967
f 1013/431/967 1046/464/999 1047/465/1000
f 1013/431/967 1047/465/1000 1014/432/968
f 1014/432/968 1047/465/1000 1048/466/1001
f 1014/432/968 1048/466/1001 1015/433/969
f 1015/433/969 1048/466/1001 1049/467/1002
f 1015/433/969 1049/467/1002 1016/434/970
f 1016/434/970 1049/467/1002 1050/468/1003
f 1016/434/970 1050/468/1003 1017/435/971
f 1017/435/971 1050/468/1003 1051/469/1004
f 1017/435/971 1051/469/1004 1018/436/972
f 1018/436/972 1051/469/1004 1052/470/1005
f 1018/436/972 1052/470/1005 1019/437/973
f 1019/437/973 1052/470/1005 1053/471/1006
f 1019/437/973 1053/471/1006 1020/438/974
f 1020/438/974 1053/471/1006 1054/472/1007
f 1020/438/974 1054/472/1007 1021/439/975
f 1021/439/975 1054/472/1007 1055/473/1008
f 1021/439/975 1055/473/1008 1022/440/976
f 1022/440/976 1055/473/1008 1056/474/1009
f 1022/440/976 1056/474/1009 1023/441/977
f 1023/441/977 1056/474/1009 1057/475/1010
f 1023/441/977 1057/475/1010 1024/442/978
f 1024/442/978 1057/475/1010 1058/476/1011
f 1024/442/978 1058/476/1011 1025/443/979
f 1025/443/979 1058/476/1011 1059/477/1012
f 1025/443/979 1059/477/1012 1026/444/980
f 1026/444/980 1059/477/1012 1060/478/1013
f 1026/444/980 1060/478/1013 1027/445/981
f 1027/445/981 1060/478/1013 1061/479/1014
f 1027/445/981 1061/479/1014 1028/446/982
f 1028/446/982 1061/479/1014 1062/480/1015
f 1028/446/982 1062/480/1015 1029/447/983
f 1029/447/983 1062/480/1015 1063/481/1016
f 1029/447/983 1063/481/1016 1030/448/984
f 1030/448/984 1063/481/1016 1064/482/1017
f 1030/448/984 1064/482/1017 1031/449/985
f 1031/449/985 1064/482/1017 1065/483/986
f 1031/449/985 1065/483/986 1032/450/954
f 1033/451/986 1066/484/1018 1067/485/1019
f 1033/451/986 1067/485/1019 1034/452/987
f 1034/452/987 1067/485/1019 1068/486/1020
f 1034/452/987 1068/486/1020 1035/453/988
f 1035/453/988 1068/486/1020 1069/487/1021
f 1035/453/988 1069/487/1021 1036/454/989
f 1036/454/989 1069/487/1021 1070/488/1022
f 1036/454/989 1070/488/1022 1037/455/990
f 1037/455/990 1070/488/1022 1071/489/1023
f 1037/455/990 1071/489/1023 1038/456/991
f 1038/456/991 1071/489/1023 1072/490/1024
f 1038/456/991 1072/490/1024 1039/457/992
f 1039/457/992 1072/490/1024 1073/491/1025
f 1039/457/992 1073/491/1025 1040/458/993
f 1040/458/993 1073/491/1025 1074/492/1026
f 1040/458/993 1074/492/1026 1041/459/994
f 1041/459/994 1074/492/1026 1075/493/1027
f 1041/459/994 1075/493/1027 1042/460/995
f 1042/460/995 1075/493/1027 1076/494/1028
f 1042/460/995 1076/494/1028 1043/461/996
f 1043/461/996 1076/494/1028 1077/495/1029
f 1043/461/996 1077/495/1029 1044/462/997
f 1044/462/997 1077/495/1029 1078/496/1030
f 1044/462/997 1078/496/1030 1045/463/998
f 1045/463/998 1078/496/1030 1079/497/1031
f 1045/463/998 1079/497/1031 1046/464/999
f 1046/464/999 1079/497/1031 1080/498/1032
f 1046/464/999 1080/498/1032 1047/465/1000
f 1047/465/1000 1080/498/1032 1081/499/1033
f 1047/465/1000 1081/499/1033 1048/466/1001
f 1048/466/1001 1081/499/1033 1082/500/1034
f 1048/466/1001 1082/500/1034 1049/467/1002
f 1049/467/1002 1082/500/1034 1083/501/1035
f 1049/467/1002 1083/501/1035 1050/468/1003
f 1050/468/1003 1083/501/1035 1084/502/1036
f 1050/468/1003 1084/502/1036 1051/469/1004
f 1051/469/1004 1084/502/1036 1085/503/1037
f 1051/469/1004 1085/503/1037 1052/470/1005
f 1052/470/1005 1085/503/1037 1086/504/1038
f 1052/470/1005 1086/504/1038 1053/471/1006
f 1053/471/1006 1086/504/1038 1087/505/1039
f 1053/471/1006 1087/505/1039 1054/472/1007
f 1054/472/1007 1087/505/1039 1088/506/1040
f 1054/472/1007 1088/506/1040 1055/473/1008
f 1055/473/1008 1088/506/1040 1089/507/1041
f 1055/473/1008 1089/507/1041 1056/474/1009
f 1056/474/1009 1089/507/1041 1090/508/1042
f 1056/474/1009 1090/508/1042 1057/475/1010
f 1057/475/1010 1090/508/1042 1091/509/1043
f 1057/475/1010 1091/509/1043 1058/476/1011
f 1058/476/1011 1091/509/1043 1092/510/1044
f 1058/476/1011 1092/510/1044 1059/477/1012
f 1059/477/1012 1092/510/1044 1093/511/1045
f 1059/477/1012 1093/511/1045 1060/478/1013
f 1060/478/1013 1093/511/1045 1094/512/1046
f 1060/478/1013 1094/512/1046 1061/479/1014
f 1061/479/1014 1094/512/1046 1095/513/1047
f 1061/479/1014 1095/513/1047 1062/480/1015
f 1062/480/1015 1095/513/1047 1096/514/1048
f 1062/480/1015 1096/514/1048 1063/481/1016
f 1063/481/1016 1096/514/1048 1097/515/1049
f 1063/481/1016 1097/515/1049 1064/482/1017
f 1064/482/1017 1097/515/1049 1098/516/1050
f 1064/482/1017 1098/516/1050 1065/483/986
s 0
f 1099/347/1051 1100/348/1051 1101/348/1051
f 1099/347/1051 1101/348/1051 1102/347/1051
f 1103/350/1052 1104/349/1052 1105/348/1052
f 1103/350/1052 1105/348/1052 1106/347/1052
f 1107/350/1053 1108/349/1053 1109/348/1053
f 1107/350/1053 1109/348/1053 1110/347/1053
f 1111/350/1054 1112/349/1054 1113/348/1054
f 1111/350/1054 1113/348/1054 1114/347/1054
f 1115/350/1055 1116/349/1055 1117/348/1055
f 1115/350/1055 1117/348/1055 1118/347/1055
f 1119/350/1056 1120/349/1056 1121/348/1056
f 1119/350/1056 1121/348/1056 1122/347/1056
f 1123/350/1057 1124/349/1057 1125/348/1057
f 1123/350/1057 1125/348/1057 1126/347/1057
f 1127/350/1058 1128/349/1058 1129/348/1058
f 1127/350/1058 1129/348/1058 1130/347/1058
s 1
f 1131/350/1059 1132/347/1060 1133/348/1060
f 1131/350/1059 1133/348/1060 1134/349/1059
f 1135/350/1061 1136/347/1061 1137/348/1062
f 1135/350/1061 1137/348/1062 1138/349/1061
s 0
f 1139/350/1063 1140/347/1063 1141/348/1063
f 1139/350/1063 1141/348/1063 1142/349/1063
f 1143/350/1064 1144/347/1064 1145/348/1064
f 1143/350/1064 1145/348/1064 1146/349/1064
f 1147/350/1065 1148/347/1065 1149/348/1065
f 1147/350/1065 1149/348/1065 1150/349/1065
f 1151/350/1066 1152/347/1066 1153/348/1066
f 1151/350/1066 1153/348/1066 1154/349/1066
f 1155/347/1067 1156/348/1067 1157/349/1067
f 1155/347/1067 1157/349/1067 1158/350/1067
f 1159/350/1068 1160/347/1068 1161/348/1068
f 1159/350/1068 1161/348/1068 1162/349/1068
f 1163/350/1069 1164/347/1069 1165/348/1069
f 1163/350/1069 1165/348/1069 1166/349/1069
f 932/348/888 931/349/888 1167/349/888
f 932/348/888 1167/349/888 1168/348/888
s 1
f 1169/352/1070 1170/355/1071 1171/354/1072
f 1169/352/1070 1171/354/1072 1172/353/1073
f 1170/355/1071 1173/357/1074 1174/356/1075
f 1170/355/1071 1174/356/1075 1171/354/1072
f 1173/357/1074 1175/359/1076 1176/358/1077
f 1173/357/1074 1176/358/1077 1174/356/1075
f 1175/359/1076 1177/361/1078 1178/360/1079
f 1175/359/1076 1178/360/1079 1176/358/1077
f 1177/361/1078 1179/363/1080 1180/362/1081
f 1177/361/1078 1180/362/1081 1178/360/1079
f 1179/363/1080 1181/365/1082 1182/364/1083
f 1179/363/1080 1182/364/1083 1180/362/1081
f 1181/365/1082 1183/367/1084 1184/366/1085
f 1181/365/1082 1184/366/1085 1182/364/1083
f 1183/367/1084 1185/369/1086 1186/368/1087
f 1183/367/1084 1186/368/1087 1184/366/1085
f 1185/369/1086 1187/371/1088 1188/370/1089
f 1185/369/1086 1188/370/1089 1186/368/1087
f 1187/371/1088 1189/373/1090 1190/372/1091
f 1187/371/1088 1190/372/1091 1188/370/1089
f 1189/373/1090 1191/375/1092 1192/374/1093
f 1189/373/1090 1192/374/1093 1190/372/1091
f 1191/375/1092 1193/377/1094 1194/376/1095
f 1191/375/1092 1194/376/1095 1192/374/1093
f 1193/377/1094 1195/379/1096 1196/378/1097
f 1193/377/1094 1196/378/1097 1194/376/1095
f 1195/379/1096 1197/381/1098 1198/380/1099
f 1195/379/1096 1198/380/1099 1196/378/1097
f 1197/381/1098 1199/383/1100 1200/382/1101
f 1197/381/1098 1200/382/1101 1198/380/1099
f 1199/383/1100 1201/385/1102 1202/384/1103
f 1199/383/1100 1202/384/1103 1200/382/1101
f 1201/385/1102 1203/387/1104 1204/386/1105
f 1201/385/1102 1204/386/1105 1202/384/1103
f 1203/387/1104 1205/389/1106 1206/388/1107
f 1203/387/1104 1206/388/1107 1204/386/1105
f 1205/389/1106 1207/391/1108 1208/390/1109
f 1205/389/1106 1208/390/1109 1206/388/1107
f 1207/391/1108 1209/393/1110 1210/392/1111
f 1207/391/1108 1210/392/1111 1208/390/1109
f 1209/393/1110 1211/395/1112 1212/394/1113
f 1209/393/1110 1212/394/1113 1210/392/1111
f 1211/395/1112 1213/397/1114 1214/396/1115
f 1211/395/1112 1214/396/1115 1212/394/1113
f 1213/397/1114 1215/399/1116 1216/398/1117
f 1213/397/1114 1216/398/1117 1214/396/1115
f 1215/399/1116 1217/401/1118 1218/400/1119
f 1215/399/1116 1218/400/1119 1216/398/1117
f 1217/401/1118 1219/403/1120 1220/402/1121
f 1217/401/1118 1220/402/1121 1218/400/1119
f 1219/403/1120 1221/405/1122 1222/404/1123
f 1219/403/1120 1222/404/1123 1220/402/1121
f 1221/405/1122 1223/407/1124 1224/406/1125
f 1221/405/1122 1224/406/1125 1222/404/1123
f 1223/407/1124 1225/409/1126 1226/408/1127
f 1223/407/1124 1226/408/1127 1224/406/1125
f 1225/409/1126 1227/411/1128 1228/410/1129
f 1225/409/1126 1228/410/1129 1226/408/1127
f 1227/411/1128 1229/413/1130 1230/412/1131
f 1227/411/1128 1230/412/1131 1228/410/1129
f 1229/413/1130 1231/415/1132 1232/414/1133
f 1229/413/1130 1232/414/1133 1230/412/1131
f 1231/415/1132 1233/417/1070 1234/416/1134
f 1231/415/1132 1234/416/1134 1232/414/1133
f 1172/353/1073 1171/354/1072 1235/419/1135
f 1172/353/1073 1235/419/1135 1236/418/1136
f 1171/354/1072 1174/356/1075 1237/420/1137
f 1171/354/1072 1237/420/1137 1235/419/1135
f 1174/356/1075 1176/358/1077 1238/421/1138
f 1174/356/1075 1238/421/1138 1237/420/1137
f 1176/358/1077 1178/360/1079 1239/422/1139
f 1176/358/1077 1239/422/1139 1238/421/1138
f 1178/360/1079 1180/362/1081 1240/423/1140
f 1178/360/1079 1240/423/1140 1239/422/1139
f 1180/362/1081 1182/364/1083 1241/424/1141
f 1180/362/1081 1241/424/1141 1240/423/1140
f 1182/364/1083 1184/366/1085 1242/425/1142
f 1182/364/1083 1242/425/1142 1241/424/1141
f 1184/366/1085 1186/368/1087 1243/426/1143
f 1184/366/1085 1243/426/1143 1242/425/1142
f 1186/368/1087 1188/370/1089 1244/427/1144
f 1186/368/1087 1244/427/1144 1243/426/1143
f 1188/370/1089 1190/372/1091 1245/428/1145
f 1188/370/1089 1245/428/1145 1244/427/1144
f 1190/372/1091 1192/374/1093 1246/429/1146
f 1190/372/1091 1246/429/1146 1245/428/1145
f 1192/374/1093 1194/376/1095 1247/430/1147
f 1192/374/1093 1247/430/1147 1246/429/1146
f 1194/376/1095 1196/378/1097 1248/431/1148
f 1194/376/1095 1248/431/1148 1247/430/1147
f 1196/378/1097 1198/380/1099 1249/432/1149
f 1196/378/1097 1249/432/1149 1248/431/1148
f 1198/380/1099 1200/382/1101 1250/433/1150
f 1198/380/1099 1250/433/1150 1249/432/1149
f 1200/382/1101 1202/384/1103 1251/434/1151
f 1200/382/1101 1251/434/1151 1250/433/1150
f 1202/384/1103 1204/386/1105 1252/435/1152
f 1202/384/1103 1252/435/1152 1251/434/1151
f 1204/386/1105 1206/388/1107 1253/436/1153
f 1204/386/1105 1253/436/1153 1252/435/1152
f 1206/388/1107 1208/390/1109 1254/437/1154
f 1206/388/1107 1254/437/1154 1253/436/1153
f 1208/390/1109 1210/392/1111 1255/438/1155
f 1208/390/1109 1255/438/1155 1254/437/1154
f 1210/392/1111 1212/394/1113 1256/439/1156
f 1210/392/1111 1256/439/1156 1255/438/1155
f 1212/394/1113 1214/396/1115 1257/440/1157
f 1212/394/1113 1257/440/1157 1256/439/1156
f 1214/396/1115 1216/398/1117 1258/441/1158
f 1214/396/1115 1258/441/1158 1257/440/1157
f 1216/398/1117 1218/400/1119 1259/442/1159
f 1216/398/1117 1259/442/1159 1258/441/1158
f 1218/400/1119 1220/402/1121 1260/443/1160
f 1218/400/1119 1260/443/1160 1259/442/1159
f 1220/402/1121 1222/404/1123 1261/444/1161
f 1220/402/1121 1261/444/1161 1260/443/1160
f 1222/404/1123 1224/406/1125 1262/445/1162
f 1222/404/1123 1262/445/1162 1261/444/1161
f 1224/406/1125 1226/408/1127 1263/446/1163
f 1224/406/1125 1263/446/1163 1262/445/1162
f 1226/408/1127 1228/410/1129 1264/447/1164
f 1226/408/1127 1264/447/1164 1263/446/1163
f 1228/410/1129 1230/412/1131 1265/448/1165
f 1228/410/1129 1265/448/1165 1264/447/1164
f 1230/412/1131 1232/414/1133 1266/449/1166
f 1230/412/1131 1266/449/1166 1265/448/1165
f 1232/414/1133 1234/416/1134 1267/450/1136
f 1232/414/1133 1267/450/1136 1266/449/1166
f 1236/418/1136 1235/419/1135 1268/452/1167
f 1236/418/1136 1268/452/1167 1269/451/1168
f 1235/419/1135 1237/420/1137 1270/453/1169
f 1235/419/1135 1270/453/1169 1268/452/1167
f 1237/420/1137 1238/421/1138 1271/454/1170
f 1237/420/1137 1271/454/1170 1270/453/1169
f 1238/421/1138 1239/422/1139 1272/455/1171
f 1238/421/1138 1272/455/1171 1271/454/1170
f 1239/422/1139 1240/423/1140 1273/456/1172
f 1239/422/1139 1273/456/1172 1272/455/1171
f 1240/423/1140 1241/424/1141 1274/457/1173
f 1240/423/1140 1274/457/1173 1273/456/1172
f 1241/424/1141 1242/425/1142 1275/458/1174
f 1241/424/1141 1275/458/1174 1274/457/1173
f 1242/425/1142 1243/426/1143 1276/459/1175
f 1242/425/1142 1276/459/1175 1275/458/1174
f 1243/426/1143 1244/427/1144 1277/460/1176
f 1243/426/1143 1277/460/1176 1276/459/1175
f 1244/427/1144 1245/428/1145 1278/461/1177
f 1244/427/1144 1278/461/1177 1277/460/1176
f 1245/428/1145 1246/429/1146 1279/462/1178
f 1245/428/1145 1279/462/1178 1278/461/1177
f 1246/429/1146 1247/430/1147 1280/463/1179
f 1246/429/1146 1280/463/1179 1279/462/1178
f 1247/430/1147 1248/431/1148 1281/464/1180
f 1247/430/1147 1281/464/1180 1280/463/1179
f 1248/431/1148 1249/432/1149 1282/465/1181
f 1248/431/1148 1282/465/1181 1281/464/1180
f 1249/432/1149 1250/433/1150 1283/466/1182
f 1249/432/1149 1283/466/1182 1282/465/1181
f 1250/433/1150 1251/434/1151 1284/467/1183
f 1250/433/1150 1284/467/1183 1283/466/1182
f 1251/434/1151 1252/435/1152 1285/468/1184
f 1251/434/1151 1285/468/1184 1284/467/1183
f 1252/435/1152 1253/436/1153 1286/469/1185
f 1252/435/1152 1286/469/1185 1285/468/1184
f 1253/436/1153 1254/437/1154 1287/470/1186
f 1253/436/1153 1287/470/1186 1286/469/1185
f 1254/437/1154 1255/438/1155 1288/471/1187
f 1254/437/1154 1288/471/1187 1287/470/1186
f 1255/438/1155 1256/439/1156 1289/472/1188
f 1255/438/1155 1289/472/1188 1288/471/1187
f 1256/439/1156 1257/440/1157 1290/473/1189
f 1256/439/1156 1290/473/1189 1289/472/1188
f 1257/440/1157 1258/441/1158 1291/474/1190
f 1257/440/1157 1291/474/1190 1290/473/1189
f 1258/441/1158 1259/442/1159 1292/475/1191
f 1258/441/1158 1292/475/1191 1291/474/1190
f 1259/442/1159 1260/443/1160 1293/476/1192
f 1259/442/1159 1293/476/1192 1292/475/1191
f 1260/443/1160 1261/444/1161 1294/477/1193
f 1260/443/1160 1294/477/1193 1293/476/1192
f 1261/444/1161 1262/445/1162 1295/478/1194
f 1261/444/1161 1295/478/1194 1294/477/1193
f 1262/445/1162 1263/446/1163 1296/479/1195
f 1262/445/1162 1296/479/1195 1295/478/1194
f 1263/446/1163 1264/447/1164 1297/480/1196
f 1263/446/1163 1297/480/1196 1296/479/1195
f 1264/447/1164 1265/448/1165 1298/481/1197
f 1264/447/1164 1298/481/1197 1297/480/1196
f 1265/448/1165 1266/449/1166 1299/482/1198
f 1265/448/1165 1299/482/1198 1298/481/1197
f 1266/449/1166 1267/450/1136 1300/483/1168
f 1266/449/1166 1300/483/1168 1299/482/1198
f 1269/451/1168 1268/452/1167 1301/485/1199
f 1269/451/1168 1301/485/1199 1302/484/1200
f 1268/452/1167 1270/453/1169 1303/486/1201
f 1268/452/1167 1303/486/1201 1301/485/1199
f 1270/453/1169 1271/454/1170 1304/487/1202
f 1270/453/1169 1304/487/1202 1303/486/1201
f 1271/454/1170 1272/455/1171 1305/488/1203
f 1271/454/1170 1305/488/1203 1304/487/1202
f 1272/455/1171 1273/456/1172 1306/489/1204
f 1272/455/1171 1306/489/1204 1305/488/1203
f 1273/456/1172 1274/457/1173 1307/490/1205
f 1273/456/1172 1307/490/1205 1306/489/1204
f 1274/457/1173 1275/458/1174 1308/491/1206
f 1274/457/1173 1308/491/1206 1307/490/1205
f 1275/458/1174 1276/459/1175 1309/492/1207
f 1275/458/1174 1309/492/1207 1308/491/1206
f 1276/459/1175 1277/460/1176 1310/493/1208
f 1276/459/1175 1310/493/1208 1309/492/1207
f 1277/460/1176 1278/461/1177 1311/494/1209
f 1277/460/1176 1311/494/1209 1310/493/1208
f 1278/461/1177 1279/462/1178 1312/495/1210
f 1278/461/1177 1312/495/1210 1311/494/1209
f 1279/462/1178 1280/463/1179 1313/496/1211
f 1279/462/1178 1313/496/1211 1312/495/1210
f 1280/463/1179 1281/464/1180 1314/497/1212
f 1280/463/1179 1314/497/1212 1313/496/1211
f 1281/464/1180 1282/465/1181 1315/498/1213
f 1281/464/1180 1315/498/1213 1314/497/1212
f 1282/465/1181 1283/466/1182 1316/499/1214
f 1282/465/1181 1316/499/1214 1315/498/1213
f 1283/466/1182 1284/467/1183 1317/500/1215
f 1283/466/1182 1317/500/1215 1316/499/1214
f 1284/467/1183 1285/468/1184 1318/501/1216
f 1284/467/1183 1318/501/1216 1317/500/1215
f 1285/468/1184 1286/469/1185 1319/502/1217
f 1285/468/1184 1319/502/1217 1318/501/1216
f 1286/469/1185 1287/470/1186 1320/503/1218
f 1286/469/1185 1320/503/1218 1319/502/1217
f 1287/470/1186 1288/471/1187 1321/504/1219
f 1287/470/1186 1321/504/1219 1320/503/1218
f 1288/471/1187 1289/472/1188 1322/505/1220
f 1288/471/1187 1322/505/1220 1321/504/1219
f 1289/472/1188 1290/473/1189 1323/506/1221
f 1289/472/1188 1323/506/1221 1322/505/1220
f 1290/473/1189 1291/474/1190 1324/507/1222
f 1290/473/1189 1324/507/1222 1323/506/1221
f 1291/474/1190 1292/475/1191 1325/508/1223
f 1291/474/1190 1325/508/1223 1324/507/1222
f 1292/475/1191 1293/476/1192 1326/509/1224
f 1292/475/1191 1326/509/1224 1325/508/1223
f 1293/476/1192 1294/477/1193 1327/510/1225
f 1293/476/1192 1327/510/1225 1326/509/1224
f 1294/477/1193 1295/478/1194 1328/511/1226
f 1294/477/1193 1328/511/1226 1327/510/1225
f 1295/478/1194 1296/479/1195 1329/512/1227
f 1295/478/1194 1329/512/1227 1328/511/1226
f 1296/479/1195 1297/480/1196 1330/513/1228
f 1296/479/1195 1330/513/1228 1329/512/1227
f 1297/480/1196 1298/481/1197 1331/514/1229
f 1297/480/1196 1331/514/1229 1330/513/1228
f 1298/481/1197 1299/482/1198 1332/515/1230
f 1298/481/1197 1332/515/1230 1331/514/1229
f 1299/482/1198 1300/483/1168 1333/516/1231
f 1299/482/1198 1333/516/1231 1332/515/1230
s 0
f 1101/348/1051 1334/348/1051 1335/347/1051
f 1101/348/1051 1335/347/1051 1102/347/1051
f 1336/350/1232 1337/351/1232 1338/351/1232
f 1337/351/1233 1336/350/1233 1339/351/1233
f 1339/351/1233 1336/350/1233 1340/350/1233
f 1341/347/1234 1342/351/1234 1343/351/1234
f 1342/351/1234 1341/347/1234 1344/351/1234
f 1344/351/1235 1341/347/1235 1345/347/1235
o Sphere001_09_-_Default_0
v -0.472778 0.134694 0.658603
v -0.492859 0.154213 0.648607
v -0.494377 0.150348 0.645809
v -0.472778 0.134694 0.658603
v -0.495033 0.145894 0.643467
v -0.472778 0.134694 0.658603
v -0.494804 0.141023 0.641672
v -0.472778 0.134694 0.658603
v -0.493696 0.135921 0.640492
v -0.472778 0.134694 0.658603
v -0.491754 0.130786 0.639973
v -0.472778 0.134694 0.658603
v -0.489052 0.125813 0.640135
v -0.472778 0.134694 0.658603
v -0.485693 0.121195 0.640971
v -0.472778 0.134694 0.658603
v -0.481807 0.117109 0.642449
v -0.472778 0.134694 0.658603
v -0.477543 0.113711 0.644513
v -0.472778 0.134694 0.658603
v -0.473065 0.111133 0.647083
v -0.472778 0.134694 0.658603
v -0.468545 0.109473 0.650060
v -0.472778 0.134694 0.658603
v -0.464156 0.108795 0.653331
v -0.472778 0.134694 0.658603
v -0.460068 0.109125 0.656769
v -0.472778 0.134694 0.658603
v -0.456437 0.110451 0.660242
v -0.472778 0.134694 0.658603
v -0.453403 0.112722 0.663616
v -0.472778 0.134694 0.658603
v -0.451083 0.115850 0.666763
v -0.472778 0.134694 0.658603
v -0.449565 0.119715 0.669561
v -0.472778 0.134694 0.658603
v -0.448909 0.124169 0.671903
v -0.472778 0.134694 0.658603
v -0.449138 0.129040 0.673698
v -0.472778 0.134694 0.658603
v -0.450245 0.134141 0.674878
v -0.472778 0.134694 0.658603
v -0.452187 0.139277 0.675397
v -0.472778 0.134694 0.658603
v -0.454890 0.144249 0.675236
v -0.472778 0.134694 0.658603
v -0.458248 0.148868 0.674399
v -0.472778 0.134694 0.658603
v -0.462134 0.152954 0.672921
v -0.472778 0.134694 0.658603
v -0.466399 0.156352 0.670857
v -0.472778 0.134694 0.658603
v -0.470877 0.158930 0.668287
v -0.472778 0.134694 0.658603
v -0.475397 0.160590 0.665310
v -0.472778 0.134694 0.658603
v -0.479786 0.161268 0.662039
v -0.472778 0.134694 0.658603
v -0.483874 0.160937 0.658601
v -0.472778 0.134694 0.658603
v -0.487505 0.159611 0.655128
v -0.472778 0.134694 0.658603
v -0.490539 0.157341 0.651754
v -0.472778 0.134694 0.658603
v -0.492859 0.154213 0.648607
v -0.472779 0.134694 -0.602532
v -0.494377 0.150347 -0.589738
v -0.492859 0.154213 -0.592536
v -0.472779 0.134694 -0.602532
v -0.495033 0.145894 -0.587396
v -0.472779 0.134694 -0.602532
v -0.494804 0.141023 -0.585601
v -0.472779 0.134694 -0.602532
v -0.493697 0.135921 -0.584421
v -0.472779 0.134694 -0.602532
v -0.491755 0.130785 -0.583902
v -0.472779 0.134694 -0.602532
v -0.489052 0.125813 -0.584064
v -0.472779 0.134694 -0.602532
v -0.485694 0.121195 -0.584899
v -0.472779 0.134694 -0.602532
v -0.481808 0.117108 -0.586378
v -0.472779 0.134694 -0.602532
v -0.477543 0.113711 -0.588442
v -0.472779 0.134694 -0.602532
v -0.473065 0.111132 -0.591012
v -0.472779 0.134694 -0.602532
v -0.468545 0.109472 -0.593989
v -0.472779 0.134694 -0.602532
v -0.464156 0.108795 -0.597260
v -0.472779 0.134694 -0.602532
v -0.460068 0.109125 -0.600698
v -0.472779 0.134694 -0.602532
v -0.456437 0.110451 -0.604171
v -0.472779 0.134694 -0.602532
v -0.453403 0.112722 -0.607545
v -0.472779 0.134694 -0.602532
v -0.451083 0.115850 -0.610692
v -0.472779 0.134694 -0.602532
v -0.449565 0.119715 -0.613490
v -0.472779 0.134694 -0.602532
v -0.448909 0.124169 -0.615832
v -0.472779 0.134694 -0.602532
v -0.449138 0.129040 -0.617627
v -0.472779 0.134694 -0.602532
v -0.450246 0.134141 -0.618807
v -0.472779 0.134694 -0.602532
v -0.452188 0.139277 -0.619326
v -0.472779 0.134694 -0.602532
v -0.454890 0.144249 -0.619164
v -0.472779 0.134694 -0.602532
v -0.458249 0.148867 -0.618328
v -0.472779 0.134694 -0.602532
v -0.462135 0.152954 -0.616850
v -0.472779 0.134694 -0.602532
v -0.466399 0.156352 -0.614786
v -0.472779 0.134694 -0.602532
v -0.470877 0.158930 -0.612216
v -0.472779 0.134694 -0.602532
v -0.475397 0.160590 -0.609239
v -0.472779 0.134694 -0.602532
v -0.479786 0.161268 -0.605968
v -0.472779 0.134694 -0.602532
v -0.483874 0.160937 -0.602530
v -0.472779 0.134694 -0.602532
v -0.487505 0.159611 -0.599057
v -0.472779 0.134694 -0.602532
v -0.490539 0.157340 -0.595683
v -0.472779 0.134694 -0.602532
v -0.492859 0.154213 -0.592536
v -0.510553 0.173656 0.637158
v -0.513530 0.166074 0.631670
v -0.514818 0.157338 0.627077
v -0.514367 0.147783 0.623555
v -0.512195 0.137776 0.621241
v -0.508386 0.127702 0.620222
v -0.503085 0.117948 0.620539
v -0.496497 0.108890 0.622179
v -0.488874 0.100874 0.625079
v -0.480510 0.094209 0.629127
v -0.471726 0.089151 0.634169
v -0.462859 0.085895 0.640009
v -0.454250 0.084565 0.646425
v -0.446231 0.085214 0.653168
v -0.439108 0.087815 0.659981
v -0.433157 0.092269 0.666601
v -0.428606 0.098405 0.672773
v -0.425629 0.105987 0.678262
v -0.424341 0.114723 0.682855
v -0.424791 0.124278 0.686376
v -0.426963 0.134285 0.688691
v -0.430772 0.144359 0.689709
v -0.436073 0.154112 0.689392
v -0.442661 0.163171 0.687752
v -0.450284 0.171187 0.684852
v -0.458649 0.177852 0.680804
v -0.467433 0.182910 0.675763
v -0.476300 0.186166 0.669922
v -0.484908 0.187495 0.663507
v -0.492928 0.186847 0.656763
v -0.500050 0.184246 0.649951
v -0.506001 0.179792 0.643331
v -0.510553 0.173656 0.637158
v -0.525179 0.192277 0.624697
v -0.529501 0.181270 0.616729
v -0.531371 0.168587 0.610061
v -0.530717 0.154715 0.604949
v -0.527564 0.140187 0.601589
v -0.522034 0.125562 0.600110
v -0.514338 0.111402 0.600570
v -0.504774 0.098250 0.602951
v -0.493707 0.086613 0.607161
v -0.481564 0.076937 0.613038
v -0.468811 0.069595 0.620357
v -0.455939 0.064867 0.628836
v -0.443441 0.062937 0.638150
v -0.431798 0.063878 0.647940
v -0.421459 0.067655 0.657830
v -0.412819 0.074121 0.667441
v -0.406211 0.083029 0.676403
v -0.401889 0.094036 0.684371
v -0.400019 0.106719 0.691039
v -0.400673 0.120591 0.696151
v -0.403826 0.135118 0.699511
v -0.409356 0.149743 0.700989
v -0.417052 0.163904 0.700529
v -0.426617 0.177055 0.698149
v -0.437683 0.188693 0.693939
v -0.449826 0.198368 0.688061
v -0.462579 0.205711 0.680742
v -0.475452 0.210438 0.672263
v -0.487949 0.212368 0.662950
v -0.499592 0.211427 0.653160
v -0.509932 0.207651 0.643269
v -0.518572 0.201184 0.633659
v -0.525179 0.192277 0.624697
v -0.527224 0.203725 0.612550
v -0.532215 0.191014 0.603349
v -0.529501 0.181270 0.616729
v -0.525179 0.192277 0.624697
v -0.532215 0.191014 0.603349
v -0.534374 0.176367 0.595649
v -0.531371 0.168587 0.610061
v -0.529501 0.181270 0.616729
v -0.534374 0.176367 0.595649
v -0.533619 0.160348 0.589745
v -0.530717 0.154715 0.604949
v -0.531371 0.168587 0.610061
v -0.533619 0.160348 0.589745
v -0.529978 0.143572 0.585865
v -0.527564 0.140187 0.601589
v -0.530717 0.154715 0.604949
v -0.529978 0.143572 0.585865
v -0.523592 0.126683 0.584158
v -0.522034 0.125562 0.600110
v -0.527564 0.140187 0.601589
v -0.523592 0.126683 0.584158
v -0.514705 0.110330 0.584689
v -0.514338 0.111402 0.600570
v -0.522034 0.125562 0.600110
v -0.514705 0.110330 0.584689
v -0.503659 0.095143 0.587438
v -0.504774 0.098250 0.602951
v -0.514338 0.111402 0.600570
v -0.503659 0.095143 0.587438
v -0.490880 0.081704 0.592300
v -0.493707 0.086613 0.607161
v -0.504774 0.098250 0.602951
v -0.490880 0.081704 0.592300
v -0.476857 0.070531 0.599087
v -0.481564 0.076937 0.613038
v -0.493707 0.086613 0.607161
v -0.476857 0.070531 0.599087
v -0.462130 0.062051 0.607539
v -0.468811 0.069595 0.620357
v -0.481564 0.076937 0.613038
v -0.462130 0.062051 0.607539
v -0.447265 0.056592 0.617330
v -0.455939 0.064867 0.628836
v -0.468811 0.069595 0.620357
v -0.447265 0.056592 0.617330
v -0.432832 0.054364 0.628086
v -0.443441 0.062937 0.638150
v -0.455939 0.064867 0.628836
v -0.432832 0.054364 0.628086
v -0.419388 0.055450 0.639391
v -0.431798 0.063878 0.647940
v -0.443441 0.062937 0.638150
v -0.419388 0.055450 0.639391
v -0.407447 0.059811 0.650813
v -0.421459 0.067655 0.657830
v -0.431798 0.063878 0.647940
v -0.407447 0.059811 0.650813
v -0.397470 0.067279 0.661911
v -0.412819 0.074121 0.667441
v -0.421459 0.067655 0.657830
v -0.397470 0.067279 0.661911
v -0.389839 0.077565 0.672260
v -0.406211 0.083029 0.676403
v -0.412819 0.074121 0.667441
v -0.389839 0.077565 0.672260
v -0.384848 0.090276 0.681461
v -0.401889 0.094036 0.684371
v -0.406211 0.083029 0.676403
v -0.384848 0.090276 0.681461
v -0.382689 0.104923 0.689162
v -0.400019 0.106719 0.691039
v -0.401889 0.094036 0.684371
v -0.382689 0.104923 0.689162
v -0.383444 0.120942 0.695065
v -0.400673 0.120591 0.696151
v -0.400019 0.106719 0.691039
v -0.383444 0.120942 0.695065
v -0.387085 0.137718 0.698946
v -0.403826 0.135118 0.699511
v -0.400673 0.120591 0.696151
v -0.387085 0.137718 0.698946
v -0.393472 0.154607 0.700653
v -0.409356 0.149743 0.700989
v -0.403826 0.135118 0.699511
v -0.393472 0.154607 0.700653
v -0.402358 0.170960 0.700121
v -0.417052 0.163904 0.700529
v -0.409356 0.149743 0.700989
v -0.402358 0.170960 0.700121
v -0.413404 0.186147 0.697372
v -0.426617 0.177055 0.698149
v -0.417052 0.163904 0.700529
v -0.413404 0.186147 0.697372
v -0.426183 0.199586 0.692511
v -0.437683 0.188693 0.693939
v -0.426617 0.177055 0.698149
v -0.426183 0.199586 0.692511
v -0.440206 0.210759 0.685723
v -0.449826 0.198368 0.688061
v -0.437683 0.188693 0.693939
v -0.440206 0.210759 0.685723
v -0.454933 0.219239 0.677272
v -0.462579 0.205711 0.680742
v -0.449826 0.198368 0.688061
v -0.454933 0.219239 0.677272
v -0.469798 0.224697 0.667480
v -0.475452 0.210438 0.672263
v -0.462579 0.205711 0.680742
v -0.469798 0.224697 0.667480
v -0.484231 0.226926 0.656725
v -0.487949 0.212368 0.662950
v -0.475452 0.210438 0.672263
v -0.484231 0.226926 0.656725
v -0.497675 0.225839 0.645419
v -0.499592 0.211427 0.653160
v -0.487949 0.212368 0.662950
v -0.497675 0.225839 0.645419
v -0.509616 0.221478 0.633997
v -0.509932 0.207651 0.643269
v -0.499592 0.211427 0.653160
v -0.509616 0.221478 0.633997
v -0.519593 0.214011 0.622899
v -0.518572 0.201184 0.633659
v -0.509932 0.207651 0.643269
v -0.519593 0.214011 0.622899
v -0.527224 0.203725 0.612550
v -0.525179 0.192277 0.624697
v -0.518572 0.201184 0.633659
v -0.513530 0.166074 -0.575599
v -0.510553 0.173656 -0.581087
v -0.514818 0.157338 -0.571005
v -0.514367 0.147783 -0.567484
v -0.512196 0.137776 -0.565170
v -0.508386 0.127702 -0.564151
v -0.503085 0.117948 -0.564468
v -0.496497 0.108889 -0.566108
v -0.488874 0.100873 -0.569008
v -0.480510 0.094209 -0.573056
v -0.471726 0.089151 -0.578098
v -0.462859 0.085895 -0.583938
v -0.454250 0.084565 -0.590353
v -0.446231 0.085214 -0.597097
v -0.439109 0.087815 -0.603910
v -0.433157 0.092269 -0.610530
v -0.428606 0.098405 -0.616702
v -0.425629 0.105986 -0.622191
v -0.424341 0.114723 -0.626784
v -0.424791 0.124278 -0.630305
v -0.426963 0.134284 -0.632620
v -0.430773 0.144358 -0.633638
v -0.436073 0.154112 -0.633321
v -0.442662 0.163171 -0.631681
v -0.450284 0.171187 -0.628781
v -0.458649 0.177852 -0.624733
v -0.467433 0.182909 -0.619692
v -0.476300 0.186166 -0.613851
v -0.484908 0.187495 -0.607436
v -0.492928 0.186847 -0.600692
v -0.500050 0.184246 -0.593880
v -0.506001 0.179791 -0.587260
v -0.510553 0.173656 -0.581087
v -0.529501 0.181269 -0.560658
v -0.525180 0.192276 -0.568626
v -0.531371 0.168586 -0.553990
v -0.530717 0.154714 -0.548878
v -0.527564 0.140187 -0.545518
v -0.522034 0.125562 -0.544039
v -0.514339 0.111402 -0.544499
v -0.504774 0.098250 -0.546880
v -0.493707 0.086613 -0.551090
v -0.481564 0.076937 -0.556967
v -0.468811 0.069594 -0.564286
v -0.455939 0.064867 -0.572765
v -0.443441 0.062937 -0.582079
v -0.431799 0.063878 -0.591869
v -0.421459 0.067655 -0.601759
v -0.412819 0.074121 -0.611370
v -0.406211 0.083029 -0.620332
v -0.401889 0.094036 -0.628299
v -0.400019 0.106719 -0.634968
v -0.400673 0.120591 -0.640080
v -0.403826 0.135118 -0.643440
v -0.409357 0.149743 -0.644918
v -0.417052 0.163903 -0.644458
v -0.426617 0.177055 -0.642078
v -0.437683 0.188692 -0.637868
v -0.449826 0.198368 -0.631990
v -0.462579 0.205711 -0.624671
v -0.475452 0.210438 -0.616192
v -0.487950 0.212368 -0.606879
v -0.499592 0.211427 -0.597089
v -0.509932 0.207650 -0.587198
v -0.518572 0.201184 -0.577588
v -0.525180 0.192276 -0.568626
v -0.527224 0.203724 -0.556479
v -0.525180 0.192276 -0.568626
v -0.529501 0.181269 -0.560658
v -0.532215 0.191014 -0.547278
v -0.532215 0.191014 -0.547278
v -0.529501 0.181269 -0.560658
v -0.531371 0.168586 -0.553990
v -0.534374 0.176367 -0.539578
v -0.534374 0.176367 -0.539578
v -0.531371 0.168586 -0.553990
v -0.530717 0.154714 -0.548878
v -0.533619 0.160348 -0.533674
v -0.533619 0.160348 -0.533674
v -0.530717 0.154714 -0.548878
v -0.527564 0.140187 -0.545518
v -0.529978 0.143571 -0.529794
v -0.529978 0.143571 -0.529794
v -0.527564 0.140187 -0.545518
v -0.522034 0.125562 -0.544039
v -0.523592 0.126682 -0.528087
v -0.523592 0.126682 -0.528087
v -0.522034 0.125562 -0.544039
v -0.514339 0.111402 -0.544499
v -0.514705 0.110330 -0.528618
v -0.514705 0.110330 -0.528618
v -0.514339 0.111402 -0.544499
v -0.504774 0.098250 -0.546880
v -0.503659 0.095143 -0.531367
v -0.503659 0.095143 -0.531367
v -0.504774 0.098250 -0.546880
v -0.493707 0.086613 -0.551090
v -0.490880 0.081704 -0.536229
v -0.490880 0.081704 -0.536229
v -0.493707 0.086613 -0.551090
v -0.481564 0.076937 -0.556967
v -0.476857 0.070530 -0.543016
v -0.476857 0.070530 -0.543016
v -0.481564 0.076937 -0.556967
v -0.468811 0.069594 -0.564286
v -0.462130 0.062051 -0.551468
v -0.462130 0.062051 -0.551468
v -0.468811 0.069594 -0.564286
v -0.455939 0.064867 -0.572765
v -0.447265 0.056592 -0.561259
v -0.447265 0.056592 -0.561259
v -0.455939 0.064867 -0.572765
v -0.443441 0.062937 -0.582079
v -0.432832 0.054363 -0.572015
v -0.432832 0.054363 -0.572015
v -0.443441 0.062937 -0.582079
v -0.431799 0.063878 -0.591869
v -0.419388 0.055450 -0.583320
v -0.419388 0.055450 -0.583320
v -0.431799 0.063878 -0.591869
v -0.421459 0.067655 -0.601759
v -0.407447 0.059811 -0.594742
v -0.407447 0.059811 -0.594742
v -0.421459 0.067655 -0.601759
v -0.412819 0.074121 -0.611370
v -0.397470 0.067278 -0.605840
v -0.397470 0.067278 -0.605840
v -0.412819 0.074121 -0.611370
v -0.406211 0.083029 -0.620332
v -0.389839 0.077565 -0.616189
v -0.389839 0.077565 -0.616189
v -0.406211 0.083029 -0.620332
v -0.401889 0.094036 -0.628299
v -0.384848 0.090276 -0.625390
v -0.384848 0.090276 -0.625390
v -0.401889 0.094036 -0.628299
v -0.400019 0.106719 -0.634968
v -0.382689 0.104922 -0.633091
v -0.382689 0.104922 -0.633091
v -0.400019 0.106719 -0.634968
v -0.400673 0.120591 -0.640080
v -0.383444 0.120942 -0.638994
v -0.383444 0.120942 -0.638994
v -0.400673 0.120591 -0.640080
v -0.403826 0.135118 -0.643440
v -0.387085 0.137718 -0.642874
v -0.387085 0.137718 -0.642874
v -0.403826 0.135118 -0.643440
v -0.409357 0.149743 -0.644918
v -0.393472 0.154607 -0.644582
v -0.393472 0.154607 -0.644582
v -0.409357 0.149743 -0.644918
v -0.417052 0.163903 -0.644458
v -0.402358 0.170959 -0.644050
v -0.402358 0.170959 -0.644050
v -0.417052 0.163903 -0.644458
v -0.426617 0.177055 -0.642078
v -0.413404 0.186147 -0.641301
v -0.413404 0.186147 -0.641301
v -0.426617 0.177055 -0.642078
v -0.437683 0.188692 -0.637868
v -0.426184 0.199585 -0.636440
v -0.426184 0.199585 -0.636440
v -0.437683 0.188692 -0.637868
v -0.449826 0.198368 -0.631990
v -0.440206 0.210759 -0.629652
v -0.440206 0.210759 -0.629652
v -0.449826 0.198368 -0.631990
v -0.462579 0.205711 -0.624671
v -0.454933 0.219238 -0.621201
v -0.454933 0.219238 -0.621201
v -0.462579 0.205711 -0.624671
v -0.475452 0.210438 -0.616192
v -0.469799 0.224697 -0.611409
v -0.469799 0.224697 -0.611409
v -0.475452 0.210438 -0.616192
v -0.487950 0.212368 -0.606879
v -0.484231 0.226926 -0.600654
v -0.484231 0.226926 -0.600654
v -0.487950 0.212368 -0.606879
v -0.499592 0.211427 -0.597089
v -0.497676 0.225839 -0.589348
v -0.497676 0.225839 -0.589348
v -0.499592 0.211427 -0.597089
v -0.509932 0.207650 -0.587198
v -0.509616 0.221478 -0.577926
v -0.509616 0.221478 -0.577926
v -0.509932 0.207650 -0.587198
v -0.518572 0.201184 -0.577588
v -0.519593 0.214011 -0.566828
v -0.519593 0.214011 -0.566828
v -0.518572 0.201184 -0.577588
v -0.525180 0.192276 -0.568626
v -0.527224 0.203724 -0.556479
vn -0.5993 -0.3015 0.7416
vn -0.6599 -0.2424 0.7111
vn -0.6666 -0.2581 0.6993
vn -0.6704 -0.2753 0.6890
vn -0.6712 -0.2935 0.6807
vn -0.6690 -0.3117 0.6747
vn -0.6641 -0.3293 0.6712
vn -0.6568 -0.3457 0.6702
vn -0.6472 -0.3602 0.6718
vn -0.6359 -0.3725 0.6759
vn -0.6232 -0.3821 0.6824
vn -0.6095 -0.3887 0.6910
vn -0.5953 -0.3920 0.7014
vn -0.5811 -0.3919 0.7133
vn -0.5674 -0.3883 0.7262
vn -0.5547 -0.3812 0.7396
vn -0.5436 -0.3709 0.7530
vn -0.5345 -0.3577 0.7658
vn -0.5278 -0.3421 0.7774
vn -0.5239 -0.3250 0.7874
vn -0.5227 -0.3069 0.7953
vn -0.5244 -0.2887 0.8010
vn -0.5289 -0.2710 0.8043
vn -0.5358 -0.2545 0.8051
vn -0.5451 -0.2398 0.8034
vn -0.5562 -0.2273 0.7993
vn -0.5689 -0.2176 0.7931
vn -0.5828 -0.2109 0.7848
vn -0.5973 -0.2075 0.7747
vn -0.6119 -0.2076 0.7632
vn -0.6261 -0.2113 0.7506
vn -0.6392 -0.2185 0.7374
vn -0.6507 -0.2290 0.7240
vn -0.6599 -0.2424 0.7112
vn -0.5993 -0.3015 -0.7416
vn -0.6666 -0.2581 -0.6993
vn -0.6599 -0.2424 -0.7111
vn -0.6704 -0.2753 -0.6890
vn -0.6712 -0.2935 -0.6807
vn -0.6690 -0.3117 -0.6747
vn -0.6641 -0.3293 -0.6712
vn -0.6568 -0.3457 -0.6702
vn -0.6472 -0.3602 -0.6718
vn -0.6359 -0.3725 -0.6759
vn -0.6232 -0.3821 -0.6824
vn -0.6095 -0.3887 -0.6910
vn -0.5953 -0.3920 -0.7014
vn -0.5811 -0.3919 -0.7133
vn -0.5674 -0.3883 -0.7262
vn -0.5547 -0.3812 -0.7396
vn -0.5436 -0.3709 -0.7530
vn -0.5345 -0.3577 -0.7658
vn -0.5278 -0.3421 -0.7774
vn -0.5239 -0.3250 -0.7874
vn -0.5227 -0.3069 -0.7953
vn -0.5244 -0.2887 -0.8010
vn -0.5289 -0.2710 -0.8043
vn -0.5358 -0.2545 -0.8051
vn -0.5451 -0.2398 -0.8034
vn -0.5562 -0.2273 -0.7993
vn -0.5689 -0.2176 -0.7931
vn -0.5828 -0.2109 -0.7848
vn -0.5973 -0.2075 -0.7747
vn -0.6119 -0.2076 -0.7632
vn -0.6261 -0.2113 -0.7506
vn -0.6392 -0.2185 -0.7374
vn -0.6507 -0.2290 -0.7240
vn -0.6599 -0.2424 -0.7112
vn -0.7174 -0.1786 0.6733
vn -0.7309 -0.2103 0.6493
vn -0.7383 -0.2452 0.6283
vn -0.7397 -0.2819 0.6111
vn -0.7350 -0.3187 0.5985
vn -0.7248 -0.3543 0.5910
vn -0.7094 -0.3874 0.5887
vn -0.6898 -0.4169 0.5919
vn -0.6667 -0.4417 0.6004
vn -0.6409 -0.4612 0.6137
vn -0.6133 -0.4745 0.6315
vn -0.5848 -0.4812 0.6530
vn -0.5565 -0.4809 0.6775
vn -0.5293 -0.4736 0.7040
vn -0.5041 -0.4593 0.7314
vn -0.4820 -0.4386 0.7585
vn -0.4639 -0.4121 0.7842
vn -0.4504 -0.3809 0.8075
vn -0.4421 -0.3464 0.8274
vn -0.4395 -0.3099 0.8431
vn -0.4424 -0.2730 0.8542
vn -0.4509 -0.2371 0.8605
vn -0.4645 -0.2035 0.8618
vn -0.4829 -0.1734 0.8583
vn -0.5055 -0.1480 0.8501
vn -0.5313 -0.1280 0.8374
vn -0.5596 -0.1144 0.8208
vn -0.5893 -0.1075 0.8007
vn -0.6193 -0.1079 0.7777
vn -0.6484 -0.1155 0.7525
vn -0.6752 -0.1302 0.7260
vn -0.6986 -0.1515 0.6993
vn -0.7432 -0.1470 0.6527
vn -0.7596 -0.1854 0.6234
vn -0.7689 -0.2279 0.5974
vn -0.7708 -0.2727 0.5757
vn -0.7653 -0.3184 0.5594
vn -0.7526 -0.3630 0.5494
vn -0.7334 -0.4050 0.5460
vn -0.7084 -0.4425 0.5498
vn -0.6789 -0.4743 0.5606
vn -0.6459 -0.4989 0.5778
vn -0.6110 -0.5154 0.6009
vn -0.5753 -0.5233 0.6286
vn -0.5403 -0.5224 0.6597
vn -0.5070 -0.5127 0.6928
vn -0.4767 -0.4948 0.7266
vn -0.4502 -0.4693 0.7597
vn -0.4283 -0.4372 0.7908
vn -0.4119 -0.3996 0.8190
vn -0.4014 -0.3577 0.8431
vn -0.3974 -0.3131 0.8626
vn -0.4003 -0.2673 0.8765
vn -0.4101 -0.2222 0.8846
vn -0.4266 -0.1795 0.8864
vn -0.4495 -0.1410 0.8821
vn -0.4780 -0.1083 0.8716
vn -0.5110 -0.0829 0.8556
vn -0.5472 -0.0657 0.8344
vn -0.5850 -0.0576 0.8090
vn -0.6228 -0.0587 0.7802
vn -0.6589 -0.0688 0.7491
vn -0.6919 -0.0875 0.7167
vn -0.7203 -0.1139 0.6842
vn -0.9414 0.1515 0.3013
vn -0.9754 0.0288 0.2188
vn -0.9834 -0.1017 0.1500
vn -0.9675 -0.2327 0.0984
vn -0.9311 -0.3587 0.0657
vn -0.8781 -0.4755 0.0523
vn -0.8123 -0.5803 0.0579
vn -0.7368 -0.6712 0.0815
vn -0.6540 -0.7466 0.1222
vn -0.5659 -0.8049 0.1787
vn -0.4744 -0.8442 0.2495
vn -0.3812 -0.8625 0.3329
vn -0.3813 -0.8625 0.3329
vn -0.2889 -0.8574 0.4259
vn -0.2001 -0.8272 0.5250
vn -0.1185 -0.7712 0.6254
vn -0.0478 -0.6906 0.7217
vn 0.0082 -0.5885 0.8085
vn 0.0467 -0.4702 0.8813
vn 0.0660 -0.3423 0.9373
vn 0.0658 -0.2113 0.9752
vn 0.0465 -0.0830 0.9955
vn 0.0096 0.0377 0.9992
vn -0.0433 0.1474 0.9881
vn -0.1108 0.2433 0.9636
vn -0.1911 0.3232 0.9268
vn -0.2825 0.3851 0.8786
vn -0.3830 0.4267 0.8193
vn -0.4897 0.4456 0.7494
vn -0.5987 0.4393 0.6697
vn -0.7047 0.4061 0.5817
vn -0.7048 0.4061 0.5817
vn -0.8015 0.3455 0.4880
vn -0.8015 0.3455 0.4881
vn -0.8823 0.2593 0.3929
vn -0.7309 -0.2103 -0.6493
vn -0.7174 -0.1786 -0.6733
vn -0.7383 -0.2452 -0.6283
vn -0.7397 -0.2819 -0.6111
vn -0.7350 -0.3187 -0.5985
vn -0.7248 -0.3543 -0.5910
vn -0.7094 -0.3874 -0.5887
vn -0.6898 -0.4169 -0.5919
vn -0.6667 -0.4417 -0.6004
vn -0.6409 -0.4612 -0.6137
vn -0.6133 -0.4745 -0.6315
vn -0.5848 -0.4812 -0.6530
vn -0.5565 -0.4809 -0.6775
vn -0.5293 -0.4736 -0.7040
vn -0.5041 -0.4593 -0.7314
vn -0.4820 -0.4386 -0.7585
vn -0.4639 -0.4121 -0.7842
vn -0.4504 -0.3809 -0.8075
vn -0.4421 -0.3464 -0.8274
vn -0.4395 -0.3099 -0.8431
vn -0.4424 -0.2730 -0.8542
vn -0.4509 -0.2371 -0.8605
vn -0.4645 -0.2035 -0.8618
vn -0.4829 -0.1734 -0.8583
vn -0.5055 -0.1480 -0.8501
vn -0.5313 -0.1280 -0.8374
vn -0.5596 -0.1144 -0.8208
vn -0.5893 -0.1076 -0.8007
vn -0.6193 -0.1079 -0.7777
vn -0.6484 -0.1155 -0.7525
vn -0.6752 -0.1302 -0.7260
vn -0.6986 -0.1515 -0.6993
vn -0.7596 -0.1854 -0.6234
vn -0.7432 -0.1470 -0.6527
vn -0.7689 -0.2279 -0.5974
vn -0.7708 -0.2727 -0.5757
vn -0.7653 -0.3184 -0.5594
vn -0.7526 -0.3630 -0.5494
vn -0.7334 -0.4050 -0.5460
vn -0.7084 -0.4425 -0.5498
vn -0.6789 -0.4743 -0.5606
vn -0.6459 -0.4989 -0.5778
vn -0.6110 -0.5154 -0.6009
vn -0.5753 -0.5233 -0.6286
vn -0.5403 -0.5224 -0.6597
vn -0.5070 -0.5127 -0.6928
vn -0.4767 -0.4948 -0.7266
vn -0.4502 -0.4693 -0.7597
vn -0.4283 -0.4372 -0.7908
vn -0.4119 -0.3996 -0.8190
vn -0.4014 -0.3577 -0.8431
vn -0.3974 -0.3131 -0.8626
vn -0.4003 -0.2673 -0.8765
vn -0.4101 -0.2222 -0.8846
vn -0.4266 -0.1795 -0.8864
vn -0.4495 -0.1410 -0.8821
vn -0.4780 -0.1083 -0.8716
vn -0.5110 -0.0829 -0.8556
vn -0.5472 -0.0657 -0.8344
vn -0.5850 -0.0576 -0.8090
vn -0.6228 -0.0587 -0.7802
vn -0.6589 -0.0688 -0.7491
vn -0.6919 -0.0875 -0.7167
vn -0.7203 -0.1139 -0.6842
vn -0.9414 0.1515 -0.3013
vn -0.9754 0.0288 -0.2188
vn -0.9834 -0.1017 -0.1500
vn -0.9675 -0.2327 -0.0984
vn -0.9311 -0.3587 -0.0657
vn -0.8781 -0.4755 -0.0523
vn -0.8123 -0.5803 -0.0579
vn -0.7368 -0.6712 -0.0815
vn -0.6540 -0.7466 -0.1222
vn -0.5659 -0.8049 -0.1787
vn -0.4744 -0.8442 -0.2495
vn -0.3813 -0.8625 -0.3329
vn -0.3812 -0.8625 -0.3329
vn -0.2889 -0.8574 -0.4259
vn -0.2001 -0.8272 -0.5250
vn -0.1185 -0.7712 -0.6254
vn -0.0478 -0.6906 -0.7217
vn 0.0082 -0.5885 -0.8085
vn 0.0467 -0.4702 -0.8813
vn 0.0660 -0.3423 -0.9373
vn 0.0658 -0.2113 -0.9752
vn 0.0465 -0.0830 -0.9955
vn 0.0096 0.0377 -0.9992
vn -0.0433 0.1474 -0.9881
vn -0.1108 0.2433 -0.9636
vn -0.1911 0.3232 -0.9268
vn -0.2825 0.3851 -0.8786
vn -0.3830 0.4267 -0.8193
vn -0.4897 0.4456 -0.7494
vn -0.5987 0.4393 -0.6697
vn -0.7048 0.4061 -0.5817
vn -0.7047 0.4061 -0.5817
vn -0.8015 0.3455 -0.4881
vn -0.8015 0.3455 -0.4880
vn -0.8823 0.2593 -0.3929
vt 0.000000 0.000000
vt 0.000000 0.062500
vt 0.031250 0.062500
vt 0.031250 0.000000
vt 0.062500 0.062500
vt 0.062500 0.000000
vt 0.093750 0.062500
vt 0.093750 0.000000
vt 0.125000 0.062500
vt 0.125000 0.000000
vt 0.156250 0.062500
vt 0.156250 0.000000
vt 0.187500 0.062500
vt 0.187500 0.000000
vt 0.218750 0.062500
vt 0.218750 0.000000
vt 0.250000 0.062500
vt 0.250000 0.000000
vt 0.281250 0.062500
vt 0.281250 0.000000
vt 0.312500 0.062500
vt 0.312500 0.000000
vt 0.343750 0.062500
vt 0.343750 0.000000
vt 0.375000 0.062500
vt 0.375000 0.000000
vt 0.406250 0.062500
vt 0.406250 0.000000
vt 0.437500 0.062500
vt 0.437500 0.000000
vt 0.468750 0.062500
vt 0.468750 0.000000
vt 0.500000 0.062500
vt 0.500000 0.000000
vt 0.531250 0.062500
vt 0.531250 0.000000
vt 0.562500 0.062500
vt 0.562500 0.000000
vt 0.593750 0.062500
vt 0.593750 0.000000
vt 0.625000 0.062500
vt 0.625000 0.000000
vt 0.656250 0.062500
vt 0.656250 0.000000
vt 0.687500 0.062500
vt 0.687500 0.000000
vt 0.718750 0.062500
vt 0.718750 0.000000
vt 0.750000 0.062500
vt 0.750000 0.000000
vt 0.781250 0.062500
vt 0.781250 0.000000
vt 0.812500 0.062500
vt 0.812500 0.000000
vt 0.843750 0.062500
vt 0.843750 0.000000
vt 0.875000 0.062500
vt 0.875000 0.000000
vt 0.906250 0.062500
vt 0.906250 0.000000
vt 0.937500 0.062500
vt 0.937500 0.000000
vt 0.968750 0.062500
vt 0.968750 0.000000
vt 1.000000 0.062500
vt 0.000000 0.125000
vt 0.031250 0.125000
vt 0.062500 0.125000
vt 0.093750 0.125000
vt 0.125000 0.125000
vt 0.156250 0.125000
vt 0.187500 0.125000
vt 0.218750 0.125000
vt 0.250000 0.125000
vt 0.281250 0.125000
vt 0.312500 0.125000
vt 0.343750 0.125000
vt 0.375000 0.125000
vt 0.406250 0.125000
vt 0.437500 0.125000
vt 0.468750 0.125000
vt 0.500000 0.125000
vt 0.531250 0.125000
vt 0.562500 0.125000
vt 0.593750 0.125000
vt 0.625000 0.125000
vt 0.656250 0.125000
vt 0.687500 0.125000
vt 0.718750 0.125000
vt 0.750000 0.125000
vt 0.781250 0.125000
vt 0.812500 0.125000
vt 0.843750 0.125000
vt 0.875000 0.125000
vt 0.906250 0.125000
vt 0.937500 0.125000
vt 0.968750 0.125000
vt 1.000000 0.125000
vt 0.000000 0.187500
vt 0.031250 0.187500
vt 0.062500 0.187500
vt 0.093750 0.187500
vt 0.125000 0.187500
vt 0.156250 0.187500
vt 0.187500 0.187500
vt 0.218750 0.187500
vt 0.250000 0.187500
vt 0.281250 0.187500
vt 0.312500 0.187500
vt 0.343750 0.187500
vt 0.375000 0.187500
vt 0.406250 0.187500
vt 0.437500 0.187500
vt 0.468750 0.187500
vt 0.500000 0.187500
vt 0.531250 0.187500
vt 0.562500 0.187500
vt 0.593750 0.187500
vt 0.625000 0.187500
vt 0.656250 0.187500
vt 0.687500 0.187500
vt 0.718750 0.187500
vt 0.750000 0.187500
vt 0.781250 0.187500
vt 0.812500 0.187500
vt 0.843750 0.187500
vt 0.875000 0.187500
vt 0.906250 0.187500
vt 0.937500 0.187500
vt 0.968750 0.187500
vt 1.000000 0.187500
s 1
usemtl 09_-_Default
f 1346/517/1236 1347/518/1237 1348/519/1238
f 1349/520/1236 1348/519/1238 1350/521/1239
f 1351/522/1236 1350/521/1239 1352/523/1240
f 1353/524/1236 1352/523/1240 1354/525/1241
f 1355/526/1236 1354/525/1241 1356/527/1242
f 1357/528/1236 1356/527/1242 1358/529/1243
f 1359/530/1236 1358/529/1243 1360/531/1244
f 1361/532/1236 1360/531/1244 1362/533/1245
f 1363/534/1236 1362/533/1245 1364/535/1246
f 1365/536/1236 1364/535/1246 1366/537/1247
f 1367/538/1236 1366/537/1247 1368/539/1248
f 1369/540/1236 1368/539/1248 1370/541/1249
f 1371/542/1236 1370/541/1249 1372/543/1250
f 1373/544/1236 1372/543/1250 1374/545/1251
f 1375/546/1236 1374/545/1251 1376/547/1252
f 1377/548/1236 1376/547/1252 1378/549/1253
f 1379/550/1236 1378/549/1253 1380/551/1254
f 1381/552/1236 1380/551/1254 1382/553/1255
f 1383/554/1236 1382/553/1255 1384/555/1256
f 1385/556/1236 1384/555/1256 1386/557/1257
f 1387/558/1236 1386/557/1257 1388/559/1258
f 1389/560/1236 1388/559/1258 1390/561/1259
f 1391/562/1236 1390/561/1259 1392/563/1260
f 1393/564/1236 1392/563/1260 1394/565/1261
f 1395/566/1236 1394/565/1261 1396/567/1262
f 1397/568/1236 1396/567/1262 1398/569/1263
f 1399/570/1236 1398/569/1263 1400/571/1264
f 1401/572/1236 1400/571/1264 1402/573/1265
f 1403/574/1236 1402/573/1265 1404/575/1266
f 1405/576/1236 1404/575/1266 1406/577/1267
f 1407/578/1236 1406/577/1267 1408/579/1268
f 1409/580/1236 1408/579/1268 1410/581/1269
f 1411/517/1270 1412/519/1271 1413/518/1272
f 1414/520/1270 1415/521/1273 1412/519/1271
f 1416/522/1270 1417/523/1274 1415/521/1273
f 1418/524/1270 1419/525/1275 1417/523/1274
f 1420/526/1270 1421/527/1276 1419/525/1275
f 1422/528/1270 1423/529/1277 1421/527/1276
f 1424/530/1270 1425/531/1278 1423/529/1277
f 1426/532/1270 1427/533/1279 1425/531/1278
f 1428/534/1270 1429/535/1280 1427/533/1279
f 1430/536/1270 1431/537/1281 1429/535/1280
f 1432/538/1270 1433/539/1282 1431/537/1281
f 1434/540/1270 1435/541/1283 1433/539/1282
f 1436/542/1270 1437/543/1284 1435/541/1283
f 1438/544/1270 1439/545/1285 1437/543/1284
f 1440/546/1270 1441/547/1286 1439/545/1285
f 1442/548/1270 1443/549/1287 1441/547/1286
f 1444/550/1270 1445/551/1288 1443/549/1287
f 1446/552/1270 1447/553/1289 1445/551/1288
f 1448/554/1270 1449/555/1290 1447/553/1289
f 1450/556/1270 1451/557/1291 1449/555/1290
f 1452/558/1270 1453/559/1292 1451/557/1291
f 1454/560/1270 1455/561/1293 1453/559/1292
f 1456/562/1270 1457/563/1294 1455/561/1293
f 1458/564/1270 1459/565/1295 1457/563/1294
f 1460/566/1270 1461/567/1296 1459/565/1295
f 1462/568/1270 1463/569/1297 1461/567/1296
f 1464/570/1270 1465/571/1298 1463/569/1297
f 1466/572/1270 1467/573/1299 1465/571/1298
f 1468/574/1270 1469/575/1300 1467/573/1299
f 1470/576/1270 1471/577/1301 1469/575/1300
f 1472/578/1270 1473/579/1302 1471/577/1301
f 1474/580/1270 1475/581/1303 1473/579/1302
f 1347/518/1237 1476/582/1304 1477/583/1305
f 1347/518/1237 1477/583/1305 1348/519/1238
f 1348/519/1238 1477/583/1305 1478/584/1306
f 1348/519/1238 1478/584/1306 1350/521/1239
f 1350/521/1239 1478/584/1306 1479/585/1307
f 1350/521/1239 1479/585/1307 1352/523/1240
f 1352/523/1240 1479/585/1307 1480/586/1308
f 1352/523/1240 1480/586/1308 1354/525/1241
f 1354/525/1241 1480/586/1308 1481/587/1309
f 1354/525/1241 1481/587/1309 1356/527/1242
f 1356/527/1242 1481/587/1309 1482/588/1310
f 1356/527/1242 1482/588/1310 1358/529/1243
f 1358/529/1243 1482/588/1310 1483/589/1311
f 1358/529/1243 1483/589/1311 1360/531/1244
f 1360/531/1244 1483/589/1311 1484/590/1312
f 1360/531/1244 1484/590/1312 1362/533/1245
f 1362/533/1245 1484/590/1312 1485/591/1313
f 1362/533/1245 1485/591/1313 1364/535/1246
f 1364/535/1246 1485/591/1313 1486/592/1314
f 1364/535/1246 1486/592/1314 1366/537/1247
f 1366/537/1247 1486/592/1314 1487/593/1315
f 1366/537/1247 1487/593/1315 1368/539/1248
f 1368/539/1248 1487/593/1315 1488/594/1316
f 1368/539/1248 1488/594/1316 1370/541/1249
f 1370/541/1249 1488/594/1316 1489/595/1317
f 1370/541/1249 1489/595/1317 1372/543/1250
f 1372/543/1250 1489/595/1317 1490/596/1318
f 1372/543/1250 1490/596/1318 1374/545/1251
f 1374/545/1251 1490/596/1318 1491/597/1319
f 1374/545/1251 1491/597/1319 1376/547/1252
f 1376/547/1252 1491/597/1319 1492/598/1320
f 1376/547/1252 1492/598/1320 1378/549/1253
f 1378/549/1253 1492/598/1320 1493/599/1321
f 1378/549/1253 1493/599/1321 1380/551/1254
f 1380/551/1254 1493/599/1321 1494/600/1322
f 1380/551/1254 1494/600/1322 1382/553/1255
f 1382/553/1255 1494/600/1322 1495/601/1323
f 1382/553/1255 1495/601/1323 1384/555/1256
f 1384/555/1256 1495/601/1323 1496/602/1324
f 1384/555/1256 1496/602/1324 1386/557/1257
f 1386/557/1257 1496/602/1324 1497/603/1325
f 1386/557/1257 1497/603/1325 1388/559/1258
f 1388/559/1258 1497/603/1325 1498/604/1326
f 1388/559/1258 1498/604/1326 1390/561/1259
f 1390/561/1259 1498/604/1326 1499/605/1327
f 1390/561/1259 1499/605/1327 1392/563/1260
f 1392/563/1260 1499/605/1327 1500/606/1328
f 1392/563/1260 1500/606/1328 1394/565/1261
f 1394/565/1261 1500/606/1328 1501/607/1329
f 1394/565/1261 1501/607/1329 1396/567/1262
f 1396/567/1262 1501/607/1329 1502/608/1330
f 1396/567/1262 1502/608/1330 1398/569/1263
f 1398/569/1263 1502/608/1330 1503/609/1331
f 1398/569/1263 1503/609/1331 1400/571/1264
f 1400/571/1264 1503/609/1331 1504/610/1332
f 1400/571/1264 1504/610/1332 1402/573/1265
f 1402/573/1265 1504/610/1332 1505/611/1333
f 1402/573/1265 1505/611/1333 1404/575/1266
f 1404/575/1266 1505/611/1333 1506/612/1334
f 1404/575/1266 1506/612/1334 1406/577/1267
f 1406/577/1267 1506/612/1334 1507/613/1335
f 1406/577/1267 1507/613/1335 1408/579/1268
f 1408/579/1268 1507/613/1335 1508/614/1304
f 1408/579/1268 1508/614/1304 1410/581/1269
f 1476/582/1304 1509/615/1336 1510/616/1337
f 1476/582/1304 1510/616/1337 1477/583/1305
f 1477/583/1305 1510/616/1337 1511/617/1338
f 1477/583/1305 1511/617/1338 1478/584/1306
f 1478/584/1306 1511/617/1338 1512/618/1339
f 1478/584/1306 1512/618/1339 1479/585/1307
f 1479/585/1307 1512/618/1339 1513/619/1340
f 1479/585/1307 1513/619/1340 1480/586/1308
f 1480/586/1308 1513/619/1340 1514/620/1341
f 1480/586/1308 1514/620/1341 1481/587/1309
f 1481/587/1309 1514/620/1341 1515/621/1342
f 1481/587/1309 1515/621/1342 1482/588/1310
f 1482/588/1310 1515/621/1342 1516/622/1343
f 1482/588/1310 1516/622/1343 1483/589/1311
f 1483/589/1311 1516/622/1343 1517/623/1344
f 1483/589/1311 1517/623/1344 1484/590/1312
f 1484/590/1312 1517/623/1344 1518/624/1345
f 1484/590/1312 1518/624/1345 1485/591/1313
f 1485/591/1313 1518/624/1345 1519/625/1346
f 1485/591/1313 1519/625/1346 1486/592/1314
f 1486/592/1314 1519/625/1346 1520/626/1347
f 1486/592/1314 1520/626/1347 1487/593/1315
f 1487/593/1315 1520/626/1347 1521/627/1348
f 1487/593/1315 1521/627/1348 1488/594/1316
f 1488/594/1316 1521/627/1348 1522/628/1349
f 1488/594/1316 1522/628/1349 1489/595/1317
f 1489/595/1317 1522/628/1349 1523/629/1350
f 1489/595/1317 1523/629/1350 1490/596/1318
f 1490/596/1318 1523/629/1350 1524/630/1351
f 1490/596/1318 1524/630/1351 1491/597/1319
f 1491/597/1319 1524/630/1351 1525/631/1352
f 1491/597/1319 1525/631/1352 1492/598/1320
f 1492/598/1320 1525/631/1352 1526/632/1353
f 1492/598/1320 1526/632/1353 1493/599/1321
f 1493/599/1321 1526/632/1353 1527/633/1354
f 1493/599/1321 1527/633/1354 1494/600/1322
f 1494/600/1322 1527/633/1354 1528/634/1355
f 1494/600/1322 1528/634/1355 1495/601/1323
f 1495/601/1323 1528/634/1355 1529/635/1356
f 1495/601/1323 1529/635/1356 1496/602/1324
f 1496/602/1324 1529/635/1356 1530/636/1357
f 1496/602/1324 1530/636/1357 1497/603/1325
f 1497/603/1325 1530/636/1357 1531/637/1358
f 1497/603/1325 1531/637/1358 1498/604/1326
f 1498/604/1326 1531/637/1358 1532/638/1359
f 1498/604/1326 1532/638/1359 1499/605/1327
f 1499/605/1327 1532/638/1359 1533/639/1360
f 1499/605/1327 1533/639/1360 1500/606/1328
f 1500/606/1328 1533/639/1360 1534/640/1361
f 1500/606/1328 1534/640/1361 1501/607/1329
f 1501/607/1329 1534/640/1361 1535/641/1362
f 1501/607/1329 1535/641/1362 1502/608/1330
f 1502/608/1330 1535/641/1362 1536/642/1363
f 1502/608/1330 1536/642/1363 1503/609/1331
f 1503/609/1331 1536/642/1363 1537/643/1364
f 1503/609/1331 1537/643/1364 1504/610/1332
f 1504/610/1332 1537/643/1364 1538/644/1365
f 1504/610/1332 1538/644/1365 1505/611/1333
f 1505/611/1333 1538/644/1365 1539/645/1366
f 1505/611/1333 1539/645/1366 1506/612/1334
f 1506/612/1334 1539/645/1366 1540/646/1367
f 1506/612/1334 1540/646/1367 1507/613/1335
f 1507/613/1335 1540/646/1367 1541/647/1336
f 1507/613/1335 1541/647/1336 1508/614/1304
s 0
f 1542/615/1368 1543/616/1368 1544/616/1368
f 1542/615/1368 1544/616/1368 1545/615/1368
f 1546/616/1369 1547/617/1369 1548/617/1369
f 1546/616/1369 1548/617/1369 1549/616/1369
f 1550/617/1370 1551/618/1370 1552/618/1370
f 1550/617/1370 1552/618/1370 1553/617/1370
f 1554/618/1371 1555/619/1371 1556/619/1371
f 1554/618/1371 1556/619/1371 1557/618/1371
f 1558/619/1372 1559/620/1372 1560/620/1372
f 1558/619/1372 1560/620/1372 1561/619/1372
f 1562/620/1373 1563/621/1373 1564/621/1373
f 1562/620/1373 1564/621/1373 1565/620/1373
f 1566/621/1374 1567/622/1374 1568/622/1374
f 1566/621/1374 1568/622/1374 1569/621/1374
f 1570/622/1375 1571/623/1375 1572/623/1375
f 1570/622/1375 1572/623/1375 1573/622/1375
f 1574/623/1376 1575/624/1376 1576/624/1376
f 1574/623/1376 1576/624/1376 1577/623/1376
f 1578/624/1377 1579/625/1377 1580/625/1377
f 1578/624/1377 1580/625/1377 1581/624/1377
f 1582/625/1378 1583/626/1378 1584/626/1378
f 1582/625/1378 1584/626/1378 1585/625/1378
f 1586/626/1379 1587/627/1379 1588/627/1379
f 1586/626/1380 1588/627/1380 1589/626/1380
f 1590/627/1381 1591/628/1381 1592/628/1381
f 1590/627/1381 1592/628/1381 1593/627/1381
f 1594/628/1382 1595/629/1382 1596/629/1382
f 1594/628/1382 1596/629/1382 1597/628/1382
f 1598/629/1383 1599/630/1383 1600/630/1383
f 1598/629/1383 1600/630/1383 1601/629/1383
f 1602/630/1384 1603/631/1384 1604/631/1384
f 1602/630/1384 1604/631/1384 1605/630/1384
f 1606/631/1385 1607/632/1385 1608/632/1385
f 1606/631/1385 1608/632/1385 1609/631/1385
f 1610/632/1386 1611/633/1386 1612/633/1386
f 1610/632/1386 1612/633/1386 1613/632/1386
f 1614/633/1387 1615/634/1387 1616/634/1387
f 1614/633/1387 1616/634/1387 1617/633/1387
f 1618/634/1388 1619/635/1388 1620/635/1388
f 1618/634/1388 1620/635/1388 1621/634/1388
f 1622/635/1389 1623/636/1389 1624/636/1389
f 1622/635/1389 1624/636/1389 1625/635/1389
f 1626/636/1390 1627/637/1390 1628/637/1390
f 1626/636/1390 1628/637/1390 1629/636/1390
f 1630/637/1391 1631/638/1391 1632/638/1391
f 1630/637/1391 1632/638/1391 1633/637/1391
f 1634/638/1392 1635/639/1392 1636/639/1392
f 1634/638/1392 1636/639/1392 1637/638/1392
f 1638/639/1393 1639/640/1393 1640/640/1393
f 1638/639/1393 1640/640/1393 1641/639/1393
f 1642/640/1394 1643/641/1394 1644/641/1394
f 1642/640/1394 1644/641/1394 1645/640/1394
f 1646/641/1395 1647/642/1395 1648/642/1395
f 1646/641/1395 1648/642/1395 1649/641/1395
f 1650/642/1396 1651/643/1396 1652/643/1396
f 1650/642/1396 1652/643/1396 1653/642/1396
f 1654/643/1397 1655/644/1397 1656/644/1397
f 1654/643/1397 1656/644/1397 1657/643/1397
f 1658/644/1398 1659/645/1398 1660/645/1398
f 1658/644/1399 1660/645/1399 1661/644/1399
f 1662/645/1400 1663/646/1400 1664/646/1400
f 1662/645/1401 1664/646/1401 1665/645/1401
f 1666/646/1402 1667/647/1402 1668/647/1402
f 1666/646/1402 1668/647/1402 1669/646/1402
s 1
f 1413/518/1272 1412/519/1271 1670/583/1403
f 1413/518/1272 1670/583/1403 1671/582/1404
f 1412/519/1271 1415/521/1273 1672/584/1405
f 1412/519/1271 1672/584/1405 1670/583/1403
f 1415/521/1273 1417/523/1274 1673/585/1406
f 1415/521/1273 1673/585/1406 1672/584/1405
f 1417/523/1274 1419/525/1275 1674/586/1407
f 1417/523/1274 1674/586/1407 1673/585/1406
f 1419/525/1275 1421/527/1276 1675/587/1408
f 1419/525/1275 1675/587/1408 1674/586/1407
f 1421/527/1276 1423/529/1277 1676/588/1409
f 1421/527/1276 1676/588/1409 1675/587/1408
f 1423/529/1277 1425/531/1278 1677/589/1410
f 1423/529/1277 1677/589/1410 1676/588/1409
f 1425/531/1278 1427/533/1279 1678/590/1411
f 1425/531/1278 1678/590/1411 1677/589/1410
f 1427/533/1279 1429/535/1280 1679/591/1412
f 1427/533/1279 1679/591/1412 1678/590/1411
f 1429/535/1280 1431/537/1281 1680/592/1413
f 1429/535/1280 1680/592/1413 1679/591/1412
f 1431/537/1281 1433/539/1282 1681/593/1414
f 1431/537/1281 1681/593/1414 1680/592/1413
f 1433/539/1282 1435/541/1283 1682/594/1415
f 1433/539/1282 1682/594/1415 1681/593/1414
f 1435/541/1283 1437/543/1284 1683/595/1416
f 1435/541/1283 1683/595/1416 1682/594/1415
f 1437/543/1284 1439/545/1285 1684/596/1417
f 1437/543/1284 1684/596/1417 1683/595/1416
f 1439/545/1285 1441/547/1286 1685/597/1418
f 1439/545/1285 1685/597/1418 1684/596/1417
f 1441/547/1286 1443/549/1287 1686/598/1419
f 1441/547/1286 1686/598/1419 1685/597/1418
f 1443/549/1287 1445/551/1288 1687/599/1420
f 1443/549/1287 1687/599/1420 1686/598/1419
f 1445/551/1288 1447/553/1289 1688/600/1421
f 1445/551/1288 1688/600/1421 1687/599/1420
f 1447/553/1289 1449/555/1290 1689/601/1422
f 1447/553/1289 1689/601/1422 1688/600/1421
f 1449/555/1290 1451/557/1291 1690/602/1423
f 1449/555/1290 1690/602/1423 1689/601/1422
f 1451/557/1291 1453/559/1292 1691/603/1424
f 1451/557/1291 1691/603/1424 1690/602/1423
f 1453/559/1292 1455/561/1293 1692/604/1425
f 1453/559/1292 1692/604/1425 1691/603/1424
f 1455/561/1293 1457/563/1294 1693/605/1426
f 1455/561/1293 1693/605/1426 1692/604/1425
f 1457/563/1294 1459/565/1295 1694/606/1427
f 1457/563/1294 1694/606/1427 1693/605/1426
f 1459/565/1295 1461/567/1296 1695/607/1428
f 1459/565/1295 1695/607/1428 1694/606/1427
f 1461/567/1296 1463/569/1297 1696/608/1429
f 1461/567/1296 1696/608/1429 1695/607/1428
f 1463/569/1297 1465/571/1298 1697/609/1430
f 1463/569/1297 1697/609/1430 1696/608/1429
f 1465/571/1298 1467/573/1299 1698/610/1431
f 1465/571/1298 1698/610/1431 1697/609/1430
f 1467/573/1299 1469/575/1300 1699/611/1432
f 1467/573/1299 1699/611/1432 1698/610/1431
f 1469/575/1300 1471/577/1301 1700/612/1433
f 1469/575/1300 1700/612/1433 1699/611/1432
f 1471/577/1301 1473/579/1302 1701/613/1434
f 1471/577/1301 1701/613/1434 1700/612/1433
f 1473/579/1302 1475/581/1303 1702/614/1404
f 1473/579/1302 1702/614/1404 1701/613/1434
f 1671/582/1404 1670/583/1403 1703/616/1435
f 1671/582/1404 1703/616/1435 1704/615/1436
f 1670/583/1403 1672/584/1405 1705/617/1437
f 1670/583/1403 1705/617/1437 1703/616/1435
f 1672/584/1405 1673/585/1406 1706/618/1438
f 1672/584/1405 1706/618/1438 1705/617/1437
f 1673/585/1406 1674/586/1407 1707/619/1439
f 1673/585/1406 1707/619/1439 1706/618/1438
f 1674/586/1407 1675/587/1408 1708/620/1440
f 1674/586/1407 1708/620/1440 1707/619/1439
f 1675/587/1408 1676/588/1409 1709/621/1441
f 1675/587/1408 1709/621/1441 1708/620/1440
f 1676/588/1409 1677/589/1410 1710/622/1442
f 1676/588/1409 1710/622/1442 1709/621/1441
f 1677/589/1410 1678/590/1411 1711/623/1443
f 1677/589/1410 1711/623/1443 1710/622/1442
f 1678/590/1411 1679/591/1412 1712/624/1444
f 1678/590/1411 1712/624/1444 1711/623/1443
f 1679/591/1412 1680/592/1413 1713/625/1445
f 1679/591/1412 1713/625/1445 1712/624/1444
f 1680/592/1413 1681/593/1414 1714/626/1446
f 1680/592/1413 1714/626/1446 1713/625/1445
f 1681/593/1414 1682/594/1415 1715/627/1447
f 1681/593/1414 1715/627/1447 1714/626/1446
f 1682/594/1415 1683/595/1416 1716/628/1448
f 1682/594/1415 1716/628/1448 1715/627/1447
f 1683/595/1416 1684/596/1417 1717/629/1449
f 1683/595/1416 1717/629/1449 1716/628/1448
f 1684/596/1417 1685/597/1418 1718/630/1450
f 1684/596/1417 1718/630/1450 1717/629/1449
f 1685/597/1418 1686/598/1419 1719/631/1451
f 1685/597/1418 1719/631/1451 1718/630/1450
f 1686/598/1419 1687/599/1420 1720/632/1452
f 1686/598/1419 1720/632/1452 1719/631/1451
f 1687/599/1420 1688/600/1421 1721/633/1453
f 1687/599/1420 1721/633/1453 1720/632/1452
f 1688/600/1421 1689/601/1422 1722/634/1454
f 1688/600/1421 1722/634/1454 1721/633/1453
f 1689/601/1422 1690/602/1423 1723/635/1455
f 1689/601/1422 1723/635/1455 1722/634/1454
f 1690/602/1423 1691/603/1424 1724/636/1456
f 1690/602/1423 1724/636/1456 1723/635/1455
f 1691/603/1424 1692/604/1425 1725/637/1457
f 1691/603/1424 1725/637/1457 1724/636/1456
f 1692/604/1425 1693/605/1426 1726/638/1458
f 1692/604/1425 1726/638/1458 1725/637/1457
f 1693/605/1426 1694/606/1427 1727/639/1459
f 1693/605/1426 1727/639/1459 1726/638/1458
f 1694/606/1427 1695/607/1428 1728/640/1460
f 1694/606/1427 1728/640/1460 1727/639/1459
f 1695/607/1428 1696/608/1429 1729/641/1461
f 1695/607/1428 1729/641/1461 1728/640/1460
f 1696/608/1429 1697/609/1430 1730/642/1462
f 1696/608/1429 1730/642/1462 1729/641/1461
f 1697/609/1430 1698/610/1431 1731/643/1463
f 1697/609/1430 1731/643/1463 1730/642/1462
f 1698/610/1431 1699/611/1432 1732/644/1464
f 1698/610/1431 1732/644/1464 1731/643/1463
f 1699/611/1432 1700/612/1433 1733/645/1465
f 1699/611/1432 1733/645/1465 1732/644/1464
f 1700/612/1433 1701/613/1434 1734/646/1466
f 1700/612/1433 1734/646/1466 1733/645/1465
f 1701/613/1434 1702/614/1404 1735/647/1436
f 1701/613/1434 1735/647/1436 1734/646/1466
s 0
f 1736/615/1467 1737/615/1467 1738/616/1467
f 1736/615/1467 1738/616/1467 1739/616/1467
f 1740/616/1468 1741/616/1468 1742/617/1468
f 1740/616/1468 1742/617/1468 1743/617/1468
f 1744/617/1469 1745/617/1469 1746/618/1469
f 1744/617/1469 1746/618/1469 1747/618/1469
f 1748/618/1470 1749/618/1470 1750/619/1470
f 1748/618/1470 1750/619/1470 1751/619/1470
f 1752/619/1471 1753/619/1471 1754/620/1471
f 1752/619/1471 1754/620/1471 1755/620/1471
f 1756/620/1472 1757/620/1472 1758/621/1472
f 1756/620/1472 1758/621/1472 1759/621/1472
f 1760/621/1473 1761/621/1473 1762/622/1473
f 1760/621/1473 1762/622/1473 1763/622/1473
f 1764/622/1474 1765/622/1474 1766/623/1474
s 1
f 1764/622/1474 1766/623/1474 1767/623/1474
f 1768/623/1475 1769/623/1475 1770/624/1475
s 0
f 1768/623/1475 1770/624/1475 1771/624/1475
f 1772/624/1476 1773/624/1476 1774/625/1476
f 1772/624/1476 1774/625/1476 1775/625/1476
f 1776/625/1477 1777/625/1477 1778/626/1477
f 1776/625/1477 1778/626/1477 1779/626/1477
f 1780/626/1478 1781/626/1478 1782/627/1478
f 1780/626/1479 1782/627/1479 1783/627/1479
f 1784/627/1480 1785/627/1480 1786/628/1480
f 1784/627/1480 1786/628/1480 1787/628/1480
f 1788/628/1481 1789/628/1481 1790/629/1481
f 1788/628/1481 1790/629/1481 1791/629/1481
f 1792/629/1482 1793/629/1482 1794/630/1482
f 1792/629/1482 1794/630/1482 1795/630/1482
f 1796/630/1483 1797/630/1483 1798/631/1483
f 1796/630/1483 1798/631/1483 1799/631/1483
f 1800/631/1484 1801/631/1484 1802/632/1484
f 1800/631/1484 1802/632/1484 1803/632/1484
f 1804/632/1485 1805/632/1485 1806/633/1485
f 1804/632/1485 1806/633/1485 1807/633/1485
f 1808/633/1486 1809/633/1486 1810/634/1486
f 1808/633/1486 1810/634/1486 1811/634/1486
f 1812/634/1487 1813/634/1487 1814/635/1487
f 1812/634/1487 1814/635/1487 1815/635/1487
f 1816/635/1488 1817/635/1488 1818/636/1488
f 1816/635/1488 1818/636/1488 1819/636/1488
f 1820/636/1489 1821/636/1489 1822/637/1489
f 1820/636/1489 1822/637/1489 1823/637/1489
f 1824/637/1490 1825/637/1490 1826/638/1490
f 1824/637/1490 1826/638/1490 1827/638/1490
f 1828/638/1491 1829/638/1491 1830/639/1491
s 1
f 1828/638/1491 1830/639/1491 1831/639/1491
s 0
f 1832/639/1492 1833/639/1492 1834/640/1492
f 1832/639/1492 1834/640/1492 1835/640/1492
f 1836/640/1493 1837/640/1493 1838/641/1493
f 1836/640/1493 1838/641/1493 1839/641/1493
f 1840/641/1494 1841/641/1494 1842/642/1494
f 1840/641/1494 1842/642/1494 1843/642/1494
f 1844/642/1495 1845/642/1495 1846/643/1495
f 1844/642/1495 1846/643/1495 1847/643/1495
f 1848/643/1496 1849/643/1496 1850/644/1496
f 1848/643/1496 1850/644/1496 1851/644/1496
f 1852/644/1497 1853/644/1497 1854/645/1497
f 1852/644/1498 1854/645/1498 1855/645/1498
f 1856/645/1499 1857/645/1499 1858/646/1499
f 1856/645/1500 1858/646/1500 1859/646/1500
f 1860/646/1501 1861/646/1501 1862/647/1501
f 1860/646/1501 1862/647/1501 1863/647/1501
